method,solution_id,name,team,position,value,forecast,role,is_captain,is_vice_captain
Simple average,Simple average | two_stage | fixed_split | xi_cap=55,Anthony Gordon,Newcastle,MID,6.1,4.653846153846154,XI,False,False
Simple average,Simple average | two_stage | fixed_split | xi_cap=55,Carlton Morris,Luton,FWD,5.0,4.04,XI,False,False
Simple average,Simple average | two_stage | fixed_split | xi_cap=55,Cole Palmer,Chelsea,MID,5.8,4.96,XI,False,True
Simple average,Simple average | two_stage | fixed_split | xi_cap=55,Conor Bradley,Liverpool,DEF,4.1,2.75,XI,False,False
Simple average,Simple average | two_stage | fixed_split | xi_cap=55,Declan Rice,Arsenal,MID,5.4,4.0,XI,False,False
Simple average,Simple average | two_stage | fixed_split | xi_cap=55,Douglas Luiz Soares de Paulo,Aston Villa,MID,5.5,5.0,XI,True,False
Simple average,Simple average | two_stage | fixed_split | xi_cap=55,Erling Haaland,Man City,FWD,14.4,5.615384615384615,Bench,False,False
Simple average,Simple average | two_stage | fixed_split | xi_cap=55,Gabriel dos Santos Magalhães,Arsenal,DEF,5.2,3.6923076923076925,XI,False,False
Simple average,Simple average | two_stage | fixed_split | xi_cap=55,Jarrad Branthwaite,Everton,DEF,4.2,2.923076923076923,XI,False,False
Simple average,Simple average | two_stage | fixed_split | xi_cap=55,Jordan Pickford,Everton,GK,4.6,3.730769230769231,Bench,False,False
Simple average,Simple average | two_stage | fixed_split | xi_cap=55,Kieran Trippier,Newcastle,DEF,6.9,4.115384615384615,Bench,False,False
Simple average,Simple average | two_stage | fixed_split | xi_cap=55,Ollie Watkins,Aston Villa,FWD,8.8,6.538461538461538,Bench,False,False
Simple average,Simple average | two_stage | fixed_split | xi_cap=55,Scott McTominay,Man Utd,MID,4.6,3.1923076923076925,XI,False,False
Simple average,Simple average | two_stage | fixed_split | xi_cap=55,Vitalii Mykolenko,Everton,DEF,4.6,3.1923076923076925,XI,False,False
Simple average,Simple average | two_stage | fixed_split | xi_cap=55,Đorđe Petrović,Chelsea,GK,4.5,3.8,XI,False,False
Simple average,Simple average | two_stage | actual_remainder | xi_cap=55,Anthony Gordon,Newcastle,MID,6.1,4.653846153846154,XI,False,False
Simple average,Simple average | two_stage | actual_remainder | xi_cap=55,Carlton Morris,Luton,FWD,5.0,4.04,XI,False,False
Simple average,Simple average | two_stage | actual_remainder | xi_cap=55,Cole Palmer,Chelsea,MID,5.8,4.96,XI,False,True
Simple average,Simple average | two_stage | actual_remainder | xi_cap=55,Conor Bradley,Liverpool,DEF,4.1,2.75,XI,False,False
Simple average,Simple average | two_stage | actual_remainder | xi_cap=55,Declan Rice,Arsenal,MID,5.4,4.0,XI,False,False
Simple average,Simple average | two_stage | actual_remainder | xi_cap=55,Douglas Luiz Soares de Paulo,Aston Villa,MID,5.5,5.0,XI,True,False
Simple average,Simple average | two_stage | actual_remainder | xi_cap=55,Erling Haaland,Man City,FWD,14.4,5.615384615384615,Bench,False,False
Simple average,Simple average | two_stage | actual_remainder | xi_cap=55,Gabriel dos Santos Magalhães,Arsenal,DEF,5.2,3.6923076923076925,XI,False,False
Simple average,Simple average | two_stage | actual_remainder | xi_cap=55,Jarrad Branthwaite,Everton,DEF,4.2,2.923076923076923,XI,False,False
Simple average,Simple average | two_stage | actual_remainder | xi_cap=55,Jordan Pickford,Everton,GK,4.6,3.730769230769231,Bench,False,False
Simple average,Simple average | two_stage | actual_remainder | xi_cap=55,Kieran Trippier,Newcastle,DEF,6.9,4.115384615384615,Bench,False,False
Simple average,Simple average | two_stage | actual_remainder | xi_cap=55,Ollie Watkins,Aston Villa,FWD,8.8,6.538461538461538,Bench,False,False
Simple average,Simple average | two_stage | actual_remainder | xi_cap=55,Scott McTominay,Man Utd,MID,4.6,3.1923076923076925,XI,False,False
Simple average,Simple average | two_stage | actual_remainder | xi_cap=55,Vitalii Mykolenko,Everton,DEF,4.6,3.1923076923076925,XI,False,False
Simple average,Simple average | two_stage | actual_remainder | xi_cap=55,Đorđe Petrović,Chelsea,GK,4.5,3.8,XI,False,False
Simple average,Simple average | two_stage | fixed_split | xi_cap=60,Anthony Gordon,Newcastle,MID,6.1,4.653846153846154,XI,False,False
Simple average,Simple average | two_stage | fixed_split | xi_cap=60,Bukayo Saka,Arsenal,MID,9.1,6.5,Bench,False,False
Simple average,Simple average | two_stage | fixed_split | xi_cap=60,Carlton Morris,Luton,FWD,5.0,4.04,XI,False,False
Simple average,Simple average | two_stage | fixed_split | xi_cap=60,Cole Palmer,Chelsea,MID,5.8,4.96,XI,False,False
Simple average,Simple average | two_stage | fixed_split | xi_cap=60,Conor Bradley,Liverpool,DEF,4.1,2.75,XI,False,False
Simple average,Simple average | two_stage | fixed_split | xi_cap=60,Declan Rice,Arsenal,MID,5.4,4.0,XI,False,False
Simple average,Simple average | two_stage | fixed_split | xi_cap=60,Douglas Luiz Soares de Paulo,Aston Villa,MID,5.5,5.0,XI,False,True
Simple average,Simple average | two_stage | fixed_split | xi_cap=60,James Tarkowski,Everton,DEF,4.6,3.1538461538461537,XI,False,False
Simple average,Simple average | two_stage | fixed_split | xi_cap=60,Jordan Pickford,Everton,GK,4.6,3.730769230769231,Bench,False,False
Simple average,Simple average | two_stage | fixed_split | xi_cap=60,Kieran Trippier,Newcastle,DEF,6.9,4.115384615384615,Bench,False,False
Simple average,Simple average | two_stage | fixed_split | xi_cap=60,Matheus Santos Carneiro Da Cunha,Wolves,FWD,5.6,4.153846153846154,XI,False,False
Simple average,Simple average | two_stage | fixed_split | xi_cap=60,Ollie Watkins,Aston Villa,FWD,8.8,6.538461538461538,XI,True,False
Simple average,Simple average | two_stage | fixed_split | xi_cap=60,Vitalii Mykolenko,Everton,DEF,4.6,3.1923076923076925,XI,False,False
Simple average,Simple average | two_stage | fixed_split | xi_cap=60,William Saliba,Arsenal,DEF,5.7,4.0,Bench,False,False
Simple average,Simple average | two_stage | fixed_split | xi_cap=60,Đorđe Petrović,Chelsea,GK,4.5,3.8,XI,False,False
Simple average,Simple average | two_stage | actual_remainder | xi_cap=60,Anthony Gordon,Newcastle,MID,6.1,4.653846153846154,XI,False,False
Simple average,Simple average | two_stage | actual_remainder | xi_cap=60,Bukayo Saka,Arsenal,MID,9.1,6.5,Bench,False,False
Simple average,Simple average | two_stage | actual_remainder | xi_cap=60,Carlton Morris,Luton,FWD,5.0,4.04,XI,False,False
Simple average,Simple average | two_stage | actual_remainder | xi_cap=60,Cole Palmer,Chelsea,MID,5.8,4.96,XI,False,False
Simple average,Simple average | two_stage | actual_remainder | xi_cap=60,Conor Bradley,Liverpool,DEF,4.1,2.75,XI,False,False
Simple average,Simple average | two_stage | actual_remainder | xi_cap=60,Declan Rice,Arsenal,MID,5.4,4.0,XI,False,False
Simple average,Simple average | two_stage | actual_remainder | xi_cap=60,Douglas Luiz Soares de Paulo,Aston Villa,MID,5.5,5.0,XI,False,True
Simple average,Simple average | two_stage | actual_remainder | xi_cap=60,James Tarkowski,Everton,DEF,4.6,3.1538461538461537,XI,False,False
Simple average,Simple average | two_stage | actual_remainder | xi_cap=60,Jordan Pickford,Everton,GK,4.6,3.730769230769231,Bench,False,False
Simple average,Simple average | two_stage | actual_remainder | xi_cap=60,Kieran Trippier,Newcastle,DEF,6.9,4.115384615384615,Bench,False,False
Simple average,Simple average | two_stage | actual_remainder | xi_cap=60,Matheus Santos Carneiro Da Cunha,Wolves,FWD,5.6,4.153846153846154,XI,False,False
Simple average,Simple average | two_stage | actual_remainder | xi_cap=60,Ollie Watkins,Aston Villa,FWD,8.8,6.538461538461538,XI,True,False
Simple average,Simple average | two_stage | actual_remainder | xi_cap=60,Vitalii Mykolenko,Everton,DEF,4.6,3.1923076923076925,XI,False,False
Simple average,Simple average | two_stage | actual_remainder | xi_cap=60,William Saliba,Arsenal,DEF,5.7,4.0,Bench,False,False
Simple average,Simple average | two_stage | actual_remainder | xi_cap=60,Đorđe Petrović,Chelsea,GK,4.5,3.8,XI,False,False
Simple average,Simple average | two_stage | fixed_split | xi_cap=65,Anthony Gordon,Newcastle,MID,6.1,4.653846153846154,XI,False,False
Simple average,Simple average | two_stage | fixed_split | xi_cap=65,Bukayo Saka,Arsenal,MID,9.1,6.5,XI,False,True
Simple average,Simple average | two_stage | fixed_split | xi_cap=65,Carlton Morris,Luton,FWD,5.0,4.04,XI,False,False
Simple average,Simple average | two_stage | fixed_split | xi_cap=65,Cole Palmer,Chelsea,MID,5.8,4.96,XI,False,False
Simple average,Simple average | two_stage | fixed_split | xi_cap=65,Douglas Luiz Soares de Paulo,Aston Villa,MID,5.5,5.0,XI,False,False
Simple average,Simple average | two_stage | fixed_split | xi_cap=65,Jarrad Branthwaite,Everton,DEF,4.2,2.923076923076923,XI,False,False
Simple average,Simple average | two_stage | fixed_split | xi_cap=65,Jordan Pickford,Everton,GK,4.6,3.730769230769231,Bench,False,False
Simple average,Simple average | two_stage | fixed_split | xi_cap=65,Kieran Trippier,Newcastle,DEF,6.9,4.115384615384615,Bench,False,False
Simple average,Simple average | two_stage | fixed_split | xi_cap=65,Matheus Santos Carneiro Da Cunha,Wolves,FWD,5.6,4.153846153846154,XI,False,False
Simple average,Simple average | two_stage | fixed_split | xi_cap=65,Mohamed Salah,Liverpool,MID,13.0,6.423076923076923,Bench,False,False
Simple average,Simple average | two_stage | fixed_split | xi_cap=65,Ollie Watkins,Aston Villa,FWD,8.8,6.538461538461538,XI,True,False
Simple average,Simple average | two_stage | fixed_split | xi_cap=65,Trent Alexander-Arnold,Liverpool,DEF,8.6,3.9615384615384617,Bench,False,False
Simple average,Simple average | two_stage | fixed_split | xi_cap=65,Vitalii Mykolenko,Everton,DEF,4.6,3.1923076923076925,XI,False,False
Simple average,Simple average | two_stage | fixed_split | xi_cap=65,William Saliba,Arsenal,DEF,5.7,4.0,XI,False,False
Simple average,Simple average | two_stage | fixed_split | xi_cap=65,Đorđe Petrović,Chelsea,GK,4.5,3.8,XI,False,False
Simple average,Simple average | two_stage | actual_remainder | xi_cap=65,Anthony Gordon,Newcastle,MID,6.1,4.653846153846154,XI,False,False
Simple average,Simple average | two_stage | actual_remainder | xi_cap=65,Bukayo Saka,Arsenal,MID,9.1,6.5,XI,False,True
Simple average,Simple average | two_stage | actual_remainder | xi_cap=65,Carlton Morris,Luton,FWD,5.0,4.04,XI,False,False
Simple average,Simple average | two_stage | actual_remainder | xi_cap=65,Cole Palmer,Chelsea,MID,5.8,4.96,XI,False,False
Simple average,Simple average | two_stage | actual_remainder | xi_cap=65,Douglas Luiz Soares de Paulo,Aston Villa,MID,5.5,5.0,XI,False,False
Simple average,Simple average | two_stage | actual_remainder | xi_cap=65,Jarrad Branthwaite,Everton,DEF,4.2,2.923076923076923,XI,False,False
Simple average,Simple average | two_stage | actual_remainder | xi_cap=65,Jordan Pickford,Everton,GK,4.6,3.730769230769231,Bench,False,False
Simple average,Simple average | two_stage | actual_remainder | xi_cap=65,Kieran Trippier,Newcastle,DEF,6.9,4.115384615384615,Bench,False,False
Simple average,Simple average | two_stage | actual_remainder | xi_cap=65,Matheus Santos Carneiro Da Cunha,Wolves,FWD,5.6,4.153846153846154,XI,False,False
Simple average,Simple average | two_stage | actual_remainder | xi_cap=65,Mohamed Salah,Liverpool,MID,13.0,6.423076923076923,Bench,False,False
Simple average,Simple average | two_stage | actual_remainder | xi_cap=65,Ollie Watkins,Aston Villa,FWD,8.8,6.538461538461538,XI,True,False
Simple average,Simple average | two_stage | actual_remainder | xi_cap=65,Trent Alexander-Arnold,Liverpool,DEF,8.6,3.9615384615384617,Bench,False,False
Simple average,Simple average | two_stage | actual_remainder | xi_cap=65,Vitalii Mykolenko,Everton,DEF,4.6,3.1923076923076925,XI,False,False
Simple average,Simple average | two_stage | actual_remainder | xi_cap=65,William Saliba,Arsenal,DEF,5.7,4.0,XI,False,False
Simple average,Simple average | two_stage | actual_remainder | xi_cap=65,Đorđe Petrović,Chelsea,GK,4.5,3.8,XI,False,False
Simple average,Simple average | two_stage | fixed_split | xi_cap=70,Anthony Gordon,Newcastle,MID,6.1,4.653846153846154,XI,False,False
Simple average,Simple average | two_stage | fixed_split | xi_cap=70,Bukayo Saka,Arsenal,MID,9.1,6.5,XI,False,True
Simple average,Simple average | two_stage | fixed_split | xi_cap=70,Cole Palmer,Chelsea,MID,5.8,4.96,XI,False,False
Simple average,Simple average | two_stage | fixed_split | xi_cap=70,Dominic Solanke,Bournemouth,FWD,7.0,5.12,XI,False,False
Simple average,Simple average | two_stage | fixed_split | xi_cap=70,Douglas Luiz Soares de Paulo,Aston Villa,MID,5.5,5.0,XI,False,False
Simple average,Simple average | two_stage | fixed_split | xi_cap=70,Gabriel dos Santos Magalhães,Arsenal,DEF,5.2,3.6923076923076925,XI,False,False
Simple average,Simple average | two_stage | fixed_split | xi_cap=70,Jarrod Bowen,West Ham,MID,7.7,5.384615384615385,XI,False,False
Simple average,Simple average | two_stage | fixed_split | xi_cap=70,Jordan Pickford,Everton,GK,4.6,3.730769230769231,Bench,False,False
Simple average,Simple average | two_stage | fixed_split | xi_cap=70,Julián Álvarez,Man City,FWD,6.7,4.769230769230769,Bench,False,False
Simple average,Simple average | two_stage | fixed_split | xi_cap=70,Kieran Trippier,Newcastle,DEF,6.9,4.115384615384615,Bench,False,False
Simple average,Simple average | two_stage | fixed_split | xi_cap=70,Ollie Watkins,Aston Villa,FWD,8.8,6.538461538461538,XI,True,False
Simple average,Simple average | two_stage | fixed_split | xi_cap=70,Trent Alexander-Arnold,Liverpool,DEF,8.6,3.9615384615384617,Bench,False,False
Simple average,Simple average | two_stage | fixed_split | xi_cap=70,Vitalii Mykolenko,Everton,DEF,4.6,3.1923076923076925,XI,False,False
Simple average,Simple average | two_stage | fixed_split | xi_cap=70,William Saliba,Arsenal,DEF,5.7,4.0,XI,False,False
Simple average,Simple average | two_stage | fixed_split | xi_cap=70,Đorđe Petrović,Chelsea,GK,4.5,3.8,XI,False,False
Simple average,Simple average | two_stage | actual_remainder | xi_cap=70,Anthony Gordon,Newcastle,MID,6.1,4.653846153846154,XI,False,False
Simple average,Simple average | two_stage | actual_remainder | xi_cap=70,Bukayo Saka,Arsenal,MID,9.1,6.5,XI,False,True
Simple average,Simple average | two_stage | actual_remainder | xi_cap=70,Cole Palmer,Chelsea,MID,5.8,4.96,XI,False,False
Simple average,Simple average | two_stage | actual_remainder | xi_cap=70,Dominic Solanke,Bournemouth,FWD,7.0,5.12,XI,False,False
Simple average,Simple average | two_stage | actual_remainder | xi_cap=70,Douglas Luiz Soares de Paulo,Aston Villa,MID,5.5,5.0,XI,False,False
Simple average,Simple average | two_stage | actual_remainder | xi_cap=70,Gabriel dos Santos Magalhães,Arsenal,DEF,5.2,3.6923076923076925,XI,False,False
Simple average,Simple average | two_stage | actual_remainder | xi_cap=70,Jarrod Bowen,West Ham,MID,7.7,5.384615384615385,XI,False,False
Simple average,Simple average | two_stage | actual_remainder | xi_cap=70,Jordan Pickford,Everton,GK,4.6,3.730769230769231,Bench,False,False
Simple average,Simple average | two_stage | actual_remainder | xi_cap=70,Julián Álvarez,Man City,FWD,6.7,4.769230769230769,Bench,False,False
Simple average,Simple average | two_stage | actual_remainder | xi_cap=70,Kieran Trippier,Newcastle,DEF,6.9,4.115384615384615,Bench,False,False
Simple average,Simple average | two_stage | actual_remainder | xi_cap=70,Ollie Watkins,Aston Villa,FWD,8.8,6.538461538461538,XI,True,False
Simple average,Simple average | two_stage | actual_remainder | xi_cap=70,Trent Alexander-Arnold,Liverpool,DEF,8.6,3.9615384615384617,Bench,False,False
Simple average,Simple average | two_stage | actual_remainder | xi_cap=70,Vitalii Mykolenko,Everton,DEF,4.6,3.1923076923076925,XI,False,False
Simple average,Simple average | two_stage | actual_remainder | xi_cap=70,William Saliba,Arsenal,DEF,5.7,4.0,XI,False,False
Simple average,Simple average | two_stage | actual_remainder | xi_cap=70,Đorđe Petrović,Chelsea,GK,4.5,3.8,XI,False,False
Simple average,Simple average | two_stage | fixed_split | xi_cap=75,Bukayo Saka,Arsenal,MID,9.1,6.5,XI,False,True
Simple average,Simple average | two_stage | fixed_split | xi_cap=75,Cole Palmer,Chelsea,MID,5.8,4.96,XI,False,False
Simple average,Simple average | two_stage | fixed_split | xi_cap=75,Dominic Solanke,Bournemouth,FWD,7.0,5.12,XI,False,False
Simple average,Simple average | two_stage | fixed_split | xi_cap=75,Douglas Luiz Soares de Paulo,Aston Villa,MID,5.5,5.0,XI,False,False
Simple average,Simple average | two_stage | fixed_split | xi_cap=75,Gabriel dos Santos Magalhães,Arsenal,DEF,5.2,3.6923076923076925,XI,False,False
Simple average,Simple average | two_stage | fixed_split | xi_cap=75,Jarrod Bowen,West Ham,MID,7.7,5.384615384615385,XI,False,False
Simple average,Simple average | two_stage | fixed_split | xi_cap=75,Jordan Pickford,Everton,GK,4.6,3.730769230769231,Bench,False,False
Simple average,Simple average | two_stage | fixed_split | xi_cap=75,Julián Álvarez,Man City,FWD,6.7,4.769230769230769,Bench,False,False
Simple average,Simple average | two_stage | fixed_split | xi_cap=75,Kieran Trippier,Newcastle,DEF,6.9,4.115384615384615,XI,False,False
Simple average,Simple average | two_stage | fixed_split | xi_cap=75,Ollie Watkins,Aston Villa,FWD,8.8,6.538461538461538,XI,True,False
Simple average,Simple average | two_stage | fixed_split | xi_cap=75,Phil Foden,Man City,MID,8.1,5.5,XI,False,False
Simple average,Simple average | two_stage | fixed_split | xi_cap=75,Trent Alexander-Arnold,Liverpool,DEF,8.6,3.9615384615384617,Bench,False,False
Simple average,Simple average | two_stage | fixed_split | xi_cap=75,Vitalii Mykolenko,Everton,DEF,4.6,3.1923076923076925,Bench,False,False
Simple average,Simple average | two_stage | fixed_split | xi_cap=75,William Saliba,Arsenal,DEF,5.7,4.0,XI,False,False
Simple average,Simple average | two_stage | fixed_split | xi_cap=75,Đorđe Petrović,Chelsea,GK,4.5,3.8,XI,False,False
Simple average,Simple average | two_stage | actual_remainder | xi_cap=75,Bukayo Saka,Arsenal,MID,9.1,6.5,XI,False,True
Simple average,Simple average | two_stage | actual_remainder | xi_cap=75,Cole Palmer,Chelsea,MID,5.8,4.96,XI,False,False
Simple average,Simple average | two_stage | actual_remainder | xi_cap=75,Dominic Solanke,Bournemouth,FWD,7.0,5.12,XI,False,False
Simple average,Simple average | two_stage | actual_remainder | xi_cap=75,Douglas Luiz Soares de Paulo,Aston Villa,MID,5.5,5.0,XI,False,False
Simple average,Simple average | two_stage | actual_remainder | xi_cap=75,Gabriel dos Santos Magalhães,Arsenal,DEF,5.2,3.6923076923076925,XI,False,False
Simple average,Simple average | two_stage | actual_remainder | xi_cap=75,Jarrod Bowen,West Ham,MID,7.7,5.384615384615385,XI,False,False
Simple average,Simple average | two_stage | actual_remainder | xi_cap=75,Jordan Pickford,Everton,GK,4.6,3.730769230769231,Bench,False,False
Simple average,Simple average | two_stage | actual_remainder | xi_cap=75,Julián Álvarez,Man City,FWD,6.7,4.769230769230769,Bench,False,False
Simple average,Simple average | two_stage | actual_remainder | xi_cap=75,Kieran Trippier,Newcastle,DEF,6.9,4.115384615384615,XI,False,False
Simple average,Simple average | two_stage | actual_remainder | xi_cap=75,Ollie Watkins,Aston Villa,FWD,8.8,6.538461538461538,XI,True,False
Simple average,Simple average | two_stage | actual_remainder | xi_cap=75,Pedro Porro,Spurs,DEF,5.8,3.48,Bench,False,False
Simple average,Simple average | two_stage | actual_remainder | xi_cap=75,Phil Foden,Man City,MID,8.1,5.5,XI,False,False
Simple average,Simple average | two_stage | actual_remainder | xi_cap=75,Trent Alexander-Arnold,Liverpool,DEF,8.6,3.9615384615384617,Bench,False,False
Simple average,Simple average | two_stage | actual_remainder | xi_cap=75,William Saliba,Arsenal,DEF,5.7,4.0,XI,False,False
Simple average,Simple average | two_stage | actual_remainder | xi_cap=75,Đorđe Petrović,Chelsea,GK,4.5,3.8,XI,False,False
Simple average,Simple average | two_stage | fixed_split | xi_cap=80,Bukayo Saka,Arsenal,MID,9.1,6.5,XI,False,True
Simple average,Simple average | two_stage | fixed_split | xi_cap=80,Carlton Morris,Luton,FWD,5.0,4.04,Bench,False,False
Simple average,Simple average | two_stage | fixed_split | xi_cap=80,Cole Palmer,Chelsea,MID,5.8,4.96,XI,False,False
Simple average,Simple average | two_stage | fixed_split | xi_cap=80,Dominic Solanke,Bournemouth,FWD,7.0,5.12,XI,False,False
Simple average,Simple average | two_stage | fixed_split | xi_cap=80,Douglas Luiz Soares de Paulo,Aston Villa,MID,5.5,5.0,XI,False,False
Simple average,Simple average | two_stage | fixed_split | xi_cap=80,Gabriel dos Santos Magalhães,Arsenal,DEF,5.2,3.6923076923076925,XI,False,False
Simple average,Simple average | two_stage | fixed_split | xi_cap=80,Jordan Pickford,Everton,GK,4.6,3.730769230769231,Bench,False,False
Simple average,Simple average | two_stage | fixed_split | xi_cap=80,Kieran Trippier,Newcastle,DEF,6.9,4.115384615384615,XI,False,False
Simple average,Simple average | two_stage | fixed_split | xi_cap=80,Mohamed Salah,Liverpool,MID,13.0,6.423076923076923,XI,False,False
Simple average,Simple average | two_stage | fixed_split | xi_cap=80,Ollie Watkins,Aston Villa,FWD,8.8,6.538461538461538,XI,True,False
Simple average,Simple average | two_stage | fixed_split | xi_cap=80,Pedro Porro,Spurs,DEF,5.8,3.48,Bench,False,False
Simple average,Simple average | two_stage | fixed_split | xi_cap=80,Phil Foden,Man City,MID,8.1,5.5,XI,False,False
Simple average,Simple average | two_stage | fixed_split | xi_cap=80,Vitalii Mykolenko,Everton,DEF,4.6,3.1923076923076925,Bench,False,False
Simple average,Simple average | two_stage | fixed_split | xi_cap=80,William Saliba,Arsenal,DEF,5.7,4.0,XI,False,False
Simple average,Simple average | two_stage | fixed_split | xi_cap=80,Đorđe Petrović,Chelsea,GK,4.5,3.8,XI,False,False
Simple average,Simple average | two_stage | actual_remainder | xi_cap=80,Bukayo Saka,Arsenal,MID,9.1,6.5,XI,False,True
Simple average,Simple average | two_stage | actual_remainder | xi_cap=80,Cole Palmer,Chelsea,MID,5.8,4.96,XI,False,False
Simple average,Simple average | two_stage | actual_remainder | xi_cap=80,Dominic Solanke,Bournemouth,FWD,7.0,5.12,XI,False,False
Simple average,Simple average | two_stage | actual_remainder | xi_cap=80,Douglas Luiz Soares de Paulo,Aston Villa,MID,5.5,5.0,XI,False,False
Simple average,Simple average | two_stage | actual_remainder | xi_cap=80,Gabriel dos Santos Magalhães,Arsenal,DEF,5.2,3.6923076923076925,XI,False,False
Simple average,Simple average | two_stage | actual_remainder | xi_cap=80,Jarrad Branthwaite,Everton,DEF,4.2,2.923076923076923,Bench,False,False
Simple average,Simple average | two_stage | actual_remainder | xi_cap=80,Jordan Pickford,Everton,GK,4.6,3.730769230769231,Bench,False,False
Simple average,Simple average | two_stage | actual_remainder | xi_cap=80,Julián Álvarez,Man City,FWD,6.7,4.769230769230769,Bench,False,False
Simple average,Simple average | two_stage | actual_remainder | xi_cap=80,Kieran Trippier,Newcastle,DEF,6.9,4.115384615384615,XI,False,False
Simple average,Simple average | two_stage | actual_remainder | xi_cap=80,Mohamed Salah,Liverpool,MID,13.0,6.423076923076923,XI,False,False
Simple average,Simple average | two_stage | actual_remainder | xi_cap=80,Ollie Watkins,Aston Villa,FWD,8.8,6.538461538461538,XI,True,False
Simple average,Simple average | two_stage | actual_remainder | xi_cap=80,Phil Foden,Man City,MID,8.1,5.5,XI,False,False
Simple average,Simple average | two_stage | actual_remainder | xi_cap=80,Vitalii Mykolenko,Everton,DEF,4.6,3.1923076923076925,Bench,False,False
Simple average,Simple average | two_stage | actual_remainder | xi_cap=80,William Saliba,Arsenal,DEF,5.7,4.0,XI,False,False
Simple average,Simple average | two_stage | actual_remainder | xi_cap=80,Đorđe Petrović,Chelsea,GK,4.5,3.8,XI,False,False
Simple average,Simple average | two_stage | fixed_split | xi_cap=83.5,Alphonse Areola,West Ham,GK,4.2,3.3076923076923075,Bench,False,False
Simple average,Simple average | two_stage | fixed_split | xi_cap=83.5,Amari'i Bell,Luton,DEF,3.9,1.36,Bench,False,False
Simple average,Simple average | two_stage | fixed_split | xi_cap=83.5,Bukayo Saka,Arsenal,MID,9.1,6.5,XI,False,True
Simple average,Simple average | two_stage | fixed_split | xi_cap=83.5,Cameron Archer,Sheffield Utd,FWD,4.3,2.5384615384615383,Bench,False,False
Simple average,Simple average | two_stage | fixed_split | xi_cap=83.5,Conor Bradley,Liverpool,DEF,4.1,2.75,Bench,False,False
Simple average,Simple average | two_stage | fixed_split | xi_cap=83.5,Dominic Solanke,Bournemouth,FWD,7.0,5.12,XI,False,False
Simple average,Simple average | two_stage | fixed_split | xi_cap=83.5,Douglas Luiz Soares de Paulo,Aston Villa,MID,5.5,5.0,XI,False,False
Simple average,Simple average | two_stage | fixed_split | xi_cap=83.5,Gabriel dos Santos Magalhães,Arsenal,DEF,5.2,3.6923076923076925,XI,False,False
Simple average,Simple average | two_stage | fixed_split | xi_cap=83.5,Kieran Trippier,Newcastle,DEF,6.9,4.115384615384615,XI,False,False
Simple average,Simple average | two_stage | fixed_split | xi_cap=83.5,Mohamed Salah,Liverpool,MID,13.0,6.423076923076923,XI,False,False
Simple average,Simple average | two_stage | fixed_split | xi_cap=83.5,Ollie Watkins,Aston Villa,FWD,8.8,6.538461538461538,XI,True,False
Simple average,Simple average | two_stage | fixed_split | xi_cap=83.5,Phil Foden,Man City,MID,8.1,5.5,XI,False,False
Simple average,Simple average | two_stage | fixed_split | xi_cap=83.5,Son Heung-min,Spurs,MID,9.6,5.68,XI,False,False
Simple average,Simple average | two_stage | fixed_split | xi_cap=83.5,William Saliba,Arsenal,DEF,5.7,4.0,XI,False,False
Simple average,Simple average | two_stage | fixed_split | xi_cap=83.5,Đorđe Petrović,Chelsea,GK,4.5,3.8,XI,False,False
Simple average,Simple average | two_stage | actual_remainder | xi_cap=83.5,Alphonse Areola,West Ham,GK,4.2,3.3076923076923075,Bench,False,False
Simple average,Simple average | two_stage | actual_remainder | xi_cap=83.5,Bukayo Saka,Arsenal,MID,9.1,6.5,XI,False,True
Simple average,Simple average | two_stage | actual_remainder | xi_cap=83.5,Cameron Archer,Sheffield Utd,FWD,4.3,2.5384615384615383,Bench,False,False
Simple average,Simple average | two_stage | actual_remainder | xi_cap=83.5,Conor Bradley,Liverpool,DEF,4.1,2.75,Bench,False,False
Simple average,Simple average | two_stage | actual_remainder | xi_cap=83.5,Dominic Solanke,Bournemouth,FWD,7.0,5.12,XI,False,False
Simple average,Simple average | two_stage | actual_remainder | xi_cap=83.5,Douglas Luiz Soares de Paulo,Aston Villa,MID,5.5,5.0,XI,False,False
Simple average,Simple average | two_stage | actual_remainder | xi_cap=83.5,Gabriel dos Santos Magalhães,Arsenal,DEF,5.2,3.6923076923076925,XI,False,False
Simple average,Simple average | two_stage | actual_remainder | xi_cap=83.5,Jamaal Lascelles,Newcastle,DEF,4.0,1.7307692307692308,Bench,False,False
Simple average,Simple average | two_stage | actual_remainder | xi_cap=83.5,Kieran Trippier,Newcastle,DEF,6.9,4.115384615384615,XI,False,False
Simple average,Simple average | two_stage | actual_remainder | xi_cap=83.5,Mohamed Salah,Liverpool,MID,13.0,6.423076923076923,XI,False,False
Simple average,Simple average | two_stage | actual_remainder | xi_cap=83.5,Ollie Watkins,Aston Villa,FWD,8.8,6.538461538461538,XI,True,False
Simple average,Simple average | two_stage | actual_remainder | xi_cap=83.5,Phil Foden,Man City,MID,8.1,5.5,XI,False,False
Simple average,Simple average | two_stage | actual_remainder | xi_cap=83.5,Son Heung-min,Spurs,MID,9.6,5.68,XI,False,False
Simple average,Simple average | two_stage | actual_remainder | xi_cap=83.5,William Saliba,Arsenal,DEF,5.7,4.0,XI,False,False
Simple average,Simple average | two_stage | actual_remainder | xi_cap=83.5,Đorđe Petrović,Chelsea,GK,4.5,3.8,XI,False,False
Simple average,Simple average | joint_pareto | delta=0.000,Alphonse Areola,West Ham,GK,4.2,3.3076923076923075,Bench,False,False
Simple average,Simple average | joint_pareto | delta=0.000,Bukayo Saka,Arsenal,MID,9.1,6.5,XI,False,True
Simple average,Simple average | joint_pareto | delta=0.000,Cameron Archer,Sheffield Utd,FWD,4.3,2.5384615384615383,Bench,False,False
Simple average,Simple average | joint_pareto | delta=0.000,Conor Bradley,Liverpool,DEF,4.1,2.75,Bench,False,False
Simple average,Simple average | joint_pareto | delta=0.000,Dominic Solanke,Bournemouth,FWD,7.0,5.12,XI,False,False
Simple average,Simple average | joint_pareto | delta=0.000,Douglas Luiz Soares de Paulo,Aston Villa,MID,5.5,5.0,XI,False,False
Simple average,Simple average | joint_pareto | delta=0.000,Gabriel dos Santos Magalhães,Arsenal,DEF,5.2,3.6923076923076925,XI,False,False
Simple average,Simple average | joint_pareto | delta=0.000,Jamaal Lascelles,Newcastle,DEF,4.0,1.7307692307692308,Bench,False,False
Simple average,Simple average | joint_pareto | delta=0.000,Kieran Trippier,Newcastle,DEF,6.9,4.115384615384615,XI,False,False
Simple average,Simple average | joint_pareto | delta=0.000,Mohamed Salah,Liverpool,MID,13.0,6.423076923076923,XI,False,False
Simple average,Simple average | joint_pareto | delta=0.000,Ollie Watkins,Aston Villa,FWD,8.8,6.538461538461538,XI,True,False
Simple average,Simple average | joint_pareto | delta=0.000,Phil Foden,Man City,MID,8.1,5.5,XI,False,False
Simple average,Simple average | joint_pareto | delta=0.000,Son Heung-min,Spurs,MID,9.6,5.68,XI,False,False
Simple average,Simple average | joint_pareto | delta=0.000,William Saliba,Arsenal,DEF,5.7,4.0,XI,False,False
Simple average,Simple average | joint_pareto | delta=0.000,Đorđe Petrović,Chelsea,GK,4.5,3.8,XI,False,False
Simple average,Simple average | joint_pareto | delta=0.005,Bukayo Saka,Arsenal,MID,9.1,6.5,XI,False,True
Simple average,Simple average | joint_pareto | delta=0.005,Carlton Morris,Luton,FWD,5.0,4.04,Bench,False,False
Simple average,Simple average | joint_pareto | delta=0.005,Dominic Solanke,Bournemouth,FWD,7.0,5.12,XI,False,False
Simple average,Simple average | joint_pareto | delta=0.005,Douglas Luiz Soares de Paulo,Aston Villa,MID,5.5,5.0,XI,False,False
Simple average,Simple average | joint_pareto | delta=0.005,Gabriel dos Santos Magalhães,Arsenal,DEF,5.2,3.6923076923076925,XI,False,False
Simple average,Simple average | joint_pareto | delta=0.005,Jarrad Branthwaite,Everton,DEF,4.2,2.923076923076923,Bench,False,False
Simple average,Simple average | joint_pareto | delta=0.005,Jarrod Bowen,West Ham,MID,7.7,5.384615384615385,XI,False,False
Simple average,Simple average | joint_pareto | delta=0.005,Jordan Pickford,Everton,GK,4.6,3.730769230769231,Bench,False,False
Simple average,Simple average | joint_pareto | delta=0.005,Kieran Trippier,Newcastle,DEF,6.9,4.115384615384615,XI,False,False
Simple average,Simple average | joint_pareto | delta=0.005,Mohamed Salah,Liverpool,MID,13.0,6.423076923076923,XI,False,False
Simple average,Simple average | joint_pareto | delta=0.005,Ollie Watkins,Aston Villa,FWD,8.8,6.538461538461538,XI,True,False
Simple average,Simple average | joint_pareto | delta=0.005,Phil Foden,Man City,MID,8.1,5.5,XI,False,False
Simple average,Simple average | joint_pareto | delta=0.005,Vitalii Mykolenko,Everton,DEF,4.6,3.1923076923076925,Bench,False,False
Simple average,Simple average | joint_pareto | delta=0.005,William Saliba,Arsenal,DEF,5.7,4.0,XI,False,False
Simple average,Simple average | joint_pareto | delta=0.005,Đorđe Petrović,Chelsea,GK,4.5,3.8,XI,False,False
Simple average,Simple average | joint_pareto | delta=0.010,Bukayo Saka,Arsenal,MID,9.1,6.5,XI,False,True
Simple average,Simple average | joint_pareto | delta=0.010,Carlton Morris,Luton,FWD,5.0,4.04,Bench,False,False
Simple average,Simple average | joint_pareto | delta=0.010,Cole Palmer,Chelsea,MID,5.8,4.96,XI,False,False
Simple average,Simple average | joint_pareto | delta=0.010,Dominic Solanke,Bournemouth,FWD,7.0,5.12,XI,False,False
Simple average,Simple average | joint_pareto | delta=0.010,Douglas Luiz Soares de Paulo,Aston Villa,MID,5.5,5.0,XI,False,False
Simple average,Simple average | joint_pareto | delta=0.010,Gabriel dos Santos Magalhães,Arsenal,DEF,5.2,3.6923076923076925,XI,False,False
Simple average,Simple average | joint_pareto | delta=0.010,James Tarkowski,Everton,DEF,4.6,3.1538461538461537,Bench,False,False
Simple average,Simple average | joint_pareto | delta=0.010,Jordan Pickford,Everton,GK,4.6,3.730769230769231,XI,False,False
Simple average,Simple average | joint_pareto | delta=0.010,Kieran Trippier,Newcastle,DEF,6.9,4.115384615384615,XI,False,False
Simple average,Simple average | joint_pareto | delta=0.010,Mohamed Salah,Liverpool,MID,13.0,6.423076923076923,XI,False,False
Simple average,Simple average | joint_pareto | delta=0.010,Ollie Watkins,Aston Villa,FWD,8.8,6.538461538461538,XI,True,False
Simple average,Simple average | joint_pareto | delta=0.010,Son Heung-min,Spurs,MID,9.6,5.68,XI,False,False
Simple average,Simple average | joint_pareto | delta=0.010,Vitalii Mykolenko,Everton,DEF,4.6,3.1923076923076925,Bench,False,False
Simple average,Simple average | joint_pareto | delta=0.010,William Saliba,Arsenal,DEF,5.7,4.0,XI,False,False
Simple average,Simple average | joint_pareto | delta=0.010,Đorđe Petrović,Chelsea,GK,4.5,3.8,Bench,False,False
Simple average,Simple average | joint_pareto | delta=0.020,Bukayo Saka,Arsenal,MID,9.1,6.5,XI,False,True
Simple average,Simple average | joint_pareto | delta=0.020,Dominic Solanke,Bournemouth,FWD,7.0,5.12,XI,False,False
Simple average,Simple average | joint_pareto | delta=0.020,Douglas Luiz Soares de Paulo,Aston Villa,MID,5.5,5.0,XI,False,False
Simple average,Simple average | joint_pareto | delta=0.020,Gabriel dos Santos Magalhães,Arsenal,DEF,5.2,3.6923076923076925,Bench,False,False
Simple average,Simple average | joint_pareto | delta=0.020,Jarrod Bowen,West Ham,MID,7.7,5.384615384615385,XI,False,False
Simple average,Simple average | joint_pareto | delta=0.020,Jordan Pickford,Everton,GK,4.6,3.730769230769231,Bench,False,False
Simple average,Simple average | joint_pareto | delta=0.020,Julián Álvarez,Man City,FWD,6.7,4.769230769230769,Bench,False,False
Simple average,Simple average | joint_pareto | delta=0.020,Kieran Trippier,Newcastle,DEF,6.9,4.115384615384615,XI,False,False
Simple average,Simple average | joint_pareto | delta=0.020,Ollie Watkins,Aston Villa,FWD,8.8,6.538461538461538,XI,True,False
Simple average,Simple average | joint_pareto | delta=0.020,Pedro Porro,Spurs,DEF,5.8,3.48,XI,False,False
Simple average,Simple average | joint_pareto | delta=0.020,Phil Foden,Man City,MID,8.1,5.5,XI,False,False
Simple average,Simple average | joint_pareto | delta=0.020,Son Heung-min,Spurs,MID,9.6,5.68,XI,False,False
Simple average,Simple average | joint_pareto | delta=0.020,Vitalii Mykolenko,Everton,DEF,4.6,3.1923076923076925,Bench,False,False
Simple average,Simple average | joint_pareto | delta=0.020,William Saliba,Arsenal,DEF,5.7,4.0,XI,False,False
Simple average,Simple average | joint_pareto | delta=0.020,Đorđe Petrović,Chelsea,GK,4.5,3.8,XI,False,False
Simple average,Simple average | joint_pareto | delta=0.050,Bukayo Saka,Arsenal,MID,9.1,6.5,XI,False,True
Simple average,Simple average | joint_pareto | delta=0.050,Cole Palmer,Chelsea,MID,5.8,4.96,XI,False,False
Simple average,Simple average | joint_pareto | delta=0.050,Dominic Solanke,Bournemouth,FWD,7.0,5.12,Bench,False,False
Simple average,Simple average | joint_pareto | delta=0.050,Douglas Luiz Soares de Paulo,Aston Villa,MID,5.5,5.0,XI,False,False
Simple average,Simple average | joint_pareto | delta=0.050,Gabriel dos Santos Magalhães,Arsenal,DEF,5.2,3.6923076923076925,Bench,False,False
Simple average,Simple average | joint_pareto | delta=0.050,Jarrod Bowen,West Ham,MID,7.7,5.384615384615385,XI,False,False
Simple average,Simple average | joint_pareto | delta=0.050,Jordan Pickford,Everton,GK,4.6,3.730769230769231,Bench,False,False
Simple average,Simple average | joint_pareto | delta=0.050,Julián Álvarez,Man City,FWD,6.7,4.769230769230769,Bench,False,False
Simple average,Simple average | joint_pareto | delta=0.050,Kieran Trippier,Newcastle,DEF,6.9,4.115384615384615,XI,False,False
Simple average,Simple average | joint_pareto | delta=0.050,Ollie Watkins,Aston Villa,FWD,8.8,6.538461538461538,XI,True,False
Simple average,Simple average | joint_pareto | delta=0.050,Pedro Porro,Spurs,DEF,5.8,3.48,XI,False,False
Simple average,Simple average | joint_pareto | delta=0.050,Phil Foden,Man City,MID,8.1,5.5,XI,False,False
Simple average,Simple average | joint_pareto | delta=0.050,Trent Alexander-Arnold,Liverpool,DEF,8.6,3.9615384615384617,XI,False,False
Simple average,Simple average | joint_pareto | delta=0.050,William Saliba,Arsenal,DEF,5.7,4.0,XI,False,False
Simple average,Simple average | joint_pareto | delta=0.050,Đorđe Petrović,Chelsea,GK,4.5,3.8,XI,False,False
Simple average,Simple average | joint_pareto | delta=0.100,Bukayo Saka,Arsenal,MID,9.1,6.5,Bench,False,False
Simple average,Simple average | joint_pareto | delta=0.100,Cole Palmer,Chelsea,MID,5.8,4.96,XI,False,False
Simple average,Simple average | joint_pareto | delta=0.100,Dominic Solanke,Bournemouth,FWD,7.0,5.12,XI,False,False
Simple average,Simple average | joint_pareto | delta=0.100,Douglas Luiz Soares de Paulo,Aston Villa,MID,5.5,5.0,XI,False,False
Simple average,Simple average | joint_pareto | delta=0.100,Gabriel dos Santos Magalhães,Arsenal,DEF,5.2,3.6923076923076925,XI,False,False
Simple average,Simple average | joint_pareto | delta=0.100,Jarrod Bowen,West Ham,MID,7.7,5.384615384615385,Bench,False,False
Simple average,Simple average | joint_pareto | delta=0.100,Jordan Pickford,Everton,GK,4.6,3.730769230769231,XI,False,False
Simple average,Simple average | joint_pareto | delta=0.100,Julián Álvarez,Man City,FWD,6.7,4.769230769230769,Bench,False,False
Simple average,Simple average | joint_pareto | delta=0.100,Kieran Trippier,Newcastle,DEF,6.9,4.115384615384615,XI,False,False
Simple average,Simple average | joint_pareto | delta=0.100,Ollie Watkins,Aston Villa,FWD,8.8,6.538461538461538,XI,True,False
Simple average,Simple average | joint_pareto | delta=0.100,Pedro Porro,Spurs,DEF,5.8,3.48,XI,False,False
Simple average,Simple average | joint_pareto | delta=0.100,Phil Foden,Man City,MID,8.1,5.5,XI,False,True
Simple average,Simple average | joint_pareto | delta=0.100,Trent Alexander-Arnold,Liverpool,DEF,8.6,3.9615384615384617,XI,False,False
Simple average,Simple average | joint_pareto | delta=0.100,William Saliba,Arsenal,DEF,5.7,4.0,XI,False,False
Simple average,Simple average | joint_pareto | delta=0.100,Đorđe Petrović,Chelsea,GK,4.5,3.8,Bench,False,False
Weighted average,Weighted average | two_stage | fixed_split | xi_cap=55,Alejandro Garnacho,Man Utd,MID,5.0,4.051282051282051,XI,False,False
Weighted average,Weighted average | two_stage | fixed_split | xi_cap=55,Bukayo Saka,Arsenal,MID,9.1,7.034188034188034,Bench,False,False
Weighted average,Weighted average | two_stage | fixed_split | xi_cap=55,Carlton Morris,Luton,FWD,5.0,4.196923076923077,XI,False,False
Weighted average,Weighted average | two_stage | fixed_split | xi_cap=55,Cole Palmer,Chelsea,MID,5.8,5.984615384615385,XI,True,False
Weighted average,Weighted average | two_stage | fixed_split | xi_cap=55,Conor Bradley,Liverpool,DEF,4.1,3.4615384615384617,XI,False,False
Weighted average,Weighted average | two_stage | fixed_split | xi_cap=55,Douglas Luiz Soares de Paulo,Aston Villa,MID,5.5,5.333333333333333,XI,False,True
Weighted average,Weighted average | two_stage | fixed_split | xi_cap=55,Ederson Santana de Moraes,Man City,GK,5.5,3.5128205128205128,Bench,False,False
Weighted average,Weighted average | two_stage | fixed_split | xi_cap=55,Emerson Palmieri dos Santos,West Ham,DEF,4.4,3.1994301994301995,XI,False,False
Weighted average,Weighted average | two_stage | fixed_split | xi_cap=55,Gabriel dos Santos Magalhães,Arsenal,DEF,5.2,4.401709401709402,XI,False,False
Weighted average,Weighted average | two_stage | fixed_split | xi_cap=55,Jarrad Branthwaite,Everton,DEF,4.2,3.5925925925925926,XI,False,False
Weighted average,Weighted average | two_stage | fixed_split | xi_cap=55,Jordan Pickford,Everton,GK,4.6,4.222222222222222,XI,False,False
Weighted average,Weighted average | two_stage | fixed_split | xi_cap=55,Leon Bailey,Aston Villa,MID,5.6,4.598290598290598,XI,False,False
Weighted average,Weighted average | two_stage | fixed_split | xi_cap=55,Matheus Santos Carneiro Da Cunha,Wolves,FWD,5.6,4.4586894586894585,XI,False,False
Weighted average,Weighted average | two_stage | fixed_split | xi_cap=55,Ollie Watkins,Aston Villa,FWD,8.8,6.780626780626781,Bench,False,False
Weighted average,Weighted average | two_stage | fixed_split | xi_cap=55,Virgil van Dijk,Liverpool,DEF,6.4,3.9316239316239314,Bench,False,False
Weighted average,Weighted average | two_stage | actual_remainder | xi_cap=55,Alejandro Garnacho,Man Utd,MID,5.0,4.051282051282051,XI,False,False
Weighted average,Weighted average | two_stage | actual_remainder | xi_cap=55,Bukayo Saka,Arsenal,MID,9.1,7.034188034188034,Bench,False,False
Weighted average,Weighted average | two_stage | actual_remainder | xi_cap=55,Carlton Morris,Luton,FWD,5.0,4.196923076923077,XI,False,False
Weighted average,Weighted average | two_stage | actual_remainder | xi_cap=55,Cole Palmer,Chelsea,MID,5.8,5.984615384615385,XI,True,False
Weighted average,Weighted average | two_stage | actual_remainder | xi_cap=55,Conor Bradley,Liverpool,DEF,4.1,3.4615384615384617,XI,False,False
Weighted average,Weighted average | two_stage | actual_remainder | xi_cap=55,Douglas Luiz Soares de Paulo,Aston Villa,MID,5.5,5.333333333333333,XI,False,True
Weighted average,Weighted average | two_stage | actual_remainder | xi_cap=55,Ederson Santana de Moraes,Man City,GK,5.5,3.5128205128205128,Bench,False,False
Weighted average,Weighted average | two_stage | actual_remainder | xi_cap=55,Emerson Palmieri dos Santos,West Ham,DEF,4.4,3.1994301994301995,XI,False,False
Weighted average,Weighted average | two_stage | actual_remainder | xi_cap=55,Gabriel dos Santos Magalhães,Arsenal,DEF,5.2,4.401709401709402,XI,False,False
Weighted average,Weighted average | two_stage | actual_remainder | xi_cap=55,Jarrad Branthwaite,Everton,DEF,4.2,3.5925925925925926,XI,False,False
Weighted average,Weighted average | two_stage | actual_remainder | xi_cap=55,Jordan Pickford,Everton,GK,4.6,4.222222222222222,XI,False,False
Weighted average,Weighted average | two_stage | actual_remainder | xi_cap=55,Leon Bailey,Aston Villa,MID,5.6,4.598290598290598,XI,False,False
Weighted average,Weighted average | two_stage | actual_remainder | xi_cap=55,Matheus Santos Carneiro Da Cunha,Wolves,FWD,5.6,4.4586894586894585,XI,False,False
Weighted average,Weighted average | two_stage | actual_remainder | xi_cap=55,Ollie Watkins,Aston Villa,FWD,8.8,6.780626780626781,Bench,False,False
Weighted average,Weighted average | two_stage | actual_remainder | xi_cap=55,Virgil van Dijk,Liverpool,DEF,6.4,3.9316239316239314,Bench,False,False
Weighted average,Weighted average | two_stage | fixed_split | xi_cap=60,Bukayo Saka,Arsenal,MID,9.1,7.034188034188034,XI,True,False
Weighted average,Weighted average | two_stage | fixed_split | xi_cap=60,Carlton Morris,Luton,FWD,5.0,4.196923076923077,XI,False,False
Weighted average,Weighted average | two_stage | fixed_split | xi_cap=60,Cole Palmer,Chelsea,MID,5.8,5.984615384615385,XI,False,True
Weighted average,Weighted average | two_stage | fixed_split | xi_cap=60,Conor Bradley,Liverpool,DEF,4.1,3.4615384615384617,XI,False,False
Weighted average,Weighted average | two_stage | fixed_split | xi_cap=60,Dominic Solanke,Bournemouth,FWD,7.0,5.381538461538462,Bench,False,False
Weighted average,Weighted average | two_stage | fixed_split | xi_cap=60,Douglas Luiz Soares de Paulo,Aston Villa,MID,5.5,5.333333333333333,XI,False,False
Weighted average,Weighted average | two_stage | fixed_split | xi_cap=60,Ederson Santana de Moraes,Man City,GK,5.5,3.5128205128205128,Bench,False,False
Weighted average,Weighted average | two_stage | fixed_split | xi_cap=60,Emerson Palmieri dos Santos,West Ham,DEF,4.4,3.1994301994301995,XI,False,False
Weighted average,Weighted average | two_stage | fixed_split | xi_cap=60,Gabriel dos Santos Magalhães,Arsenal,DEF,5.2,4.401709401709402,XI,False,False
Weighted average,Weighted average | two_stage | fixed_split | xi_cap=60,Jarrad Branthwaite,Everton,DEF,4.2,3.5925925925925926,XI,False,False
Weighted average,Weighted average | two_stage | fixed_split | xi_cap=60,Jordan Pickford,Everton,GK,4.6,4.222222222222222,XI,False,False
Weighted average,Weighted average | two_stage | fixed_split | xi_cap=60,Leon Bailey,Aston Villa,MID,5.6,4.598290598290598,XI,False,False
Weighted average,Weighted average | two_stage | fixed_split | xi_cap=60,Ollie Watkins,Aston Villa,FWD,8.8,6.780626780626781,Bench,False,False
Weighted average,Weighted average | two_stage | fixed_split | xi_cap=60,Pascal Groß,Brighton,MID,6.5,5.356125356125356,XI,False,False
Weighted average,Weighted average | two_stage | fixed_split | xi_cap=60,Virgil van Dijk,Liverpool,DEF,6.4,3.9316239316239314,Bench,False,False
Weighted average,Weighted average | two_stage | actual_remainder | xi_cap=60,Bukayo Saka,Arsenal,MID,9.1,7.034188034188034,XI,True,False
Weighted average,Weighted average | two_stage | actual_remainder | xi_cap=60,Carlton Morris,Luton,FWD,5.0,4.196923076923077,XI,False,False
Weighted average,Weighted average | two_stage | actual_remainder | xi_cap=60,Cole Palmer,Chelsea,MID,5.8,5.984615384615385,XI,False,True
Weighted average,Weighted average | two_stage | actual_remainder | xi_cap=60,Conor Bradley,Liverpool,DEF,4.1,3.4615384615384617,XI,False,False
Weighted average,Weighted average | two_stage | actual_remainder | xi_cap=60,Dominic Solanke,Bournemouth,FWD,7.0,5.381538461538462,Bench,False,False
Weighted average,Weighted average | two_stage | actual_remainder | xi_cap=60,Douglas Luiz Soares de Paulo,Aston Villa,MID,5.5,5.333333333333333,XI,False,False
Weighted average,Weighted average | two_stage | actual_remainder | xi_cap=60,Ederson Santana de Moraes,Man City,GK,5.5,3.5128205128205128,Bench,False,False
Weighted average,Weighted average | two_stage | actual_remainder | xi_cap=60,Emerson Palmieri dos Santos,West Ham,DEF,4.4,3.1994301994301995,XI,False,False
Weighted average,Weighted average | two_stage | actual_remainder | xi_cap=60,Gabriel dos Santos Magalhães,Arsenal,DEF,5.2,4.401709401709402,XI,False,False
Weighted average,Weighted average | two_stage | actual_remainder | xi_cap=60,Jarrad Branthwaite,Everton,DEF,4.2,3.5925925925925926,XI,False,False
Weighted average,Weighted average | two_stage | actual_remainder | xi_cap=60,Jordan Pickford,Everton,GK,4.6,4.222222222222222,XI,False,False
Weighted average,Weighted average | two_stage | actual_remainder | xi_cap=60,Leon Bailey,Aston Villa,MID,5.6,4.598290598290598,XI,False,False
Weighted average,Weighted average | two_stage | actual_remainder | xi_cap=60,Ollie Watkins,Aston Villa,FWD,8.8,6.780626780626781,Bench,False,False
Weighted average,Weighted average | two_stage | actual_remainder | xi_cap=60,Pascal Groß,Brighton,MID,6.5,5.356125356125356,XI,False,False
Weighted average,Weighted average | two_stage | actual_remainder | xi_cap=60,Virgil van Dijk,Liverpool,DEF,6.4,3.9316239316239314,Bench,False,False
Weighted average,Weighted average | two_stage | fixed_split | xi_cap=65,Bukayo Saka,Arsenal,MID,9.1,7.034188034188034,XI,True,False
Weighted average,Weighted average | two_stage | fixed_split | xi_cap=65,Cole Palmer,Chelsea,MID,5.8,5.984615384615385,XI,False,False
Weighted average,Weighted average | two_stage | fixed_split | xi_cap=65,Conor Bradley,Liverpool,DEF,4.1,3.4615384615384617,XI,False,False
Weighted average,Weighted average | two_stage | fixed_split | xi_cap=65,Dominic Solanke,Bournemouth,FWD,7.0,5.381538461538462,Bench,False,False
Weighted average,Weighted average | two_stage | fixed_split | xi_cap=65,Douglas Luiz Soares de Paulo,Aston Villa,MID,5.5,5.333333333333333,XI,False,False
Weighted average,Weighted average | two_stage | fixed_split | xi_cap=65,Ederson Santana de Moraes,Man City,GK,5.5,3.5128205128205128,Bench,False,False
Weighted average,Weighted average | two_stage | fixed_split | xi_cap=65,Gabriel dos Santos Magalhães,Arsenal,DEF,5.2,4.401709401709402,XI,False,False
Weighted average,Weighted average | two_stage | fixed_split | xi_cap=65,Jarrad Branthwaite,Everton,DEF,4.2,3.5925925925925926,XI,False,False
Weighted average,Weighted average | two_stage | fixed_split | xi_cap=65,Jordan Pickford,Everton,GK,4.6,4.222222222222222,XI,False,False
Weighted average,Weighted average | two_stage | fixed_split | xi_cap=65,Leon Bailey,Aston Villa,MID,5.6,4.598290598290598,XI,False,False
Weighted average,Weighted average | two_stage | fixed_split | xi_cap=65,Matheus Santos Carneiro Da Cunha,Wolves,FWD,5.6,4.4586894586894585,XI,False,False
Weighted average,Weighted average | two_stage | fixed_split | xi_cap=65,Ollie Watkins,Aston Villa,FWD,8.8,6.780626780626781,XI,False,True
Weighted average,Weighted average | two_stage | fixed_split | xi_cap=65,Pascal Groß,Brighton,MID,6.5,5.356125356125356,XI,False,False
Weighted average,Weighted average | two_stage | fixed_split | xi_cap=65,Virgil van Dijk,Liverpool,DEF,6.4,3.9316239316239314,Bench,False,False
Weighted average,Weighted average | two_stage | fixed_split | xi_cap=65,William Saliba,Arsenal,DEF,5.7,3.905982905982906,Bench,False,False
Weighted average,Weighted average | two_stage | actual_remainder | xi_cap=65,Bukayo Saka,Arsenal,MID,9.1,7.034188034188034,XI,True,False
Weighted average,Weighted average | two_stage | actual_remainder | xi_cap=65,Cole Palmer,Chelsea,MID,5.8,5.984615384615385,XI,False,False
Weighted average,Weighted average | two_stage | actual_remainder | xi_cap=65,Conor Bradley,Liverpool,DEF,4.1,3.4615384615384617,XI,False,False
Weighted average,Weighted average | two_stage | actual_remainder | xi_cap=65,Dominic Solanke,Bournemouth,FWD,7.0,5.381538461538462,Bench,False,False
Weighted average,Weighted average | two_stage | actual_remainder | xi_cap=65,Douglas Luiz Soares de Paulo,Aston Villa,MID,5.5,5.333333333333333,XI,False,False
Weighted average,Weighted average | two_stage | actual_remainder | xi_cap=65,Ederson Santana de Moraes,Man City,GK,5.5,3.5128205128205128,Bench,False,False
Weighted average,Weighted average | two_stage | actual_remainder | xi_cap=65,Gabriel dos Santos Magalhães,Arsenal,DEF,5.2,4.401709401709402,XI,False,False
Weighted average,Weighted average | two_stage | actual_remainder | xi_cap=65,Jarrad Branthwaite,Everton,DEF,4.2,3.5925925925925926,XI,False,False
Weighted average,Weighted average | two_stage | actual_remainder | xi_cap=65,Jordan Pickford,Everton,GK,4.6,4.222222222222222,XI,False,False
Weighted average,Weighted average | two_stage | actual_remainder | xi_cap=65,Leon Bailey,Aston Villa,MID,5.6,4.598290598290598,XI,False,False
Weighted average,Weighted average | two_stage | actual_remainder | xi_cap=65,Matheus Santos Carneiro Da Cunha,Wolves,FWD,5.6,4.4586894586894585,XI,False,False
Weighted average,Weighted average | two_stage | actual_remainder | xi_cap=65,Ollie Watkins,Aston Villa,FWD,8.8,6.780626780626781,XI,False,True
Weighted average,Weighted average | two_stage | actual_remainder | xi_cap=65,Pascal Groß,Brighton,MID,6.5,5.356125356125356,XI,False,False
Weighted average,Weighted average | two_stage | actual_remainder | xi_cap=65,Virgil van Dijk,Liverpool,DEF,6.4,3.9316239316239314,Bench,False,False
Weighted average,Weighted average | two_stage | actual_remainder | xi_cap=65,William Saliba,Arsenal,DEF,5.7,3.905982905982906,Bench,False,False
Weighted average,Weighted average | two_stage | fixed_split | xi_cap=70,Bukayo Saka,Arsenal,MID,9.1,7.034188034188034,XI,True,False
Weighted average,Weighted average | two_stage | fixed_split | xi_cap=70,Cole Palmer,Chelsea,MID,5.8,5.984615384615385,XI,False,False
Weighted average,Weighted average | two_stage | fixed_split | xi_cap=70,Conor Bradley,Liverpool,DEF,4.1,3.4615384615384617,XI,False,False
Weighted average,Weighted average | two_stage | fixed_split | xi_cap=70,Dominic Solanke,Bournemouth,FWD,7.0,5.381538461538462,XI,False,False
Weighted average,Weighted average | two_stage | fixed_split | xi_cap=70,Douglas Luiz Soares de Paulo,Aston Villa,MID,5.5,5.333333333333333,XI,False,False
Weighted average,Weighted average | two_stage | fixed_split | xi_cap=70,Ederson Santana de Moraes,Man City,GK,5.5,3.5128205128205128,Bench,False,False
Weighted average,Weighted average | two_stage | fixed_split | xi_cap=70,Gabriel dos Santos Magalhães,Arsenal,DEF,5.2,4.401709401709402,XI,False,False
Weighted average,Weighted average | two_stage | fixed_split | xi_cap=70,Jarrad Branthwaite,Everton,DEF,4.2,3.5925925925925926,XI,False,False
Weighted average,Weighted average | two_stage | fixed_split | xi_cap=70,Jordan Pickford,Everton,GK,4.6,4.222222222222222,XI,False,False
Weighted average,Weighted average | two_stage | fixed_split | xi_cap=70,Matheus Santos Carneiro Da Cunha,Wolves,FWD,5.6,4.4586894586894585,Bench,False,False
Weighted average,Weighted average | two_stage | fixed_split | xi_cap=70,Ollie Watkins,Aston Villa,FWD,8.8,6.780626780626781,XI,False,True
Weighted average,Weighted average | two_stage | fixed_split | xi_cap=70,Pascal Groß,Brighton,MID,6.5,5.356125356125356,XI,False,False
Weighted average,Weighted average | two_stage | fixed_split | xi_cap=70,Phil Foden,Man City,MID,8.1,6.002849002849003,XI,False,False
Weighted average,Weighted average | two_stage | fixed_split | xi_cap=70,Virgil van Dijk,Liverpool,DEF,6.4,3.9316239316239314,Bench,False,False
Weighted average,Weighted average | two_stage | fixed_split | xi_cap=70,William Saliba,Arsenal,DEF,5.7,3.905982905982906,Bench,False,False
Weighted average,Weighted average | two_stage | actual_remainder | xi_cap=70,Bukayo Saka,Arsenal,MID,9.1,7.034188034188034,XI,True,False
Weighted average,Weighted average | two_stage | actual_remainder | xi_cap=70,Cole Palmer,Chelsea,MID,5.8,5.984615384615385,XI,False,False
Weighted average,Weighted average | two_stage | actual_remainder | xi_cap=70,Conor Bradley,Liverpool,DEF,4.1,3.4615384615384617,XI,False,False
Weighted average,Weighted average | two_stage | actual_remainder | xi_cap=70,Dominic Solanke,Bournemouth,FWD,7.0,5.381538461538462,XI,False,False
Weighted average,Weighted average | two_stage | actual_remainder | xi_cap=70,Douglas Luiz Soares de Paulo,Aston Villa,MID,5.5,5.333333333333333,XI,False,False
Weighted average,Weighted average | two_stage | actual_remainder | xi_cap=70,Ederson Santana de Moraes,Man City,GK,5.5,3.5128205128205128,Bench,False,False
Weighted average,Weighted average | two_stage | actual_remainder | xi_cap=70,Gabriel dos Santos Magalhães,Arsenal,DEF,5.2,4.401709401709402,XI,False,False
Weighted average,Weighted average | two_stage | actual_remainder | xi_cap=70,Jarrad Branthwaite,Everton,DEF,4.2,3.5925925925925926,XI,False,False
Weighted average,Weighted average | two_stage | actual_remainder | xi_cap=70,Jordan Pickford,Everton,GK,4.6,4.222222222222222,XI,False,False
Weighted average,Weighted average | two_stage | actual_remainder | xi_cap=70,Matheus Santos Carneiro Da Cunha,Wolves,FWD,5.6,4.4586894586894585,Bench,False,False
Weighted average,Weighted average | two_stage | actual_remainder | xi_cap=70,Ollie Watkins,Aston Villa,FWD,8.8,6.780626780626781,XI,False,True
Weighted average,Weighted average | two_stage | actual_remainder | xi_cap=70,Pascal Groß,Brighton,MID,6.5,5.356125356125356,XI,False,False
Weighted average,Weighted average | two_stage | actual_remainder | xi_cap=70,Phil Foden,Man City,MID,8.1,6.002849002849003,XI,False,False
Weighted average,Weighted average | two_stage | actual_remainder | xi_cap=70,Virgil van Dijk,Liverpool,DEF,6.4,3.9316239316239314,Bench,False,False
Weighted average,Weighted average | two_stage | actual_remainder | xi_cap=70,William Saliba,Arsenal,DEF,5.7,3.905982905982906,Bench,False,False
Weighted average,Weighted average | two_stage | fixed_split | xi_cap=75,Bukayo Saka,Arsenal,MID,9.1,7.034188034188034,XI,True,False
Weighted average,Weighted average | two_stage | fixed_split | xi_cap=75,Cole Palmer,Chelsea,MID,5.8,5.984615384615385,XI,False,False
Weighted average,Weighted average | two_stage | fixed_split | xi_cap=75,Dominic Solanke,Bournemouth,FWD,7.0,5.381538461538462,XI,False,False
Weighted average,Weighted average | two_stage | fixed_split | xi_cap=75,Douglas Luiz Soares de Paulo,Aston Villa,MID,5.5,5.333333333333333,XI,False,False
Weighted average,Weighted average | two_stage | fixed_split | xi_cap=75,Ederson Santana de Moraes,Man City,GK,5.5,3.5128205128205128,Bench,False,False
Weighted average,Weighted average | two_stage | fixed_split | xi_cap=75,Gabriel dos Santos Magalhães,Arsenal,DEF,5.2,4.401709401709402,XI,False,False
Weighted average,Weighted average | two_stage | fixed_split | xi_cap=75,Jarrad Branthwaite,Everton,DEF,4.2,3.5925925925925926,Bench,False,False
Weighted average,Weighted average | two_stage | fixed_split | xi_cap=75,Jordan Pickford,Everton,GK,4.6,4.222222222222222,XI,False,False
Weighted average,Weighted average | two_stage | fixed_split | xi_cap=75,Matheus Santos Carneiro Da Cunha,Wolves,FWD,5.6,4.4586894586894585,Bench,False,False
Weighted average,Weighted average | two_stage | fixed_split | xi_cap=75,Ollie Watkins,Aston Villa,FWD,8.8,6.780626780626781,XI,False,True
Weighted average,Weighted average | two_stage | fixed_split | xi_cap=75,Pascal Groß,Brighton,MID,6.5,5.356125356125356,XI,False,False
Weighted average,Weighted average | two_stage | fixed_split | xi_cap=75,Phil Foden,Man City,MID,8.1,6.002849002849003,XI,False,False
Weighted average,Weighted average | two_stage | fixed_split | xi_cap=75,Trent Alexander-Arnold,Liverpool,DEF,8.6,3.8376068376068377,Bench,False,False
Weighted average,Weighted average | two_stage | fixed_split | xi_cap=75,Virgil van Dijk,Liverpool,DEF,6.4,3.9316239316239314,XI,False,False
Weighted average,Weighted average | two_stage | fixed_split | xi_cap=75,William Saliba,Arsenal,DEF,5.7,3.905982905982906,XI,False,False
Weighted average,Weighted average | two_stage | actual_remainder | xi_cap=75,Bukayo Saka,Arsenal,MID,9.1,7.034188034188034,XI,True,False
Weighted average,Weighted average | two_stage | actual_remainder | xi_cap=75,Cole Palmer,Chelsea,MID,5.8,5.984615384615385,XI,False,False
Weighted average,Weighted average | two_stage | actual_remainder | xi_cap=75,Dominic Solanke,Bournemouth,FWD,7.0,5.381538461538462,XI,False,False
Weighted average,Weighted average | two_stage | actual_remainder | xi_cap=75,Douglas Luiz Soares de Paulo,Aston Villa,MID,5.5,5.333333333333333,XI,False,False
Weighted average,Weighted average | two_stage | actual_remainder | xi_cap=75,Ederson Santana de Moraes,Man City,GK,5.5,3.5128205128205128,Bench,False,False
Weighted average,Weighted average | two_stage | actual_remainder | xi_cap=75,Gabriel dos Santos Magalhães,Arsenal,DEF,5.2,4.401709401709402,XI,False,False
Weighted average,Weighted average | two_stage | actual_remainder | xi_cap=75,Jarrad Branthwaite,Everton,DEF,4.2,3.5925925925925926,Bench,False,False
Weighted average,Weighted average | two_stage | actual_remainder | xi_cap=75,Jordan Pickford,Everton,GK,4.6,4.222222222222222,XI,False,False
Weighted average,Weighted average | two_stage | actual_remainder | xi_cap=75,Matheus Santos Carneiro Da Cunha,Wolves,FWD,5.6,4.4586894586894585,Bench,False,False
Weighted average,Weighted average | two_stage | actual_remainder | xi_cap=75,Ollie Watkins,Aston Villa,FWD,8.8,6.780626780626781,XI,False,True
Weighted average,Weighted average | two_stage | actual_remainder | xi_cap=75,Pascal Groß,Brighton,MID,6.5,5.356125356125356,XI,False,False
Weighted average,Weighted average | two_stage | actual_remainder | xi_cap=75,Phil Foden,Man City,MID,8.1,6.002849002849003,XI,False,False
Weighted average,Weighted average | two_stage | actual_remainder | xi_cap=75,Trent Alexander-Arnold,Liverpool,DEF,8.6,3.8376068376068377,Bench,False,False
Weighted average,Weighted average | two_stage | actual_remainder | xi_cap=75,Virgil van Dijk,Liverpool,DEF,6.4,3.9316239316239314,XI,False,False
Weighted average,Weighted average | two_stage | actual_remainder | xi_cap=75,William Saliba,Arsenal,DEF,5.7,3.905982905982906,XI,False,False
Weighted average,Weighted average | two_stage | fixed_split | xi_cap=80,Bukayo Saka,Arsenal,MID,9.1,7.034188034188034,XI,True,False
Weighted average,Weighted average | two_stage | fixed_split | xi_cap=80,Cole Palmer,Chelsea,MID,5.8,5.984615384615385,XI,False,False
Weighted average,Weighted average | two_stage | fixed_split | xi_cap=80,Conor Bradley,Liverpool,DEF,4.1,3.4615384615384617,Bench,False,False
Weighted average,Weighted average | two_stage | fixed_split | xi_cap=80,Dominic Solanke,Bournemouth,FWD,7.0,5.381538461538462,XI,False,False
Weighted average,Weighted average | two_stage | fixed_split | xi_cap=80,Douglas Luiz Soares de Paulo,Aston Villa,MID,5.5,5.333333333333333,XI,False,False
Weighted average,Weighted average | two_stage | fixed_split | xi_cap=80,Ederson Santana de Moraes,Man City,GK,5.5,3.5128205128205128,Bench,False,False
Weighted average,Weighted average | two_stage | fixed_split | xi_cap=80,Gabriel dos Santos Magalhães,Arsenal,DEF,5.2,4.401709401709402,XI,False,False
Weighted average,Weighted average | two_stage | fixed_split | xi_cap=80,Jarrad Branthwaite,Everton,DEF,4.2,3.5925925925925926,Bench,False,False
Weighted average,Weighted average | two_stage | fixed_split | xi_cap=80,Jordan Pickford,Everton,GK,4.6,4.222222222222222,XI,False,False
Weighted average,Weighted average | two_stage | fixed_split | xi_cap=80,Matheus Santos Carneiro Da Cunha,Wolves,FWD,5.6,4.4586894586894585,Bench,False,False
Weighted average,Weighted average | two_stage | fixed_split | xi_cap=80,Mohamed Salah,Liverpool,MID,13.0,5.566951566951567,XI,False,False
Weighted average,Weighted average | two_stage | fixed_split | xi_cap=80,Ollie Watkins,Aston Villa,FWD,8.8,6.780626780626781,XI,False,True
Weighted average,Weighted average | two_stage | fixed_split | xi_cap=80,Phil Foden,Man City,MID,8.1,6.002849002849003,XI,False,False
Weighted average,Weighted average | two_stage | fixed_split | xi_cap=80,Virgil van Dijk,Liverpool,DEF,6.4,3.9316239316239314,XI,False,False
Weighted average,Weighted average | two_stage | fixed_split | xi_cap=80,William Saliba,Arsenal,DEF,5.7,3.905982905982906,XI,False,False
Weighted average,Weighted average | two_stage | actual_remainder | xi_cap=80,Bukayo Saka,Arsenal,MID,9.1,7.034188034188034,XI,True,False
Weighted average,Weighted average | two_stage | actual_remainder | xi_cap=80,Cole Palmer,Chelsea,MID,5.8,5.984615384615385,XI,False,False
Weighted average,Weighted average | two_stage | actual_remainder | xi_cap=80,Conor Bradley,Liverpool,DEF,4.1,3.4615384615384617,Bench,False,False
Weighted average,Weighted average | two_stage | actual_remainder | xi_cap=80,Dominic Solanke,Bournemouth,FWD,7.0,5.381538461538462,XI,False,False
Weighted average,Weighted average | two_stage | actual_remainder | xi_cap=80,Douglas Luiz Soares de Paulo,Aston Villa,MID,5.5,5.333333333333333,XI,False,False
Weighted average,Weighted average | two_stage | actual_remainder | xi_cap=80,Ederson Santana de Moraes,Man City,GK,5.5,3.5128205128205128,Bench,False,False
Weighted average,Weighted average | two_stage | actual_remainder | xi_cap=80,Gabriel dos Santos Magalhães,Arsenal,DEF,5.2,4.401709401709402,XI,False,False
Weighted average,Weighted average | two_stage | actual_remainder | xi_cap=80,Jarrad Branthwaite,Everton,DEF,4.2,3.5925925925925926,Bench,False,False
Weighted average,Weighted average | two_stage | actual_remainder | xi_cap=80,Jordan Pickford,Everton,GK,4.6,4.222222222222222,XI,False,False
Weighted average,Weighted average | two_stage | actual_remainder | xi_cap=80,Matheus Santos Carneiro Da Cunha,Wolves,FWD,5.6,4.4586894586894585,Bench,False,False
Weighted average,Weighted average | two_stage | actual_remainder | xi_cap=80,Mohamed Salah,Liverpool,MID,13.0,5.566951566951567,XI,False,False
Weighted average,Weighted average | two_stage | actual_remainder | xi_cap=80,Ollie Watkins,Aston Villa,FWD,8.8,6.780626780626781,XI,False,True
Weighted average,Weighted average | two_stage | actual_remainder | xi_cap=80,Phil Foden,Man City,MID,8.1,6.002849002849003,XI,False,False
Weighted average,Weighted average | two_stage | actual_remainder | xi_cap=80,Virgil van Dijk,Liverpool,DEF,6.4,3.9316239316239314,XI,False,False
Weighted average,Weighted average | two_stage | actual_remainder | xi_cap=80,William Saliba,Arsenal,DEF,5.7,3.905982905982906,XI,False,False
Weighted average,Weighted average | two_stage | fixed_split | xi_cap=83.5,Alphonse Areola,West Ham,GK,4.2,3.1396011396011394,Bench,False,False
Weighted average,Weighted average | two_stage | fixed_split | xi_cap=83.5,Bukayo Saka,Arsenal,MID,9.1,7.034188034188034,XI,True,False
Weighted average,Weighted average | two_stage | fixed_split | xi_cap=83.5,Cameron Archer,Sheffield Utd,FWD,4.3,2.492877492877493,Bench,False,False
Weighted average,Weighted average | two_stage | fixed_split | xi_cap=83.5,Chris Richards,Crystal Palace,DEF,3.9,1.7863247863247864,Bench,False,False
Weighted average,Weighted average | two_stage | fixed_split | xi_cap=83.5,Cole Palmer,Chelsea,MID,5.8,5.984615384615385,XI,False,False
Weighted average,Weighted average | two_stage | fixed_split | xi_cap=83.5,Conor Bradley,Liverpool,DEF,4.1,3.4615384615384617,Bench,False,False
Weighted average,Weighted average | two_stage | fixed_split | xi_cap=83.5,Dominic Solanke,Bournemouth,FWD,7.0,5.381538461538462,XI,False,False
Weighted average,Weighted average | two_stage | fixed_split | xi_cap=83.5,Gabriel dos Santos Magalhães,Arsenal,DEF,5.2,4.401709401709402,XI,False,False
Weighted average,Weighted average | two_stage | fixed_split | xi_cap=83.5,Jordan Pickford,Everton,GK,4.6,4.222222222222222,XI,False,False
Weighted average,Weighted average | two_stage | fixed_split | xi_cap=83.5,Mohamed Salah,Liverpool,MID,13.0,5.566951566951567,XI,False,False
Weighted average,Weighted average | two_stage | fixed_split | xi_cap=83.5,Ollie Watkins,Aston Villa,FWD,8.8,6.780626780626781,XI,False,True
Weighted average,Weighted average | two_stage | fixed_split | xi_cap=83.5,Pascal Groß,Brighton,MID,6.5,5.356125356125356,XI,False,False
Weighted average,Weighted average | two_stage | fixed_split | xi_cap=83.5,Phil Foden,Man City,MID,8.1,6.002849002849003,XI,False,False
Weighted average,Weighted average | two_stage | fixed_split | xi_cap=83.5,Virgil van Dijk,Liverpool,DEF,6.4,3.9316239316239314,XI,False,False
Weighted average,Weighted average | two_stage | fixed_split | xi_cap=83.5,William Saliba,Arsenal,DEF,5.7,3.905982905982906,XI,False,False
Weighted average,Weighted average | two_stage | actual_remainder | xi_cap=83.5,Bukayo Saka,Arsenal,MID,9.1,7.034188034188034,XI,True,False
Weighted average,Weighted average | two_stage | actual_remainder | xi_cap=83.5,Cole Palmer,Chelsea,MID,5.8,5.984615384615385,XI,False,False
Weighted average,Weighted average | two_stage | actual_remainder | xi_cap=83.5,Conor Bradley,Liverpool,DEF,4.1,3.4615384615384617,Bench,False,False
Weighted average,Weighted average | two_stage | actual_remainder | xi_cap=83.5,Dominic Solanke,Bournemouth,FWD,7.0,5.381538461538462,XI,False,False
Weighted average,Weighted average | two_stage | actual_remainder | xi_cap=83.5,Ederson Santana de Moraes,Man City,GK,5.5,3.5128205128205128,Bench,False,False
Weighted average,Weighted average | two_stage | actual_remainder | xi_cap=83.5,Gabriel dos Santos Magalhães,Arsenal,DEF,5.2,4.401709401709402,XI,False,False
Weighted average,Weighted average | two_stage | actual_remainder | xi_cap=83.5,Jarrad Branthwaite,Everton,DEF,4.2,3.5925925925925926,Bench,False,False
Weighted average,Weighted average | two_stage | actual_remainder | xi_cap=83.5,Jordan Pickford,Everton,GK,4.6,4.222222222222222,XI,False,False
Weighted average,Weighted average | two_stage | actual_remainder | xi_cap=83.5,Matheus Santos Carneiro Da Cunha,Wolves,FWD,5.6,4.4586894586894585,Bench,False,False
Weighted average,Weighted average | two_stage | actual_remainder | xi_cap=83.5,Mohamed Salah,Liverpool,MID,13.0,5.566951566951567,XI,False,False
Weighted average,Weighted average | two_stage | actual_remainder | xi_cap=83.5,Ollie Watkins,Aston Villa,FWD,8.8,6.780626780626781,XI,False,True
Weighted average,Weighted average | two_stage | actual_remainder | xi_cap=83.5,Pascal Groß,Brighton,MID,6.5,5.356125356125356,XI,False,False
Weighted average,Weighted average | two_stage | actual_remainder | xi_cap=83.5,Phil Foden,Man City,MID,8.1,6.002849002849003,XI,False,False
Weighted average,Weighted average | two_stage | actual_remainder | xi_cap=83.5,Virgil van Dijk,Liverpool,DEF,6.4,3.9316239316239314,XI,False,False
Weighted average,Weighted average | two_stage | actual_remainder | xi_cap=83.5,William Saliba,Arsenal,DEF,5.7,3.905982905982906,XI,False,False
Weighted average,Weighted average | joint_pareto | delta=0.000,Bukayo Saka,Arsenal,MID,9.1,7.034188034188034,XI,True,False
Weighted average,Weighted average | joint_pareto | delta=0.000,Cole Palmer,Chelsea,MID,5.8,5.984615384615385,XI,False,False
Weighted average,Weighted average | joint_pareto | delta=0.000,Conor Bradley,Liverpool,DEF,4.1,3.4615384615384617,Bench,False,False
Weighted average,Weighted average | joint_pareto | delta=0.000,Dominic Solanke,Bournemouth,FWD,7.0,5.381538461538462,XI,False,False
Weighted average,Weighted average | joint_pareto | delta=0.000,Ederson Santana de Moraes,Man City,GK,5.5,3.5128205128205128,Bench,False,False
Weighted average,Weighted average | joint_pareto | delta=0.000,Gabriel dos Santos Magalhães,Arsenal,DEF,5.2,4.401709401709402,XI,False,False
Weighted average,Weighted average | joint_pareto | delta=0.000,Jarrad Branthwaite,Everton,DEF,4.2,3.5925925925925926,Bench,False,False
Weighted average,Weighted average | joint_pareto | delta=0.000,Jordan Pickford,Everton,GK,4.6,4.222222222222222,XI,False,False
Weighted average,Weighted average | joint_pareto | delta=0.000,Matheus Santos Carneiro Da Cunha,Wolves,FWD,5.6,4.4586894586894585,Bench,False,False
Weighted average,Weighted average | joint_pareto | delta=0.000,Mohamed Salah,Liverpool,MID,13.0,5.566951566951567,XI,False,False
Weighted average,Weighted average | joint_pareto | delta=0.000,Ollie Watkins,Aston Villa,FWD,8.8,6.780626780626781,XI,False,True
Weighted average,Weighted average | joint_pareto | delta=0.000,Pascal Groß,Brighton,MID,6.5,5.356125356125356,XI,False,False
Weighted average,Weighted average | joint_pareto | delta=0.000,Phil Foden,Man City,MID,8.1,6.002849002849003,XI,False,False
Weighted average,Weighted average | joint_pareto | delta=0.000,Virgil van Dijk,Liverpool,DEF,6.4,3.9316239316239314,XI,False,False
Weighted average,Weighted average | joint_pareto | delta=0.000,William Saliba,Arsenal,DEF,5.7,3.905982905982906,XI,False,False
Weighted average,Weighted average | joint_pareto | delta=0.005,Bukayo Saka,Arsenal,MID,9.1,7.034188034188034,XI,True,False
Weighted average,Weighted average | joint_pareto | delta=0.005,Cole Palmer,Chelsea,MID,5.8,5.984615384615385,XI,False,False
Weighted average,Weighted average | joint_pareto | delta=0.005,Dominic Solanke,Bournemouth,FWD,7.0,5.381538461538462,XI,False,False
Weighted average,Weighted average | joint_pareto | delta=0.005,Douglas Luiz Soares de Paulo,Aston Villa,MID,5.5,5.333333333333333,XI,False,False
Weighted average,Weighted average | joint_pareto | delta=0.005,Ederson Santana de Moraes,Man City,GK,5.5,3.5128205128205128,Bench,False,False
Weighted average,Weighted average | joint_pareto | delta=0.005,Gabriel dos Santos Magalhães,Arsenal,DEF,5.2,4.401709401709402,XI,False,False
Weighted average,Weighted average | joint_pareto | delta=0.005,Jarrad Branthwaite,Everton,DEF,4.2,3.5925925925925926,Bench,False,False
Weighted average,Weighted average | joint_pareto | delta=0.005,Jordan Pickford,Everton,GK,4.6,4.222222222222222,XI,False,False
Weighted average,Weighted average | joint_pareto | delta=0.005,Matheus Santos Carneiro Da Cunha,Wolves,FWD,5.6,4.4586894586894585,Bench,False,False
Weighted average,Weighted average | joint_pareto | delta=0.005,Ollie Watkins,Aston Villa,FWD,8.8,6.780626780626781,XI,False,True
Weighted average,Weighted average | joint_pareto | delta=0.005,Pascal Groß,Brighton,MID,6.5,5.356125356125356,XI,False,False
Weighted average,Weighted average | joint_pareto | delta=0.005,Phil Foden,Man City,MID,8.1,6.002849002849003,XI,False,False
Weighted average,Weighted average | joint_pareto | delta=0.005,Trent Alexander-Arnold,Liverpool,DEF,8.6,3.8376068376068377,XI,False,False
Weighted average,Weighted average | joint_pareto | delta=0.005,Virgil van Dijk,Liverpool,DEF,6.4,3.9316239316239314,Bench,False,False
Weighted average,Weighted average | joint_pareto | delta=0.005,William Saliba,Arsenal,DEF,5.7,3.905982905982906,XI,False,False
Weighted average,Weighted average | joint_pareto | delta=0.010,Bukayo Saka,Arsenal,MID,9.1,7.034188034188034,XI,True,False
Weighted average,Weighted average | joint_pareto | delta=0.010,Cole Palmer,Chelsea,MID,5.8,5.984615384615385,XI,False,False
Weighted average,Weighted average | joint_pareto | delta=0.010,Dominic Solanke,Bournemouth,FWD,7.0,5.381538461538462,XI,False,False
Weighted average,Weighted average | joint_pareto | delta=0.010,Douglas Luiz Soares de Paulo,Aston Villa,MID,5.5,5.333333333333333,XI,False,False
Weighted average,Weighted average | joint_pareto | delta=0.010,Ederson Santana de Moraes,Man City,GK,5.5,3.5128205128205128,Bench,False,False
Weighted average,Weighted average | joint_pareto | delta=0.010,Gabriel dos Santos Magalhães,Arsenal,DEF,5.2,4.401709401709402,XI,False,False
Weighted average,Weighted average | joint_pareto | delta=0.010,Jarrad Branthwaite,Everton,DEF,4.2,3.5925925925925926,XI,False,False
Weighted average,Weighted average | joint_pareto | delta=0.010,Jordan Pickford,Everton,GK,4.6,4.222222222222222,XI,False,False
Weighted average,Weighted average | joint_pareto | delta=0.010,Matheus Santos Carneiro Da Cunha,Wolves,FWD,5.6,4.4586894586894585,Bench,False,False
Weighted average,Weighted average | joint_pareto | delta=0.010,Ollie Watkins,Aston Villa,FWD,8.8,6.780626780626781,XI,False,True
Weighted average,Weighted average | joint_pareto | delta=0.010,Pascal Groß,Brighton,MID,6.5,5.356125356125356,XI,False,False
Weighted average,Weighted average | joint_pareto | delta=0.010,Phil Foden,Man City,MID,8.1,6.002849002849003,XI,False,False
Weighted average,Weighted average | joint_pareto | delta=0.010,Trent Alexander-Arnold,Liverpool,DEF,8.6,3.8376068376068377,XI,False,False
Weighted average,Weighted average | joint_pareto | delta=0.010,Virgil van Dijk,Liverpool,DEF,6.4,3.9316239316239314,Bench,False,False
Weighted average,Weighted average | joint_pareto | delta=0.010,William Saliba,Arsenal,DEF,5.7,3.905982905982906,Bench,False,False
Weighted average,Weighted average | joint_pareto | delta=0.020,Bukayo Saka,Arsenal,MID,9.1,7.034188034188034,XI,True,False
Weighted average,Weighted average | joint_pareto | delta=0.020,Cole Palmer,Chelsea,MID,5.8,5.984615384615385,XI,False,False
Weighted average,Weighted average | joint_pareto | delta=0.020,Dominic Solanke,Bournemouth,FWD,7.0,5.381538461538462,XI,False,False
Weighted average,Weighted average | joint_pareto | delta=0.020,Douglas Luiz Soares de Paulo,Aston Villa,MID,5.5,5.333333333333333,XI,False,False
Weighted average,Weighted average | joint_pareto | delta=0.020,Ederson Santana de Moraes,Man City,GK,5.5,3.5128205128205128,XI,False,False
Weighted average,Weighted average | joint_pareto | delta=0.020,Gabriel dos Santos Magalhães,Arsenal,DEF,5.2,4.401709401709402,XI,False,False
Weighted average,Weighted average | joint_pareto | delta=0.020,Jarrad Branthwaite,Everton,DEF,4.2,3.5925925925925926,XI,False,False
Weighted average,Weighted average | joint_pareto | delta=0.020,Jordan Pickford,Everton,GK,4.6,4.222222222222222,Bench,False,False
Weighted average,Weighted average | joint_pareto | delta=0.020,Matheus Santos Carneiro Da Cunha,Wolves,FWD,5.6,4.4586894586894585,Bench,False,False
Weighted average,Weighted average | joint_pareto | delta=0.020,Ollie Watkins,Aston Villa,FWD,8.8,6.780626780626781,XI,False,True
Weighted average,Weighted average | joint_pareto | delta=0.020,Pascal Groß,Brighton,MID,6.5,5.356125356125356,XI,False,False
Weighted average,Weighted average | joint_pareto | delta=0.020,Phil Foden,Man City,MID,8.1,6.002849002849003,XI,False,False
Weighted average,Weighted average | joint_pareto | delta=0.020,Trent Alexander-Arnold,Liverpool,DEF,8.6,3.8376068376068377,Bench,False,False
Weighted average,Weighted average | joint_pareto | delta=0.020,Virgil van Dijk,Liverpool,DEF,6.4,3.9316239316239314,Bench,False,False
Weighted average,Weighted average | joint_pareto | delta=0.020,William Saliba,Arsenal,DEF,5.7,3.905982905982906,XI,False,False
Weighted average,Weighted average | joint_pareto | delta=0.050,Bukayo Saka,Arsenal,MID,9.1,7.034188034188034,XI,True,False
Weighted average,Weighted average | joint_pareto | delta=0.050,Cole Palmer,Chelsea,MID,5.8,5.984615384615385,Bench,False,False
Weighted average,Weighted average | joint_pareto | delta=0.050,Dominic Solanke,Bournemouth,FWD,7.0,5.381538461538462,XI,False,False
Weighted average,Weighted average | joint_pareto | delta=0.050,Douglas Luiz Soares de Paulo,Aston Villa,MID,5.5,5.333333333333333,XI,False,False
Weighted average,Weighted average | joint_pareto | delta=0.050,Ederson Santana de Moraes,Man City,GK,5.5,3.5128205128205128,XI,False,False
Weighted average,Weighted average | joint_pareto | delta=0.050,Gabriel dos Santos Magalhães,Arsenal,DEF,5.2,4.401709401709402,Bench,False,False
Weighted average,Weighted average | joint_pareto | delta=0.050,Jarrad Branthwaite,Everton,DEF,4.2,3.5925925925925926,XI,False,False
Weighted average,Weighted average | joint_pareto | delta=0.050,Jordan Pickford,Everton,GK,4.6,4.222222222222222,Bench,False,False
Weighted average,Weighted average | joint_pareto | delta=0.050,Matheus Santos Carneiro Da Cunha,Wolves,FWD,5.6,4.4586894586894585,XI,False,False
Weighted average,Weighted average | joint_pareto | delta=0.050,Ollie Watkins,Aston Villa,FWD,8.8,6.780626780626781,XI,False,True
Weighted average,Weighted average | joint_pareto | delta=0.050,Pascal Groß,Brighton,MID,6.5,5.356125356125356,XI,False,False
Weighted average,Weighted average | joint_pareto | delta=0.050,Phil Foden,Man City,MID,8.1,6.002849002849003,XI,False,False
Weighted average,Weighted average | joint_pareto | delta=0.050,Trent Alexander-Arnold,Liverpool,DEF,8.6,3.8376068376068377,Bench,False,False
Weighted average,Weighted average | joint_pareto | delta=0.050,Virgil van Dijk,Liverpool,DEF,6.4,3.9316239316239314,XI,False,False
Weighted average,Weighted average | joint_pareto | delta=0.050,William Saliba,Arsenal,DEF,5.7,3.905982905982906,XI,False,False
Weighted average,Weighted average | joint_pareto | delta=0.100,Bukayo Saka,Arsenal,MID,9.1,7.034188034188034,XI,True,False
Weighted average,Weighted average | joint_pareto | delta=0.100,Cole Palmer,Chelsea,MID,5.8,5.984615384615385,XI,False,False
Weighted average,Weighted average | joint_pareto | delta=0.100,Dominic Solanke,Bournemouth,FWD,7.0,5.381538461538462,Bench,False,False
Weighted average,Weighted average | joint_pareto | delta=0.100,Douglas Luiz Soares de Paulo,Aston Villa,MID,5.5,5.333333333333333,Bench,False,False
Weighted average,Weighted average | joint_pareto | delta=0.100,Ederson Santana de Moraes,Man City,GK,5.5,3.5128205128205128,XI,False,False
Weighted average,Weighted average | joint_pareto | delta=0.100,Gabriel dos Santos Magalhães,Arsenal,DEF,5.2,4.401709401709402,XI,False,False
Weighted average,Weighted average | joint_pareto | delta=0.100,Jarrad Branthwaite,Everton,DEF,4.2,3.5925925925925926,XI,False,False
Weighted average,Weighted average | joint_pareto | delta=0.100,Jordan Pickford,Everton,GK,4.6,4.222222222222222,Bench,False,False
Weighted average,Weighted average | joint_pareto | delta=0.100,Matheus Santos Carneiro Da Cunha,Wolves,FWD,5.6,4.4586894586894585,XI,False,False
Weighted average,Weighted average | joint_pareto | delta=0.100,Ollie Watkins,Aston Villa,FWD,8.8,6.780626780626781,Bench,False,False
Weighted average,Weighted average | joint_pareto | delta=0.100,Pascal Groß,Brighton,MID,6.5,5.356125356125356,XI,False,False
Weighted average,Weighted average | joint_pareto | delta=0.100,Phil Foden,Man City,MID,8.1,6.002849002849003,XI,False,True
Weighted average,Weighted average | joint_pareto | delta=0.100,Trent Alexander-Arnold,Liverpool,DEF,8.6,3.8376068376068377,XI,False,False
Weighted average,Weighted average | joint_pareto | delta=0.100,Virgil van Dijk,Liverpool,DEF,6.4,3.9316239316239314,XI,False,False
Weighted average,Weighted average | joint_pareto | delta=0.100,William Saliba,Arsenal,DEF,5.7,3.905982905982906,XI,False,False
"ARIMA(0,0,1)","ARIMA(0,0,1) | two_stage | fixed_split | xi_cap=55",André Onana,Man Utd,GK,4.8,3.5442574098096813,Bench,False,False
"ARIMA(0,0,1)","ARIMA(0,0,1) | two_stage | fixed_split | xi_cap=55",Anthony Gordon,Newcastle,MID,6.1,4.749935097103997,XI,False,True
"ARIMA(0,0,1)","ARIMA(0,0,1) | two_stage | fixed_split | xi_cap=55",Bukayo Saka,Arsenal,MID,9.1,6.654459682282244,Bench,False,False
"ARIMA(0,0,1)","ARIMA(0,0,1) | two_stage | fixed_split | xi_cap=55",Cameron Archer,Sheffield Utd,FWD,4.3,3.0953126311569723,XI,False,False
"ARIMA(0,0,1)","ARIMA(0,0,1) | two_stage | fixed_split | xi_cap=55",Carlton Morris,Luton,FWD,5.0,4.033445674445706,XI,False,False
"ARIMA(0,0,1)","ARIMA(0,0,1) | two_stage | fixed_split | xi_cap=55",Cole Palmer,Chelsea,MID,5.8,4.963918652871374,XI,True,False
"ARIMA(0,0,1)","ARIMA(0,0,1) | two_stage | fixed_split | xi_cap=55",Conor Bradley,Liverpool,DEF,4.1,2.674172080048693,XI,False,False
"ARIMA(0,0,1)","ARIMA(0,0,1) | two_stage | fixed_split | xi_cap=55",Declan Rice,Arsenal,MID,5.4,3.950714435958758,XI,False,False
"ARIMA(0,0,1)","ARIMA(0,0,1) | two_stage | fixed_split | xi_cap=55",Douglas Luiz Soares de Paulo,Aston Villa,MID,5.5,4.693284525084277,XI,False,False
"ARIMA(0,0,1)","ARIMA(0,0,1) | two_stage | fixed_split | xi_cap=55",Emerson Palmieri dos Santos,West Ham,DEF,4.4,3.338799707469006,XI,False,False
"ARIMA(0,0,1)","ARIMA(0,0,1) | two_stage | fixed_split | xi_cap=55",Jarrad Branthwaite,Everton,DEF,4.2,2.9916650169831462,XI,False,False
"ARIMA(0,0,1)","ARIMA(0,0,1) | two_stage | fixed_split | xi_cap=55",Jordan Pickford,Everton,GK,4.6,3.7330103703165336,XI,False,False
"ARIMA(0,0,1)","ARIMA(0,0,1) | two_stage | fixed_split | xi_cap=55",Kieran Trippier,Newcastle,DEF,6.9,3.958176431231566,Bench,False,False
"ARIMA(0,0,1)","ARIMA(0,0,1) | two_stage | fixed_split | xi_cap=55",Matheus Santos Carneiro Da Cunha,Wolves,FWD,5.6,4.328624436058369,XI,False,False
"ARIMA(0,0,1)","ARIMA(0,0,1) | two_stage | fixed_split | xi_cap=55",William Saliba,Arsenal,DEF,5.7,4.012790688768956,Bench,False,False
"ARIMA(0,0,1)","ARIMA(0,0,1) | two_stage | actual_remainder | xi_cap=55",André Onana,Man Utd,GK,4.8,3.5442574098096813,Bench,False,False
"ARIMA(0,0,1)","ARIMA(0,0,1) | two_stage | actual_remainder | xi_cap=55",Anthony Gordon,Newcastle,MID,6.1,4.749935097103997,XI,False,True
"ARIMA(0,0,1)","ARIMA(0,0,1) | two_stage | actual_remainder | xi_cap=55",Bukayo Saka,Arsenal,MID,9.1,6.654459682282244,Bench,False,False
"ARIMA(0,0,1)","ARIMA(0,0,1) | two_stage | actual_remainder | xi_cap=55",Cameron Archer,Sheffield Utd,FWD,4.3,3.0953126311569723,XI,False,False
"ARIMA(0,0,1)","ARIMA(0,0,1) | two_stage | actual_remainder | xi_cap=55",Carlton Morris,Luton,FWD,5.0,4.033445674445706,XI,False,False
"ARIMA(0,0,1)","ARIMA(0,0,1) | two_stage | actual_remainder | xi_cap=55",Cole Palmer,Chelsea,MID,5.8,4.963918652871374,XI,True,False
"ARIMA(0,0,1)","ARIMA(0,0,1) | two_stage | actual_remainder | xi_cap=55",Conor Bradley,Liverpool,DEF,4.1,2.674172080048693,XI,False,False
"ARIMA(0,0,1)","ARIMA(0,0,1) | two_stage | actual_remainder | xi_cap=55",Declan Rice,Arsenal,MID,5.4,3.950714435958758,XI,False,False
"ARIMA(0,0,1)","ARIMA(0,0,1) | two_stage | actual_remainder | xi_cap=55",Douglas Luiz Soares de Paulo,Aston Villa,MID,5.5,4.693284525084277,XI,False,False
"ARIMA(0,0,1)","ARIMA(0,0,1) | two_stage | actual_remainder | xi_cap=55",Emerson Palmieri dos Santos,West Ham,DEF,4.4,3.338799707469006,XI,False,False
"ARIMA(0,0,1)","ARIMA(0,0,1) | two_stage | actual_remainder | xi_cap=55",Jarrad Branthwaite,Everton,DEF,4.2,2.9916650169831462,XI,False,False
"ARIMA(0,0,1)","ARIMA(0,0,1) | two_stage | actual_remainder | xi_cap=55",Jordan Pickford,Everton,GK,4.6,3.7330103703165336,XI,False,False
"ARIMA(0,0,1)","ARIMA(0,0,1) | two_stage | actual_remainder | xi_cap=55",Kieran Trippier,Newcastle,DEF,6.9,3.958176431231566,Bench,False,False
"ARIMA(0,0,1)","ARIMA(0,0,1) | two_stage | actual_remainder | xi_cap=55",Matheus Santos Carneiro Da Cunha,Wolves,FWD,5.6,4.328624436058369,XI,False,False
"ARIMA(0,0,1)","ARIMA(0,0,1) | two_stage | actual_remainder | xi_cap=55",William Saliba,Arsenal,DEF,5.7,4.012790688768956,Bench,False,False
"ARIMA(0,0,1)","ARIMA(0,0,1) | two_stage | fixed_split | xi_cap=60",André Onana,Man Utd,GK,4.8,3.5442574098096813,Bench,False,False
"ARIMA(0,0,1)","ARIMA(0,0,1) | two_stage | fixed_split | xi_cap=60",Anthony Gordon,Newcastle,MID,6.1,4.749935097103997,XI,False,False
"ARIMA(0,0,1)","ARIMA(0,0,1) | two_stage | fixed_split | xi_cap=60",Bukayo Saka,Arsenal,MID,9.1,6.654459682282244,Bench,False,False
"ARIMA(0,0,1)","ARIMA(0,0,1) | two_stage | fixed_split | xi_cap=60",Carlton Morris,Luton,FWD,5.0,4.033445674445706,XI,False,False
"ARIMA(0,0,1)","ARIMA(0,0,1) | two_stage | fixed_split | xi_cap=60",Cole Palmer,Chelsea,MID,5.8,4.963918652871374,XI,False,True
"ARIMA(0,0,1)","ARIMA(0,0,1) | two_stage | fixed_split | xi_cap=60",Declan Rice,Arsenal,MID,5.4,3.950714435958758,XI,False,False
"ARIMA(0,0,1)","ARIMA(0,0,1) | two_stage | fixed_split | xi_cap=60",Douglas Luiz Soares de Paulo,Aston Villa,MID,5.5,4.693284525084277,XI,False,False
"ARIMA(0,0,1)","ARIMA(0,0,1) | two_stage | fixed_split | xi_cap=60",Emerson Palmieri dos Santos,West Ham,DEF,4.4,3.338799707469006,XI,False,False
"ARIMA(0,0,1)","ARIMA(0,0,1) | two_stage | fixed_split | xi_cap=60",James Tarkowski,Everton,DEF,4.6,3.1751472425536273,XI,False,False
"ARIMA(0,0,1)","ARIMA(0,0,1) | two_stage | fixed_split | xi_cap=60",Jarrad Branthwaite,Everton,DEF,4.2,2.9916650169831462,XI,False,False
"ARIMA(0,0,1)","ARIMA(0,0,1) | two_stage | fixed_split | xi_cap=60",Jordan Pickford,Everton,GK,4.6,3.7330103703165336,XI,False,False
"ARIMA(0,0,1)","ARIMA(0,0,1) | two_stage | fixed_split | xi_cap=60",Kieran Trippier,Newcastle,DEF,6.9,3.958176431231566,Bench,False,False
"ARIMA(0,0,1)","ARIMA(0,0,1) | two_stage | fixed_split | xi_cap=60",Matheus Santos Carneiro Da Cunha,Wolves,FWD,5.6,4.328624436058369,XI,False,False
"ARIMA(0,0,1)","ARIMA(0,0,1) | two_stage | fixed_split | xi_cap=60",Ollie Watkins,Aston Villa,FWD,8.8,6.517863273271979,XI,True,False
"ARIMA(0,0,1)","ARIMA(0,0,1) | two_stage | fixed_split | xi_cap=60",William Saliba,Arsenal,DEF,5.7,4.012790688768956,Bench,False,False
"ARIMA(0,0,1)","ARIMA(0,0,1) | two_stage | actual_remainder | xi_cap=60",André Onana,Man Utd,GK,4.8,3.5442574098096813,Bench,False,False
"ARIMA(0,0,1)","ARIMA(0,0,1) | two_stage | actual_remainder | xi_cap=60",Anthony Gordon,Newcastle,MID,6.1,4.749935097103997,XI,False,False
"ARIMA(0,0,1)","ARIMA(0,0,1) | two_stage | actual_remainder | xi_cap=60",Bukayo Saka,Arsenal,MID,9.1,6.654459682282244,Bench,False,False
"ARIMA(0,0,1)","ARIMA(0,0,1) | two_stage | actual_remainder | xi_cap=60",Carlton Morris,Luton,FWD,5.0,4.033445674445706,XI,False,False
"ARIMA(0,0,1)","ARIMA(0,0,1) | two_stage | actual_remainder | xi_cap=60",Cole Palmer,Chelsea,MID,5.8,4.963918652871374,XI,False,True
"ARIMA(0,0,1)","ARIMA(0,0,1) | two_stage | actual_remainder | xi_cap=60",Declan Rice,Arsenal,MID,5.4,3.950714435958758,XI,False,False
"ARIMA(0,0,1)","ARIMA(0,0,1) | two_stage | actual_remainder | xi_cap=60",Douglas Luiz Soares de Paulo,Aston Villa,MID,5.5,4.693284525084277,XI,False,False
"ARIMA(0,0,1)","ARIMA(0,0,1) | two_stage | actual_remainder | xi_cap=60",Emerson Palmieri dos Santos,West Ham,DEF,4.4,3.338799707469006,XI,False,False
"ARIMA(0,0,1)","ARIMA(0,0,1) | two_stage | actual_remainder | xi_cap=60",James Tarkowski,Everton,DEF,4.6,3.1751472425536273,XI,False,False
"ARIMA(0,0,1)","ARIMA(0,0,1) | two_stage | actual_remainder | xi_cap=60",Jarrad Branthwaite,Everton,DEF,4.2,2.9916650169831462,XI,False,False
"ARIMA(0,0,1)","ARIMA(0,0,1) | two_stage | actual_remainder | xi_cap=60",Jordan Pickford,Everton,GK,4.6,3.7330103703165336,XI,False,False
"ARIMA(0,0,1)","ARIMA(0,0,1) | two_stage | actual_remainder | xi_cap=60",Kieran Trippier,Newcastle,DEF,6.9,3.958176431231566,Bench,False,False
"ARIMA(0,0,1)","ARIMA(0,0,1) | two_stage | actual_remainder | xi_cap=60",Matheus Santos Carneiro Da Cunha,Wolves,FWD,5.6,4.328624436058369,XI,False,False
"ARIMA(0,0,1)","ARIMA(0,0,1) | two_stage | actual_remainder | xi_cap=60",Ollie Watkins,Aston Villa,FWD,8.8,6.517863273271979,XI,True,False
"ARIMA(0,0,1)","ARIMA(0,0,1) | two_stage | actual_remainder | xi_cap=60",William Saliba,Arsenal,DEF,5.7,4.012790688768956,Bench,False,False
"ARIMA(0,0,1)","ARIMA(0,0,1) | two_stage | fixed_split | xi_cap=65",André Onana,Man Utd,GK,4.8,3.5442574098096813,Bench,False,False
"ARIMA(0,0,1)","ARIMA(0,0,1) | two_stage | fixed_split | xi_cap=65",Anthony Gordon,Newcastle,MID,6.1,4.749935097103997,XI,False,False
"ARIMA(0,0,1)","ARIMA(0,0,1) | two_stage | fixed_split | xi_cap=65",Bukayo Saka,Arsenal,MID,9.1,6.654459682282244,XI,True,False
"ARIMA(0,0,1)","ARIMA(0,0,1) | two_stage | fixed_split | xi_cap=65",Carlton Morris,Luton,FWD,5.0,4.033445674445706,XI,False,False
"ARIMA(0,0,1)","ARIMA(0,0,1) | two_stage | fixed_split | xi_cap=65",Cole Palmer,Chelsea,MID,5.8,4.963918652871374,XI,False,False
"ARIMA(0,0,1)","ARIMA(0,0,1) | two_stage | fixed_split | xi_cap=65",Douglas Luiz Soares de Paulo,Aston Villa,MID,5.5,4.693284525084277,XI,False,False
"ARIMA(0,0,1)","ARIMA(0,0,1) | two_stage | fixed_split | xi_cap=65",Emerson Palmieri dos Santos,West Ham,DEF,4.4,3.338799707469006,XI,False,False
"ARIMA(0,0,1)","ARIMA(0,0,1) | two_stage | fixed_split | xi_cap=65",Gabriel dos Santos Magalhães,Arsenal,DEF,5.2,3.7447772485447355,XI,False,False
"ARIMA(0,0,1)","ARIMA(0,0,1) | two_stage | fixed_split | xi_cap=65",Joachim Andersen,Crystal Palace,DEF,4.7,3.2916351864674254,XI,False,False
"ARIMA(0,0,1)","ARIMA(0,0,1) | two_stage | fixed_split | xi_cap=65",Jordan Pickford,Everton,GK,4.6,3.7330103703165336,XI,False,False
"ARIMA(0,0,1)","ARIMA(0,0,1) | two_stage | fixed_split | xi_cap=65",Kieran Trippier,Newcastle,DEF,6.9,3.958176431231566,Bench,False,False
"ARIMA(0,0,1)","ARIMA(0,0,1) | two_stage | fixed_split | xi_cap=65",Matheus Santos Carneiro Da Cunha,Wolves,FWD,5.6,4.328624436058369,XI,False,False
"ARIMA(0,0,1)","ARIMA(0,0,1) | two_stage | fixed_split | xi_cap=65",Mohamed Salah,Liverpool,MID,13.0,6.507747702315204,Bench,False,False
"ARIMA(0,0,1)","ARIMA(0,0,1) | two_stage | fixed_split | xi_cap=65",Ollie Watkins,Aston Villa,FWD,8.8,6.517863273271979,XI,False,True
"ARIMA(0,0,1)","ARIMA(0,0,1) | two_stage | fixed_split | xi_cap=65",William Saliba,Arsenal,DEF,5.7,4.012790688768956,Bench,False,False
"ARIMA(0,0,1)","ARIMA(0,0,1) | two_stage | actual_remainder | xi_cap=65",André Onana,Man Utd,GK,4.8,3.5442574098096813,Bench,False,False
"ARIMA(0,0,1)","ARIMA(0,0,1) | two_stage | actual_remainder | xi_cap=65",Anthony Gordon,Newcastle,MID,6.1,4.749935097103997,XI,False,False
"ARIMA(0,0,1)","ARIMA(0,0,1) | two_stage | actual_remainder | xi_cap=65",Bukayo Saka,Arsenal,MID,9.1,6.654459682282244,XI,True,False
"ARIMA(0,0,1)","ARIMA(0,0,1) | two_stage | actual_remainder | xi_cap=65",Carlton Morris,Luton,FWD,5.0,4.033445674445706,XI,False,False
"ARIMA(0,0,1)","ARIMA(0,0,1) | two_stage | actual_remainder | xi_cap=65",Cole Palmer,Chelsea,MID,5.8,4.963918652871374,XI,False,False
"ARIMA(0,0,1)","ARIMA(0,0,1) | two_stage | actual_remainder | xi_cap=65",Douglas Luiz Soares de Paulo,Aston Villa,MID,5.5,4.693284525084277,XI,False,False
"ARIMA(0,0,1)","ARIMA(0,0,1) | two_stage | actual_remainder | xi_cap=65",Emerson Palmieri dos Santos,West Ham,DEF,4.4,3.338799707469006,XI,False,False
"ARIMA(0,0,1)","ARIMA(0,0,1) | two_stage | actual_remainder | xi_cap=65",Gabriel dos Santos Magalhães,Arsenal,DEF,5.2,3.7447772485447355,XI,False,False
"ARIMA(0,0,1)","ARIMA(0,0,1) | two_stage | actual_remainder | xi_cap=65",Joachim Andersen,Crystal Palace,DEF,4.7,3.2916351864674254,XI,False,False
"ARIMA(0,0,1)","ARIMA(0,0,1) | two_stage | actual_remainder | xi_cap=65",Jordan Pickford,Everton,GK,4.6,3.7330103703165336,XI,False,False
"ARIMA(0,0,1)","ARIMA(0,0,1) | two_stage | actual_remainder | xi_cap=65",Kieran Trippier,Newcastle,DEF,6.9,3.958176431231566,Bench,False,False
"ARIMA(0,0,1)","ARIMA(0,0,1) | two_stage | actual_remainder | xi_cap=65",Matheus Santos Carneiro Da Cunha,Wolves,FWD,5.6,4.328624436058369,XI,False,False
"ARIMA(0,0,1)","ARIMA(0,0,1) | two_stage | actual_remainder | xi_cap=65",Mohamed Salah,Liverpool,MID,13.0,6.507747702315204,Bench,False,False
"ARIMA(0,0,1)","ARIMA(0,0,1) | two_stage | actual_remainder | xi_cap=65",Ollie Watkins,Aston Villa,FWD,8.8,6.517863273271979,XI,False,True
"ARIMA(0,0,1)","ARIMA(0,0,1) | two_stage | actual_remainder | xi_cap=65",William Saliba,Arsenal,DEF,5.7,4.012790688768956,Bench,False,False
"ARIMA(0,0,1)","ARIMA(0,0,1) | two_stage | fixed_split | xi_cap=70",André Onana,Man Utd,GK,4.8,3.5442574098096813,Bench,False,False
"ARIMA(0,0,1)","ARIMA(0,0,1) | two_stage | fixed_split | xi_cap=70",Anthony Gordon,Newcastle,MID,6.1,4.749935097103997,XI,False,False
"ARIMA(0,0,1)","ARIMA(0,0,1) | two_stage | fixed_split | xi_cap=70",Bukayo Saka,Arsenal,MID,9.1,6.654459682282244,XI,True,False
"ARIMA(0,0,1)","ARIMA(0,0,1) | two_stage | fixed_split | xi_cap=70",Cole Palmer,Chelsea,MID,5.8,4.963918652871374,XI,False,False
"ARIMA(0,0,1)","ARIMA(0,0,1) | two_stage | fixed_split | xi_cap=70",Dominic Solanke,Bournemouth,FWD,7.0,5.147229441910981,Bench,False,False
"ARIMA(0,0,1)","ARIMA(0,0,1) | two_stage | fixed_split | xi_cap=70",Douglas Luiz Soares de Paulo,Aston Villa,MID,5.5,4.693284525084277,XI,False,False
"ARIMA(0,0,1)","ARIMA(0,0,1) | two_stage | fixed_split | xi_cap=70",Emerson Palmieri dos Santos,West Ham,DEF,4.4,3.338799707469006,XI,False,False
"ARIMA(0,0,1)","ARIMA(0,0,1) | two_stage | fixed_split | xi_cap=70",Gabriel dos Santos Magalhães,Arsenal,DEF,5.2,3.7447772485447355,XI,False,False
"ARIMA(0,0,1)","ARIMA(0,0,1) | two_stage | fixed_split | xi_cap=70",Jordan Pickford,Everton,GK,4.6,3.7330103703165336,XI,False,False
"ARIMA(0,0,1)","ARIMA(0,0,1) | two_stage | fixed_split | xi_cap=70",Julián Álvarez,Man City,FWD,6.7,4.869651951362604,XI,False,False
"ARIMA(0,0,1)","ARIMA(0,0,1) | two_stage | fixed_split | xi_cap=70",Kieran Trippier,Newcastle,DEF,6.9,3.958176431231566,Bench,False,False
"ARIMA(0,0,1)","ARIMA(0,0,1) | two_stage | fixed_split | xi_cap=70",Ollie Watkins,Aston Villa,FWD,8.8,6.517863273271979,XI,False,True
"ARIMA(0,0,1)","ARIMA(0,0,1) | two_stage | fixed_split | xi_cap=70",Phil Foden,Man City,MID,8.1,5.361564154300708,XI,False,False
"ARIMA(0,0,1)","ARIMA(0,0,1) | two_stage | fixed_split | xi_cap=70",Trent Alexander-Arnold,Liverpool,DEF,8.6,3.8486477976490057,Bench,False,False
"ARIMA(0,0,1)","ARIMA(0,0,1) | two_stage | fixed_split | xi_cap=70",William Saliba,Arsenal,DEF,5.7,4.012790688768956,XI,False,False
"ARIMA(0,0,1)","ARIMA(0,0,1) | two_stage | actual_remainder | xi_cap=70",André Onana,Man Utd,GK,4.8,3.5442574098096813,Bench,False,False
"ARIMA(0,0,1)","ARIMA(0,0,1) | two_stage | actual_remainder | xi_cap=70",Anthony Gordon,Newcastle,MID,6.1,4.749935097103997,XI,False,False
"ARIMA(0,0,1)","ARIMA(0,0,1) | two_stage | actual_remainder | xi_cap=70",Bukayo Saka,Arsenal,MID,9.1,6.654459682282244,XI,True,False
"ARIMA(0,0,1)","ARIMA(0,0,1) | two_stage | actual_remainder | xi_cap=70",Cole Palmer,Chelsea,MID,5.8,4.963918652871374,XI,False,False
"ARIMA(0,0,1)","ARIMA(0,0,1) | two_stage | actual_remainder | xi_cap=70",Dominic Solanke,Bournemouth,FWD,7.0,5.147229441910981,Bench,False,False
"ARIMA(0,0,1)","ARIMA(0,0,1) | two_stage | actual_remainder | xi_cap=70",Douglas Luiz Soares de Paulo,Aston Villa,MID,5.5,4.693284525084277,XI,False,False
"ARIMA(0,0,1)","ARIMA(0,0,1) | two_stage | actual_remainder | xi_cap=70",Emerson Palmieri dos Santos,West Ham,DEF,4.4,3.338799707469006,XI,False,False
"ARIMA(0,0,1)","ARIMA(0,0,1) | two_stage | actual_remainder | xi_cap=70",Gabriel dos Santos Magalhães,Arsenal,DEF,5.2,3.7447772485447355,XI,False,False
"ARIMA(0,0,1)","ARIMA(0,0,1) | two_stage | actual_remainder | xi_cap=70",Jordan Pickford,Everton,GK,4.6,3.7330103703165336,XI,False,False
"ARIMA(0,0,1)","ARIMA(0,0,1) | two_stage | actual_remainder | xi_cap=70",Julián Álvarez,Man City,FWD,6.7,4.869651951362604,XI,False,False
"ARIMA(0,0,1)","ARIMA(0,0,1) | two_stage | actual_remainder | xi_cap=70",Kieran Trippier,Newcastle,DEF,6.9,3.958176431231566,Bench,False,False
"ARIMA(0,0,1)","ARIMA(0,0,1) | two_stage | actual_remainder | xi_cap=70",Ollie Watkins,Aston Villa,FWD,8.8,6.517863273271979,XI,False,True
"ARIMA(0,0,1)","ARIMA(0,0,1) | two_stage | actual_remainder | xi_cap=70",Phil Foden,Man City,MID,8.1,5.361564154300708,XI,False,False
"ARIMA(0,0,1)","ARIMA(0,0,1) | two_stage | actual_remainder | xi_cap=70",Trent Alexander-Arnold,Liverpool,DEF,8.6,3.8486477976490057,Bench,False,False
"ARIMA(0,0,1)","ARIMA(0,0,1) | two_stage | actual_remainder | xi_cap=70",William Saliba,Arsenal,DEF,5.7,4.012790688768956,XI,False,False
"ARIMA(0,0,1)","ARIMA(0,0,1) | two_stage | fixed_split | xi_cap=75",Bukayo Saka,Arsenal,MID,9.1,6.654459682282244,XI,True,False
"ARIMA(0,0,1)","ARIMA(0,0,1) | two_stage | fixed_split | xi_cap=75",Cole Palmer,Chelsea,MID,5.8,4.963918652871374,XI,False,False
"ARIMA(0,0,1)","ARIMA(0,0,1) | two_stage | fixed_split | xi_cap=75",Dominic Solanke,Bournemouth,FWD,7.0,5.147229441910981,XI,False,False
"ARIMA(0,0,1)","ARIMA(0,0,1) | two_stage | fixed_split | xi_cap=75",Emerson Palmieri dos Santos,West Ham,DEF,4.4,3.338799707469006,XI,False,False
"ARIMA(0,0,1)","ARIMA(0,0,1) | two_stage | fixed_split | xi_cap=75",Gabriel dos Santos Magalhães,Arsenal,DEF,5.2,3.7447772485447355,XI,False,False
"ARIMA(0,0,1)","ARIMA(0,0,1) | two_stage | fixed_split | xi_cap=75",Jarrod Bowen,West Ham,MID,7.7,4.937459334052974,Bench,False,False
"ARIMA(0,0,1)","ARIMA(0,0,1) | two_stage | fixed_split | xi_cap=75",Jordan Pickford,Everton,GK,4.6,3.7330103703165336,XI,False,False
"ARIMA(0,0,1)","ARIMA(0,0,1) | two_stage | fixed_split | xi_cap=75",Julián Álvarez,Man City,FWD,6.7,4.869651951362604,XI,False,False
"ARIMA(0,0,1)","ARIMA(0,0,1) | two_stage | fixed_split | xi_cap=75",Kieran Trippier,Newcastle,DEF,6.9,3.958176431231566,Bench,False,False
"ARIMA(0,0,1)","ARIMA(0,0,1) | two_stage | fixed_split | xi_cap=75",Ollie Watkins,Aston Villa,FWD,8.8,6.517863273271979,XI,False,True
"ARIMA(0,0,1)","ARIMA(0,0,1) | two_stage | fixed_split | xi_cap=75",Pedro Porro,Spurs,DEF,5.8,3.4848279933645916,Bench,False,False
"ARIMA(0,0,1)","ARIMA(0,0,1) | two_stage | fixed_split | xi_cap=75",Phil Foden,Man City,MID,8.1,5.361564154300708,XI,False,False
"ARIMA(0,0,1)","ARIMA(0,0,1) | two_stage | fixed_split | xi_cap=75",Son Heung-min,Spurs,MID,9.6,5.765943678372852,XI,False,False
"ARIMA(0,0,1)","ARIMA(0,0,1) | two_stage | fixed_split | xi_cap=75",William Saliba,Arsenal,DEF,5.7,4.012790688768956,XI,False,False
"ARIMA(0,0,1)","ARIMA(0,0,1) | two_stage | fixed_split | xi_cap=75",Đorđe Petrović,Chelsea,GK,4.5,3.469834128320077,Bench,False,False
"ARIMA(0,0,1)","ARIMA(0,0,1) | two_stage | actual_remainder | xi_cap=75",Bukayo Saka,Arsenal,MID,9.1,6.654459682282244,XI,True,False
"ARIMA(0,0,1)","ARIMA(0,0,1) | two_stage | actual_remainder | xi_cap=75",Cole Palmer,Chelsea,MID,5.8,4.963918652871374,XI,False,False
"ARIMA(0,0,1)","ARIMA(0,0,1) | two_stage | actual_remainder | xi_cap=75",Dominic Solanke,Bournemouth,FWD,7.0,5.147229441910981,XI,False,False
"ARIMA(0,0,1)","ARIMA(0,0,1) | two_stage | actual_remainder | xi_cap=75",Emerson Palmieri dos Santos,West Ham,DEF,4.4,3.338799707469006,XI,False,False
"ARIMA(0,0,1)","ARIMA(0,0,1) | two_stage | actual_remainder | xi_cap=75",Gabriel dos Santos Magalhães,Arsenal,DEF,5.2,3.7447772485447355,XI,False,False
"ARIMA(0,0,1)","ARIMA(0,0,1) | two_stage | actual_remainder | xi_cap=75",Jarrod Bowen,West Ham,MID,7.7,4.937459334052974,Bench,False,False
"ARIMA(0,0,1)","ARIMA(0,0,1) | two_stage | actual_remainder | xi_cap=75",Jordan Pickford,Everton,GK,4.6,3.7330103703165336,XI,False,False
"ARIMA(0,0,1)","ARIMA(0,0,1) | two_stage | actual_remainder | xi_cap=75",Julián Álvarez,Man City,FWD,6.7,4.869651951362604,XI,False,False
"ARIMA(0,0,1)","ARIMA(0,0,1) | two_stage | actual_remainder | xi_cap=75",Kieran Trippier,Newcastle,DEF,6.9,3.958176431231566,Bench,False,False
"ARIMA(0,0,1)","ARIMA(0,0,1) | two_stage | actual_remainder | xi_cap=75",Ollie Watkins,Aston Villa,FWD,8.8,6.517863273271979,XI,False,True
"ARIMA(0,0,1)","ARIMA(0,0,1) | two_stage | actual_remainder | xi_cap=75",Pedro Porro,Spurs,DEF,5.8,3.4848279933645916,Bench,False,False
"ARIMA(0,0,1)","ARIMA(0,0,1) | two_stage | actual_remainder | xi_cap=75",Phil Foden,Man City,MID,8.1,5.361564154300708,XI,False,False
"ARIMA(0,0,1)","ARIMA(0,0,1) | two_stage | actual_remainder | xi_cap=75",Son Heung-min,Spurs,MID,9.6,5.765943678372852,XI,False,False
"ARIMA(0,0,1)","ARIMA(0,0,1) | two_stage | actual_remainder | xi_cap=75",William Saliba,Arsenal,DEF,5.7,4.012790688768956,XI,False,False
"ARIMA(0,0,1)","ARIMA(0,0,1) | two_stage | actual_remainder | xi_cap=75",Đorđe Petrović,Chelsea,GK,4.5,3.469834128320077,Bench,False,False
"ARIMA(0,0,1)","ARIMA(0,0,1) | two_stage | fixed_split | xi_cap=80",Alphonse Areola,West Ham,GK,4.2,3.192776067110868,Bench,False,False
"ARIMA(0,0,1)","ARIMA(0,0,1) | two_stage | fixed_split | xi_cap=80",Bukayo Saka,Arsenal,MID,9.1,6.654459682282244,XI,True,False
"ARIMA(0,0,1)","ARIMA(0,0,1) | two_stage | fixed_split | xi_cap=80",Cole Palmer,Chelsea,MID,5.8,4.963918652871374,XI,False,False
"ARIMA(0,0,1)","ARIMA(0,0,1) | two_stage | fixed_split | xi_cap=80",Dominic Solanke,Bournemouth,FWD,7.0,5.147229441910981,XI,False,False
"ARIMA(0,0,1)","ARIMA(0,0,1) | two_stage | fixed_split | xi_cap=80",Douglas Luiz Soares de Paulo,Aston Villa,MID,5.5,4.693284525084277,XI,False,False
"ARIMA(0,0,1)","ARIMA(0,0,1) | two_stage | fixed_split | xi_cap=80",Emerson Palmieri dos Santos,West Ham,DEF,4.4,3.338799707469006,Bench,False,False
"ARIMA(0,0,1)","ARIMA(0,0,1) | two_stage | fixed_split | xi_cap=80",Gabriel dos Santos Magalhães,Arsenal,DEF,5.2,3.7447772485447355,XI,False,False
"ARIMA(0,0,1)","ARIMA(0,0,1) | two_stage | fixed_split | xi_cap=80",Joachim Andersen,Crystal Palace,DEF,4.7,3.2916351864674254,Bench,False,False
"ARIMA(0,0,1)","ARIMA(0,0,1) | two_stage | fixed_split | xi_cap=80",Jordan Pickford,Everton,GK,4.6,3.7330103703165336,XI,False,False
"ARIMA(0,0,1)","ARIMA(0,0,1) | two_stage | fixed_split | xi_cap=80",Julián Álvarez,Man City,FWD,6.7,4.869651951362604,Bench,False,False
"ARIMA(0,0,1)","ARIMA(0,0,1) | two_stage | fixed_split | xi_cap=80",Kieran Trippier,Newcastle,DEF,6.9,3.958176431231566,XI,False,False
"ARIMA(0,0,1)","ARIMA(0,0,1) | two_stage | fixed_split | xi_cap=80",Mohamed Salah,Liverpool,MID,13.0,6.507747702315204,XI,False,False
"ARIMA(0,0,1)","ARIMA(0,0,1) | two_stage | fixed_split | xi_cap=80",Ollie Watkins,Aston Villa,FWD,8.8,6.517863273271979,XI,False,True
"ARIMA(0,0,1)","ARIMA(0,0,1) | two_stage | fixed_split | xi_cap=80",Phil Foden,Man City,MID,8.1,5.361564154300708,XI,False,False
"ARIMA(0,0,1)","ARIMA(0,0,1) | two_stage | fixed_split | xi_cap=80",William Saliba,Arsenal,DEF,5.7,4.012790688768956,XI,False,False
"ARIMA(0,0,1)","ARIMA(0,0,1) | two_stage | actual_remainder | xi_cap=80",Bukayo Saka,Arsenal,MID,9.1,6.654459682282244,XI,True,False
"ARIMA(0,0,1)","ARIMA(0,0,1) | two_stage | actual_remainder | xi_cap=80",Cole Palmer,Chelsea,MID,5.8,4.963918652871374,XI,False,False
"ARIMA(0,0,1)","ARIMA(0,0,1) | two_stage | actual_remainder | xi_cap=80",Dominic Solanke,Bournemouth,FWD,7.0,5.147229441910981,XI,False,False
"ARIMA(0,0,1)","ARIMA(0,0,1) | two_stage | actual_remainder | xi_cap=80",Douglas Luiz Soares de Paulo,Aston Villa,MID,5.5,4.693284525084277,XI,False,False
"ARIMA(0,0,1)","ARIMA(0,0,1) | two_stage | actual_remainder | xi_cap=80",Emerson Palmieri dos Santos,West Ham,DEF,4.4,3.338799707469006,Bench,False,False
"ARIMA(0,0,1)","ARIMA(0,0,1) | two_stage | actual_remainder | xi_cap=80",Gabriel dos Santos Magalhães,Arsenal,DEF,5.2,3.7447772485447355,XI,False,False
"ARIMA(0,0,1)","ARIMA(0,0,1) | two_stage | actual_remainder | xi_cap=80",Joachim Andersen,Crystal Palace,DEF,4.7,3.2916351864674254,Bench,False,False
"ARIMA(0,0,1)","ARIMA(0,0,1) | two_stage | actual_remainder | xi_cap=80",Jordan Pickford,Everton,GK,4.6,3.7330103703165336,XI,False,False
"ARIMA(0,0,1)","ARIMA(0,0,1) | two_stage | actual_remainder | xi_cap=80",Julián Álvarez,Man City,FWD,6.7,4.869651951362604,Bench,False,False
"ARIMA(0,0,1)","ARIMA(0,0,1) | two_stage | actual_remainder | xi_cap=80",Kieran Trippier,Newcastle,DEF,6.9,3.958176431231566,XI,False,False
"ARIMA(0,0,1)","ARIMA(0,0,1) | two_stage | actual_remainder | xi_cap=80",Mohamed Salah,Liverpool,MID,13.0,6.507747702315204,XI,False,False
"ARIMA(0,0,1)","ARIMA(0,0,1) | two_stage | actual_remainder | xi_cap=80",Ollie Watkins,Aston Villa,FWD,8.8,6.517863273271979,XI,False,True
"ARIMA(0,0,1)","ARIMA(0,0,1) | two_stage | actual_remainder | xi_cap=80",Phil Foden,Man City,MID,8.1,5.361564154300708,XI,False,False
"ARIMA(0,0,1)","ARIMA(0,0,1) | two_stage | actual_remainder | xi_cap=80",William Saliba,Arsenal,DEF,5.7,4.012790688768956,XI,False,False
"ARIMA(0,0,1)","ARIMA(0,0,1) | two_stage | actual_remainder | xi_cap=80",Đorđe Petrović,Chelsea,GK,4.5,3.469834128320077,Bench,False,False
"ARIMA(0,0,1)","ARIMA(0,0,1) | two_stage | fixed_split | xi_cap=83.5",Alphonse Areola,West Ham,GK,4.2,3.192776067110868,Bench,False,False
"ARIMA(0,0,1)","ARIMA(0,0,1) | two_stage | fixed_split | xi_cap=83.5",Bukayo Saka,Arsenal,MID,9.1,6.654459682282244,XI,True,False
"ARIMA(0,0,1)","ARIMA(0,0,1) | two_stage | fixed_split | xi_cap=83.5",Cameron Archer,Sheffield Utd,FWD,4.3,3.0953126311569723,Bench,False,False
"ARIMA(0,0,1)","ARIMA(0,0,1) | two_stage | fixed_split | xi_cap=83.5",Chris Richards,Crystal Palace,DEF,3.9,1.633429710858719,Bench,False,False
"ARIMA(0,0,1)","ARIMA(0,0,1) | two_stage | fixed_split | xi_cap=83.5",Conor Bradley,Liverpool,DEF,4.1,2.674172080048693,Bench,False,False
"ARIMA(0,0,1)","ARIMA(0,0,1) | two_stage | fixed_split | xi_cap=83.5",Dominic Solanke,Bournemouth,FWD,7.0,5.147229441910981,XI,False,False
"ARIMA(0,0,1)","ARIMA(0,0,1) | two_stage | fixed_split | xi_cap=83.5",Douglas Luiz Soares de Paulo,Aston Villa,MID,5.5,4.693284525084277,XI,False,False
"ARIMA(0,0,1)","ARIMA(0,0,1) | two_stage | fixed_split | xi_cap=83.5",Gabriel dos Santos Magalhães,Arsenal,DEF,5.2,3.7447772485447355,XI,False,False
"ARIMA(0,0,1)","ARIMA(0,0,1) | two_stage | fixed_split | xi_cap=83.5",Jordan Pickford,Everton,GK,4.6,3.7330103703165336,XI,False,False
"ARIMA(0,0,1)","ARIMA(0,0,1) | two_stage | fixed_split | xi_cap=83.5",Kieran Trippier,Newcastle,DEF,6.9,3.958176431231566,XI,False,False
"ARIMA(0,0,1)","ARIMA(0,0,1) | two_stage | fixed_split | xi_cap=83.5",Mohamed Salah,Liverpool,MID,13.0,6.507747702315204,XI,False,False
"ARIMA(0,0,1)","ARIMA(0,0,1) | two_stage | fixed_split | xi_cap=83.5",Ollie Watkins,Aston Villa,FWD,8.8,6.517863273271979,XI,False,True
"ARIMA(0,0,1)","ARIMA(0,0,1) | two_stage | fixed_split | xi_cap=83.5",Phil Foden,Man City,MID,8.1,5.361564154300708,XI,False,False
"ARIMA(0,0,1)","ARIMA(0,0,1) | two_stage | fixed_split | xi_cap=83.5",Son Heung-min,Spurs,MID,9.6,5.765943678372852,XI,False,False
"ARIMA(0,0,1)","ARIMA(0,0,1) | two_stage | fixed_split | xi_cap=83.5",William Saliba,Arsenal,DEF,5.7,4.012790688768956,XI,False,False
"ARIMA(0,0,1)","ARIMA(0,0,1) | two_stage | actual_remainder | xi_cap=83.5",Alphonse Areola,West Ham,GK,4.2,3.192776067110868,Bench,False,False
"ARIMA(0,0,1)","ARIMA(0,0,1) | two_stage | actual_remainder | xi_cap=83.5",Bukayo Saka,Arsenal,MID,9.1,6.654459682282244,XI,True,False
"ARIMA(0,0,1)","ARIMA(0,0,1) | two_stage | actual_remainder | xi_cap=83.5",Cameron Archer,Sheffield Utd,FWD,4.3,3.0953126311569723,Bench,False,False
"ARIMA(0,0,1)","ARIMA(0,0,1) | two_stage | actual_remainder | xi_cap=83.5",Chris Richards,Crystal Palace,DEF,3.9,1.633429710858719,Bench,False,False
"ARIMA(0,0,1)","ARIMA(0,0,1) | two_stage | actual_remainder | xi_cap=83.5",Conor Bradley,Liverpool,DEF,4.1,2.674172080048693,Bench,False,False
"ARIMA(0,0,1)","ARIMA(0,0,1) | two_stage | actual_remainder | xi_cap=83.5",Dominic Solanke,Bournemouth,FWD,7.0,5.147229441910981,XI,False,False
"ARIMA(0,0,1)","ARIMA(0,0,1) | two_stage | actual_remainder | xi_cap=83.5",Douglas Luiz Soares de Paulo,Aston Villa,MID,5.5,4.693284525084277,XI,False,False
"ARIMA(0,0,1)","ARIMA(0,0,1) | two_stage | actual_remainder | xi_cap=83.5",Gabriel dos Santos Magalhães,Arsenal,DEF,5.2,3.7447772485447355,XI,False,False
"ARIMA(0,0,1)","ARIMA(0,0,1) | two_stage | actual_remainder | xi_cap=83.5",Jordan Pickford,Everton,GK,4.6,3.7330103703165336,XI,False,False
"ARIMA(0,0,1)","ARIMA(0,0,1) | two_stage | actual_remainder | xi_cap=83.5",Kieran Trippier,Newcastle,DEF,6.9,3.958176431231566,XI,False,False
"ARIMA(0,0,1)","ARIMA(0,0,1) | two_stage | actual_remainder | xi_cap=83.5",Mohamed Salah,Liverpool,MID,13.0,6.507747702315204,XI,False,False
"ARIMA(0,0,1)","ARIMA(0,0,1) | two_stage | actual_remainder | xi_cap=83.5",Ollie Watkins,Aston Villa,FWD,8.8,6.517863273271979,XI,False,True
"ARIMA(0,0,1)","ARIMA(0,0,1) | two_stage | actual_remainder | xi_cap=83.5",Phil Foden,Man City,MID,8.1,5.361564154300708,XI,False,False
"ARIMA(0,0,1)","ARIMA(0,0,1) | two_stage | actual_remainder | xi_cap=83.5",Son Heung-min,Spurs,MID,9.6,5.765943678372852,XI,False,False
"ARIMA(0,0,1)","ARIMA(0,0,1) | two_stage | actual_remainder | xi_cap=83.5",William Saliba,Arsenal,DEF,5.7,4.012790688768956,XI,False,False
"ARIMA(0,0,1)","ARIMA(0,0,1) | joint_pareto | delta=0.000",Bukayo Saka,Arsenal,MID,9.1,6.654459682282244,XI,True,False
"ARIMA(0,0,1)","ARIMA(0,0,1) | joint_pareto | delta=0.000",Cameron Archer,Sheffield Utd,FWD,4.3,3.0953126311569723,Bench,False,False
"ARIMA(0,0,1)","ARIMA(0,0,1) | joint_pareto | delta=0.000",Chris Richards,Crystal Palace,DEF,3.9,1.633429710858719,Bench,False,False
"ARIMA(0,0,1)","ARIMA(0,0,1) | joint_pareto | delta=0.000",Cole Palmer,Chelsea,MID,5.8,4.963918652871374,XI,False,False
"ARIMA(0,0,1)","ARIMA(0,0,1) | joint_pareto | delta=0.000",Conor Bradley,Liverpool,DEF,4.1,2.674172080048693,Bench,False,False
"ARIMA(0,0,1)","ARIMA(0,0,1) | joint_pareto | delta=0.000",Dominic Solanke,Bournemouth,FWD,7.0,5.147229441910981,XI,False,False
"ARIMA(0,0,1)","ARIMA(0,0,1) | joint_pareto | delta=0.000",Gabriel dos Santos Magalhães,Arsenal,DEF,5.2,3.7447772485447355,XI,False,False
"ARIMA(0,0,1)","ARIMA(0,0,1) | joint_pareto | delta=0.000",Jordan Pickford,Everton,GK,4.6,3.7330103703165336,XI,False,False
"ARIMA(0,0,1)","ARIMA(0,0,1) | joint_pareto | delta=0.000",Kieran Trippier,Newcastle,DEF,6.9,3.958176431231566,XI,False,False
"ARIMA(0,0,1)","ARIMA(0,0,1) | joint_pareto | delta=0.000",Matt Turner,Nott'm Forest,GK,3.9,1.5683905397333036,Bench,False,False
"ARIMA(0,0,1)","ARIMA(0,0,1) | joint_pareto | delta=0.000",Mohamed Salah,Liverpool,MID,13.0,6.507747702315204,XI,False,False
"ARIMA(0,0,1)","ARIMA(0,0,1) | joint_pareto | delta=0.000",Ollie Watkins,Aston Villa,FWD,8.8,6.517863273271979,XI,False,True
"ARIMA(0,0,1)","ARIMA(0,0,1) | joint_pareto | delta=0.000",Phil Foden,Man City,MID,8.1,5.361564154300708,XI,False,False
"ARIMA(0,0,1)","ARIMA(0,0,1) | joint_pareto | delta=0.000",Son Heung-min,Spurs,MID,9.6,5.765943678372852,XI,False,False
"ARIMA(0,0,1)","ARIMA(0,0,1) | joint_pareto | delta=0.000",William Saliba,Arsenal,DEF,5.7,4.012790688768956,XI,False,False
"ARIMA(0,0,1)","ARIMA(0,0,1) | joint_pareto | delta=0.005",Alphonse Areola,West Ham,GK,4.2,3.192776067110868,Bench,False,False
"ARIMA(0,0,1)","ARIMA(0,0,1) | joint_pareto | delta=0.005",Bukayo Saka,Arsenal,MID,9.1,6.654459682282244,XI,True,False
"ARIMA(0,0,1)","ARIMA(0,0,1) | joint_pareto | delta=0.005",Cameron Archer,Sheffield Utd,FWD,4.3,3.0953126311569723,Bench,False,False
"ARIMA(0,0,1)","ARIMA(0,0,1) | joint_pareto | delta=0.005",Chris Richards,Crystal Palace,DEF,3.9,1.633429710858719,Bench,False,False
"ARIMA(0,0,1)","ARIMA(0,0,1) | joint_pareto | delta=0.005",Conor Bradley,Liverpool,DEF,4.1,2.674172080048693,Bench,False,False
"ARIMA(0,0,1)","ARIMA(0,0,1) | joint_pareto | delta=0.005",Dominic Solanke,Bournemouth,FWD,7.0,5.147229441910981,XI,False,False
"ARIMA(0,0,1)","ARIMA(0,0,1) | joint_pareto | delta=0.005",Douglas Luiz Soares de Paulo,Aston Villa,MID,5.5,4.693284525084277,XI,False,False
"ARIMA(0,0,1)","ARIMA(0,0,1) | joint_pareto | delta=0.005",Gabriel dos Santos Magalhães,Arsenal,DEF,5.2,3.7447772485447355,XI,False,False
"ARIMA(0,0,1)","ARIMA(0,0,1) | joint_pareto | delta=0.005",Jordan Pickford,Everton,GK,4.6,3.7330103703165336,XI,False,False
"ARIMA(0,0,1)","ARIMA(0,0,1) | joint_pareto | delta=0.005",Kieran Trippier,Newcastle,DEF,6.9,3.958176431231566,XI,False,False
"ARIMA(0,0,1)","ARIMA(0,0,1) | joint_pareto | delta=0.005",Mohamed Salah,Liverpool,MID,13.0,6.507747702315204,XI,False,False
"ARIMA(0,0,1)","ARIMA(0,0,1) | joint_pareto | delta=0.005",Ollie Watkins,Aston Villa,FWD,8.8,6.517863273271979,XI,False,True
"ARIMA(0,0,1)","ARIMA(0,0,1) | joint_pareto | delta=0.005",Phil Foden,Man City,MID,8.1,5.361564154300708,XI,False,False
"ARIMA(0,0,1)","ARIMA(0,0,1) | joint_pareto | delta=0.005",Son Heung-min,Spurs,MID,9.6,5.765943678372852,XI,False,False
"ARIMA(0,0,1)","ARIMA(0,0,1) | joint_pareto | delta=0.005",William Saliba,Arsenal,DEF,5.7,4.012790688768956,XI,False,False
"ARIMA(0,0,1)","ARIMA(0,0,1) | joint_pareto | delta=0.010",André Onana,Man Utd,GK,4.8,3.5442574098096813,Bench,False,False
"ARIMA(0,0,1)","ARIMA(0,0,1) | joint_pareto | delta=0.010",Bukayo Saka,Arsenal,MID,9.1,6.654459682282244,XI,True,False
"ARIMA(0,0,1)","ARIMA(0,0,1) | joint_pareto | delta=0.010",Carlton Morris,Luton,FWD,5.0,4.033445674445706,Bench,False,False
"ARIMA(0,0,1)","ARIMA(0,0,1) | joint_pareto | delta=0.010",Cole Palmer,Chelsea,MID,5.8,4.963918652871374,XI,False,False
"ARIMA(0,0,1)","ARIMA(0,0,1) | joint_pareto | delta=0.010",Dominic Solanke,Bournemouth,FWD,7.0,5.147229441910981,XI,False,False
"ARIMA(0,0,1)","ARIMA(0,0,1) | joint_pareto | delta=0.010",Emerson Palmieri dos Santos,West Ham,DEF,4.4,3.338799707469006,XI,False,False
"ARIMA(0,0,1)","ARIMA(0,0,1) | joint_pareto | delta=0.010",Gabriel dos Santos Magalhães,Arsenal,DEF,5.2,3.7447772485447355,XI,False,False
"ARIMA(0,0,1)","ARIMA(0,0,1) | joint_pareto | delta=0.010",Jarrad Branthwaite,Everton,DEF,4.2,2.9916650169831462,Bench,False,False
"ARIMA(0,0,1)","ARIMA(0,0,1) | joint_pareto | delta=0.010",Joachim Andersen,Crystal Palace,DEF,4.7,3.2916351864674254,Bench,False,False
"ARIMA(0,0,1)","ARIMA(0,0,1) | joint_pareto | delta=0.010",Jordan Pickford,Everton,GK,4.6,3.7330103703165336,XI,False,False
"ARIMA(0,0,1)","ARIMA(0,0,1) | joint_pareto | delta=0.010",Mohamed Salah,Liverpool,MID,13.0,6.507747702315204,XI,False,False
"ARIMA(0,0,1)","ARIMA(0,0,1) | joint_pareto | delta=0.010",Ollie Watkins,Aston Villa,FWD,8.8,6.517863273271979,XI,False,True
"ARIMA(0,0,1)","ARIMA(0,0,1) | joint_pareto | delta=0.010",Phil Foden,Man City,MID,8.1,5.361564154300708,XI,False,False
"ARIMA(0,0,1)","ARIMA(0,0,1) | joint_pareto | delta=0.010",Son Heung-min,Spurs,MID,9.6,5.765943678372852,XI,False,False
"ARIMA(0,0,1)","ARIMA(0,0,1) | joint_pareto | delta=0.010",William Saliba,Arsenal,DEF,5.7,4.012790688768956,XI,False,False
"ARIMA(0,0,1)","ARIMA(0,0,1) | joint_pareto | delta=0.020",Bukayo Saka,Arsenal,MID,9.1,6.654459682282244,XI,True,False
"ARIMA(0,0,1)","ARIMA(0,0,1) | joint_pareto | delta=0.020",Cole Palmer,Chelsea,MID,5.8,4.963918652871374,Bench,False,False
"ARIMA(0,0,1)","ARIMA(0,0,1) | joint_pareto | delta=0.020",Dominic Solanke,Bournemouth,FWD,7.0,5.147229441910981,XI,False,False
"ARIMA(0,0,1)","ARIMA(0,0,1) | joint_pareto | delta=0.020",Douglas Luiz Soares de Paulo,Aston Villa,MID,5.5,4.693284525084277,XI,False,False
"ARIMA(0,0,1)","ARIMA(0,0,1) | joint_pareto | delta=0.020",Emerson Palmieri dos Santos,West Ham,DEF,4.4,3.338799707469006,Bench,False,False
"ARIMA(0,0,1)","ARIMA(0,0,1) | joint_pareto | delta=0.020",Gabriel dos Santos Magalhães,Arsenal,DEF,5.2,3.7447772485447355,XI,False,False
"ARIMA(0,0,1)","ARIMA(0,0,1) | joint_pareto | delta=0.020",Joachim Andersen,Crystal Palace,DEF,4.7,3.2916351864674254,Bench,False,False
"ARIMA(0,0,1)","ARIMA(0,0,1) | joint_pareto | delta=0.020",Jordan Pickford,Everton,GK,4.6,3.7330103703165336,XI,False,False
"ARIMA(0,0,1)","ARIMA(0,0,1) | joint_pareto | delta=0.020",Julián Álvarez,Man City,FWD,6.7,4.869651951362604,XI,False,False
"ARIMA(0,0,1)","ARIMA(0,0,1) | joint_pareto | delta=0.020",Kieran Trippier,Newcastle,DEF,6.9,3.958176431231566,XI,False,False
"ARIMA(0,0,1)","ARIMA(0,0,1) | joint_pareto | delta=0.020",Mohamed Salah,Liverpool,MID,13.0,6.507747702315204,XI,False,False
"ARIMA(0,0,1)","ARIMA(0,0,1) | joint_pareto | delta=0.020",Ollie Watkins,Aston Villa,FWD,8.8,6.517863273271979,XI,False,True
"ARIMA(0,0,1)","ARIMA(0,0,1) | joint_pareto | delta=0.020",Phil Foden,Man City,MID,8.1,5.361564154300708,XI,False,False
"ARIMA(0,0,1)","ARIMA(0,0,1) | joint_pareto | delta=0.020",William Saliba,Arsenal,DEF,5.7,4.012790688768956,XI,False,False
"ARIMA(0,0,1)","ARIMA(0,0,1) | joint_pareto | delta=0.020",Đorđe Petrović,Chelsea,GK,4.5,3.469834128320077,Bench,False,False
"ARIMA(0,0,1)","ARIMA(0,0,1) | joint_pareto | delta=0.050",Bukayo Saka,Arsenal,MID,9.1,6.654459682282244,XI,True,False
"ARIMA(0,0,1)","ARIMA(0,0,1) | joint_pareto | delta=0.050",Cole Palmer,Chelsea,MID,5.8,4.963918652871374,Bench,False,False
"ARIMA(0,0,1)","ARIMA(0,0,1) | joint_pareto | delta=0.050",Dominic Solanke,Bournemouth,FWD,7.0,5.147229441910981,XI,False,False
"ARIMA(0,0,1)","ARIMA(0,0,1) | joint_pareto | delta=0.050",Douglas Luiz Soares de Paulo,Aston Villa,MID,5.5,4.693284525084277,XI,False,False
"ARIMA(0,0,1)","ARIMA(0,0,1) | joint_pareto | delta=0.050",Emerson Palmieri dos Santos,West Ham,DEF,4.4,3.338799707469006,XI,False,False
"ARIMA(0,0,1)","ARIMA(0,0,1) | joint_pareto | delta=0.050",Gabriel dos Santos Magalhães,Arsenal,DEF,5.2,3.7447772485447355,Bench,False,False
"ARIMA(0,0,1)","ARIMA(0,0,1) | joint_pareto | delta=0.050",Joachim Andersen,Crystal Palace,DEF,4.7,3.2916351864674254,XI,False,False
"ARIMA(0,0,1)","ARIMA(0,0,1) | joint_pareto | delta=0.050",Jordan Pickford,Everton,GK,4.6,3.7330103703165336,XI,False,False
"ARIMA(0,0,1)","ARIMA(0,0,1) | joint_pareto | delta=0.050",Julián Álvarez,Man City,FWD,6.7,4.869651951362604,Bench,False,False
"ARIMA(0,0,1)","ARIMA(0,0,1) | joint_pareto | delta=0.050",Kieran Trippier,Newcastle,DEF,6.9,3.958176431231566,XI,False,False
"ARIMA(0,0,1)","ARIMA(0,0,1) | joint_pareto | delta=0.050",Mohamed Salah,Liverpool,MID,13.0,6.507747702315204,XI,False,False
"ARIMA(0,0,1)","ARIMA(0,0,1) | joint_pareto | delta=0.050",Ollie Watkins,Aston Villa,FWD,8.8,6.517863273271979,XI,False,True
"ARIMA(0,0,1)","ARIMA(0,0,1) | joint_pareto | delta=0.050",Phil Foden,Man City,MID,8.1,5.361564154300708,XI,False,False
"ARIMA(0,0,1)","ARIMA(0,0,1) | joint_pareto | delta=0.050",William Saliba,Arsenal,DEF,5.7,4.012790688768956,XI,False,False
"ARIMA(0,0,1)","ARIMA(0,0,1) | joint_pareto | delta=0.050",Đorđe Petrović,Chelsea,GK,4.5,3.469834128320077,Bench,False,False
"ARIMA(0,0,1)","ARIMA(0,0,1) | joint_pareto | delta=0.100",Bukayo Saka,Arsenal,MID,9.1,6.654459682282244,XI,True,False
"ARIMA(0,0,1)","ARIMA(0,0,1) | joint_pareto | delta=0.100",Cole Palmer,Chelsea,MID,5.8,4.963918652871374,Bench,False,False
"ARIMA(0,0,1)","ARIMA(0,0,1) | joint_pareto | delta=0.100",Dominic Solanke,Bournemouth,FWD,7.0,5.147229441910981,Bench,False,False
"ARIMA(0,0,1)","ARIMA(0,0,1) | joint_pareto | delta=0.100",Douglas Luiz Soares de Paulo,Aston Villa,MID,5.5,4.693284525084277,XI,False,False
"ARIMA(0,0,1)","ARIMA(0,0,1) | joint_pareto | delta=0.100",Emerson Palmieri dos Santos,West Ham,DEF,4.4,3.338799707469006,XI,False,False
"ARIMA(0,0,1)","ARIMA(0,0,1) | joint_pareto | delta=0.100",Gabriel dos Santos Magalhães,Arsenal,DEF,5.2,3.7447772485447355,XI,False,False
"ARIMA(0,0,1)","ARIMA(0,0,1) | joint_pareto | delta=0.100",Joachim Andersen,Crystal Palace,DEF,4.7,3.2916351864674254,XI,False,False
"ARIMA(0,0,1)","ARIMA(0,0,1) | joint_pareto | delta=0.100",Jordan Pickford,Everton,GK,4.6,3.7330103703165336,XI,False,False
"ARIMA(0,0,1)","ARIMA(0,0,1) | joint_pareto | delta=0.100",Julián Álvarez,Man City,FWD,6.7,4.869651951362604,XI,False,False
"ARIMA(0,0,1)","ARIMA(0,0,1) | joint_pareto | delta=0.100",Kieran Trippier,Newcastle,DEF,6.9,3.958176431231566,XI,False,False
"ARIMA(0,0,1)","ARIMA(0,0,1) | joint_pareto | delta=0.100",Mohamed Salah,Liverpool,MID,13.0,6.507747702315204,XI,False,True
"ARIMA(0,0,1)","ARIMA(0,0,1) | joint_pareto | delta=0.100",Ollie Watkins,Aston Villa,FWD,8.8,6.517863273271979,Bench,False,False
"ARIMA(0,0,1)","ARIMA(0,0,1) | joint_pareto | delta=0.100",Phil Foden,Man City,MID,8.1,5.361564154300708,XI,False,False
"ARIMA(0,0,1)","ARIMA(0,0,1) | joint_pareto | delta=0.100",William Saliba,Arsenal,DEF,5.7,4.012790688768956,XI,False,False
"ARIMA(0,0,1)","ARIMA(0,0,1) | joint_pareto | delta=0.100",Đorđe Petrović,Chelsea,GK,4.5,3.469834128320077,Bench,False,False
"ARIMA(1,0,0)","ARIMA(1,0,0) | two_stage | fixed_split | xi_cap=55",Bukayo Saka,Arsenal,MID,9.1,6.889276021980589,XI,True,False
"ARIMA(1,0,0)","ARIMA(1,0,0) | two_stage | fixed_split | xi_cap=55",Carlton Morris,Luton,FWD,5.0,4.030217855252244,XI,False,False
"ARIMA(1,0,0)","ARIMA(1,0,0) | two_stage | fixed_split | xi_cap=55",Chris Richards,Crystal Palace,DEF,3.9,3.292915506373225,XI,False,False
"ARIMA(1,0,0)","ARIMA(1,0,0) | two_stage | fixed_split | xi_cap=55",Conor Bradley,Liverpool,DEF,4.1,2.6771593304728754,XI,False,False
"ARIMA(1,0,0)","ARIMA(1,0,0) | two_stage | fixed_split | xi_cap=55",Declan Rice,Arsenal,MID,5.4,3.974394359749105,XI,False,False
"ARIMA(1,0,0)","ARIMA(1,0,0) | two_stage | fixed_split | xi_cap=55",Douglas Luiz Soares de Paulo,Aston Villa,MID,5.5,4.713835584186551,XI,False,True
"ARIMA(1,0,0)","ARIMA(1,0,0) | two_stage | fixed_split | xi_cap=55",Emerson Palmieri dos Santos,West Ham,DEF,4.4,3.3457141090091707,XI,False,False
"ARIMA(1,0,0)","ARIMA(1,0,0) | two_stage | fixed_split | xi_cap=55",Erling Haaland,Man City,FWD,14.4,5.626028562305032,Bench,False,False
"ARIMA(1,0,0)","ARIMA(1,0,0) | two_stage | fixed_split | xi_cap=55",Jakub Kiwior,Arsenal,DEF,4.3,3.249616573132672,XI,False,False
"ARIMA(1,0,0)","ARIMA(1,0,0) | two_stage | fixed_split | xi_cap=55",Jarrad Branthwaite,Everton,DEF,4.2,3.0111381712071617,XI,False,False
"ARIMA(1,0,0)","ARIMA(1,0,0) | two_stage | fixed_split | xi_cap=55",Jordan Pickford,Everton,GK,4.6,3.7198934275200375,Bench,False,False
"ARIMA(1,0,0)","ARIMA(1,0,0) | two_stage | fixed_split | xi_cap=55",Mohamed Salah,Liverpool,MID,13.0,6.509131521625363,Bench,False,False
"ARIMA(1,0,0)","ARIMA(1,0,0) | two_stage | fixed_split | xi_cap=55",Ollie Watkins,Aston Villa,FWD,8.8,6.521280791806624,Bench,False,False
"ARIMA(1,0,0)","ARIMA(1,0,0) | two_stage | fixed_split | xi_cap=55",Scott McTominay,Man Utd,MID,4.6,3.1792067227836665,XI,False,False
"ARIMA(1,0,0)","ARIMA(1,0,0) | two_stage | fixed_split | xi_cap=55",Đorđe Petrović,Chelsea,GK,4.5,3.8461577296238474,XI,False,False
"ARIMA(1,0,0)","ARIMA(1,0,0) | two_stage | actual_remainder | xi_cap=55",Bukayo Saka,Arsenal,MID,9.1,6.889276021980589,XI,True,False
"ARIMA(1,0,0)","ARIMA(1,0,0) | two_stage | actual_remainder | xi_cap=55",Carlton Morris,Luton,FWD,5.0,4.030217855252244,XI,False,False
"ARIMA(1,0,0)","ARIMA(1,0,0) | two_stage | actual_remainder | xi_cap=55",Chris Richards,Crystal Palace,DEF,3.9,3.292915506373225,XI,False,False
"ARIMA(1,0,0)","ARIMA(1,0,0) | two_stage | actual_remainder | xi_cap=55",Conor Bradley,Liverpool,DEF,4.1,2.6771593304728754,XI,False,False
"ARIMA(1,0,0)","ARIMA(1,0,0) | two_stage | actual_remainder | xi_cap=55",Declan Rice,Arsenal,MID,5.4,3.974394359749105,XI,False,False
"ARIMA(1,0,0)","ARIMA(1,0,0) | two_stage | actual_remainder | xi_cap=55",Douglas Luiz Soares de Paulo,Aston Villa,MID,5.5,4.713835584186551,XI,False,True
"ARIMA(1,0,0)","ARIMA(1,0,0) | two_stage | actual_remainder | xi_cap=55",Emerson Palmieri dos Santos,West Ham,DEF,4.4,3.3457141090091707,XI,False,False
"ARIMA(1,0,0)","ARIMA(1,0,0) | two_stage | actual_remainder | xi_cap=55",Erling Haaland,Man City,FWD,14.4,5.626028562305032,Bench,False,False
"ARIMA(1,0,0)","ARIMA(1,0,0) | two_stage | actual_remainder | xi_cap=55",Jakub Kiwior,Arsenal,DEF,4.3,3.249616573132672,XI,False,False
"ARIMA(1,0,0)","ARIMA(1,0,0) | two_stage | actual_remainder | xi_cap=55",Jarrad Branthwaite,Everton,DEF,4.2,3.0111381712071617,XI,False,False
"ARIMA(1,0,0)","ARIMA(1,0,0) | two_stage | actual_remainder | xi_cap=55",Jordan Pickford,Everton,GK,4.6,3.7198934275200375,Bench,False,False
"ARIMA(1,0,0)","ARIMA(1,0,0) | two_stage | actual_remainder | xi_cap=55",Mohamed Salah,Liverpool,MID,13.0,6.509131521625363,Bench,False,False
"ARIMA(1,0,0)","ARIMA(1,0,0) | two_stage | actual_remainder | xi_cap=55",Ollie Watkins,Aston Villa,FWD,8.8,6.521280791806624,Bench,False,False
"ARIMA(1,0,0)","ARIMA(1,0,0) | two_stage | actual_remainder | xi_cap=55",Scott McTominay,Man Utd,MID,4.6,3.1792067227836665,XI,False,False
"ARIMA(1,0,0)","ARIMA(1,0,0) | two_stage | actual_remainder | xi_cap=55",Đorđe Petrović,Chelsea,GK,4.5,3.8461577296238474,XI,False,False
"ARIMA(1,0,0)","ARIMA(1,0,0) | two_stage | fixed_split | xi_cap=60",Anthony Gordon,Newcastle,MID,6.1,4.719112049475669,XI,False,False
"ARIMA(1,0,0)","ARIMA(1,0,0) | two_stage | fixed_split | xi_cap=60",Bukayo Saka,Arsenal,MID,9.1,6.889276021980589,XI,True,False
"ARIMA(1,0,0)","ARIMA(1,0,0) | two_stage | fixed_split | xi_cap=60",Carlton Morris,Luton,FWD,5.0,4.030217855252244,XI,False,False
"ARIMA(1,0,0)","ARIMA(1,0,0) | two_stage | fixed_split | xi_cap=60",Chris Richards,Crystal Palace,DEF,3.9,3.292915506373225,XI,False,False
"ARIMA(1,0,0)","ARIMA(1,0,0) | two_stage | fixed_split | xi_cap=60",Cole Palmer,Chelsea,MID,5.8,4.9625860101479695,XI,False,True
"ARIMA(1,0,0)","ARIMA(1,0,0) | two_stage | fixed_split | xi_cap=60",Douglas Luiz Soares de Paulo,Aston Villa,MID,5.5,4.713835584186551,XI,False,False
"ARIMA(1,0,0)","ARIMA(1,0,0) | two_stage | fixed_split | xi_cap=60",Emerson Palmieri dos Santos,West Ham,DEF,4.4,3.3457141090091707,XI,False,False
"ARIMA(1,0,0)","ARIMA(1,0,0) | two_stage | fixed_split | xi_cap=60",Hwang Hee-chan,Wolves,MID,5.6,4.029821468140146,XI,False,False
"ARIMA(1,0,0)","ARIMA(1,0,0) | two_stage | fixed_split | xi_cap=60",Jakub Kiwior,Arsenal,DEF,4.3,3.249616573132672,XI,False,False
"ARIMA(1,0,0)","ARIMA(1,0,0) | two_stage | fixed_split | xi_cap=60",Jordan Pickford,Everton,GK,4.6,3.7198934275200375,Bench,False,False
"ARIMA(1,0,0)","ARIMA(1,0,0) | two_stage | fixed_split | xi_cap=60",Kieran Trippier,Newcastle,DEF,6.9,3.846133239496449,Bench,False,False
"ARIMA(1,0,0)","ARIMA(1,0,0) | two_stage | fixed_split | xi_cap=60",Matheus Santos Carneiro Da Cunha,Wolves,FWD,5.6,4.203009734992741,XI,False,False
"ARIMA(1,0,0)","ARIMA(1,0,0) | two_stage | fixed_split | xi_cap=60",Ollie Watkins,Aston Villa,FWD,8.8,6.521280791806624,Bench,False,False
"ARIMA(1,0,0)","ARIMA(1,0,0) | two_stage | fixed_split | xi_cap=60",William Saliba,Arsenal,DEF,5.7,4.026783039564562,Bench,False,False
"ARIMA(1,0,0)","ARIMA(1,0,0) | two_stage | fixed_split | xi_cap=60",Đorđe Petrović,Chelsea,GK,4.5,3.8461577296238474,XI,False,False
"ARIMA(1,0,0)","ARIMA(1,0,0) | two_stage | actual_remainder | xi_cap=60",Anthony Gordon,Newcastle,MID,6.1,4.719112049475669,XI,False,False
"ARIMA(1,0,0)","ARIMA(1,0,0) | two_stage | actual_remainder | xi_cap=60",Bukayo Saka,Arsenal,MID,9.1,6.889276021980589,XI,True,False
"ARIMA(1,0,0)","ARIMA(1,0,0) | two_stage | actual_remainder | xi_cap=60",Carlton Morris,Luton,FWD,5.0,4.030217855252244,XI,False,False
"ARIMA(1,0,0)","ARIMA(1,0,0) | two_stage | actual_remainder | xi_cap=60",Chris Richards,Crystal Palace,DEF,3.9,3.292915506373225,XI,False,False
"ARIMA(1,0,0)","ARIMA(1,0,0) | two_stage | actual_remainder | xi_cap=60",Cole Palmer,Chelsea,MID,5.8,4.9625860101479695,XI,False,True
"ARIMA(1,0,0)","ARIMA(1,0,0) | two_stage | actual_remainder | xi_cap=60",Douglas Luiz Soares de Paulo,Aston Villa,MID,5.5,4.713835584186551,XI,False,False
"ARIMA(1,0,0)","ARIMA(1,0,0) | two_stage | actual_remainder | xi_cap=60",Emerson Palmieri dos Santos,West Ham,DEF,4.4,3.3457141090091707,XI,False,False
"ARIMA(1,0,0)","ARIMA(1,0,0) | two_stage | actual_remainder | xi_cap=60",Hwang Hee-chan,Wolves,MID,5.6,4.029821468140146,XI,False,False
"ARIMA(1,0,0)","ARIMA(1,0,0) | two_stage | actual_remainder | xi_cap=60",Jakub Kiwior,Arsenal,DEF,4.3,3.249616573132672,XI,False,False
"ARIMA(1,0,0)","ARIMA(1,0,0) | two_stage | actual_remainder | xi_cap=60",Jordan Pickford,Everton,GK,4.6,3.7198934275200375,Bench,False,False
"ARIMA(1,0,0)","ARIMA(1,0,0) | two_stage | actual_remainder | xi_cap=60",Kieran Trippier,Newcastle,DEF,6.9,3.846133239496449,Bench,False,False
"ARIMA(1,0,0)","ARIMA(1,0,0) | two_stage | actual_remainder | xi_cap=60",Matheus Santos Carneiro Da Cunha,Wolves,FWD,5.6,4.203009734992741,XI,False,False
"ARIMA(1,0,0)","ARIMA(1,0,0) | two_stage | actual_remainder | xi_cap=60",Ollie Watkins,Aston Villa,FWD,8.8,6.521280791806624,Bench,False,False
"ARIMA(1,0,0)","ARIMA(1,0,0) | two_stage | actual_remainder | xi_cap=60",William Saliba,Arsenal,DEF,5.7,4.026783039564562,Bench,False,False
"ARIMA(1,0,0)","ARIMA(1,0,0) | two_stage | actual_remainder | xi_cap=60",Đorđe Petrović,Chelsea,GK,4.5,3.8461577296238474,XI,False,False
"ARIMA(1,0,0)","ARIMA(1,0,0) | two_stage | fixed_split | xi_cap=65",Anthony Gordon,Newcastle,MID,6.1,4.719112049475669,XI,False,False
"ARIMA(1,0,0)","ARIMA(1,0,0) | two_stage | fixed_split | xi_cap=65",Bukayo Saka,Arsenal,MID,9.1,6.889276021980589,XI,True,False
"ARIMA(1,0,0)","ARIMA(1,0,0) | two_stage | fixed_split | xi_cap=65",Chris Richards,Crystal Palace,DEF,3.9,3.292915506373225,XI,False,False
"ARIMA(1,0,0)","ARIMA(1,0,0) | two_stage | fixed_split | xi_cap=65",Cole Palmer,Chelsea,MID,5.8,4.9625860101479695,XI,False,False
"ARIMA(1,0,0)","ARIMA(1,0,0) | two_stage | fixed_split | xi_cap=65",Dominic Solanke,Bournemouth,FWD,7.0,5.166690308291283,XI,False,False
"ARIMA(1,0,0)","ARIMA(1,0,0) | two_stage | fixed_split | xi_cap=65",Douglas Luiz Soares de Paulo,Aston Villa,MID,5.5,4.713835584186551,XI,False,False
"ARIMA(1,0,0)","ARIMA(1,0,0) | two_stage | fixed_split | xi_cap=65",Emerson Palmieri dos Santos,West Ham,DEF,4.4,3.3457141090091707,XI,False,False
"ARIMA(1,0,0)","ARIMA(1,0,0) | two_stage | fixed_split | xi_cap=65",Jakub Kiwior,Arsenal,DEF,4.3,3.249616573132672,XI,False,False
"ARIMA(1,0,0)","ARIMA(1,0,0) | two_stage | fixed_split | xi_cap=65",Jordan Pickford,Everton,GK,4.6,3.7198934275200375,Bench,False,False
"ARIMA(1,0,0)","ARIMA(1,0,0) | two_stage | fixed_split | xi_cap=65",Kieran Trippier,Newcastle,DEF,6.9,3.846133239496449,Bench,False,False
"ARIMA(1,0,0)","ARIMA(1,0,0) | two_stage | fixed_split | xi_cap=65",Matheus Santos Carneiro Da Cunha,Wolves,FWD,5.6,4.203009734992741,XI,False,False
"ARIMA(1,0,0)","ARIMA(1,0,0) | two_stage | fixed_split | xi_cap=65",Mohamed Salah,Liverpool,MID,13.0,6.509131521625363,Bench,False,False
"ARIMA(1,0,0)","ARIMA(1,0,0) | two_stage | fixed_split | xi_cap=65",Ollie Watkins,Aston Villa,FWD,8.8,6.521280791806624,XI,False,True
"ARIMA(1,0,0)","ARIMA(1,0,0) | two_stage | fixed_split | xi_cap=65",William Saliba,Arsenal,DEF,5.7,4.026783039564562,Bench,False,False
"ARIMA(1,0,0)","ARIMA(1,0,0) | two_stage | fixed_split | xi_cap=65",Đorđe Petrović,Chelsea,GK,4.5,3.8461577296238474,XI,False,False
"ARIMA(1,0,0)","ARIMA(1,0,0) | two_stage | actual_remainder | xi_cap=65",Anthony Gordon,Newcastle,MID,6.1,4.719112049475669,XI,False,False
"ARIMA(1,0,0)","ARIMA(1,0,0) | two_stage | actual_remainder | xi_cap=65",Bukayo Saka,Arsenal,MID,9.1,6.889276021980589,XI,True,False
"ARIMA(1,0,0)","ARIMA(1,0,0) | two_stage | actual_remainder | xi_cap=65",Chris Richards,Crystal Palace,DEF,3.9,3.292915506373225,XI,False,False
"ARIMA(1,0,0)","ARIMA(1,0,0) | two_stage | actual_remainder | xi_cap=65",Cole Palmer,Chelsea,MID,5.8,4.9625860101479695,XI,False,False
"ARIMA(1,0,0)","ARIMA(1,0,0) | two_stage | actual_remainder | xi_cap=65",Dominic Solanke,Bournemouth,FWD,7.0,5.166690308291283,XI,False,False
"ARIMA(1,0,0)","ARIMA(1,0,0) | two_stage | actual_remainder | xi_cap=65",Douglas Luiz Soares de Paulo,Aston Villa,MID,5.5,4.713835584186551,XI,False,False
"ARIMA(1,0,0)","ARIMA(1,0,0) | two_stage | actual_remainder | xi_cap=65",Emerson Palmieri dos Santos,West Ham,DEF,4.4,3.3457141090091707,XI,False,False
"ARIMA(1,0,0)","ARIMA(1,0,0) | two_stage | actual_remainder | xi_cap=65",Jakub Kiwior,Arsenal,DEF,4.3,3.249616573132672,XI,False,False
"ARIMA(1,0,0)","ARIMA(1,0,0) | two_stage | actual_remainder | xi_cap=65",Jordan Pickford,Everton,GK,4.6,3.7198934275200375,Bench,False,False
"ARIMA(1,0,0)","ARIMA(1,0,0) | two_stage | actual_remainder | xi_cap=65",Kieran Trippier,Newcastle,DEF,6.9,3.846133239496449,Bench,False,False
"ARIMA(1,0,0)","ARIMA(1,0,0) | two_stage | actual_remainder | xi_cap=65",Matheus Santos Carneiro Da Cunha,Wolves,FWD,5.6,4.203009734992741,XI,False,False
"ARIMA(1,0,0)","ARIMA(1,0,0) | two_stage | actual_remainder | xi_cap=65",Mohamed Salah,Liverpool,MID,13.0,6.509131521625363,Bench,False,False
"ARIMA(1,0,0)","ARIMA(1,0,0) | two_stage | actual_remainder | xi_cap=65",Ollie Watkins,Aston Villa,FWD,8.8,6.521280791806624,XI,False,True
"ARIMA(1,0,0)","ARIMA(1,0,0) | two_stage | actual_remainder | xi_cap=65",William Saliba,Arsenal,DEF,5.7,4.026783039564562,Bench,False,False
"ARIMA(1,0,0)","ARIMA(1,0,0) | two_stage | actual_remainder | xi_cap=65",Đorđe Petrović,Chelsea,GK,4.5,3.8461577296238474,XI,False,False
"ARIMA(1,0,0)","ARIMA(1,0,0) | two_stage | fixed_split | xi_cap=70",Anthony Gordon,Newcastle,MID,6.1,4.719112049475669,XI,False,False
"ARIMA(1,0,0)","ARIMA(1,0,0) | two_stage | fixed_split | xi_cap=70",Bukayo Saka,Arsenal,MID,9.1,6.889276021980589,XI,True,False
"ARIMA(1,0,0)","ARIMA(1,0,0) | two_stage | fixed_split | xi_cap=70",Chris Richards,Crystal Palace,DEF,3.9,3.292915506373225,XI,False,False
"ARIMA(1,0,0)","ARIMA(1,0,0) | two_stage | fixed_split | xi_cap=70",Cole Palmer,Chelsea,MID,5.8,4.9625860101479695,XI,False,False
"ARIMA(1,0,0)","ARIMA(1,0,0) | two_stage | fixed_split | xi_cap=70",Dominic Solanke,Bournemouth,FWD,7.0,5.166690308291283,XI,False,False
"ARIMA(1,0,0)","ARIMA(1,0,0) | two_stage | fixed_split | xi_cap=70",Douglas Luiz Soares de Paulo,Aston Villa,MID,5.5,4.713835584186551,XI,False,False
"ARIMA(1,0,0)","ARIMA(1,0,0) | two_stage | fixed_split | xi_cap=70",Emerson Palmieri dos Santos,West Ham,DEF,4.4,3.3457141090091707,Bench,False,False
"ARIMA(1,0,0)","ARIMA(1,0,0) | two_stage | fixed_split | xi_cap=70",Erling Haaland,Man City,FWD,14.4,5.626028562305032,Bench,False,False
"ARIMA(1,0,0)","ARIMA(1,0,0) | two_stage | fixed_split | xi_cap=70",Gabriel dos Santos Magalhães,Arsenal,DEF,5.2,3.719313524727714,XI,False,False
"ARIMA(1,0,0)","ARIMA(1,0,0) | two_stage | fixed_split | xi_cap=70",Jordan Pickford,Everton,GK,4.6,3.7198934275200375,Bench,False,False
"ARIMA(1,0,0)","ARIMA(1,0,0) | two_stage | fixed_split | xi_cap=70",Ollie Watkins,Aston Villa,FWD,8.8,6.521280791806624,XI,False,True
"ARIMA(1,0,0)","ARIMA(1,0,0) | two_stage | fixed_split | xi_cap=70",Pedro Porro,Spurs,DEF,5.8,3.483352669149965,Bench,False,False
"ARIMA(1,0,0)","ARIMA(1,0,0) | two_stage | fixed_split | xi_cap=70",Phil Foden,Man City,MID,8.1,5.429759354737169,XI,False,False
"ARIMA(1,0,0)","ARIMA(1,0,0) | two_stage | fixed_split | xi_cap=70",William Saliba,Arsenal,DEF,5.7,4.026783039564562,XI,False,False
"ARIMA(1,0,0)","ARIMA(1,0,0) | two_stage | fixed_split | xi_cap=70",Đorđe Petrović,Chelsea,GK,4.5,3.8461577296238474,XI,False,False
"ARIMA(1,0,0)","ARIMA(1,0,0) | two_stage | actual_remainder | xi_cap=70",Anthony Gordon,Newcastle,MID,6.1,4.719112049475669,XI,False,False
"ARIMA(1,0,0)","ARIMA(1,0,0) | two_stage | actual_remainder | xi_cap=70",Bukayo Saka,Arsenal,MID,9.1,6.889276021980589,XI,True,False
"ARIMA(1,0,0)","ARIMA(1,0,0) | two_stage | actual_remainder | xi_cap=70",Chris Richards,Crystal Palace,DEF,3.9,3.292915506373225,XI,False,False
"ARIMA(1,0,0)","ARIMA(1,0,0) | two_stage | actual_remainder | xi_cap=70",Cole Palmer,Chelsea,MID,5.8,4.9625860101479695,XI,False,False
"ARIMA(1,0,0)","ARIMA(1,0,0) | two_stage | actual_remainder | xi_cap=70",Dominic Solanke,Bournemouth,FWD,7.0,5.166690308291283,XI,False,False
"ARIMA(1,0,0)","ARIMA(1,0,0) | two_stage | actual_remainder | xi_cap=70",Douglas Luiz Soares de Paulo,Aston Villa,MID,5.5,4.713835584186551,XI,False,False
"ARIMA(1,0,0)","ARIMA(1,0,0) | two_stage | actual_remainder | xi_cap=70",Emerson Palmieri dos Santos,West Ham,DEF,4.4,3.3457141090091707,Bench,False,False
"ARIMA(1,0,0)","ARIMA(1,0,0) | two_stage | actual_remainder | xi_cap=70",Erling Haaland,Man City,FWD,14.4,5.626028562305032,Bench,False,False
"ARIMA(1,0,0)","ARIMA(1,0,0) | two_stage | actual_remainder | xi_cap=70",Gabriel dos Santos Magalhães,Arsenal,DEF,5.2,3.719313524727714,XI,False,False
"ARIMA(1,0,0)","ARIMA(1,0,0) | two_stage | actual_remainder | xi_cap=70",Jordan Pickford,Everton,GK,4.6,3.7198934275200375,Bench,False,False
"ARIMA(1,0,0)","ARIMA(1,0,0) | two_stage | actual_remainder | xi_cap=70",Kieran Trippier,Newcastle,DEF,6.9,3.846133239496449,Bench,False,False
"ARIMA(1,0,0)","ARIMA(1,0,0) | two_stage | actual_remainder | xi_cap=70",Ollie Watkins,Aston Villa,FWD,8.8,6.521280791806624,XI,False,True
"ARIMA(1,0,0)","ARIMA(1,0,0) | two_stage | actual_remainder | xi_cap=70",Phil Foden,Man City,MID,8.1,5.429759354737169,XI,False,False
"ARIMA(1,0,0)","ARIMA(1,0,0) | two_stage | actual_remainder | xi_cap=70",William Saliba,Arsenal,DEF,5.7,4.026783039564562,XI,False,False
"ARIMA(1,0,0)","ARIMA(1,0,0) | two_stage | actual_remainder | xi_cap=70",Đorđe Petrović,Chelsea,GK,4.5,3.8461577296238474,XI,False,False
"ARIMA(1,0,0)","ARIMA(1,0,0) | two_stage | fixed_split | xi_cap=75",Bukayo Saka,Arsenal,MID,9.1,6.889276021980589,XI,True,False
"ARIMA(1,0,0)","ARIMA(1,0,0) | two_stage | fixed_split | xi_cap=75",Cole Palmer,Chelsea,MID,5.8,4.9625860101479695,XI,False,False
"ARIMA(1,0,0)","ARIMA(1,0,0) | two_stage | fixed_split | xi_cap=75",Dominic Solanke,Bournemouth,FWD,7.0,5.166690308291283,XI,False,False
"ARIMA(1,0,0)","ARIMA(1,0,0) | two_stage | fixed_split | xi_cap=75",Emerson Palmieri dos Santos,West Ham,DEF,4.4,3.3457141090091707,XI,False,False
"ARIMA(1,0,0)","ARIMA(1,0,0) | two_stage | fixed_split | xi_cap=75",Gabriel dos Santos Magalhães,Arsenal,DEF,5.2,3.719313524727714,XI,False,False
"ARIMA(1,0,0)","ARIMA(1,0,0) | two_stage | fixed_split | xi_cap=75",Jarrod Bowen,West Ham,MID,7.7,5.042891747482581,Bench,False,False
"ARIMA(1,0,0)","ARIMA(1,0,0) | two_stage | fixed_split | xi_cap=75",Jordan Pickford,Everton,GK,4.6,3.7198934275200375,Bench,False,False
"ARIMA(1,0,0)","ARIMA(1,0,0) | two_stage | fixed_split | xi_cap=75",Julián Álvarez,Man City,FWD,6.7,4.865286094876097,XI,False,False
"ARIMA(1,0,0)","ARIMA(1,0,0) | two_stage | fixed_split | xi_cap=75",Kieran Trippier,Newcastle,DEF,6.9,3.846133239496449,Bench,False,False
"ARIMA(1,0,0)","ARIMA(1,0,0) | two_stage | fixed_split | xi_cap=75",Ollie Watkins,Aston Villa,FWD,8.8,6.521280791806624,XI,False,True
"ARIMA(1,0,0)","ARIMA(1,0,0) | two_stage | fixed_split | xi_cap=75",Pedro Porro,Spurs,DEF,5.8,3.483352669149965,Bench,False,False
"ARIMA(1,0,0)","ARIMA(1,0,0) | two_stage | fixed_split | xi_cap=75",Phil Foden,Man City,MID,8.1,5.429759354737169,XI,False,False
"ARIMA(1,0,0)","ARIMA(1,0,0) | two_stage | fixed_split | xi_cap=75",Son Heung-min,Spurs,MID,9.6,5.7718498486809935,XI,False,False
"ARIMA(1,0,0)","ARIMA(1,0,0) | two_stage | fixed_split | xi_cap=75",William Saliba,Arsenal,DEF,5.7,4.026783039564562,XI,False,False
"ARIMA(1,0,0)","ARIMA(1,0,0) | two_stage | fixed_split | xi_cap=75",Đorđe Petrović,Chelsea,GK,4.5,3.8461577296238474,XI,False,False
"ARIMA(1,0,0)","ARIMA(1,0,0) | two_stage | actual_remainder | xi_cap=75",Bukayo Saka,Arsenal,MID,9.1,6.889276021980589,XI,True,False
"ARIMA(1,0,0)","ARIMA(1,0,0) | two_stage | actual_remainder | xi_cap=75",Cole Palmer,Chelsea,MID,5.8,4.9625860101479695,XI,False,False
"ARIMA(1,0,0)","ARIMA(1,0,0) | two_stage | actual_remainder | xi_cap=75",Dominic Solanke,Bournemouth,FWD,7.0,5.166690308291283,XI,False,False
"ARIMA(1,0,0)","ARIMA(1,0,0) | two_stage | actual_remainder | xi_cap=75",Emerson Palmieri dos Santos,West Ham,DEF,4.4,3.3457141090091707,XI,False,False
"ARIMA(1,0,0)","ARIMA(1,0,0) | two_stage | actual_remainder | xi_cap=75",Gabriel dos Santos Magalhães,Arsenal,DEF,5.2,3.719313524727714,XI,False,False
"ARIMA(1,0,0)","ARIMA(1,0,0) | two_stage | actual_remainder | xi_cap=75",Jarrod Bowen,West Ham,MID,7.7,5.042891747482581,Bench,False,False
"ARIMA(1,0,0)","ARIMA(1,0,0) | two_stage | actual_remainder | xi_cap=75",Jordan Pickford,Everton,GK,4.6,3.7198934275200375,Bench,False,False
"ARIMA(1,0,0)","ARIMA(1,0,0) | two_stage | actual_remainder | xi_cap=75",Julián Álvarez,Man City,FWD,6.7,4.865286094876097,XI,False,False
"ARIMA(1,0,0)","ARIMA(1,0,0) | two_stage | actual_remainder | xi_cap=75",Kieran Trippier,Newcastle,DEF,6.9,3.846133239496449,Bench,False,False
"ARIMA(1,0,0)","ARIMA(1,0,0) | two_stage | actual_remainder | xi_cap=75",Ollie Watkins,Aston Villa,FWD,8.8,6.521280791806624,XI,False,True
"ARIMA(1,0,0)","ARIMA(1,0,0) | two_stage | actual_remainder | xi_cap=75",Pedro Porro,Spurs,DEF,5.8,3.483352669149965,Bench,False,False
"ARIMA(1,0,0)","ARIMA(1,0,0) | two_stage | actual_remainder | xi_cap=75",Phil Foden,Man City,MID,8.1,5.429759354737169,XI,False,False
"ARIMA(1,0,0)","ARIMA(1,0,0) | two_stage | actual_remainder | xi_cap=75",Son Heung-min,Spurs,MID,9.6,5.7718498486809935,XI,False,False
"ARIMA(1,0,0)","ARIMA(1,0,0) | two_stage | actual_remainder | xi_cap=75",William Saliba,Arsenal,DEF,5.7,4.026783039564562,XI,False,False
"ARIMA(1,0,0)","ARIMA(1,0,0) | two_stage | actual_remainder | xi_cap=75",Đorđe Petrović,Chelsea,GK,4.5,3.8461577296238474,XI,False,False
"ARIMA(1,0,0)","ARIMA(1,0,0) | two_stage | fixed_split | xi_cap=80",Bukayo Saka,Arsenal,MID,9.1,6.889276021980589,XI,True,False
"ARIMA(1,0,0)","ARIMA(1,0,0) | two_stage | fixed_split | xi_cap=80",Chris Richards,Crystal Palace,DEF,3.9,3.292915506373225,XI,False,False
"ARIMA(1,0,0)","ARIMA(1,0,0) | two_stage | fixed_split | xi_cap=80",Cole Palmer,Chelsea,MID,5.8,4.9625860101479695,XI,False,False
"ARIMA(1,0,0)","ARIMA(1,0,0) | two_stage | fixed_split | xi_cap=80",Dominic Solanke,Bournemouth,FWD,7.0,5.166690308291283,XI,False,False
"ARIMA(1,0,0)","ARIMA(1,0,0) | two_stage | fixed_split | xi_cap=80",Emerson Palmieri dos Santos,West Ham,DEF,4.4,3.3457141090091707,XI,False,False
"ARIMA(1,0,0)","ARIMA(1,0,0) | two_stage | fixed_split | xi_cap=80",Jakub Kiwior,Arsenal,DEF,4.3,3.249616573132672,Bench,False,False
"ARIMA(1,0,0)","ARIMA(1,0,0) | two_stage | fixed_split | xi_cap=80",Jarrad Branthwaite,Everton,DEF,4.2,3.0111381712071617,Bench,False,False
"ARIMA(1,0,0)","ARIMA(1,0,0) | two_stage | fixed_split | xi_cap=80",Jordan Pickford,Everton,GK,4.6,3.7198934275200375,Bench,False,False
"ARIMA(1,0,0)","ARIMA(1,0,0) | two_stage | fixed_split | xi_cap=80",Julián Álvarez,Man City,FWD,6.7,4.865286094876097,Bench,False,False
"ARIMA(1,0,0)","ARIMA(1,0,0) | two_stage | fixed_split | xi_cap=80",Mohamed Salah,Liverpool,MID,13.0,6.509131521625363,XI,False,False
"ARIMA(1,0,0)","ARIMA(1,0,0) | two_stage | fixed_split | xi_cap=80",Ollie Watkins,Aston Villa,FWD,8.8,6.521280791806624,XI,False,True
"ARIMA(1,0,0)","ARIMA(1,0,0) | two_stage | fixed_split | xi_cap=80",Phil Foden,Man City,MID,8.1,5.429759354737169,XI,False,False
"ARIMA(1,0,0)","ARIMA(1,0,0) | two_stage | fixed_split | xi_cap=80",Son Heung-min,Spurs,MID,9.6,5.7718498486809935,XI,False,False
"ARIMA(1,0,0)","ARIMA(1,0,0) | two_stage | fixed_split | xi_cap=80",William Saliba,Arsenal,DEF,5.7,4.026783039564562,XI,False,False
"ARIMA(1,0,0)","ARIMA(1,0,0) | two_stage | fixed_split | xi_cap=80",Đorđe Petrović,Chelsea,GK,4.5,3.8461577296238474,XI,False,False
"ARIMA(1,0,0)","ARIMA(1,0,0) | two_stage | actual_remainder | xi_cap=80",Bukayo Saka,Arsenal,MID,9.1,6.889276021980589,XI,True,False
"ARIMA(1,0,0)","ARIMA(1,0,0) | two_stage | actual_remainder | xi_cap=80",Chris Richards,Crystal Palace,DEF,3.9,3.292915506373225,XI,False,False
"ARIMA(1,0,0)","ARIMA(1,0,0) | two_stage | actual_remainder | xi_cap=80",Cole Palmer,Chelsea,MID,5.8,4.9625860101479695,XI,False,False
"ARIMA(1,0,0)","ARIMA(1,0,0) | two_stage | actual_remainder | xi_cap=80",Dominic Solanke,Bournemouth,FWD,7.0,5.166690308291283,XI,False,False
"ARIMA(1,0,0)","ARIMA(1,0,0) | two_stage | actual_remainder | xi_cap=80",Emerson Palmieri dos Santos,West Ham,DEF,4.4,3.3457141090091707,XI,False,False
"ARIMA(1,0,0)","ARIMA(1,0,0) | two_stage | actual_remainder | xi_cap=80",Gabriel dos Santos Magalhães,Arsenal,DEF,5.2,3.719313524727714,Bench,False,False
"ARIMA(1,0,0)","ARIMA(1,0,0) | two_stage | actual_remainder | xi_cap=80",Joachim Andersen,Crystal Palace,DEF,4.7,3.300563882087221,Bench,False,False
"ARIMA(1,0,0)","ARIMA(1,0,0) | two_stage | actual_remainder | xi_cap=80",Jordan Pickford,Everton,GK,4.6,3.7198934275200375,Bench,False,False
"ARIMA(1,0,0)","ARIMA(1,0,0) | two_stage | actual_remainder | xi_cap=80",Matheus Santos Carneiro Da Cunha,Wolves,FWD,5.6,4.203009734992741,Bench,False,False
"ARIMA(1,0,0)","ARIMA(1,0,0) | two_stage | actual_remainder | xi_cap=80",Mohamed Salah,Liverpool,MID,13.0,6.509131521625363,XI,False,False
"ARIMA(1,0,0)","ARIMA(1,0,0) | two_stage | actual_remainder | xi_cap=80",Ollie Watkins,Aston Villa,FWD,8.8,6.521280791806624,XI,False,True
"ARIMA(1,0,0)","ARIMA(1,0,0) | two_stage | actual_remainder | xi_cap=80",Phil Foden,Man City,MID,8.1,5.429759354737169,XI,False,False
"ARIMA(1,0,0)","ARIMA(1,0,0) | two_stage | actual_remainder | xi_cap=80",Son Heung-min,Spurs,MID,9.6,5.7718498486809935,XI,False,False
"ARIMA(1,0,0)","ARIMA(1,0,0) | two_stage | actual_remainder | xi_cap=80",William Saliba,Arsenal,DEF,5.7,4.026783039564562,XI,False,False
"ARIMA(1,0,0)","ARIMA(1,0,0) | two_stage | actual_remainder | xi_cap=80",Đorđe Petrović,Chelsea,GK,4.5,3.8461577296238474,XI,False,False
"ARIMA(1,0,0)","ARIMA(1,0,0) | two_stage | fixed_split | xi_cap=83.5",Alphonse Areola,West Ham,GK,4.2,3.1947768878877363,Bench,False,False
"ARIMA(1,0,0)","ARIMA(1,0,0) | two_stage | fixed_split | xi_cap=83.5",Bukayo Saka,Arsenal,MID,9.1,6.889276021980589,XI,True,False
"ARIMA(1,0,0)","ARIMA(1,0,0) | two_stage | fixed_split | xi_cap=83.5",Cameron Archer,Sheffield Utd,FWD,4.3,2.587877345394426,Bench,False,False
"ARIMA(1,0,0)","ARIMA(1,0,0) | two_stage | fixed_split | xi_cap=83.5",Chris Richards,Crystal Palace,DEF,3.9,3.292915506373225,Bench,False,False
"ARIMA(1,0,0)","ARIMA(1,0,0) | two_stage | fixed_split | xi_cap=83.5",Conor Bradley,Liverpool,DEF,4.1,2.6771593304728754,Bench,False,False
"ARIMA(1,0,0)","ARIMA(1,0,0) | two_stage | fixed_split | xi_cap=83.5",Dominic Solanke,Bournemouth,FWD,7.0,5.166690308291283,XI,False,False
"ARIMA(1,0,0)","ARIMA(1,0,0) | two_stage | fixed_split | xi_cap=83.5",Douglas Luiz Soares de Paulo,Aston Villa,MID,5.5,4.713835584186551,XI,False,False
"ARIMA(1,0,0)","ARIMA(1,0,0) | two_stage | fixed_split | xi_cap=83.5",Gabriel dos Santos Magalhães,Arsenal,DEF,5.2,3.719313524727714,XI,False,False
"ARIMA(1,0,0)","ARIMA(1,0,0) | two_stage | fixed_split | xi_cap=83.5",Kieran Trippier,Newcastle,DEF,6.9,3.846133239496449,XI,False,False
"ARIMA(1,0,0)","ARIMA(1,0,0) | two_stage | fixed_split | xi_cap=83.5",Mohamed Salah,Liverpool,MID,13.0,6.509131521625363,XI,False,False
"ARIMA(1,0,0)","ARIMA(1,0,0) | two_stage | fixed_split | xi_cap=83.5",Ollie Watkins,Aston Villa,FWD,8.8,6.521280791806624,XI,False,True
"ARIMA(1,0,0)","ARIMA(1,0,0) | two_stage | fixed_split | xi_cap=83.5",Phil Foden,Man City,MID,8.1,5.429759354737169,XI,False,False
"ARIMA(1,0,0)","ARIMA(1,0,0) | two_stage | fixed_split | xi_cap=83.5",Son Heung-min,Spurs,MID,9.6,5.7718498486809935,XI,False,False
"ARIMA(1,0,0)","ARIMA(1,0,0) | two_stage | fixed_split | xi_cap=83.5",William Saliba,Arsenal,DEF,5.7,4.026783039564562,XI,False,False
"ARIMA(1,0,0)","ARIMA(1,0,0) | two_stage | fixed_split | xi_cap=83.5",Đorđe Petrović,Chelsea,GK,4.5,3.8461577296238474,XI,False,False
"ARIMA(1,0,0)","ARIMA(1,0,0) | two_stage | actual_remainder | xi_cap=83.5",Alphonse Areola,West Ham,GK,4.2,3.1947768878877363,Bench,False,False
"ARIMA(1,0,0)","ARIMA(1,0,0) | two_stage | actual_remainder | xi_cap=83.5",Bukayo Saka,Arsenal,MID,9.1,6.889276021980589,XI,True,False
"ARIMA(1,0,0)","ARIMA(1,0,0) | two_stage | actual_remainder | xi_cap=83.5",Cameron Archer,Sheffield Utd,FWD,4.3,2.587877345394426,Bench,False,False
"ARIMA(1,0,0)","ARIMA(1,0,0) | two_stage | actual_remainder | xi_cap=83.5",Chris Richards,Crystal Palace,DEF,3.9,3.292915506373225,Bench,False,False
"ARIMA(1,0,0)","ARIMA(1,0,0) | two_stage | actual_remainder | xi_cap=83.5",Dominic Solanke,Bournemouth,FWD,7.0,5.166690308291283,XI,False,False
"ARIMA(1,0,0)","ARIMA(1,0,0) | two_stage | actual_remainder | xi_cap=83.5",Douglas Luiz Soares de Paulo,Aston Villa,MID,5.5,4.713835584186551,XI,False,False
"ARIMA(1,0,0)","ARIMA(1,0,0) | two_stage | actual_remainder | xi_cap=83.5",Gabriel dos Santos Magalhães,Arsenal,DEF,5.2,3.719313524727714,XI,False,False
"ARIMA(1,0,0)","ARIMA(1,0,0) | two_stage | actual_remainder | xi_cap=83.5",Jarrad Branthwaite,Everton,DEF,4.2,3.0111381712071617,Bench,False,False
"ARIMA(1,0,0)","ARIMA(1,0,0) | two_stage | actual_remainder | xi_cap=83.5",Kieran Trippier,Newcastle,DEF,6.9,3.846133239496449,XI,False,False
"ARIMA(1,0,0)","ARIMA(1,0,0) | two_stage | actual_remainder | xi_cap=83.5",Mohamed Salah,Liverpool,MID,13.0,6.509131521625363,XI,False,False
"ARIMA(1,0,0)","ARIMA(1,0,0) | two_stage | actual_remainder | xi_cap=83.5",Ollie Watkins,Aston Villa,FWD,8.8,6.521280791806624,XI,False,True
"ARIMA(1,0,0)","ARIMA(1,0,0) | two_stage | actual_remainder | xi_cap=83.5",Phil Foden,Man City,MID,8.1,5.429759354737169,XI,False,False
"ARIMA(1,0,0)","ARIMA(1,0,0) | two_stage | actual_remainder | xi_cap=83.5",Son Heung-min,Spurs,MID,9.6,5.7718498486809935,XI,False,False
"ARIMA(1,0,0)","ARIMA(1,0,0) | two_stage | actual_remainder | xi_cap=83.5",William Saliba,Arsenal,DEF,5.7,4.026783039564562,XI,False,False
"ARIMA(1,0,0)","ARIMA(1,0,0) | two_stage | actual_remainder | xi_cap=83.5",Đorđe Petrović,Chelsea,GK,4.5,3.8461577296238474,XI,False,False
"ARIMA(1,0,0)","ARIMA(1,0,0) | joint_pareto | delta=0.000",Alphonse Areola,West Ham,GK,4.2,3.1947768878877363,Bench,False,False
"ARIMA(1,0,0)","ARIMA(1,0,0) | joint_pareto | delta=0.000",Amari'i Bell,Luton,DEF,3.9,1.3631899960956482,Bench,False,False
"ARIMA(1,0,0)","ARIMA(1,0,0) | joint_pareto | delta=0.000",Bukayo Saka,Arsenal,MID,9.1,6.889276021980589,XI,True,False
"ARIMA(1,0,0)","ARIMA(1,0,0) | joint_pareto | delta=0.000",Cameron Archer,Sheffield Utd,FWD,4.3,2.587877345394426,Bench,False,False
"ARIMA(1,0,0)","ARIMA(1,0,0) | joint_pareto | delta=0.000",Chris Richards,Crystal Palace,DEF,3.9,3.292915506373225,Bench,False,False
"ARIMA(1,0,0)","ARIMA(1,0,0) | joint_pareto | delta=0.000",Cole Palmer,Chelsea,MID,5.8,4.9625860101479695,XI,False,False
"ARIMA(1,0,0)","ARIMA(1,0,0) | joint_pareto | delta=0.000",Dominic Solanke,Bournemouth,FWD,7.0,5.166690308291283,XI,False,False
"ARIMA(1,0,0)","ARIMA(1,0,0) | joint_pareto | delta=0.000",Gabriel dos Santos Magalhães,Arsenal,DEF,5.2,3.719313524727714,XI,False,False
"ARIMA(1,0,0)","ARIMA(1,0,0) | joint_pareto | delta=0.000",Kieran Trippier,Newcastle,DEF,6.9,3.846133239496449,XI,False,False
"ARIMA(1,0,0)","ARIMA(1,0,0) | joint_pareto | delta=0.000",Mohamed Salah,Liverpool,MID,13.0,6.509131521625363,XI,False,False
"ARIMA(1,0,0)","ARIMA(1,0,0) | joint_pareto | delta=0.000",Ollie Watkins,Aston Villa,FWD,8.8,6.521280791806624,XI,False,True
"ARIMA(1,0,0)","ARIMA(1,0,0) | joint_pareto | delta=0.000",Phil Foden,Man City,MID,8.1,5.429759354737169,XI,False,False
"ARIMA(1,0,0)","ARIMA(1,0,0) | joint_pareto | delta=0.000",Son Heung-min,Spurs,MID,9.6,5.7718498486809935,XI,False,False
"ARIMA(1,0,0)","ARIMA(1,0,0) | joint_pareto | delta=0.000",William Saliba,Arsenal,DEF,5.7,4.026783039564562,XI,False,False
"ARIMA(1,0,0)","ARIMA(1,0,0) | joint_pareto | delta=0.000",Đorđe Petrović,Chelsea,GK,4.5,3.8461577296238474,XI,False,False
"ARIMA(1,0,0)","ARIMA(1,0,0) | joint_pareto | delta=0.005",Alphonse Areola,West Ham,GK,4.2,3.1947768878877363,Bench,False,False
"ARIMA(1,0,0)","ARIMA(1,0,0) | joint_pareto | delta=0.005",Bukayo Saka,Arsenal,MID,9.1,6.889276021980589,XI,True,False
"ARIMA(1,0,0)","ARIMA(1,0,0) | joint_pareto | delta=0.005",Cameron Archer,Sheffield Utd,FWD,4.3,2.587877345394426,Bench,False,False
"ARIMA(1,0,0)","ARIMA(1,0,0) | joint_pareto | delta=0.005",Chris Richards,Crystal Palace,DEF,3.9,3.292915506373225,Bench,False,False
"ARIMA(1,0,0)","ARIMA(1,0,0) | joint_pareto | delta=0.005",Dominic Solanke,Bournemouth,FWD,7.0,5.166690308291283,XI,False,False
"ARIMA(1,0,0)","ARIMA(1,0,0) | joint_pareto | delta=0.005",Douglas Luiz Soares de Paulo,Aston Villa,MID,5.5,4.713835584186551,XI,False,False
"ARIMA(1,0,0)","ARIMA(1,0,0) | joint_pareto | delta=0.005",Gabriel dos Santos Magalhães,Arsenal,DEF,5.2,3.719313524727714,XI,False,False
"ARIMA(1,0,0)","ARIMA(1,0,0) | joint_pareto | delta=0.005",Jarrad Branthwaite,Everton,DEF,4.2,3.0111381712071617,Bench,False,False
"ARIMA(1,0,0)","ARIMA(1,0,0) | joint_pareto | delta=0.005",Kieran Trippier,Newcastle,DEF,6.9,3.846133239496449,XI,False,False
"ARIMA(1,0,0)","ARIMA(1,0,0) | joint_pareto | delta=0.005",Mohamed Salah,Liverpool,MID,13.0,6.509131521625363,XI,False,False
"ARIMA(1,0,0)","ARIMA(1,0,0) | joint_pareto | delta=0.005",Ollie Watkins,Aston Villa,FWD,8.8,6.521280791806624,XI,False,True
"ARIMA(1,0,0)","ARIMA(1,0,0) | joint_pareto | delta=0.005",Phil Foden,Man City,MID,8.1,5.429759354737169,XI,False,False
"ARIMA(1,0,0)","ARIMA(1,0,0) | joint_pareto | delta=0.005",Son Heung-min,Spurs,MID,9.6,5.7718498486809935,XI,False,False
"ARIMA(1,0,0)","ARIMA(1,0,0) | joint_pareto | delta=0.005",William Saliba,Arsenal,DEF,5.7,4.026783039564562,XI,False,False
"ARIMA(1,0,0)","ARIMA(1,0,0) | joint_pareto | delta=0.005",Đorđe Petrović,Chelsea,GK,4.5,3.8461577296238474,XI,False,False
"ARIMA(1,0,0)","ARIMA(1,0,0) | joint_pareto | delta=0.010",Bukayo Saka,Arsenal,MID,9.1,6.889276021980589,XI,True,False
"ARIMA(1,0,0)","ARIMA(1,0,0) | joint_pareto | delta=0.010",Chris Richards,Crystal Palace,DEF,3.9,3.292915506373225,Bench,False,False
"ARIMA(1,0,0)","ARIMA(1,0,0) | joint_pareto | delta=0.010",Cole Palmer,Chelsea,MID,5.8,4.9625860101479695,XI,False,False
"ARIMA(1,0,0)","ARIMA(1,0,0) | joint_pareto | delta=0.010",Dominic Solanke,Bournemouth,FWD,7.0,5.166690308291283,XI,False,False
"ARIMA(1,0,0)","ARIMA(1,0,0) | joint_pareto | delta=0.010",Emerson Palmieri dos Santos,West Ham,DEF,4.4,3.3457141090091707,XI,False,False
"ARIMA(1,0,0)","ARIMA(1,0,0) | joint_pareto | delta=0.010",Gabriel dos Santos Magalhães,Arsenal,DEF,5.2,3.719313524727714,XI,False,False
"ARIMA(1,0,0)","ARIMA(1,0,0) | joint_pareto | delta=0.010",Joachim Andersen,Crystal Palace,DEF,4.7,3.300563882087221,Bench,False,False
"ARIMA(1,0,0)","ARIMA(1,0,0) | joint_pareto | delta=0.010",Jordan Pickford,Everton,GK,4.6,3.7198934275200375,XI,False,False
"ARIMA(1,0,0)","ARIMA(1,0,0) | joint_pareto | delta=0.010",Matheus Santos Carneiro Da Cunha,Wolves,FWD,5.6,4.203009734992741,Bench,False,False
"ARIMA(1,0,0)","ARIMA(1,0,0) | joint_pareto | delta=0.010",Mohamed Salah,Liverpool,MID,13.0,6.509131521625363,XI,False,False
"ARIMA(1,0,0)","ARIMA(1,0,0) | joint_pareto | delta=0.010",Ollie Watkins,Aston Villa,FWD,8.8,6.521280791806624,XI,False,True
"ARIMA(1,0,0)","ARIMA(1,0,0) | joint_pareto | delta=0.010",Phil Foden,Man City,MID,8.1,5.429759354737169,XI,False,False
"ARIMA(1,0,0)","ARIMA(1,0,0) | joint_pareto | delta=0.010",Son Heung-min,Spurs,MID,9.6,5.7718498486809935,XI,False,False
"ARIMA(1,0,0)","ARIMA(1,0,0) | joint_pareto | delta=0.010",William Saliba,Arsenal,DEF,5.7,4.026783039564562,XI,False,False
"ARIMA(1,0,0)","ARIMA(1,0,0) | joint_pareto | delta=0.010",Đorđe Petrović,Chelsea,GK,4.5,3.8461577296238474,Bench,False,False
"ARIMA(1,0,0)","ARIMA(1,0,0) | joint_pareto | delta=0.020",Bukayo Saka,Arsenal,MID,9.1,6.889276021980589,XI,True,False
"ARIMA(1,0,0)","ARIMA(1,0,0) | joint_pareto | delta=0.020",Chris Richards,Crystal Palace,DEF,3.9,3.292915506373225,XI,False,False
"ARIMA(1,0,0)","ARIMA(1,0,0) | joint_pareto | delta=0.020",Cole Palmer,Chelsea,MID,5.8,4.9625860101479695,XI,False,False
"ARIMA(1,0,0)","ARIMA(1,0,0) | joint_pareto | delta=0.020",Dominic Solanke,Bournemouth,FWD,7.0,5.166690308291283,XI,False,False
"ARIMA(1,0,0)","ARIMA(1,0,0) | joint_pareto | delta=0.020",Douglas Luiz Soares de Paulo,Aston Villa,MID,5.5,4.713835584186551,XI,False,False
"ARIMA(1,0,0)","ARIMA(1,0,0) | joint_pareto | delta=0.020",Emerson Palmieri dos Santos,West Ham,DEF,4.4,3.3457141090091707,Bench,False,False
"ARIMA(1,0,0)","ARIMA(1,0,0) | joint_pareto | delta=0.020",Gabriel dos Santos Magalhães,Arsenal,DEF,5.2,3.719313524727714,XI,False,False
"ARIMA(1,0,0)","ARIMA(1,0,0) | joint_pareto | delta=0.020",Jordan Pickford,Everton,GK,4.6,3.7198934275200375,Bench,False,False
"ARIMA(1,0,0)","ARIMA(1,0,0) | joint_pareto | delta=0.020",Julián Álvarez,Man City,FWD,6.7,4.865286094876097,Bench,False,False
"ARIMA(1,0,0)","ARIMA(1,0,0) | joint_pareto | delta=0.020",Mohamed Salah,Liverpool,MID,13.0,6.509131521625363,XI,False,False
"ARIMA(1,0,0)","ARIMA(1,0,0) | joint_pareto | delta=0.020",Ollie Watkins,Aston Villa,FWD,8.8,6.521280791806624,XI,False,True
"ARIMA(1,0,0)","ARIMA(1,0,0) | joint_pareto | delta=0.020",Pedro Porro,Spurs,DEF,5.8,3.483352669149965,Bench,False,False
"ARIMA(1,0,0)","ARIMA(1,0,0) | joint_pareto | delta=0.020",Son Heung-min,Spurs,MID,9.6,5.7718498486809935,XI,False,False
"ARIMA(1,0,0)","ARIMA(1,0,0) | joint_pareto | delta=0.020",William Saliba,Arsenal,DEF,5.7,4.026783039564562,XI,False,False
"ARIMA(1,0,0)","ARIMA(1,0,0) | joint_pareto | delta=0.020",Đorđe Petrović,Chelsea,GK,4.5,3.8461577296238474,XI,False,False
"ARIMA(1,0,0)","ARIMA(1,0,0) | joint_pareto | delta=0.050",Anthony Gordon,Newcastle,MID,6.1,4.719112049475669,Bench,False,False
"ARIMA(1,0,0)","ARIMA(1,0,0) | joint_pareto | delta=0.050",Bukayo Saka,Arsenal,MID,9.1,6.889276021980589,XI,True,False
"ARIMA(1,0,0)","ARIMA(1,0,0) | joint_pareto | delta=0.050",Chris Richards,Crystal Palace,DEF,3.9,3.292915506373225,XI,False,False
"ARIMA(1,0,0)","ARIMA(1,0,0) | joint_pareto | delta=0.050",Cole Palmer,Chelsea,MID,5.8,4.9625860101479695,XI,False,False
"ARIMA(1,0,0)","ARIMA(1,0,0) | joint_pareto | delta=0.050",Dominic Solanke,Bournemouth,FWD,7.0,5.166690308291283,XI,False,False
"ARIMA(1,0,0)","ARIMA(1,0,0) | joint_pareto | delta=0.050",Emerson Palmieri dos Santos,West Ham,DEF,4.4,3.3457141090091707,Bench,False,False
"ARIMA(1,0,0)","ARIMA(1,0,0) | joint_pareto | delta=0.050",Gabriel dos Santos Magalhães,Arsenal,DEF,5.2,3.719313524727714,XI,False,False
"ARIMA(1,0,0)","ARIMA(1,0,0) | joint_pareto | delta=0.050",Jordan Pickford,Everton,GK,4.6,3.7198934275200375,XI,False,False
"ARIMA(1,0,0)","ARIMA(1,0,0) | joint_pareto | delta=0.050",Julián Álvarez,Man City,FWD,6.7,4.865286094876097,XI,False,False
"ARIMA(1,0,0)","ARIMA(1,0,0) | joint_pareto | delta=0.050",Kieran Trippier,Newcastle,DEF,6.9,3.846133239496449,XI,False,False
"ARIMA(1,0,0)","ARIMA(1,0,0) | joint_pareto | delta=0.050",Mohamed Salah,Liverpool,MID,13.0,6.509131521625363,XI,False,False
"ARIMA(1,0,0)","ARIMA(1,0,0) | joint_pareto | delta=0.050",Ollie Watkins,Aston Villa,FWD,8.8,6.521280791806624,XI,False,True
"ARIMA(1,0,0)","ARIMA(1,0,0) | joint_pareto | delta=0.050",Phil Foden,Man City,MID,8.1,5.429759354737169,Bench,False,False
"ARIMA(1,0,0)","ARIMA(1,0,0) | joint_pareto | delta=0.050",William Saliba,Arsenal,DEF,5.7,4.026783039564562,XI,False,False
"ARIMA(1,0,0)","ARIMA(1,0,0) | joint_pareto | delta=0.050",Đorđe Petrović,Chelsea,GK,4.5,3.8461577296238474,Bench,False,False
"ARIMA(1,0,0)","ARIMA(1,0,0) | joint_pareto | delta=0.100",Bukayo Saka,Arsenal,MID,9.1,6.889276021980589,XI,True,False
"ARIMA(1,0,0)","ARIMA(1,0,0) | joint_pareto | delta=0.100",Cole Palmer,Chelsea,MID,5.8,4.9625860101479695,XI,False,False
"ARIMA(1,0,0)","ARIMA(1,0,0) | joint_pareto | delta=0.100",Dominic Solanke,Bournemouth,FWD,7.0,5.166690308291283,XI,False,False
"ARIMA(1,0,0)","ARIMA(1,0,0) | joint_pareto | delta=0.100",Douglas Luiz Soares de Paulo,Aston Villa,MID,5.5,4.713835584186551,XI,False,False
"ARIMA(1,0,0)","ARIMA(1,0,0) | joint_pareto | delta=0.100",Emerson Palmieri dos Santos,West Ham,DEF,4.4,3.3457141090091707,XI,False,False
"ARIMA(1,0,0)","ARIMA(1,0,0) | joint_pareto | delta=0.100",Gabriel dos Santos Magalhães,Arsenal,DEF,5.2,3.719313524727714,XI,False,False
"ARIMA(1,0,0)","ARIMA(1,0,0) | joint_pareto | delta=0.100",Joachim Andersen,Crystal Palace,DEF,4.7,3.300563882087221,XI,False,False
"ARIMA(1,0,0)","ARIMA(1,0,0) | joint_pareto | delta=0.100",Jordan Pickford,Everton,GK,4.6,3.7198934275200375,Bench,False,False
"ARIMA(1,0,0)","ARIMA(1,0,0) | joint_pareto | delta=0.100",Julián Álvarez,Man City,FWD,6.7,4.865286094876097,Bench,False,False
"ARIMA(1,0,0)","ARIMA(1,0,0) | joint_pareto | delta=0.100",Kieran Trippier,Newcastle,DEF,6.9,3.846133239496449,XI,False,False
"ARIMA(1,0,0)","ARIMA(1,0,0) | joint_pareto | delta=0.100",Mohamed Salah,Liverpool,MID,13.0,6.509131521625363,Bench,False,False
"ARIMA(1,0,0)","ARIMA(1,0,0) | joint_pareto | delta=0.100",Ollie Watkins,Aston Villa,FWD,8.8,6.521280791806624,XI,False,True
"ARIMA(1,0,0)","ARIMA(1,0,0) | joint_pareto | delta=0.100",Phil Foden,Man City,MID,8.1,5.429759354737169,Bench,False,False
"ARIMA(1,0,0)","ARIMA(1,0,0) | joint_pareto | delta=0.100",William Saliba,Arsenal,DEF,5.7,4.026783039564562,XI,False,False
"ARIMA(1,0,0)","ARIMA(1,0,0) | joint_pareto | delta=0.100",Đorđe Petrović,Chelsea,GK,4.5,3.8461577296238474,XI,False,False
"ARIMA(1,0,1)","ARIMA(1,0,1) | two_stage | fixed_split | xi_cap=55",Bukayo Saka,Arsenal,MID,9.1,6.975393294884185,XI,True,False
"ARIMA(1,0,1)","ARIMA(1,0,1) | two_stage | fixed_split | xi_cap=55",Cameron Archer,Sheffield Utd,FWD,4.3,3.046040620163375,XI,False,False
"ARIMA(1,0,1)","ARIMA(1,0,1) | two_stage | fixed_split | xi_cap=55",Carlton Morris,Luton,FWD,5.0,4.081290960294155,XI,False,False
"ARIMA(1,0,1)","ARIMA(1,0,1) | two_stage | fixed_split | xi_cap=55",Chris Richards,Crystal Palace,DEF,3.9,3.3400655638178876,XI,False,False
"ARIMA(1,0,1)","ARIMA(1,0,1) | two_stage | fixed_split | xi_cap=55",Conor Bradley,Liverpool,DEF,4.1,2.7576148829116,XI,False,False
"ARIMA(1,0,1)","ARIMA(1,0,1) | two_stage | fixed_split | xi_cap=55",Daniel Muñoz,Crystal Palace,DEF,4.5,3.455011873506663,XI,False,False
"ARIMA(1,0,1)","ARIMA(1,0,1) | two_stage | fixed_split | xi_cap=55",Douglas Luiz Soares de Paulo,Aston Villa,MID,5.5,4.752072515529853,XI,False,True
"ARIMA(1,0,1)","ARIMA(1,0,1) | two_stage | fixed_split | xi_cap=55",Jakub Kiwior,Arsenal,DEF,4.3,4.42838207362497,XI,False,False
"ARIMA(1,0,1)","ARIMA(1,0,1) | two_stage | fixed_split | xi_cap=55",Jordan Pickford,Everton,GK,4.6,3.729964038008132,Bench,False,False
"ARIMA(1,0,1)","ARIMA(1,0,1) | two_stage | fixed_split | xi_cap=55",Lewis Dunk,Brighton,DEF,5.1,4.053072975868461,XI,False,False
"ARIMA(1,0,1)","ARIMA(1,0,1) | two_stage | fixed_split | xi_cap=55",Mohamed Salah,Liverpool,MID,13.0,6.472523981111602,Bench,False,False
"ARIMA(1,0,1)","ARIMA(1,0,1) | two_stage | fixed_split | xi_cap=55",Ollie Watkins,Aston Villa,FWD,8.8,6.530840568507672,Bench,False,False
"ARIMA(1,0,1)","ARIMA(1,0,1) | two_stage | fixed_split | xi_cap=55",Pablo Sarabia,Wolves,MID,4.7,3.6172281466960996,XI,False,False
"ARIMA(1,0,1)","ARIMA(1,0,1) | two_stage | fixed_split | xi_cap=55",Son Heung-min,Spurs,MID,9.6,5.763018581069041,Bench,False,False
"ARIMA(1,0,1)","ARIMA(1,0,1) | two_stage | fixed_split | xi_cap=55",Đorđe Petrović,Chelsea,GK,4.5,4.160060006624626,XI,False,False
"ARIMA(1,0,1)","ARIMA(1,0,1) | two_stage | actual_remainder | xi_cap=55",Bukayo Saka,Arsenal,MID,9.1,6.975393294884185,XI,True,False
"ARIMA(1,0,1)","ARIMA(1,0,1) | two_stage | actual_remainder | xi_cap=55",Cameron Archer,Sheffield Utd,FWD,4.3,3.046040620163375,XI,False,False
"ARIMA(1,0,1)","ARIMA(1,0,1) | two_stage | actual_remainder | xi_cap=55",Carlton Morris,Luton,FWD,5.0,4.081290960294155,XI,False,False
"ARIMA(1,0,1)","ARIMA(1,0,1) | two_stage | actual_remainder | xi_cap=55",Chris Richards,Crystal Palace,DEF,3.9,3.3400655638178876,XI,False,False
"ARIMA(1,0,1)","ARIMA(1,0,1) | two_stage | actual_remainder | xi_cap=55",Conor Bradley,Liverpool,DEF,4.1,2.7576148829116,XI,False,False
"ARIMA(1,0,1)","ARIMA(1,0,1) | two_stage | actual_remainder | xi_cap=55",Daniel Muñoz,Crystal Palace,DEF,4.5,3.455011873506663,XI,False,False
"ARIMA(1,0,1)","ARIMA(1,0,1) | two_stage | actual_remainder | xi_cap=55",Douglas Luiz Soares de Paulo,Aston Villa,MID,5.5,4.752072515529853,XI,False,True
"ARIMA(1,0,1)","ARIMA(1,0,1) | two_stage | actual_remainder | xi_cap=55",Jakub Kiwior,Arsenal,DEF,4.3,4.42838207362497,XI,False,False
"ARIMA(1,0,1)","ARIMA(1,0,1) | two_stage | actual_remainder | xi_cap=55",Jordan Pickford,Everton,GK,4.6,3.729964038008132,Bench,False,False
"ARIMA(1,0,1)","ARIMA(1,0,1) | two_stage | actual_remainder | xi_cap=55",Lewis Dunk,Brighton,DEF,5.1,4.053072975868461,XI,False,False
"ARIMA(1,0,1)","ARIMA(1,0,1) | two_stage | actual_remainder | xi_cap=55",Mohamed Salah,Liverpool,MID,13.0,6.472523981111602,Bench,False,False
"ARIMA(1,0,1)","ARIMA(1,0,1) | two_stage | actual_remainder | xi_cap=55",Ollie Watkins,Aston Villa,FWD,8.8,6.530840568507672,Bench,False,False
"ARIMA(1,0,1)","ARIMA(1,0,1) | two_stage | actual_remainder | xi_cap=55",Pablo Sarabia,Wolves,MID,4.7,3.6172281466960996,XI,False,False
"ARIMA(1,0,1)","ARIMA(1,0,1) | two_stage | actual_remainder | xi_cap=55",Son Heung-min,Spurs,MID,9.6,5.763018581069041,Bench,False,False
"ARIMA(1,0,1)","ARIMA(1,0,1) | two_stage | actual_remainder | xi_cap=55",Đorđe Petrović,Chelsea,GK,4.5,4.160060006624626,XI,False,False
"ARIMA(1,0,1)","ARIMA(1,0,1) | two_stage | fixed_split | xi_cap=60",Anthony Gordon,Newcastle,MID,6.1,4.808034328554537,XI,False,False
"ARIMA(1,0,1)","ARIMA(1,0,1) | two_stage | fixed_split | xi_cap=60",Bukayo Saka,Arsenal,MID,9.1,6.975393294884185,XI,True,False
"ARIMA(1,0,1)","ARIMA(1,0,1) | two_stage | fixed_split | xi_cap=60",Carlton Morris,Luton,FWD,5.0,4.081290960294155,XI,False,False
"ARIMA(1,0,1)","ARIMA(1,0,1) | two_stage | fixed_split | xi_cap=60",Chris Richards,Crystal Palace,DEF,3.9,3.3400655638178876,XI,False,False
"ARIMA(1,0,1)","ARIMA(1,0,1) | two_stage | fixed_split | xi_cap=60",Cole Palmer,Chelsea,MID,5.8,4.973795323387624,XI,False,True
"ARIMA(1,0,1)","ARIMA(1,0,1) | two_stage | fixed_split | xi_cap=60",Douglas Luiz Soares de Paulo,Aston Villa,MID,5.5,4.752072515529853,XI,False,False
"ARIMA(1,0,1)","ARIMA(1,0,1) | two_stage | fixed_split | xi_cap=60",Jakub Kiwior,Arsenal,DEF,4.3,4.42838207362497,XI,False,False
"ARIMA(1,0,1)","ARIMA(1,0,1) | two_stage | fixed_split | xi_cap=60",Jordan Pickford,Everton,GK,4.6,3.729964038008132,Bench,False,False
"ARIMA(1,0,1)","ARIMA(1,0,1) | two_stage | fixed_split | xi_cap=60",Kieran Trippier,Newcastle,DEF,6.9,4.053769695113634,Bench,False,False
"ARIMA(1,0,1)","ARIMA(1,0,1) | two_stage | fixed_split | xi_cap=60",Lewis Dunk,Brighton,DEF,5.1,4.053072975868461,XI,False,False
"ARIMA(1,0,1)","ARIMA(1,0,1) | two_stage | fixed_split | xi_cap=60",Matheus Santos Carneiro Da Cunha,Wolves,FWD,5.6,4.461115479496612,XI,False,False
"ARIMA(1,0,1)","ARIMA(1,0,1) | two_stage | fixed_split | xi_cap=60",Ollie Watkins,Aston Villa,FWD,8.8,6.530840568507672,Bench,False,False
"ARIMA(1,0,1)","ARIMA(1,0,1) | two_stage | fixed_split | xi_cap=60",Pablo Sarabia,Wolves,MID,4.7,3.6172281466960996,XI,False,False
"ARIMA(1,0,1)","ARIMA(1,0,1) | two_stage | fixed_split | xi_cap=60",Pedro Porro,Spurs,DEF,5.8,4.081124152507548,Bench,False,False
"ARIMA(1,0,1)","ARIMA(1,0,1) | two_stage | fixed_split | xi_cap=60",Đorđe Petrović,Chelsea,GK,4.5,4.160060006624626,XI,False,False
"ARIMA(1,0,1)","ARIMA(1,0,1) | two_stage | actual_remainder | xi_cap=60",Anthony Gordon,Newcastle,MID,6.1,4.808034328554537,XI,False,False
"ARIMA(1,0,1)","ARIMA(1,0,1) | two_stage | actual_remainder | xi_cap=60",Bukayo Saka,Arsenal,MID,9.1,6.975393294884185,XI,True,False
"ARIMA(1,0,1)","ARIMA(1,0,1) | two_stage | actual_remainder | xi_cap=60",Carlton Morris,Luton,FWD,5.0,4.081290960294155,XI,False,False
"ARIMA(1,0,1)","ARIMA(1,0,1) | two_stage | actual_remainder | xi_cap=60",Chris Richards,Crystal Palace,DEF,3.9,3.3400655638178876,XI,False,False
"ARIMA(1,0,1)","ARIMA(1,0,1) | two_stage | actual_remainder | xi_cap=60",Cole Palmer,Chelsea,MID,5.8,4.973795323387624,XI,False,True
"ARIMA(1,0,1)","ARIMA(1,0,1) | two_stage | actual_remainder | xi_cap=60",Douglas Luiz Soares de Paulo,Aston Villa,MID,5.5,4.752072515529853,XI,False,False
"ARIMA(1,0,1)","ARIMA(1,0,1) | two_stage | actual_remainder | xi_cap=60",Jakub Kiwior,Arsenal,DEF,4.3,4.42838207362497,XI,False,False
"ARIMA(1,0,1)","ARIMA(1,0,1) | two_stage | actual_remainder | xi_cap=60",Jordan Pickford,Everton,GK,4.6,3.729964038008132,Bench,False,False
"ARIMA(1,0,1)","ARIMA(1,0,1) | two_stage | actual_remainder | xi_cap=60",Kieran Trippier,Newcastle,DEF,6.9,4.053769695113634,Bench,False,False
"ARIMA(1,0,1)","ARIMA(1,0,1) | two_stage | actual_remainder | xi_cap=60",Lewis Dunk,Brighton,DEF,5.1,4.053072975868461,XI,False,False
"ARIMA(1,0,1)","ARIMA(1,0,1) | two_stage | actual_remainder | xi_cap=60",Matheus Santos Carneiro Da Cunha,Wolves,FWD,5.6,4.461115479496612,XI,False,False
"ARIMA(1,0,1)","ARIMA(1,0,1) | two_stage | actual_remainder | xi_cap=60",Ollie Watkins,Aston Villa,FWD,8.8,6.530840568507672,Bench,False,False
"ARIMA(1,0,1)","ARIMA(1,0,1) | two_stage | actual_remainder | xi_cap=60",Pablo Sarabia,Wolves,MID,4.7,3.6172281466960996,XI,False,False
"ARIMA(1,0,1)","ARIMA(1,0,1) | two_stage | actual_remainder | xi_cap=60",Pedro Porro,Spurs,DEF,5.8,4.081124152507548,Bench,False,False
"ARIMA(1,0,1)","ARIMA(1,0,1) | two_stage | actual_remainder | xi_cap=60",Đorđe Petrović,Chelsea,GK,4.5,4.160060006624626,XI,False,False
"ARIMA(1,0,1)","ARIMA(1,0,1) | two_stage | fixed_split | xi_cap=65",Anthony Gordon,Newcastle,MID,6.1,4.808034328554537,XI,False,False
"ARIMA(1,0,1)","ARIMA(1,0,1) | two_stage | fixed_split | xi_cap=65",Bukayo Saka,Arsenal,MID,9.1,6.975393294884185,XI,True,False
"ARIMA(1,0,1)","ARIMA(1,0,1) | two_stage | fixed_split | xi_cap=65",Carlton Morris,Luton,FWD,5.0,4.081290960294155,XI,False,False
"ARIMA(1,0,1)","ARIMA(1,0,1) | two_stage | fixed_split | xi_cap=65",Chris Richards,Crystal Palace,DEF,3.9,3.3400655638178876,XI,False,False
"ARIMA(1,0,1)","ARIMA(1,0,1) | two_stage | fixed_split | xi_cap=65",Cole Palmer,Chelsea,MID,5.8,4.973795323387624,XI,False,False
"ARIMA(1,0,1)","ARIMA(1,0,1) | two_stage | fixed_split | xi_cap=65",Douglas Luiz Soares de Paulo,Aston Villa,MID,5.5,4.752072515529853,XI,False,False
"ARIMA(1,0,1)","ARIMA(1,0,1) | two_stage | fixed_split | xi_cap=65",Jakub Kiwior,Arsenal,DEF,4.3,4.42838207362497,XI,False,False
"ARIMA(1,0,1)","ARIMA(1,0,1) | two_stage | fixed_split | xi_cap=65",Jordan Pickford,Everton,GK,4.6,3.729964038008132,Bench,False,False
"ARIMA(1,0,1)","ARIMA(1,0,1) | two_stage | fixed_split | xi_cap=65",Julián Álvarez,Man City,FWD,6.7,4.861613841494203,XI,False,False
"ARIMA(1,0,1)","ARIMA(1,0,1) | two_stage | fixed_split | xi_cap=65",Kieran Trippier,Newcastle,DEF,6.9,4.053769695113634,Bench,False,False
"ARIMA(1,0,1)","ARIMA(1,0,1) | two_stage | fixed_split | xi_cap=65",Lewis Dunk,Brighton,DEF,5.1,4.053072975868461,XI,False,False
"ARIMA(1,0,1)","ARIMA(1,0,1) | two_stage | fixed_split | xi_cap=65",Mohamed Salah,Liverpool,MID,13.0,6.472523981111602,Bench,False,False
"ARIMA(1,0,1)","ARIMA(1,0,1) | two_stage | fixed_split | xi_cap=65",Ollie Watkins,Aston Villa,FWD,8.8,6.530840568507672,XI,False,True
"ARIMA(1,0,1)","ARIMA(1,0,1) | two_stage | fixed_split | xi_cap=65",Pedro Porro,Spurs,DEF,5.8,4.081124152507548,Bench,False,False
"ARIMA(1,0,1)","ARIMA(1,0,1) | two_stage | fixed_split | xi_cap=65",Đorđe Petrović,Chelsea,GK,4.5,4.160060006624626,XI,False,False
"ARIMA(1,0,1)","ARIMA(1,0,1) | two_stage | actual_remainder | xi_cap=65",Anthony Gordon,Newcastle,MID,6.1,4.808034328554537,XI,False,False
"ARIMA(1,0,1)","ARIMA(1,0,1) | two_stage | actual_remainder | xi_cap=65",Bukayo Saka,Arsenal,MID,9.1,6.975393294884185,XI,True,False
"ARIMA(1,0,1)","ARIMA(1,0,1) | two_stage | actual_remainder | xi_cap=65",Carlton Morris,Luton,FWD,5.0,4.081290960294155,XI,False,False
"ARIMA(1,0,1)","ARIMA(1,0,1) | two_stage | actual_remainder | xi_cap=65",Chris Richards,Crystal Palace,DEF,3.9,3.3400655638178876,XI,False,False
"ARIMA(1,0,1)","ARIMA(1,0,1) | two_stage | actual_remainder | xi_cap=65",Cole Palmer,Chelsea,MID,5.8,4.973795323387624,XI,False,False
"ARIMA(1,0,1)","ARIMA(1,0,1) | two_stage | actual_remainder | xi_cap=65",Douglas Luiz Soares de Paulo,Aston Villa,MID,5.5,4.752072515529853,XI,False,False
"ARIMA(1,0,1)","ARIMA(1,0,1) | two_stage | actual_remainder | xi_cap=65",Jakub Kiwior,Arsenal,DEF,4.3,4.42838207362497,XI,False,False
"ARIMA(1,0,1)","ARIMA(1,0,1) | two_stage | actual_remainder | xi_cap=65",Jordan Pickford,Everton,GK,4.6,3.729964038008132,Bench,False,False
"ARIMA(1,0,1)","ARIMA(1,0,1) | two_stage | actual_remainder | xi_cap=65",Julián Álvarez,Man City,FWD,6.7,4.861613841494203,XI,False,False
"ARIMA(1,0,1)","ARIMA(1,0,1) | two_stage | actual_remainder | xi_cap=65",Kieran Trippier,Newcastle,DEF,6.9,4.053769695113634,Bench,False,False
"ARIMA(1,0,1)","ARIMA(1,0,1) | two_stage | actual_remainder | xi_cap=65",Lewis Dunk,Brighton,DEF,5.1,4.053072975868461,XI,False,False
"ARIMA(1,0,1)","ARIMA(1,0,1) | two_stage | actual_remainder | xi_cap=65",Mohamed Salah,Liverpool,MID,13.0,6.472523981111602,Bench,False,False
"ARIMA(1,0,1)","ARIMA(1,0,1) | two_stage | actual_remainder | xi_cap=65",Ollie Watkins,Aston Villa,FWD,8.8,6.530840568507672,XI,False,True
"ARIMA(1,0,1)","ARIMA(1,0,1) | two_stage | actual_remainder | xi_cap=65",Pedro Porro,Spurs,DEF,5.8,4.081124152507548,Bench,False,False
"ARIMA(1,0,1)","ARIMA(1,0,1) | two_stage | actual_remainder | xi_cap=65",Đorđe Petrović,Chelsea,GK,4.5,4.160060006624626,XI,False,False
"ARIMA(1,0,1)","ARIMA(1,0,1) | two_stage | fixed_split | xi_cap=70",Anthony Gordon,Newcastle,MID,6.1,4.808034328554537,XI,False,False
"ARIMA(1,0,1)","ARIMA(1,0,1) | two_stage | fixed_split | xi_cap=70",Bukayo Saka,Arsenal,MID,9.1,6.975393294884185,XI,True,False
"ARIMA(1,0,1)","ARIMA(1,0,1) | two_stage | fixed_split | xi_cap=70",Chris Richards,Crystal Palace,DEF,3.9,3.3400655638178876,Bench,False,False
"ARIMA(1,0,1)","ARIMA(1,0,1) | two_stage | fixed_split | xi_cap=70",Cole Palmer,Chelsea,MID,5.8,4.973795323387624,XI,False,False
"ARIMA(1,0,1)","ARIMA(1,0,1) | two_stage | fixed_split | xi_cap=70",Douglas Luiz Soares de Paulo,Aston Villa,MID,5.5,4.752072515529853,XI,False,False
"ARIMA(1,0,1)","ARIMA(1,0,1) | two_stage | fixed_split | xi_cap=70",Erling Haaland,Man City,FWD,14.4,5.676501365969409,Bench,False,False
"ARIMA(1,0,1)","ARIMA(1,0,1) | two_stage | fixed_split | xi_cap=70",Jakub Kiwior,Arsenal,DEF,4.3,4.42838207362497,XI,False,False
"ARIMA(1,0,1)","ARIMA(1,0,1) | two_stage | fixed_split | xi_cap=70",Jordan Pickford,Everton,GK,4.6,3.729964038008132,Bench,False,False
"ARIMA(1,0,1)","ARIMA(1,0,1) | two_stage | fixed_split | xi_cap=70",Julián Álvarez,Man City,FWD,6.7,4.861613841494203,XI,False,False
"ARIMA(1,0,1)","ARIMA(1,0,1) | two_stage | fixed_split | xi_cap=70",Kieran Trippier,Newcastle,DEF,6.9,4.053769695113634,Bench,False,False
"ARIMA(1,0,1)","ARIMA(1,0,1) | two_stage | fixed_split | xi_cap=70",Lewis Dunk,Brighton,DEF,5.1,4.053072975868461,XI,False,False
"ARIMA(1,0,1)","ARIMA(1,0,1) | two_stage | fixed_split | xi_cap=70",Ollie Watkins,Aston Villa,FWD,8.8,6.530840568507672,XI,False,True
"ARIMA(1,0,1)","ARIMA(1,0,1) | two_stage | fixed_split | xi_cap=70",Pedro Porro,Spurs,DEF,5.8,4.081124152507548,XI,False,False
"ARIMA(1,0,1)","ARIMA(1,0,1) | two_stage | fixed_split | xi_cap=70",Phil Foden,Man City,MID,8.1,5.363630134559094,XI,False,False
"ARIMA(1,0,1)","ARIMA(1,0,1) | two_stage | fixed_split | xi_cap=70",Đorđe Petrović,Chelsea,GK,4.5,4.160060006624626,XI,False,False
"ARIMA(1,0,1)","ARIMA(1,0,1) | two_stage | actual_remainder | xi_cap=70",Anthony Gordon,Newcastle,MID,6.1,4.808034328554537,XI,False,False
"ARIMA(1,0,1)","ARIMA(1,0,1) | two_stage | actual_remainder | xi_cap=70",Bukayo Saka,Arsenal,MID,9.1,6.975393294884185,XI,True,False
"ARIMA(1,0,1)","ARIMA(1,0,1) | two_stage | actual_remainder | xi_cap=70",Chris Richards,Crystal Palace,DEF,3.9,3.3400655638178876,Bench,False,False
"ARIMA(1,0,1)","ARIMA(1,0,1) | two_stage | actual_remainder | xi_cap=70",Cole Palmer,Chelsea,MID,5.8,4.973795323387624,XI,False,False
"ARIMA(1,0,1)","ARIMA(1,0,1) | two_stage | actual_remainder | xi_cap=70",Douglas Luiz Soares de Paulo,Aston Villa,MID,5.5,4.752072515529853,XI,False,False
"ARIMA(1,0,1)","ARIMA(1,0,1) | two_stage | actual_remainder | xi_cap=70",Erling Haaland,Man City,FWD,14.4,5.676501365969409,Bench,False,False
"ARIMA(1,0,1)","ARIMA(1,0,1) | two_stage | actual_remainder | xi_cap=70",Jakub Kiwior,Arsenal,DEF,4.3,4.42838207362497,XI,False,False
"ARIMA(1,0,1)","ARIMA(1,0,1) | two_stage | actual_remainder | xi_cap=70",Jordan Pickford,Everton,GK,4.6,3.729964038008132,Bench,False,False
"ARIMA(1,0,1)","ARIMA(1,0,1) | two_stage | actual_remainder | xi_cap=70",Julián Álvarez,Man City,FWD,6.7,4.861613841494203,XI,False,False
"ARIMA(1,0,1)","ARIMA(1,0,1) | two_stage | actual_remainder | xi_cap=70",Kieran Trippier,Newcastle,DEF,6.9,4.053769695113634,Bench,False,False
"ARIMA(1,0,1)","ARIMA(1,0,1) | two_stage | actual_remainder | xi_cap=70",Lewis Dunk,Brighton,DEF,5.1,4.053072975868461,XI,False,False
"ARIMA(1,0,1)","ARIMA(1,0,1) | two_stage | actual_remainder | xi_cap=70",Ollie Watkins,Aston Villa,FWD,8.8,6.530840568507672,XI,False,True
"ARIMA(1,0,1)","ARIMA(1,0,1) | two_stage | actual_remainder | xi_cap=70",Pedro Porro,Spurs,DEF,5.8,4.081124152507548,XI,False,False
"ARIMA(1,0,1)","ARIMA(1,0,1) | two_stage | actual_remainder | xi_cap=70",Phil Foden,Man City,MID,8.1,5.363630134559094,XI,False,False
"ARIMA(1,0,1)","ARIMA(1,0,1) | two_stage | actual_remainder | xi_cap=70",Đorđe Petrović,Chelsea,GK,4.5,4.160060006624626,XI,False,False
"ARIMA(1,0,1)","ARIMA(1,0,1) | two_stage | fixed_split | xi_cap=75",Anthony Gordon,Newcastle,MID,6.1,4.808034328554537,XI,False,False
"ARIMA(1,0,1)","ARIMA(1,0,1) | two_stage | fixed_split | xi_cap=75",Bukayo Saka,Arsenal,MID,9.1,6.975393294884185,XI,True,False
"ARIMA(1,0,1)","ARIMA(1,0,1) | two_stage | fixed_split | xi_cap=75",Cole Palmer,Chelsea,MID,5.8,4.973795323387624,XI,False,False
"ARIMA(1,0,1)","ARIMA(1,0,1) | two_stage | fixed_split | xi_cap=75",Dominic Solanke,Bournemouth,FWD,7.0,4.945389090754579,XI,False,False
"ARIMA(1,0,1)","ARIMA(1,0,1) | two_stage | fixed_split | xi_cap=75",Douglas Luiz Soares de Paulo,Aston Villa,MID,5.5,4.752072515529853,XI,False,False
"ARIMA(1,0,1)","ARIMA(1,0,1) | two_stage | fixed_split | xi_cap=75",Jakub Kiwior,Arsenal,DEF,4.3,4.42838207362497,XI,False,False
"ARIMA(1,0,1)","ARIMA(1,0,1) | two_stage | fixed_split | xi_cap=75",Jordan Pickford,Everton,GK,4.6,3.729964038008132,Bench,False,False
"ARIMA(1,0,1)","ARIMA(1,0,1) | two_stage | fixed_split | xi_cap=75",Julián Álvarez,Man City,FWD,6.7,4.861613841494203,Bench,False,False
"ARIMA(1,0,1)","ARIMA(1,0,1) | two_stage | fixed_split | xi_cap=75",Kieran Trippier,Newcastle,DEF,6.9,4.053769695113634,Bench,False,False
"ARIMA(1,0,1)","ARIMA(1,0,1) | two_stage | fixed_split | xi_cap=75",Lewis Dunk,Brighton,DEF,5.1,4.053072975868461,XI,False,False
"ARIMA(1,0,1)","ARIMA(1,0,1) | two_stage | fixed_split | xi_cap=75",Mohamed Salah,Liverpool,MID,13.0,6.472523981111602,XI,False,False
"ARIMA(1,0,1)","ARIMA(1,0,1) | two_stage | fixed_split | xi_cap=75",Ollie Watkins,Aston Villa,FWD,8.8,6.530840568507672,XI,False,True
"ARIMA(1,0,1)","ARIMA(1,0,1) | two_stage | fixed_split | xi_cap=75",Pedro Porro,Spurs,DEF,5.8,4.081124152507548,XI,False,False
"ARIMA(1,0,1)","ARIMA(1,0,1) | two_stage | fixed_split | xi_cap=75",William Saliba,Arsenal,DEF,5.7,3.846371829487311,Bench,False,False
"ARIMA(1,0,1)","ARIMA(1,0,1) | two_stage | fixed_split | xi_cap=75",Đorđe Petrović,Chelsea,GK,4.5,4.160060006624626,XI,False,False
"ARIMA(1,0,1)","ARIMA(1,0,1) | two_stage | actual_remainder | xi_cap=75",Anthony Gordon,Newcastle,MID,6.1,4.808034328554537,XI,False,False
"ARIMA(1,0,1)","ARIMA(1,0,1) | two_stage | actual_remainder | xi_cap=75",Bukayo Saka,Arsenal,MID,9.1,6.975393294884185,XI,True,False
"ARIMA(1,0,1)","ARIMA(1,0,1) | two_stage | actual_remainder | xi_cap=75",Cole Palmer,Chelsea,MID,5.8,4.973795323387624,XI,False,False
"ARIMA(1,0,1)","ARIMA(1,0,1) | two_stage | actual_remainder | xi_cap=75",Dominic Solanke,Bournemouth,FWD,7.0,4.945389090754579,XI,False,False
"ARIMA(1,0,1)","ARIMA(1,0,1) | two_stage | actual_remainder | xi_cap=75",Douglas Luiz Soares de Paulo,Aston Villa,MID,5.5,4.752072515529853,XI,False,False
"ARIMA(1,0,1)","ARIMA(1,0,1) | two_stage | actual_remainder | xi_cap=75",Jakub Kiwior,Arsenal,DEF,4.3,4.42838207362497,XI,False,False
"ARIMA(1,0,1)","ARIMA(1,0,1) | two_stage | actual_remainder | xi_cap=75",Jordan Pickford,Everton,GK,4.6,3.729964038008132,Bench,False,False
"ARIMA(1,0,1)","ARIMA(1,0,1) | two_stage | actual_remainder | xi_cap=75",Julián Álvarez,Man City,FWD,6.7,4.861613841494203,Bench,False,False
"ARIMA(1,0,1)","ARIMA(1,0,1) | two_stage | actual_remainder | xi_cap=75",Kieran Trippier,Newcastle,DEF,6.9,4.053769695113634,Bench,False,False
"ARIMA(1,0,1)","ARIMA(1,0,1) | two_stage | actual_remainder | xi_cap=75",Lewis Dunk,Brighton,DEF,5.1,4.053072975868461,XI,False,False
"ARIMA(1,0,1)","ARIMA(1,0,1) | two_stage | actual_remainder | xi_cap=75",Mohamed Salah,Liverpool,MID,13.0,6.472523981111602,XI,False,False
"ARIMA(1,0,1)","ARIMA(1,0,1) | two_stage | actual_remainder | xi_cap=75",Ollie Watkins,Aston Villa,FWD,8.8,6.530840568507672,XI,False,True
"ARIMA(1,0,1)","ARIMA(1,0,1) | two_stage | actual_remainder | xi_cap=75",Pedro Porro,Spurs,DEF,5.8,4.081124152507548,XI,False,False
"ARIMA(1,0,1)","ARIMA(1,0,1) | two_stage | actual_remainder | xi_cap=75",William Saliba,Arsenal,DEF,5.7,3.846371829487311,Bench,False,False
"ARIMA(1,0,1)","ARIMA(1,0,1) | two_stage | actual_remainder | xi_cap=75",Đorđe Petrović,Chelsea,GK,4.5,4.160060006624626,XI,False,False
"ARIMA(1,0,1)","ARIMA(1,0,1) | two_stage | fixed_split | xi_cap=80",Bukayo Saka,Arsenal,MID,9.1,6.975393294884185,XI,True,False
"ARIMA(1,0,1)","ARIMA(1,0,1) | two_stage | fixed_split | xi_cap=80",Chris Richards,Crystal Palace,DEF,3.9,3.3400655638178876,Bench,False,False
"ARIMA(1,0,1)","ARIMA(1,0,1) | two_stage | fixed_split | xi_cap=80",Cole Palmer,Chelsea,MID,5.8,4.973795323387624,XI,False,False
"ARIMA(1,0,1)","ARIMA(1,0,1) | two_stage | fixed_split | xi_cap=80",Daniel Muñoz,Crystal Palace,DEF,4.5,3.455011873506663,Bench,False,False
"ARIMA(1,0,1)","ARIMA(1,0,1) | two_stage | fixed_split | xi_cap=80",Dominic Solanke,Bournemouth,FWD,7.0,4.945389090754579,Bench,False,False
"ARIMA(1,0,1)","ARIMA(1,0,1) | two_stage | fixed_split | xi_cap=80",Jakub Kiwior,Arsenal,DEF,4.3,4.42838207362497,XI,False,False
"ARIMA(1,0,1)","ARIMA(1,0,1) | two_stage | fixed_split | xi_cap=80",Jordan Pickford,Everton,GK,4.6,3.729964038008132,Bench,False,False
"ARIMA(1,0,1)","ARIMA(1,0,1) | two_stage | fixed_split | xi_cap=80",Lewis Dunk,Brighton,DEF,5.1,4.053072975868461,XI,False,False
"ARIMA(1,0,1)","ARIMA(1,0,1) | two_stage | fixed_split | xi_cap=80",Matheus Santos Carneiro Da Cunha,Wolves,FWD,5.6,4.461115479496612,XI,False,False
"ARIMA(1,0,1)","ARIMA(1,0,1) | two_stage | fixed_split | xi_cap=80",Mohamed Salah,Liverpool,MID,13.0,6.472523981111602,XI,False,False
"ARIMA(1,0,1)","ARIMA(1,0,1) | two_stage | fixed_split | xi_cap=80",Ollie Watkins,Aston Villa,FWD,8.8,6.530840568507672,XI,False,True
"ARIMA(1,0,1)","ARIMA(1,0,1) | two_stage | fixed_split | xi_cap=80",Pedro Porro,Spurs,DEF,5.8,4.081124152507548,XI,False,False
"ARIMA(1,0,1)","ARIMA(1,0,1) | two_stage | fixed_split | xi_cap=80",Phil Foden,Man City,MID,8.1,5.363630134559094,XI,False,False
"ARIMA(1,0,1)","ARIMA(1,0,1) | two_stage | fixed_split | xi_cap=80",Son Heung-min,Spurs,MID,9.6,5.763018581069041,XI,False,False
"ARIMA(1,0,1)","ARIMA(1,0,1) | two_stage | fixed_split | xi_cap=80",Đorđe Petrović,Chelsea,GK,4.5,4.160060006624626,XI,False,False
"ARIMA(1,0,1)","ARIMA(1,0,1) | two_stage | actual_remainder | xi_cap=80",Bukayo Saka,Arsenal,MID,9.1,6.975393294884185,XI,True,False
"ARIMA(1,0,1)","ARIMA(1,0,1) | two_stage | actual_remainder | xi_cap=80",Chris Richards,Crystal Palace,DEF,3.9,3.3400655638178876,Bench,False,False
"ARIMA(1,0,1)","ARIMA(1,0,1) | two_stage | actual_remainder | xi_cap=80",Cole Palmer,Chelsea,MID,5.8,4.973795323387624,XI,False,False
"ARIMA(1,0,1)","ARIMA(1,0,1) | two_stage | actual_remainder | xi_cap=80",Daniel Muñoz,Crystal Palace,DEF,4.5,3.455011873506663,Bench,False,False
"ARIMA(1,0,1)","ARIMA(1,0,1) | two_stage | actual_remainder | xi_cap=80",Dominic Solanke,Bournemouth,FWD,7.0,4.945389090754579,Bench,False,False
"ARIMA(1,0,1)","ARIMA(1,0,1) | two_stage | actual_remainder | xi_cap=80",Jakub Kiwior,Arsenal,DEF,4.3,4.42838207362497,XI,False,False
"ARIMA(1,0,1)","ARIMA(1,0,1) | two_stage | actual_remainder | xi_cap=80",Jordan Pickford,Everton,GK,4.6,3.729964038008132,Bench,False,False
"ARIMA(1,0,1)","ARIMA(1,0,1) | two_stage | actual_remainder | xi_cap=80",Lewis Dunk,Brighton,DEF,5.1,4.053072975868461,XI,False,False
"ARIMA(1,0,1)","ARIMA(1,0,1) | two_stage | actual_remainder | xi_cap=80",Matheus Santos Carneiro Da Cunha,Wolves,FWD,5.6,4.461115479496612,XI,False,False
"ARIMA(1,0,1)","ARIMA(1,0,1) | two_stage | actual_remainder | xi_cap=80",Mohamed Salah,Liverpool,MID,13.0,6.472523981111602,XI,False,False
"ARIMA(1,0,1)","ARIMA(1,0,1) | two_stage | actual_remainder | xi_cap=80",Ollie Watkins,Aston Villa,FWD,8.8,6.530840568507672,XI,False,True
"ARIMA(1,0,1)","ARIMA(1,0,1) | two_stage | actual_remainder | xi_cap=80",Pedro Porro,Spurs,DEF,5.8,4.081124152507548,XI,False,False
"ARIMA(1,0,1)","ARIMA(1,0,1) | two_stage | actual_remainder | xi_cap=80",Phil Foden,Man City,MID,8.1,5.363630134559094,XI,False,False
"ARIMA(1,0,1)","ARIMA(1,0,1) | two_stage | actual_remainder | xi_cap=80",Son Heung-min,Spurs,MID,9.6,5.763018581069041,XI,False,False
"ARIMA(1,0,1)","ARIMA(1,0,1) | two_stage | actual_remainder | xi_cap=80",Đorđe Petrović,Chelsea,GK,4.5,4.160060006624626,XI,False,False
"ARIMA(1,0,1)","ARIMA(1,0,1) | two_stage | fixed_split | xi_cap=83.5",Alphonse Areola,West Ham,GK,4.2,3.1800791300319866,Bench,False,False
"ARIMA(1,0,1)","ARIMA(1,0,1) | two_stage | fixed_split | xi_cap=83.5",Bukayo Saka,Arsenal,MID,9.1,6.975393294884185,XI,True,False
"ARIMA(1,0,1)","ARIMA(1,0,1) | two_stage | fixed_split | xi_cap=83.5",Cameron Archer,Sheffield Utd,FWD,4.3,3.046040620163375,Bench,False,False
"ARIMA(1,0,1)","ARIMA(1,0,1) | two_stage | fixed_split | xi_cap=83.5",Chris Richards,Crystal Palace,DEF,3.9,3.3400655638178876,Bench,False,False
"ARIMA(1,0,1)","ARIMA(1,0,1) | two_stage | fixed_split | xi_cap=83.5",Cole Palmer,Chelsea,MID,5.8,4.973795323387624,XI,False,False
"ARIMA(1,0,1)","ARIMA(1,0,1) | two_stage | fixed_split | xi_cap=83.5",Conor Bradley,Liverpool,DEF,4.1,2.7576148829116,Bench,False,False
"ARIMA(1,0,1)","ARIMA(1,0,1) | two_stage | fixed_split | xi_cap=83.5",Dominic Solanke,Bournemouth,FWD,7.0,4.945389090754579,XI,False,False
"ARIMA(1,0,1)","ARIMA(1,0,1) | two_stage | fixed_split | xi_cap=83.5",Jakub Kiwior,Arsenal,DEF,4.3,4.42838207362497,XI,False,False
"ARIMA(1,0,1)","ARIMA(1,0,1) | two_stage | fixed_split | xi_cap=83.5",Kieran Trippier,Newcastle,DEF,6.9,4.053769695113634,XI,False,False
"ARIMA(1,0,1)","ARIMA(1,0,1) | two_stage | fixed_split | xi_cap=83.5",Mohamed Salah,Liverpool,MID,13.0,6.472523981111602,XI,False,False
"ARIMA(1,0,1)","ARIMA(1,0,1) | two_stage | fixed_split | xi_cap=83.5",Ollie Watkins,Aston Villa,FWD,8.8,6.530840568507672,XI,False,True
"ARIMA(1,0,1)","ARIMA(1,0,1) | two_stage | fixed_split | xi_cap=83.5",Pedro Porro,Spurs,DEF,5.8,4.081124152507548,XI,False,False
"ARIMA(1,0,1)","ARIMA(1,0,1) | two_stage | fixed_split | xi_cap=83.5",Phil Foden,Man City,MID,8.1,5.363630134559094,XI,False,False
"ARIMA(1,0,1)","ARIMA(1,0,1) | two_stage | fixed_split | xi_cap=83.5",Son Heung-min,Spurs,MID,9.6,5.763018581069041,XI,False,False
"ARIMA(1,0,1)","ARIMA(1,0,1) | two_stage | fixed_split | xi_cap=83.5",Đorđe Petrović,Chelsea,GK,4.5,4.160060006624626,XI,False,False
"ARIMA(1,0,1)","ARIMA(1,0,1) | two_stage | actual_remainder | xi_cap=83.5",Bukayo Saka,Arsenal,MID,9.1,6.975393294884185,XI,True,False
"ARIMA(1,0,1)","ARIMA(1,0,1) | two_stage | actual_remainder | xi_cap=83.5",Cameron Archer,Sheffield Utd,FWD,4.3,3.046040620163375,Bench,False,False
"ARIMA(1,0,1)","ARIMA(1,0,1) | two_stage | actual_remainder | xi_cap=83.5",Chris Richards,Crystal Palace,DEF,3.9,3.3400655638178876,Bench,False,False
"ARIMA(1,0,1)","ARIMA(1,0,1) | two_stage | actual_remainder | xi_cap=83.5",Cole Palmer,Chelsea,MID,5.8,4.973795323387624,XI,False,False
"ARIMA(1,0,1)","ARIMA(1,0,1) | two_stage | actual_remainder | xi_cap=83.5",Dominic Solanke,Bournemouth,FWD,7.0,4.945389090754579,XI,False,False
"ARIMA(1,0,1)","ARIMA(1,0,1) | two_stage | actual_remainder | xi_cap=83.5",Jakub Kiwior,Arsenal,DEF,4.3,4.42838207362497,XI,False,False
"ARIMA(1,0,1)","ARIMA(1,0,1) | two_stage | actual_remainder | xi_cap=83.5",Jarrad Branthwaite,Everton,DEF,4.2,2.9229890028211716,Bench,False,False
"ARIMA(1,0,1)","ARIMA(1,0,1) | two_stage | actual_remainder | xi_cap=83.5",Jordan Pickford,Everton,GK,4.6,3.729964038008132,Bench,False,False
"ARIMA(1,0,1)","ARIMA(1,0,1) | two_stage | actual_remainder | xi_cap=83.5",Kieran Trippier,Newcastle,DEF,6.9,4.053769695113634,XI,False,False
"ARIMA(1,0,1)","ARIMA(1,0,1) | two_stage | actual_remainder | xi_cap=83.5",Mohamed Salah,Liverpool,MID,13.0,6.472523981111602,XI,False,False
"ARIMA(1,0,1)","ARIMA(1,0,1) | two_stage | actual_remainder | xi_cap=83.5",Ollie Watkins,Aston Villa,FWD,8.8,6.530840568507672,XI,False,True
"ARIMA(1,0,1)","ARIMA(1,0,1) | two_stage | actual_remainder | xi_cap=83.5",Pedro Porro,Spurs,DEF,5.8,4.081124152507548,XI,False,False
"ARIMA(1,0,1)","ARIMA(1,0,1) | two_stage | actual_remainder | xi_cap=83.5",Phil Foden,Man City,MID,8.1,5.363630134559094,XI,False,False
"ARIMA(1,0,1)","ARIMA(1,0,1) | two_stage | actual_remainder | xi_cap=83.5",Son Heung-min,Spurs,MID,9.6,5.763018581069041,XI,False,False
"ARIMA(1,0,1)","ARIMA(1,0,1) | two_stage | actual_remainder | xi_cap=83.5",Đorđe Petrović,Chelsea,GK,4.5,4.160060006624626,XI,False,False
"ARIMA(1,0,1)","ARIMA(1,0,1) | joint_pareto | delta=0.000",Bukayo Saka,Arsenal,MID,9.1,6.975393294884185,XI,True,False
"ARIMA(1,0,1)","ARIMA(1,0,1) | joint_pareto | delta=0.000",Cameron Archer,Sheffield Utd,FWD,4.3,3.046040620163375,Bench,False,False
"ARIMA(1,0,1)","ARIMA(1,0,1) | joint_pareto | delta=0.000",Chris Richards,Crystal Palace,DEF,3.9,3.3400655638178876,Bench,False,False
"ARIMA(1,0,1)","ARIMA(1,0,1) | joint_pareto | delta=0.000",Cole Palmer,Chelsea,MID,5.8,4.973795323387624,XI,False,False
"ARIMA(1,0,1)","ARIMA(1,0,1) | joint_pareto | delta=0.000",Dominic Solanke,Bournemouth,FWD,7.0,4.945389090754579,XI,False,False
"ARIMA(1,0,1)","ARIMA(1,0,1) | joint_pareto | delta=0.000",Jakub Kiwior,Arsenal,DEF,4.3,4.42838207362497,XI,False,False
"ARIMA(1,0,1)","ARIMA(1,0,1) | joint_pareto | delta=0.000",Jarrad Branthwaite,Everton,DEF,4.2,2.9229890028211716,Bench,False,False
"ARIMA(1,0,1)","ARIMA(1,0,1) | joint_pareto | delta=0.000",Jordan Pickford,Everton,GK,4.6,3.729964038008132,Bench,False,False
"ARIMA(1,0,1)","ARIMA(1,0,1) | joint_pareto | delta=0.000",Kieran Trippier,Newcastle,DEF,6.9,4.053769695113634,XI,False,False
"ARIMA(1,0,1)","ARIMA(1,0,1) | joint_pareto | delta=0.000",Mohamed Salah,Liverpool,MID,13.0,6.472523981111602,XI,False,False
"ARIMA(1,0,1)","ARIMA(1,0,1) | joint_pareto | delta=0.000",Ollie Watkins,Aston Villa,FWD,8.8,6.530840568507672,XI,False,True
"ARIMA(1,0,1)","ARIMA(1,0,1) | joint_pareto | delta=0.000",Pedro Porro,Spurs,DEF,5.8,4.081124152507548,XI,False,False
"ARIMA(1,0,1)","ARIMA(1,0,1) | joint_pareto | delta=0.000",Phil Foden,Man City,MID,8.1,5.363630134559094,XI,False,False
"ARIMA(1,0,1)","ARIMA(1,0,1) | joint_pareto | delta=0.000",Son Heung-min,Spurs,MID,9.6,5.763018581069041,XI,False,False
"ARIMA(1,0,1)","ARIMA(1,0,1) | joint_pareto | delta=0.000",Đorđe Petrović,Chelsea,GK,4.5,4.160060006624626,XI,False,False
"ARIMA(1,0,1)","ARIMA(1,0,1) | joint_pareto | delta=0.005",Bukayo Saka,Arsenal,MID,9.1,6.975393294884185,XI,True,False
"ARIMA(1,0,1)","ARIMA(1,0,1) | joint_pareto | delta=0.005",Carlton Morris,Luton,FWD,5.0,4.081290960294155,Bench,False,False
"ARIMA(1,0,1)","ARIMA(1,0,1) | joint_pareto | delta=0.005",Chris Richards,Crystal Palace,DEF,3.9,3.3400655638178876,Bench,False,False
"ARIMA(1,0,1)","ARIMA(1,0,1) | joint_pareto | delta=0.005",Cole Palmer,Chelsea,MID,5.8,4.973795323387624,XI,False,False
"ARIMA(1,0,1)","ARIMA(1,0,1) | joint_pareto | delta=0.005",Jakub Kiwior,Arsenal,DEF,4.3,4.42838207362497,XI,False,False
"ARIMA(1,0,1)","ARIMA(1,0,1) | joint_pareto | delta=0.005",Jordan Pickford,Everton,GK,4.6,3.729964038008132,Bench,False,False
"ARIMA(1,0,1)","ARIMA(1,0,1) | joint_pareto | delta=0.005",Julián Álvarez,Man City,FWD,6.7,4.861613841494203,XI,False,False
"ARIMA(1,0,1)","ARIMA(1,0,1) | joint_pareto | delta=0.005",Lewis Dunk,Brighton,DEF,5.1,4.053072975868461,XI,False,False
"ARIMA(1,0,1)","ARIMA(1,0,1) | joint_pareto | delta=0.005",Mohamed Salah,Liverpool,MID,13.0,6.472523981111602,XI,False,False
"ARIMA(1,0,1)","ARIMA(1,0,1) | joint_pareto | delta=0.005",Ollie Watkins,Aston Villa,FWD,8.8,6.530840568507672,XI,False,True
"ARIMA(1,0,1)","ARIMA(1,0,1) | joint_pareto | delta=0.005",Pedro Porro,Spurs,DEF,5.8,4.081124152507548,Bench,False,False
"ARIMA(1,0,1)","ARIMA(1,0,1) | joint_pareto | delta=0.005",Phil Foden,Man City,MID,8.1,5.363630134559094,XI,False,False
"ARIMA(1,0,1)","ARIMA(1,0,1) | joint_pareto | delta=0.005",Son Heung-min,Spurs,MID,9.6,5.763018581069041,XI,False,False
"ARIMA(1,0,1)","ARIMA(1,0,1) | joint_pareto | delta=0.005",William Saliba,Arsenal,DEF,5.7,3.846371829487311,XI,False,False
"ARIMA(1,0,1)","ARIMA(1,0,1) | joint_pareto | delta=0.005",Đorđe Petrović,Chelsea,GK,4.5,4.160060006624626,XI,False,False
"ARIMA(1,0,1)","ARIMA(1,0,1) | joint_pareto | delta=0.010",Bukayo Saka,Arsenal,MID,9.1,6.975393294884185,XI,True,False
"ARIMA(1,0,1)","ARIMA(1,0,1) | joint_pareto | delta=0.010",Cole Palmer,Chelsea,MID,5.8,4.973795323387624,XI,False,False
"ARIMA(1,0,1)","ARIMA(1,0,1) | joint_pareto | delta=0.010",Daniel Muñoz,Crystal Palace,DEF,4.5,3.455011873506663,Bench,False,False
"ARIMA(1,0,1)","ARIMA(1,0,1) | joint_pareto | delta=0.010",Dominic Solanke,Bournemouth,FWD,7.0,4.945389090754579,XI,False,False
"ARIMA(1,0,1)","ARIMA(1,0,1) | joint_pareto | delta=0.010",Douglas Luiz Soares de Paulo,Aston Villa,MID,5.5,4.752072515529853,XI,False,False
"ARIMA(1,0,1)","ARIMA(1,0,1) | joint_pareto | delta=0.010",Jakub Kiwior,Arsenal,DEF,4.3,4.42838207362497,XI,False,False
"ARIMA(1,0,1)","ARIMA(1,0,1) | joint_pareto | delta=0.010",Jordan Pickford,Everton,GK,4.6,3.729964038008132,Bench,False,False
"ARIMA(1,0,1)","ARIMA(1,0,1) | joint_pareto | delta=0.010",Julián Álvarez,Man City,FWD,6.7,4.861613841494203,Bench,False,False
"ARIMA(1,0,1)","ARIMA(1,0,1) | joint_pareto | delta=0.010",Lewis Dunk,Brighton,DEF,5.1,4.053072975868461,XI,False,False
"ARIMA(1,0,1)","ARIMA(1,0,1) | joint_pareto | delta=0.010",Mohamed Salah,Liverpool,MID,13.0,6.472523981111602,XI,False,False
"ARIMA(1,0,1)","ARIMA(1,0,1) | joint_pareto | delta=0.010",Ollie Watkins,Aston Villa,FWD,8.8,6.530840568507672,XI,False,True
"ARIMA(1,0,1)","ARIMA(1,0,1) | joint_pareto | delta=0.010",Pedro Porro,Spurs,DEF,5.8,4.081124152507548,XI,False,False
"ARIMA(1,0,1)","ARIMA(1,0,1) | joint_pareto | delta=0.010",Son Heung-min,Spurs,MID,9.6,5.763018581069041,XI,False,False
"ARIMA(1,0,1)","ARIMA(1,0,1) | joint_pareto | delta=0.010",William Saliba,Arsenal,DEF,5.7,3.846371829487311,Bench,False,False
"ARIMA(1,0,1)","ARIMA(1,0,1) | joint_pareto | delta=0.010",Đorđe Petrović,Chelsea,GK,4.5,4.160060006624626,XI,False,False
"ARIMA(1,0,1)","ARIMA(1,0,1) | joint_pareto | delta=0.020",Bukayo Saka,Arsenal,MID,9.1,6.975393294884185,XI,True,False
"ARIMA(1,0,1)","ARIMA(1,0,1) | joint_pareto | delta=0.020",Cole Palmer,Chelsea,MID,5.8,4.973795323387624,XI,False,False
"ARIMA(1,0,1)","ARIMA(1,0,1) | joint_pareto | delta=0.020",Daniel Muñoz,Crystal Palace,DEF,4.5,3.455011873506663,XI,False,False
"ARIMA(1,0,1)","ARIMA(1,0,1) | joint_pareto | delta=0.020",Dominic Solanke,Bournemouth,FWD,7.0,4.945389090754579,Bench,False,False
"ARIMA(1,0,1)","ARIMA(1,0,1) | joint_pareto | delta=0.020",Douglas Luiz Soares de Paulo,Aston Villa,MID,5.5,4.752072515529853,XI,False,False
"ARIMA(1,0,1)","ARIMA(1,0,1) | joint_pareto | delta=0.020",Jakub Kiwior,Arsenal,DEF,4.3,4.42838207362497,XI,False,False
"ARIMA(1,0,1)","ARIMA(1,0,1) | joint_pareto | delta=0.020",Jordan Pickford,Everton,GK,4.6,3.729964038008132,Bench,False,False
"ARIMA(1,0,1)","ARIMA(1,0,1) | joint_pareto | delta=0.020",Julián Álvarez,Man City,FWD,6.7,4.861613841494203,XI,False,False
"ARIMA(1,0,1)","ARIMA(1,0,1) | joint_pareto | delta=0.020",Lewis Dunk,Brighton,DEF,5.1,4.053072975868461,Bench,False,False
"ARIMA(1,0,1)","ARIMA(1,0,1) | joint_pareto | delta=0.020",Mohamed Salah,Liverpool,MID,13.0,6.472523981111602,XI,False,False
"ARIMA(1,0,1)","ARIMA(1,0,1) | joint_pareto | delta=0.020",Ollie Watkins,Aston Villa,FWD,8.8,6.530840568507672,XI,False,True
"ARIMA(1,0,1)","ARIMA(1,0,1) | joint_pareto | delta=0.020",Pedro Porro,Spurs,DEF,5.8,4.081124152507548,XI,False,False
"ARIMA(1,0,1)","ARIMA(1,0,1) | joint_pareto | delta=0.020",Son Heung-min,Spurs,MID,9.6,5.763018581069041,XI,False,False
"ARIMA(1,0,1)","ARIMA(1,0,1) | joint_pareto | delta=0.020",William Saliba,Arsenal,DEF,5.7,3.846371829487311,Bench,False,False
"ARIMA(1,0,1)","ARIMA(1,0,1) | joint_pareto | delta=0.020",Đorđe Petrović,Chelsea,GK,4.5,4.160060006624626,XI,False,False
"ARIMA(1,0,1)","ARIMA(1,0,1) | joint_pareto | delta=0.050",Bukayo Saka,Arsenal,MID,9.1,6.975393294884185,XI,True,False
"ARIMA(1,0,1)","ARIMA(1,0,1) | joint_pareto | delta=0.050",Cole Palmer,Chelsea,MID,5.8,4.973795323387624,XI,False,False
"ARIMA(1,0,1)","ARIMA(1,0,1) | joint_pareto | delta=0.050",Daniel Muñoz,Crystal Palace,DEF,4.5,3.455011873506663,Bench,False,False
"ARIMA(1,0,1)","ARIMA(1,0,1) | joint_pareto | delta=0.050",Dominic Solanke,Bournemouth,FWD,7.0,4.945389090754579,XI,False,False
"ARIMA(1,0,1)","ARIMA(1,0,1) | joint_pareto | delta=0.050",Douglas Luiz Soares de Paulo,Aston Villa,MID,5.5,4.752072515529853,XI,False,False
"ARIMA(1,0,1)","ARIMA(1,0,1) | joint_pareto | delta=0.050",Jakub Kiwior,Arsenal,DEF,4.3,4.42838207362497,Bench,False,False
"ARIMA(1,0,1)","ARIMA(1,0,1) | joint_pareto | delta=0.050",Jordan Pickford,Everton,GK,4.6,3.729964038008132,XI,False,False
"ARIMA(1,0,1)","ARIMA(1,0,1) | joint_pareto | delta=0.050",Julián Álvarez,Man City,FWD,6.7,4.861613841494203,XI,False,False
"ARIMA(1,0,1)","ARIMA(1,0,1) | joint_pareto | delta=0.050",Lewis Dunk,Brighton,DEF,5.1,4.053072975868461,XI,False,False
"ARIMA(1,0,1)","ARIMA(1,0,1) | joint_pareto | delta=0.050",Mohamed Salah,Liverpool,MID,13.0,6.472523981111602,Bench,False,False
"ARIMA(1,0,1)","ARIMA(1,0,1) | joint_pareto | delta=0.050",Ollie Watkins,Aston Villa,FWD,8.8,6.530840568507672,XI,False,True
"ARIMA(1,0,1)","ARIMA(1,0,1) | joint_pareto | delta=0.050",Pedro Porro,Spurs,DEF,5.8,4.081124152507548,XI,False,False
"ARIMA(1,0,1)","ARIMA(1,0,1) | joint_pareto | delta=0.050",Son Heung-min,Spurs,MID,9.6,5.763018581069041,XI,False,False
"ARIMA(1,0,1)","ARIMA(1,0,1) | joint_pareto | delta=0.050",William Saliba,Arsenal,DEF,5.7,3.846371829487311,XI,False,False
"ARIMA(1,0,1)","ARIMA(1,0,1) | joint_pareto | delta=0.050",Đorđe Petrović,Chelsea,GK,4.5,4.160060006624626,Bench,False,False
"ARIMA(1,0,1)","ARIMA(1,0,1) | joint_pareto | delta=0.100",Bukayo Saka,Arsenal,MID,9.1,6.975393294884185,XI,True,False
"ARIMA(1,0,1)","ARIMA(1,0,1) | joint_pareto | delta=0.100",Cole Palmer,Chelsea,MID,5.8,4.973795323387624,Bench,False,False
"ARIMA(1,0,1)","ARIMA(1,0,1) | joint_pareto | delta=0.100",Daniel Muñoz,Crystal Palace,DEF,4.5,3.455011873506663,XI,False,False
"ARIMA(1,0,1)","ARIMA(1,0,1) | joint_pareto | delta=0.100",Dominic Solanke,Bournemouth,FWD,7.0,4.945389090754579,XI,False,False
"ARIMA(1,0,1)","ARIMA(1,0,1) | joint_pareto | delta=0.100",Douglas Luiz Soares de Paulo,Aston Villa,MID,5.5,4.752072515529853,XI,False,False
"ARIMA(1,0,1)","ARIMA(1,0,1) | joint_pareto | delta=0.100",Jakub Kiwior,Arsenal,DEF,4.3,4.42838207362497,XI,False,False
"ARIMA(1,0,1)","ARIMA(1,0,1) | joint_pareto | delta=0.100",Jordan Pickford,Everton,GK,4.6,3.729964038008132,Bench,False,False
"ARIMA(1,0,1)","ARIMA(1,0,1) | joint_pareto | delta=0.100",Julián Álvarez,Man City,FWD,6.7,4.861613841494203,XI,False,False
"ARIMA(1,0,1)","ARIMA(1,0,1) | joint_pareto | delta=0.100",Lewis Dunk,Brighton,DEF,5.1,4.053072975868461,XI,False,False
"ARIMA(1,0,1)","ARIMA(1,0,1) | joint_pareto | delta=0.100",Mohamed Salah,Liverpool,MID,13.0,6.472523981111602,Bench,False,False
"ARIMA(1,0,1)","ARIMA(1,0,1) | joint_pareto | delta=0.100",Ollie Watkins,Aston Villa,FWD,8.8,6.530840568507672,Bench,False,False
"ARIMA(1,0,1)","ARIMA(1,0,1) | joint_pareto | delta=0.100",Pedro Porro,Spurs,DEF,5.8,4.081124152507548,XI,False,False
"ARIMA(1,0,1)","ARIMA(1,0,1) | joint_pareto | delta=0.100",Son Heung-min,Spurs,MID,9.6,5.763018581069041,XI,False,True
"ARIMA(1,0,1)","ARIMA(1,0,1) | joint_pareto | delta=0.100",William Saliba,Arsenal,DEF,5.7,3.846371829487311,XI,False,False
"ARIMA(1,0,1)","ARIMA(1,0,1) | joint_pareto | delta=0.100",Đorđe Petrović,Chelsea,GK,4.5,4.160060006624626,XI,False,False
