name,lag_expected_assists,lag_expected_goal_involvements,lag_expected_goals,lag_expected_goals_conceded,lag_ict_index,lag_selected,lag_starts,lag_total_points,history_gameweeks,team,position,value,model_prediction,cost_vector,model,future_total_points,future_mean_points,future_appearances
Aaron Connolly,0.0,0.0,0.0,0.0,0.0,1767.9219840972592,0.0,0.0,26,Brighton,FWD,4.5,0.299355676906641,0.199570451271094,Full Ridge,0.0,0.0,0
Aaron Cresswell,7.612194201737236e-05,7.612194201737236e-05,0.0,0.009869760502005883,0.00561954378205331,32189.489974271582,0.00628798958539336,0.14452442653336287,26,West Ham,DEF,4.2,0.2213353583562171,0.19573171441526566,Full Ridge,7.0,0.5833333333333334,7
Aaron Hickey,9.086832035971058e-06,3.8602793092547094e-05,2.9515961056576034e-05,0.002035797281417417,0.002452191613629593,15292.640350699687,0.0017761786470720227,0.00534791159175242,25,Brentford,DEF,4.4,0.21298699654835207,0.14377396822948552,Full Ridge,0.0,0.0,0
Aaron Ramsdale,1.980106402118309e-07,1.980106402118309e-07,0.0,0.002027377285018917,0.0010222057588728476,631956.498811173,0.001846400877533864,0.010593279196684197,26,Arsenal,GK,4.5,0.1607062074876343,0.11066856472398427,Full Ridge,3.0,0.25,1
Aaron Ramsey,0.002053559005005193,0.03498371450694462,0.03515237772416164,0.719246251643676,0.6111388519918903,4407.0999685571,0.469386409685654,0.8402673698470102,24,Burnley,MID,5.0,1.1007894541683922,1.0139487593945982,Full Ridge,0.0,0.0,0
Aaron Wan-Bissaka,0.002221514996592938,0.0034691417322042298,0.0012476267356112919,0.1416488851206657,0.31100522957110227,193940.655420587,0.10913894007000809,0.07532633805375576,26,Man Utd,DEF,4.4,0.45551849123232546,0.3287877735061356,Full Ridge,18.0,1.5,9
Abdoulaye Doucouré,0.003315867708013848,0.11584541357391302,0.11252954586589918,0.5479753468792674,1.9136586104955524,59670.94393764496,0.6254635980287558,1.7060069356499978,26,Everton,MID,5.5,1.5648467737328986,1.6119001610385981,Full Ridge,32.0,2.6666666666666665,11
Abdul Rahman Baba,0.0,0.0,0.0,0.0,0.0,255.10351953444496,0.0,0.0,25,Chelsea,DEF,4.0,0.20868062348574612,0.13912041565716407,Full Ridge,0.0,0.0,0
Adam Davies,0.0,0.0,0.0,0.0,0.0,17559.899334161346,0.0,0.0,26,Sheffield Utd,GK,4.0,0.05305249882466345,0.03536833254977563,Full Ridge,0.0,0.0,0
Adam Lallana,0.029116435221131876,0.03476929226452899,0.005652857043397107,0.2337029028872849,0.725103730702556,4938.127947885013,0.16935863907144083,0.7150228588995996,26,Brighton,MID,4.9,0.7113741690060693,0.7125903989705793,Full Ridge,8.0,0.6666666666666666,7
Adam Smith,0.012415701612518492,0.012415701612518492,0.0,1.5091035099419674,1.2557114509415293,12641.535853002953,0.9513043410566757,1.522895474259064,25,Bournemouth,DEF,4.4,1.809982717468848,1.7142869697322531,Full Ridge,40.0,3.3333333333333335,10
Adam Webster,0.010372762725581346,0.010869536283716045,0.000496773558134699,0.08206205672049409,0.8731522824310667,16617.837022703705,0.25343547257547056,0.39891979595028243,26,Brighton,DEF,4.2,0.7885558553208754,0.658677168864011,Full Ridge,14.0,1.1666666666666667,5
Adam Wharton,0.13148148148148148,0.15814814814814815,0.026666666666666665,0.91,4.614814814814815,739.0370370370371,0.7037037037037037,2.2222222222222223,4,Crystal Palace,MID,5.0,2.5413136525263935,2.434949842425003,Full Ridge,41.0,3.4166666666666665,11
Adama Traoré,0.015589810429463372,0.12226004128765387,0.10667023085819047,0.43491168617781345,1.5566604259224728,2783.4205531462894,0.0,1.482756967793885,25,Fulham,MID,4.9,0.915195883846001,1.104382911828629,Full Ridge,27.0,2.25,10
Ademola Ola-Adebomi,0.0,0.0,0.0,0.0,0.0,2452.2082783916303,0.0,0.0,20,Crystal Palace,FWD,4.5,0.29953031116109674,0.19968687410739783,Full Ridge,0.0,0.0,0
Admiral Muskwe,0.0,0.0,0.0,0.0,0.0,6211.232180944679,0.0,0.0,23,Luton,FWD,4.5,0.3004896381886544,0.2003264254591029,Full Ridge,0.0,0.0,0
Adrián San Miguel del Castillo,0.0,0.0,0.0,0.0,0.0,26844.787988718308,0.0,0.0,25,Liverpool,GK,3.9,0.05460303645117004,0.036402024300780024,Full Ridge,0.0,0.0,0
Aidan Francis-Clarke,0.0,0.0,0.0,0.0,0.0,1734.4608368157162,0.0,0.0,23,Luton,DEF,4.0,0.208811972938447,0.13920798195896467,Full Ridge,0.0,0.0,0
Albert Sambi Lokonga,0.1404960826254425,0.15924761267165027,0.01875153004620776,2.3117646683971156,4.368937589754923,2725.205166563268,1.2946908018474872,2.5535415675389794,24,Luton,MID,4.9,3.5510687119201467,3.2185596637930907,Full Ridge,19.0,1.5833333333333333,5
Alejandro Garnacho,0.14796828449369617,0.4687067272054911,0.3207384427117949,1.591395265140077,10.059610416345151,864953.960132101,0.9985369643517163,4.302420436866783,26,Man Utd,MID,5.0,4.830919093408596,4.654752874561325,Full Ridge,48.0,4.0,11
Alejo Véliz,0.0,0.012290809327846373,0.012290809327846373,0.031930892328206235,0.18926553778625804,6274.735893170268,0.0,0.21241647857194268,25,Spurs,FWD,5.4,0.3577323824222335,0.30929374780546987,Full Ridge,0.0,0.0,0
Aleksandar Mitrović,7.920425608473241e-07,7.128383047625916e-06,6.336340486778593e-06,2.376127682541972e-05,0.00013068702253980852,70467.40459285362,0.0,3.960212804236619e-05,26,Fulham,FWD,7.4,0.3169306242384059,0.2113002835349514,Full Ridge,0.0,0.0,0
Alex Iwobi,0.09307656741602327,0.21569529531944526,0.12261872790342201,0.8005298176434181,4.768560447014021,45526.963496279015,0.42039481899226755,3.8105279777600978,26,Fulham,MID,5.3,2.324852541111597,2.820077686661097,Full Ridge,38.0,3.1666666666666665,12
Alex Matos,0.0,0.0,0.0,0.0,0.0,721.8995190021215,0.0,0.00022554649486628857,21,Chelsea,MID,4.5,0.23905503317139454,0.15944520427921843,Full Ridge,0.0,0.0,0
Alex Mighten,0.0,0.0,0.0,0.0,0.0,1743.88327006157,0.0,0.0,26,Nott'm Forest,MID,4.4,0.2392867323821295,0.159524488254753,Full Ridge,0.0,0.0,0
Alex Murphy,0.0,0.0,0.0,0.0,0.0,42534.196140692795,0.0,0.0017127436953908778,26,Newcastle,DEF,3.9,0.21243450742683756,0.14219391951635532,Full Ridge,1.0,0.08333333333333333,1
Alex Scott,0.020394932132771125,0.06839211129073766,0.04799717915796654,0.6195713682040189,2.2427686536217246,2734.1924203297403,0.23591151886652031,1.4800305231146413,25,Bournemouth,MID,4.9,1.2678243989897438,1.338559773698043,Full Ridge,15.0,1.25,9
Alex Telles,0.0,0.0,0.0,0.0,0.0,527.998592871597,0.0,0.0,26,Man Utd,DEF,4.5,0.208704853344286,0.13913656889619067,Full Ridge,0.0,0.0,0
Alexander Isak,0.013333830748128373,0.10610122377576683,0.09276739302763845,1.118641142284296,1.5493281805090906,1323115.5508355983,0.5062713657522119,1.3645237691676748,26,Newcastle,FWD,7.5,2.0959425247102095,1.852136272862698,Full Ridge,91.0,7.583333333333333,11
Alexandre Moreno Lopera,0.060531592406306636,0.09283628850615593,0.032304696099849296,1.4610142800423755,3.270948170477376,299643.1392695558,0.9501431014919814,1.8023606257954012,26,Aston Villa,DEF,5.2,2.4157147531222716,2.211263377346648,Full Ridge,13.0,1.0833333333333333,8
Alexis Mac Allister,0.22726195334813354,0.3717508368206852,0.1444888834725517,1.5759052132466758,9.24809806596809,296020.95967408584,1.2172748767554213,6.898247353622898,25,Liverpool,MID,5.8,4.685673493766918,5.423198113718911,Full Ridge,51.0,4.25,11
Alfie Dorrington,0.0,0.0,0.0,0.0,0.0,2075.3991223861167,0.0,0.0,14,Spurs,DEF,4.0,0.20884224423037312,0.13922816282024875,Full Ridge,0.0,0.0,0
Alfie Doughty,0.23329480856887155,0.34643027441055974,0.11313546584168818,2.9065597623185724,9.121402778538027,663918.0392014387,1.3275402930005633,2.7888547997882247,23,Luton,DEF,4.6,4.681555448591751,4.0506552323239085,Full Ridge,27.0,2.25,12
Alfie Gilchrist,0.0014814814814814816,0.0014814814814814816,0.0,0.17579332418838595,0.13598536808413356,3266.4882014123136,0.0,0.5093735711019663,21,Chelsea,DEF,4.0,0.2509289342792359,0.33707714655347937,Full Ridge,15.0,1.25,6
Alfie Whiteman,0.0,0.0,0.0,0.0,0.0,21444.38695853128,0.0,0.0,25,Spurs,GK,3.9,0.05370119203417534,0.03580079468945022,Full Ridge,0.0,0.0,0
Alisson Ramses Becker,0.0,0.0,0.0,0.7645602607820968,0.8282286754272828,1495410.623492868,0.4348102611578709,1.2902582367709088,25,Liverpool,GK,5.8,1.4793457937705807,1.4163166081040233,Full Ridge,20.0,1.6666666666666667,6
Allan Campbell,0.0,0.0,0.0,0.0,0.0,1382.5659997123844,0.0,0.0,23,Luton,MID,4.9,0.23920481627898404,0.15946987751932268,Full Ridge,0.0,0.0,0
Allan Saint-Maximin,0.0,0.0,0.0,0.0,0.0,2829.1611028466973,0.0,0.0,26,Newcastle,MID,6.0,0.2395327813207978,0.15968852088053187,Full Ridge,0.0,0.0,0
Alphonse Areola,0.0,0.0,0.0,1.8381807336821003,3.375324834753953,3758104.2210275703,0.9816950517555103,2.3996924733788516,26,West Ham,GK,4.2,3.4562778766704136,3.1040827422398927,Full Ridge,30.0,2.5,8
Altay Bayindir,0.0,0.0,0.0,0.0,0.0,8755.21774493383,0.0,0.0,23,Man Utd,GK,4.0,0.051582153772458006,0.034388102514972,Full Ridge,0.0,0.0,0
Amad Diallo,0.01321902149062643,0.01526748971193416,0.002048468221307729,0.06416095107453132,0.6258344764517605,2381.7544104073954,0.0,0.36259716506630085,26,Man Utd,MID,4.4,0.43209614158657006,0.4089298160798136,Full Ridge,21.0,1.75,6
Amadou Diallo,0.0,0.0,0.0,0.0,0.0,718.5513763522198,0.0,0.0017127436953908778,15,Newcastle,MID,4.5,0.23905427409669444,0.15994043062959323,Full Ridge,0.0,0.0,0
Amadou Onana,0.02226392210944628,0.10246467776715755,0.08020075565771129,0.5564259951637487,2.409910927193298,17171.289659896338,0.11700998085312943,2.273102250235747,26,Everton,MID,4.7,1.2268805641287432,1.575621126164411,Full Ridge,15.0,1.25,10
Amari'i Bell,0.02723000034405881,0.02732417187927212,9.417153521331261e-05,3.1684918184019377,3.805803477940808,372722.42910653324,1.3269792656732724,1.9624318192027566,23,Luton,DEF,3.9,3.0736409231810313,2.703237888521606,Full Ridge,1.0,0.08333333333333333,1
Ameen Al-Dakhil,0.003985071135347477,0.0722586633713961,0.06893202845004037,0.15771818136463453,0.780786254662975,191627.82862728823,0.11141217216888662,0.5583547239316763,25,Burnley,DEF,3.8,0.5394534889695471,0.5457539006235902,Full Ridge,0.0,0.0,0
Anass Zaroury,0.001335661007910827,0.0013592760971932777,2.361508928245081e-05,0.01656701492364902,0.053928403090463053,2922.7842663551555,0.0005074796134491491,0.06866971085832141,25,Burnley,MID,4.6,0.26111523910369727,0.19696672968857196,Full Ridge,0.0,0.0,0
Andi Zeqiri,0.0,0.0,0.0,0.0,0.0,46834.61159044602,0.0,0.0,26,Brighton,FWD,4.4,0.31085698535869855,0.20723799023913236,Full Ridge,0.0,0.0,0
Andre Brooks,0.007935049162456966,0.02154273091828688,0.01360768175582991,0.4786016185647547,0.48676627683821805,3799.485682729234,0.22274532826786056,0.5555491000728087,26,Sheffield Utd,MID,4.4,0.7565856074066639,0.6895734382953788,Full Ridge,10.0,0.8333333333333334,7
Andreas Hoelgebaum Pereira,0.22559470639077311,0.2805474269701619,0.054952720579388735,1.1744768157282368,7.4071173376138795,96048.01827506596,0.9701890865255411,2.2886428538214085,26,Fulham,MID,5.3,3.7626584791137296,3.2713199373496225,Full Ridge,47.0,3.9166666666666665,11
Andrew Omobamidele,0.00043895747599451325,0.00043895747599451325,0.0,0.7879835390946502,0.6761316872427985,2532.631032865421,0.20850480109739378,0.7640603566529494,22,Nott'm Forest,DEF,4.5,0.6765791530955132,0.7057395542813252,Full Ridge,6.0,0.5,6
Andrew Robertson,0.2017311004416243,0.22400670200096487,0.022275601559340576,1.1420997736445666,6.295945663244831,329872.7124276833,0.5565705147824539,2.5456198826087255,25,Liverpool,DEF,6.4,2.8915540042642354,2.7762426303790653,Full Ridge,41.0,3.4166666666666665,9
Andrey Nascimento dos Santos,0.0,4.567316521042341e-05,4.567316521042341e-05,1.5224388403474471e-05,0.00015224388403474473,10315.454790504748,0.0,0.0007612194201737237,25,Chelsea,MID,4.2,0.2413290411561908,0.1611397672441851,Full Ridge,0.0,0.0,0
Andros Townsend,0.05468622732031089,0.12677861386933517,0.07209238654902428,1.064393594578319,2.717134859122023,14969.481209683778,0.18832486683480507,1.2932078380604186,16,Luton,MID,5.0,1.6199393694801336,1.511028859006895,Full Ridge,17.0,1.4166666666666667,10
André Onana,0.002712208216053678,0.002712208216053678,0.0,1.6129214823185074,2.82027411449517,1321491.3943616173,1.0,3.085502461479596,26,Man Utd,GK,4.8,3.118078017792752,3.1072194990216997,Full Ridge,41.0,3.4166666666666665,11
André Tavares Gomes,0.0019509221155311705,0.0036417212823248515,0.0016907991667936815,0.05560128029263837,0.17200629985266488,12139.98999319626,0.019509221155311705,0.13981608494640055,26,Everton,MID,4.4,0.3231576650396196,0.26204380500854657,Full Ridge,11.0,0.9166666666666666,9
Andy Lonergan,0.0,0.0,0.0,0.0,0.0,6363.093815052525,0.0,0.0,26,Everton,GK,3.9,0.0511826790669937,0.03412178604466246,Full Ridge,0.0,0.0,0
Anel Ahmedhodžić,0.00485448690414232,0.17302921935611446,0.16817473245197212,1.7968059260997753,2.595045032417278,18026.689016322256,0.9532684292285845,0.8438466606166497,26,Sheffield Utd,DEF,4.3,2.0561394584274346,1.6520418591571728,Full Ridge,7.0,0.5833333333333334,10
Angelo Ogbonna,0.0,0.0,0.0,0.12958922544555543,0.11021064794508141,11657.590040335748,0.04880275448431103,0.29963986068796516,26,West Ham,DEF,4.3,0.3048097936624129,0.3030864826709303,Full Ridge,2.0,0.16666666666666666,5
Anis Slimane,0.0006082228579217896,0.005301254017320974,0.004693031159399183,0.13909954614482364,0.181229651428626,1990.779778312327,0.10862108018246815,0.1601314540239049,26,Sheffield Utd,MID,4.7,0.4325430180155607,0.3417391633516754,Full Ridge,4.0,0.3333333333333333,4
Anssumane Fati Vieira,0.022695422476612017,0.11474345477159442,0.09204803229498242,0.2587034820399012,1.3825183301540698,37548.26090914674,0.002854572825651463,1.4790554104071267,23,Brighton,MID,6.4,0.8207045714723102,1.040154851117249,Full Ridge,5.0,0.4166666666666667,6
Anthony Elanga,0.11425463652679085,0.5498720597416844,0.4356174232148936,1.6035457733369332,5.4998490359035,154488.1865503239,0.8898011844377554,3.801077681456382,26,Nott'm Forest,MID,5.1,3.691898403629881,3.7282914962387146,Full Ridge,25.0,2.0833333333333335,11
Anthony Gordon,0.05636183873297148,0.38767295835534,0.3313114166383288,2.233493558052381,5.3205540913714735,1821129.7620901393,0.9996742106185268,3.8341293456943912,26,Newcastle,MID,6.1,4.07733268012644,3.9962649019824235,Full Ridge,62.0,5.166666666666667,9
Anthony Knockaert,0.0,0.0,0.0,0.0,0.0,2796.3114271817685,0.0,0.0,26,Fulham,MID,4.4,0.23952533380128826,0.1596835558675255,Full Ridge,0.0,0.0,0
Anthony Martial,0.00018537013113306382,0.0019309562793196817,0.001745586148186618,0.012817195988907714,0.03313345519805273,32782.84437728586,0.01013662320050084,0.03308911647759632,26,Man Utd,FWD,6.4,0.3303026071468115,0.2312314435904064,Full Ridge,0.0,0.0,0
Antoine Semenyo,0.03652040961372285,0.10026410695435539,0.06374369734063257,1.0856445730475053,4.127380852141222,211330.95709686767,0.776169087129976,3.027573039477491,25,Bournemouth,FWD,4.5,2.4859027410528434,2.6664595071943924,Full Ridge,46.0,3.8333333333333335,10
Antonee Robinson,0.07204361803410567,0.10126920818266043,0.029225590148554765,1.7417936175116402,5.465088170924374,180314.7517114166,0.9999331714089288,3.230386096458119,26,Fulham,DEF,4.5,3.100123586757042,3.1435444233240677,Full Ridge,37.0,3.0833333333333335,12
Antony Matheus dos Santos,0.008504192450146168,0.015868144669191963,0.007363952219045795,0.1181701853531831,0.4460967131741287,61937.16404964983,0.06180812375894819,0.6665189324382057,26,Man Utd,MID,6.8,0.47709776765885503,0.5402381559186386,Full Ridge,17.0,1.4166666666666667,9
Antwoine Hackford,0.0,0.0,0.0,2.3761276825419705e-06,0.0,7408.066783820225,0.0,5.940319206354928e-05,26,Sheffield Utd,FWD,4.4,0.3007966110986676,0.2005508751297996,Full Ridge,0.0,0.0,0
Aribim Pepple,0.0,0.0,0.0,0.0,0.0,5716.212666418859,0.0,0.0,23,Luton,FWD,4.5,0.30036330603122097,0.20024220402081397,Full Ridge,0.0,0.0,0
Arijanet Muric,0.0,0.0,0.0,0.0,0.0,13623.019545480758,0.0,0.0,25,Burnley,GK,4.3,0.05239505634253028,0.03493003756168685,Full Ridge,47.0,3.9166666666666665,10
Armando Broja,0.004649990287713234,0.032207965098480264,0.02755797481076703,0.1510007483329529,0.4162606758203175,23054.34205883518,0.09232214756601471,0.45991071684083007,26,Fulham,FWD,4.9,0.5715275026476047,0.5343219073786798,Full Ridge,9.0,0.75,6
Arnaut Danjuma Groeneveld,0.010046121947509356,0.0343090875238724,0.02426296557636303,0.13766473280347685,0.3704612579819137,13470.25808181051,0.10988045157977923,0.3938633082998508,26,Everton,MID,5.2,0.5261407576542767,0.4820482745361347,Full Ridge,0.0,0.0,0
Ashley Phillips,0.0,0.0,0.0,0.0,0.0,7501.223750596045,0.0,0.0,22,Spurs,DEF,4.0,0.2093239933568627,0.1395493289045751,Full Ridge,0.0,0.0,0
Ashley Young,0.021573783769401323,0.04040008247678776,0.01882629870738644,0.5189866104575342,1.2615937914069306,29377.207990295086,0.5518134741706964,2.5105699112317676,26,Everton,DEF,4.4,1.2819187892280723,1.691469163229304,Full Ridge,34.0,2.8333333333333335,10
Auston Trusty,0.010612168113803609,0.01760477877048987,0.006992610656686259,1.1430766812097168,1.9473748347035942,235589.37270902283,0.6291785366398972,0.8235170276592046,26,Sheffield Utd,DEF,3.9,1.5996832095841795,1.340961148942521,Full Ridge,7.0,0.5833333333333334,11
Axel Disasi,0.0091473366313222,0.038026561699585223,0.02887922506826302,1.941421586224347,3.323593118529755,380894.7212460368,0.9969234048434648,1.0246255714386585,25,Chelsea,DEF,4.9,2.4614508467198966,1.9825090882928171,Full Ridge,15.0,1.25,8
Aymeric Laporte,0.0,7.128383047625916e-06,7.128383047625916e-06,4.15822344444845e-06,0.00017226925698429302,10898.874152095339,0.0,5.940319206354928e-05,25,Man City,DEF,4.9,0.209668496471896,0.13979879871195186,Full Ridge,0.0,0.0,0
Bailey Peacock-Farrell,0.0,0.0,0.0,0.0,0.0,885.9547657068163,0.0,0.0,25,Burnley,GK,4.0,0.050268019721299684,0.03351201314753312,Full Ridge,0.0,0.0,0
Bart Verbruggen,0.0,0.0,0.0,0.30083589977394554,1.0903715428924945,40704.9525353625,0.6846524165081735,2.1437530648099594,26,Brighton,GK,4.4,2.0983044957619583,2.1134540187779587,Full Ridge,38.0,3.1666666666666665,8
Bashir Humphreys,0.0,0.0,0.0,0.0,0.0,914.4379005939747,0.0,0.0,24,Chelsea,DEF,4.0,0.20873916458943176,0.13915944305962116,Full Ridge,0.0,0.0,0
Ben Brereton,0.00460905349794239,0.09646090534979428,0.09185185185185189,0.36938271604938283,1.8798353909465029,11048.427983539095,0.2962962962962964,1.5802469135802475,6,Sheffield Utd,MID,5.0,1.1684594960282626,1.305721968545591,Full Ridge,46.0,3.8333333333333335,10
Ben Chilwell,0.045327059975475384,0.08760799854035292,0.04228093856487754,1.43375174553555,2.7938961514947076,528805.9845763476,0.8026696215756837,1.0789689673073568,25,Chelsea,DEF,5.4,2.092420723987794,1.7546034717609815,Full Ridge,5.0,0.4166666666666667,2
Ben Davies,0.09535426191265846,0.3002619350824342,0.20490767316977573,0.7846490094219958,3.6183991266669433,47348.11404823297,0.4623563081610793,0.9557252375236571,25,Spurs,DEF,4.3,1.7555915487945457,1.4889694450375828,Full Ridge,3.0,0.25,1
Ben Doak,0.0,0.0,0.0,8.3164468888969e-06,5.94031920635493e-06,3230.2658941272,0.0,5.940319206354928e-05,25,Liverpool,MID,4.3,0.23962813544287886,0.15977189135927375,Full Ridge,0.0,0.0,0
Ben Godfrey,0.052304526748971195,0.14086419753086424,0.08855967078189304,0.8727423561194427,3.3362427814188216,14123.164143265507,0.8769835221595625,1.6405465083966897,26,Everton,DEF,4.3,2.2559592771472845,2.0508216875637526,Full Ridge,20.0,1.6666666666666667,8
Ben Greenwood,0.0,0.0,0.0,0.0,0.0,16969.15810086669,0.0,0.0,25,Bournemouth,DEF,4.0,0.21016463407333363,0.1401097560488891,Full Ridge,0.0,0.0,0
Ben Jackson,0.0,0.0,0.0,0.0,0.0,2984.685818369302,0.0,0.0,14,Brighton,DEF,4.0,0.20892297814669636,0.1392819854311309,Full Ridge,0.0,0.0,0
Ben Johnson,0.005011431184270692,0.023941472336534073,0.01893004115226338,1.1994741655235486,0.8015698826398417,7280.090902613101,0.3420210333790582,0.8410811360056905,26,West Ham,DEF,4.4,0.8782085069921328,0.8658327166633186,Full Ridge,6.0,0.5,6
Ben Mee,0.017702113949035717,0.2183694191312353,0.20066730518219958,2.216140935354673,2.698801481773764,189530.07053626474,1.1701907534208402,1.9756450208334968,25,Brentford,DEF,4.8,2.3700751847985955,2.2385984634768956,Full Ridge,0.0,0.0,0
Ben Osborn,0.017494195375840432,0.02416561429787218,0.00667141892203175,0.9394339293699993,1.5773368424221785,1397.0153599485348,0.3704594751584657,1.650630601254514,26,Sheffield Utd,MID,4.8,1.304029984350044,1.4195635233182005,Full Ridge,20.0,1.6666666666666667,10
Ben Parkinson,0.0,0.0,0.0,0.006028857807775891,0.0006850974781563512,2749.156233502664,0.0,0.0034254873907817555,15,Newcastle,FWD,4.5,0.3036064074864151,0.20354610078787064,Full Ridge,0.0,0.0,0
Ben Pearson,0.0,0.0,0.0,0.0,0.0,80.73051004763407,0.0,0.0,25,Bournemouth,MID,4.5,0.23890967043625477,0.15927311362416985,Full Ridge,0.0,0.0,0
Bendegúz Bolla,0.0,0.0,0.0,0.0,0.0,41264.11525451299,0.0,0.0,26,Wolves,DEF,4.0,0.21232173924883435,0.14154782616588957,Full Ridge,0.0,0.0,0
Benicio Baker-Boaitey,7.707346629258947e-05,7.707346629258947e-05,0.0,0.05225006476103024,0.016227828363512293,479.95126123543776,0.0,0.1984666846053153,15,Brighton,MID,4.5,0.26253872703470016,0.24118137955823854,Full Ridge,0.0,0.0,1
Benjamin Fredrick,0.0,0.0,0.0,0.0,0.0,483.71604938271605,0.0,0.0,5,Brentford,DEF,4.0,0.20870092157757658,0.1391339477183844,Full Ridge,0.0,0.0,0
Benjamin White,0.12616209418838087,0.13037948794273463,0.004217393754353774,0.2567945401505806,2.291543442013684,1135763.7582349316,0.9945763116312625,3.9734192146206175,26,Arsenal,DEF,5.6,2.33467947104013,2.880926052233626,Full Ridge,87.0,7.25,11
Benoît Badiashile,0.005234146405715784,0.005577765609603579,0.0003436192038877948,0.4989718896359146,0.5769990146287801,10126.999274112073,0.1561289650842396,0.35817334379545446,25,Chelsea,DEF,4.4,0.5823415718142508,0.5076188291413187,Full Ridge,17.0,1.4166666666666667,8
Bernardo Veiga de Carvalho e Silva,0.24824204111426784,0.4431909756602977,0.1949489345460298,0.6851858948169487,7.428417122490446,408302.4353771237,0.7855357894407946,2.5337034587957854,25,Man City,MID,6.3,3.737768168216598,3.3364132650763265,Full Ridge,44.0,3.6666666666666665,10
Bernd Leno,0.0,0.0,0.0,1.7461808209456666,2.6030023007651106,1651538.0074085617,1.0,2.5388306599933275,26,Fulham,GK,4.8,3.1066861242968473,2.917400969529007,Full Ridge,44.0,3.6666666666666665,12
Bertrand Traoré,0.0,0.0,0.0,0.00017575919451802633,0.00015224388403474473,1637.0522057121993,0.0,0.0005371812094809239,26,Aston Villa,MID,5.0,0.23936146377176737,0.15975336958433856,Full Ridge,0.0,0.0,0
Billy Blacker,0.0,0.0,0.0,0.0,0.0,111.66666666666666,0.0,0.0,2,Sheffield Utd,FWD,4.5,0.298932989918812,0.19928865994587466,Full Ridge,0.0,0.0,0
Billy Gilmour,0.05827444055059218,0.0879645752225989,0.029690134672006752,0.8287870581790479,2.7652191232260606,32723.074518161964,0.9930417134583274,1.0546041592302475,26,Brighton,MID,4.9,2.1950522914694157,1.8149029140563595,Full Ridge,7.0,0.5833333333333334,4
Bobby Clark,0.0,0.0,0.0,0.11588477366255147,0.3860082304526749,2113.728424650688,0.0,0.720164609053498,25,Liverpool,MID,4.4,0.36441700282403877,0.4829995382338585,Full Ridge,1.0,0.08333333333333333,1
Bobby De Cordova-Reid,0.06099728089324309,0.1262680752796044,0.06527079438636128,0.9481248531589794,2.7280311497737637,17894.06635724652,0.5861599496781754,3.036890952856724,26,Fulham,MID,5.3,1.9311102919064838,2.2997038455565635,Full Ridge,19.0,1.5833333333333333,10
Bobby Thomas,0.0,0.0,0.0,0.0,0.0,1042.2188737749043,0.0,0.0,25,Burnley,DEF,4.0,0.20875051003025047,0.13916700668683363,Full Ridge,0.0,0.0,0
Boubacar Kamara,0.01827995576546455,0.018540592334514116,0.00026063656904956486,0.5195523676215484,0.7179524824079716,10707.857785453958,0.3800961285762046,0.8401291803745032,26,Aston Villa,MID,5.0,0.9677685268610179,0.9252220780321796,Full Ridge,0.0,0.0,0
Boubacar Traoré,0.000804642674528797,0.0009966655595135922,0.00019202288498479513,0.16082097752426686,0.06142334358420427,36400.46513736076,0.0034149148988348987,0.26845302180036196,26,Wolves,MID,4.3,0.32669453709064467,0.3072806986605504,Full Ridge,11.0,0.9166666666666666,10
Bradley Ibrahim,0.0,0.0,0.0,0.0,0.0,412.81664965840264,0.0,0.0,15,Arsenal,MID,4.5,0.23898495939888653,0.15932330626592434,Full Ridge,0.0,0.0,0
Braian Ojeda Rodríguez,0.0,0.0,0.0,0.0,0.0,191.64974274074916,0.0,0.0,26,Nott'm Forest,MID,4.5,0.23893481750796086,0.15928987833864056,Full Ridge,0.0,0.0,0
Brandon Aguilera Zamora,0.0,0.0,0.0,0.0,0.0,418.19996487949777,0.0,0.04389574759945132,26,Nott'm Forest,MID,4.5,0.23898617987806403,0.1739560357851931,Full Ridge,0.0,0.0,0
Brandon Austin,0.0,0.0,0.0,0.0,0.0,20543.144177974318,0.0,0.0,25,Spurs,GK,3.9,0.053550688253908074,0.03570045883593871,Full Ridge,0.0,0.0,0
Brandon Williams,0.0,0.0,0.0,0.0,0.0,6448.827579296964,0.0,0.0,26,Man Utd,DEF,4.0,0.20923055300982163,0.13948703533988108,Full Ridge,0.0,0.0,0
Brennan Johnson,0.03350464646613402,0.23656336712709483,0.20309725739410708,0.7392556803465772,4.77226885609315,65531.42819377938,0.3436793755972118,3.600717598222641,25,Spurs,MID,5.8,2.193209457339016,2.6623788376335575,Full Ridge,59.0,4.916666666666667,11
Bruno Borges Fernandes,0.15661773066707,0.3786350810473539,0.22201735038028386,1.592545184667404,9.45443272738379,1109347.1945312275,0.9913292350420839,3.2129943334675986,26,Man Utd,MID,8.2,4.643768333662468,4.166843666930845,Full Ridge,77.0,6.416666666666667,10
Bruno Cavaco Jordão,0.0,0.0,0.0,0.0,0.0,18846.209774785173,0.0,0.0,26,Wolves,MID,4.3,0.24316408909036258,0.16210939272690839,Full Ridge,0.0,0.0,0
Bruno Guimarães Rodriguez Moura,0.23301017935120916,0.31292861628902496,0.07991843693781578,2.290521825359922,6.445626904411728,243215.12497093316,0.9988581708697397,4.306186352742954,26,Newcastle,MID,5.8,4.098324802676883,4.16761198603224,Full Ridge,71.0,5.916666666666667,11
Bryan Gil Salvatierra,0.0051308298255748706,0.029797349721480543,0.024666519895905674,0.2508645552816904,0.25672823720998417,1344.1502513100286,0.00642278885771579,0.3130684913259713,25,Spurs,MID,4.9,0.44072698640699626,0.39817415471332124,Full Ridge,1.0,0.08333333333333333,1
Bryan Mbeumo,0.0026905686758832387,0.011846173793034152,0.00915560511715091,0.015811589464618293,0.10616606032073846,718435.7288688206,0.01734152991583263,0.08821822155869376,25,Brentford,MID,6.8,0.4643796470130287,0.338992505194917,Full Ridge,40.0,3.3333333333333335,10
Bukayo Saka,0.41952198606897806,1.1071281780898843,0.6876061920209063,0.24248999699431464,12.766666138598788,6514857.042381658,0.999774453505134,10.93176591748707,26,Arsenal,MID,9.1,7.363986091370556,8.553246033409394,Full Ridge,57.0,4.75,9
Bénie Traoré,0.000176732521234341,0.00018207880852006043,5.346287285719436e-06,0.0071902163417078835,0.006259815852223867,3098.8686355146438,8.910478809532391e-05,0.007084113456860772,26,Sheffield Utd,FWD,5.1,0.3060507256817485,0.2063951882734526,Full Ridge,0.0,0.0,0
CJ Egan-Riley,0.0,0.0,0.0,0.0,0.0,20156.049267055823,0.0,0.0,25,Burnley,DEF,3.9,0.2104475923590745,0.14029839490604967,Full Ridge,0.0,0.0,0
Callum Hudson-Odoi,0.09855079739414035,0.3311312475455679,0.23258045015142753,1.634071927136691,6.9246119326505635,31667.273107824054,0.8701705172877103,5.822249607518026,26,Nott'm Forest,MID,4.7,3.6435347183124644,4.369773014714318,Full Ridge,45.0,3.75,12
Callum Marshall,0.0,0.0,0.0,0.0,0.0,50.074074074074076,0.0,0.0,6,West Ham,FWD,4.5,0.2989172710938449,0.19927818072922993,Full Ridge,0.0,0.0,0
Callum Scanlon,0.0,0.0,0.0,0.0,0.0,1841.5030033994929,0.0,0.0,17,Liverpool,DEF,3.9,0.20882147701824738,0.1392143180121649,Full Ridge,0.0,0.0,0
Callum Wilson,0.012418344406963077,0.03199531574458603,0.019576971337622952,0.38589855398375483,0.6848711616844153,336484.15001239243,0.17159915079654,0.34472423278298475,26,Newcastle,FWD,7.8,0.9320283564130836,0.7362603152030507,Full Ridge,12.0,1.0,4
Calum Chambers,0.0,0.0,0.0,0.5166666666666666,0.3333333333333333,150619.54773677044,0.0,0.3333333333333333,26,Aston Villa,DEF,3.8,0.3229634869389505,0.32642010240374475,Full Ridge,5.0,0.4166666666666667,4
Calvin Bassey,0.0011576564810954033,0.06119571745210409,0.06003806097100869,0.6681690251022261,2.5063297744343878,17743.18807404846,0.4118071256857526,3.6681167717563685,26,Fulham,DEF,4.4,1.403037239294093,2.1580637501148514,Full Ridge,33.0,2.75,12
Cameron Archer,0.012415244096100024,0.1659748587562956,0.1535596146601956,0.40379487598582714,1.4252518397185416,614542.3167819802,0.20607922721253882,1.530877971444346,26,Sheffield Utd,FWD,4.3,1.2270616930196523,1.3283337858278834,Full Ridge,16.0,1.3333333333333333,7
Cameron Peupion,0.0,0.0,0.0,0.0,0.0,62.97119341563786,0.0,0.0,6,Brighton,MID,4.5,0.238905644129924,0.15927042941994932,Full Ridge,0.0,0.0,0
Caoimhin Kelleher,0.003333333333333333,0.003333333333333333,0.0,1.2107388402475532,2.525947753372434,200954.9788468926,0.8985230721754626,2.371870066479628,25,Liverpool,GK,3.7,2.7004835977348662,2.59094575398312,Full Ridge,19.0,1.5833333333333333,5
Carlos Baleba,0.001033471137179153,0.002285553737625548,0.001277773755877258,0.1462518593885764,0.12201235472947165,5364.07044561798,0.026280792117149347,0.2863602696647872,23,Brighton,MID,4.5,0.34866781251679,0.3278986315661224,Full Ridge,19.0,1.5833333333333333,11
Carlos Henrique Casimiro,0.020953605606041564,0.0676052758107608,0.04665167020471925,1.059195773692452,3.0296281696587464,210496.34329337213,0.868989396686245,1.1411834166124804,26,Man Utd,MID,5.3,2.196634953219819,1.8448177743507062,Full Ridge,28.0,2.3333333333333335,11
Carlos Mendes Gomes,0.0,0.0,0.0,0.0,0.0,726.2810609914037,0.0,0.0,23,Luton,MID,4.5,0.23905602653339242,0.15937068435559493,Full Ridge,0.0,0.0,0
Carlos Vinícius Alves Morais,0.0007265318980325711,0.0070018543980899725,0.0062753225000574024,0.007345214796185318,0.10322859708252,121351.43927022931,0.0005638662371657214,0.07010974681584731,26,Fulham,FWD,4.5,0.3574221351870611,0.26165133906332316,Full Ridge,0.0,0.0,0
Carlton Morris,0.04237711273581744,0.638180765053146,0.5958036523173287,2.9359231534774786,9.129554401277579,295579.59706587926,1.1534823187939347,7.36985994295971,23,Luton,FWD,5.0,5.086082087931731,5.847341372941058,Full Ridge,45.0,3.75,12
Carney Chukwuemeka,0.009392814592033522,0.01235815368267903,0.0029653390906455054,0.2284075052929875,0.6159972493942892,140603.07487573422,8.910478809532391e-05,0.6092614091146095,25,Chelsea,MID,4.2,0.5154081408123403,0.5466925635797633,Full Ridge,4.0,0.3333333333333333,4
Cauley Woodrow,0.023398888004387525,0.12323226130104636,0.09983337329665885,1.2935679434558636,2.071159901960722,62297.69717839172,0.6666666666666666,0.8485817130713702,23,Luton,FWD,4.3,2.1356518786832632,1.7066284901459654,Full Ridge,21.0,1.75,10
Cesare Casadei,0.016666666666666666,0.016666666666666666,0.0,0.1251851851851852,0.6296296296296297,118.14814814814815,0.0,0.6296296296296298,4,Chelsea,MID,4.5,0.4618864459092151,0.5178008404826866,Full Ridge,9.0,0.75,8
Charles Sagoe,0.0,0.0,0.0,0.0,0.0,409.2215023764529,0.0,0.0,15,Arsenal,MID,4.5,0.23898414432449144,0.1593227628829943,Full Ridge,0.0,0.0,0
Charlie Goode,0.0,0.0,0.0,0.0,0.0,20232.784669945795,0.0,0.0,25,Brentford,DEF,3.9,0.2104544055563018,0.14030293703753452,Full Ridge,0.0,0.0,0
Charlie Taylor,0.01332970236766743,0.013405945044932345,7.624267726491362e-05,0.9498159403814923,0.8826239442805937,443764.1478893207,0.41247077072208754,0.4736882747814166,25,Burnley,DEF,4.0,1.0479376522765806,0.856521193111526,Full Ridge,12.0,1.0,10
Cheick Doucouré,0.0004323811776023248,0.0004975444682504736,6.516329064814887e-05,0.002627978556709016,0.011931768279342284,5284.9394699063,0.0037708554610457606,0.005237913200458963,26,Crystal Palace,MID,4.9,0.24807641162231797,0.16713024548169828,Full Ridge,0.0,0.0,0
Cheikhou Kouyaté,8.955714644846154e-05,0.0010843132089831395,0.000994756062534678,0.019535186265847618,0.016339296534507886,2224.494210387931,0.014451274929860525,0.043449447196276345,26,Nott'm Forest,MID,4.8,0.26438476284765733,0.19073965763053033,Full Ridge,2.0,0.16666666666666666,2
Chiedozie Ogbene,0.18775429021046225,0.6418728419729061,0.45411855176244376,3.0342048896204945,10.539525973499769,16351.843788305527,1.218874847203379,5.920258549705494,23,Luton,FWD,4.9,5.808145251716264,5.845516351046007,Full Ridge,20.0,1.6666666666666667,5
Chris Basham,8.019430928579149e-06,1.7709576633945623e-05,9.690145705366474e-06,0.0005687886579247377,0.000889284348688852,41080.35896685466,0.00033197721398014774,0.0006494130215697392,26,Sheffield Utd,DEF,3.9,0.21298664536537792,0.14220756791744185,Full Ridge,0.0,0.0,0
Chris Mepham,0.0004547758963186232,0.0005232856441342584,6.850974781563513e-05,0.07269641653085829,0.08298433155972947,5550.39169410785,0.04579879614988563,0.005442940746048415,25,Bournemouth,DEF,4.3,0.29232240552522804,0.19669591726550148,Full Ridge,12.0,1.0,3
Chris Richards,0.004893769957530564,0.0763478165967624,0.07145404663923183,1.0701889674403573,4.298660330791128,66985.5575333513,0.9949285975048991,5.42850946719286,26,Crystal Palace,DEF,3.9,2.6548993667882645,3.5794360669231295,Full Ridge,32.0,2.6666666666666665,8
Chris Wood,0.00480034399626096,0.07221760315846244,0.06741725916220147,0.206326938625605,1.192018517324758,109181.06035385208,0.17636429479942498,0.9836912919718306,26,Nott'm Forest,FWD,4.8,0.8400500238590178,0.8879304465632887,Full Ridge,56.0,4.666666666666667,11
Christian Eriksen,0.21609227491766164,0.22404960837506788,0.007957333457406256,0.29025458260998205,2.807869276724354,40783.17265156722,0.09522041123276496,0.46444442109483286,26,Man Utd,MID,5.8,1.602384331920081,1.2230710283116648,Full Ridge,13.0,1.0833333333333333,5
Christian Nørgaard,0.062125023189245565,0.27127366976433154,0.20914864657508592,2.1390989438565073,4.798433740355165,20434.113317471587,1.172545964650827,3.2800146605640883,25,Brentford,MID,5.3,3.524792302331532,3.443199755075717,Full Ridge,14.0,1.1666666666666667,7
Christian Pulisic,0.0,0.0,0.0,0.0,0.0,381.0923492342727,0.0,0.0,25,Chelsea,MID,5.5,0.23897776701900597,0.15931851134600397,Full Ridge,0.0,0.0,0
Christopher Nkunku,0.009861301630848961,0.21790733119951233,0.20804602956866336,0.7573967383020881,3.2787227556774887,177901.38151968375,0.17741197988111573,1.5846669714982475,25,Chelsea,FWD,7.3,1.638428429063019,1.620507943208095,Full Ridge,10.0,0.8333333333333334,3
Clément Lenglet,0.018284306254127934,0.09680282477264646,0.07851851851851853,1.8329776964893565,2.573540618808109,24258.287918138925,0.9739877051262513,1.8182695727277352,23,Aston Villa,DEF,4.5,2.158653587993773,2.0451922495717603,Full Ridge,1.0,0.08333333333333333,5
Cody Gakpo,0.03744134375598987,0.5715701554056823,0.5341288116496926,1.234145969923223,9.639157084701175,237090.740213556,0.5382072346007123,6.851602788517767,25,Liverpool,FWD,7.2,3.5286079331266595,4.636272884923695,Full Ridge,40.0,3.3333333333333335,11
Cole Palmer,0.23806336443654225,0.45015533903484983,0.21209197459830753,1.643691069323694,6.304043526139049,3738801.261700255,0.9664314019626707,6.019776780097418,25,Chelsea,MID,5.8,4.776777211001696,5.1911104007002695,Full Ridge,120.0,10.0,10
Connor Roberts,0.0006837985924782773,0.0006837985924782773,0.0,0.07614644353122321,0.10864557862865129,16320.850898414154,0.0009397770619428695,0.09237783805857427,25,Burnley,DEF,4.3,0.2434649233049042,0.19310256155612757,Full Ridge,0.0,0.0,0
Conor Bradley,0.13810699588477368,0.281440329218107,0.14333333333333334,0.6065020576131688,5.994650205761317,271516.0848786601,0.831275720164609,3.9341563786008242,11,Liverpool,DEF,4.1,2.995323767125738,3.3082679709507667,Full Ridge,17.0,1.4166666666666667,7
Conor Coventry,0.0,0.0,0.0,0.0,0.0,7812.125160302443,0.0,0.0,26,West Ham,MID,4.3,0.24066249481970237,0.1604416632131349,Full Ridge,0.0,0.0,0
Conor Gallagher,0.07968380871004971,0.2459973661889076,0.16631355747885795,1.822620530248471,6.059115450162287,50150.583524307345,0.9942194900280561,4.80183596904793,25,Chelsea,MID,5.4,3.5080924248978325,3.939340272947865,Full Ridge,53.0,4.416666666666667,11
Craig Dawson,0.008391273854789504,0.03661944600260477,0.028228172147815263,1.3411814895827272,4.159717206921574,102674.60849824322,0.9787780351492976,3.9335963034154484,26,Wolves,DEF,4.5,2.638869949181207,3.0704454005926207,Full Ridge,1.0,0.08333333333333333,1
Cristian Romero,0.031326050595332104,0.04812296959547763,0.016796919000145523,1.4576445906651316,2.455760472623442,783906.0393718663,0.9187048881144748,1.2685255457730855,25,Spurs,DEF,4.9,2.1761213148049814,1.8735893917943494,Full Ridge,39.0,3.25,11
Curtis Jones,0.06343102935090923,0.15262927885862237,0.08919824950771314,1.061825072345876,3.0033528872790676,16214.384638415995,0.9348298238019515,1.9887284052133332,25,Liverpool,MID,4.9,2.372881153670872,2.244830237518359,Full Ridge,6.0,0.5,6
Cédric Alves Soares,0.0022222222222222222,0.0022222222222222222,0.0,0.05259259259259261,0.05925925925925927,40345.375070563234,0.0,0.3703703703703704,26,Arsenal,DEF,3.9,0.23158426161329793,0.2778462978656554,Full Ridge,1.0,0.08333333333333333,1
César Azpilicueta,0.0,0.0,0.0,0.0,0.0,124.29283942587062,0.0,0.0,25,Chelsea,DEF,4.5,0.2086690090427452,0.13911267269516348,Full Ridge,0.0,0.0,0
Daiki Hashioka,0.0,0.0,0.0,0.0,0.0,252.7777777777778,0.0,0.0,3,Luton,DEF,4.0,0.2086804169873544,0.1391202779915696,Full Ridge,4.0,0.3333333333333333,9
Dan Burn,0.02456718192892257,0.05478140165229327,0.030214219723370687,1.5409706306400024,2.9489147563087696,512674.75267350615,0.6516087950113555,2.094546605332819,26,Newcastle,DEF,4.4,1.9338486617134194,1.9874146429198858,Full Ridge,32.0,2.6666666666666665,11
Dan Potts,0.0,0.0,0.0,0.0,0.0,8936.289540684804,0.0,0.0,23,Luton,DEF,3.9,0.20945141024520741,0.13963427349680493,Full Ridge,0.0,0.0,0
Dane Scarlett,0.0,0.0,0.0,0.0,0.0,14188.35535347883,0.0,0.0,25,Spurs,FWD,4.5,0.30252545122415286,0.20168363414943524,Full Ridge,4.0,0.3333333333333333,4
Dango Ouattara,0.014732484542281286,0.04119360939995977,0.026461124857678486,0.24666664982784714,1.7902511662444869,1426.7991998977814,0.06221776295406041,0.932032546683405,25,Bournemouth,MID,4.7,0.8360509302798321,0.8680448024143563,Full Ridge,36.0,3.0,11
Daniel Bentley,0.0,0.0,0.0,0.019120642429419906,0.02296147016633395,108814.77118710053,0.012524438272545789,0.05619940250501316,26,Wolves,GK,3.9,0.10283869776967858,0.0872922660147901,Full Ridge,2.0,0.16666666666666666,2
Daniel Castelo Podence,0.0,0.0,0.0,0.0,0.0,4237.029284706639,0.0,0.0,26,Wolves,MID,5.3,0.23985196638241701,0.15990131092161133,Full Ridge,0.0,0.0,0
Daniel Gore,0.0,0.0,0.0,0.0,0.005852766346593511,634.1003275557368,0.0,0.019509221155311705,24,Man Utd,MID,4.5,0.240260560300663,0.1666767805855459,Full Ridge,0.0,0.0,0
Daniel Jebbison,0.0,0.0,0.0,0.0,0.0,1342.2586689266852,0.0,0.0,26,Sheffield Utd,FWD,4.8,0.29924704489645193,0.19949802993096794,Full Ridge,1.0,0.08333333333333333,1
Daniel Muñoz,0.03308641975308642,0.12975308641975308,0.09666666666666665,0.7325925925925927,3.655555555555556,4677.2962962962965,0.8024691358024691,2.6790123456790123,5,Crystal Palace,DEF,4.5,2.224017105344717,2.3756821854561485,Full Ridge,48.0,4.0,11
Danilo dos Santos de Oliveira,0.03583520132413938,0.10069417188472138,0.064858970560582,1.5257330104358695,2.7672248120812633,7392.380838725592,0.715914378319997,2.196747417123415,26,Nott'm Forest,MID,5.3,2.20398065109863,2.201569573106892,Full Ridge,30.0,2.5,10
Danny Ings,0.003512105331896583,0.035999710810855644,0.03248760547895906,0.1491622147721818,0.6885000821666832,69322.44491060654,0.0456084912948422,0.7402462989161597,26,West Ham,FWD,5.6,0.5881080936464589,0.6388208287363591,Full Ridge,14.0,1.1666666666666667,7
Danny Welbeck,0.0895884900950938,0.42008763888484096,0.3304991487897472,0.5488987298695858,5.121569124481934,105957.18606225136,0.8629609859285956,3.526670347793718,26,Brighton,FWD,5.7,2.662847851679887,2.95078868371783,Full Ridge,28.0,2.3333333333333335,10
Dara Costelloe,0.0,0.0,0.0,0.0,0.0,898.8446525474968,0.0,0.0,25,Burnley,MID,4.5,0.2390951493158473,0.15939676621056487,Full Ridge,0.0,0.0,0
Dara O'Shea,0.012213121645554412,0.028701418939535487,0.01648829729398107,2.218993241232228,3.005819781411958,25458.95429953371,0.9994570176975444,1.7155816558286785,25,Burnley,DEF,4.4,2.360426626241532,2.145478302770581,Full Ridge,27.0,2.25,11
Darko Churlinov,0.0,0.0,0.0,0.0,0.0,1833.1290310346758,0.0,0.0,25,Burnley,MID,4.4,0.23930696574920352,0.15953797716613566,Full Ridge,0.0,0.0,0
Darren Randolph,0.0,0.0,0.0,0.0,0.0,42337.37893041491,0.0,0.0,25,Bournemouth,GK,4.0,0.05719023443284821,0.038126822955232134,Full Ridge,0.0,0.0,0
Darwin Núñez Ribeiro,0.1923310797332428,0.8891635750622497,0.696832495329007,0.8510430047800608,9.08400901338234,1905093.1122291787,0.8255951945475304,4.477172308867441,25,Liverpool,FWD,7.6,4.477007279537616,4.477062289314224,Full Ridge,31.0,2.5833333333333335,11
David Brooks,0.003149338685898519,0.029992891645346274,0.02684355295944775,0.04637186194497429,0.24755599834475395,5882.2430287307325,0.0005668828055126984,0.1684454582787608,25,Bournemouth,MID,4.7,0.3544785192833073,0.29246749894845847,Full Ridge,0.0,0.0,0
David Datro Fofana,0.004814814814814815,0.25259259259259265,0.24777777777777782,1.8259670781893005,2.5345679012345688,14894.898711504602,0.7037037037037037,2.757201646090535,26,Burnley,FWD,5.0,2.5771047581127577,2.63713705410535,Full Ridge,29.0,2.4166666666666665,10
David Ozoh,8.670764957916315e-05,8.670764957916315e-05,0.0,0.09015224643939783,0.07230597450410016,585.2320766605955,0.0,0.6800845192263438,20,Crystal Palace,MID,4.5,0.2887937941166401,0.41922403581987466,Full Ridge,1.0,0.08333333333333333,1
David Raya Martin,6.422788857715792e-05,6.422788857715792e-05,0.0,0.31870974515887973,1.18934168079831,700008.8423039308,0.9981535991224664,3.825841967158032,26,Arsenal,GK,5.0,3.133174458419301,3.3640636279988776,Full Ridge,54.0,4.5,10
Davinson Sánchez,1.782095761906479e-06,8.910478809532393e-06,7.128383047625916e-06,0.00011999444796836961,0.0001544482993652282,7943.60970386166,0.0,0.0,25,Spurs,DEF,4.4,0.20940438670732542,0.13960292447155026,Full Ridge,0.0,0.0,0
Dean Henderson,0.0001300614743687447,0.0001300614743687447,0.0,0.6502348896679032,0.8432725363681014,35933.41029885276,0.42710291452861204,0.3513692018493118,26,Crystal Palace,GK,4.4,1.2410447313165271,0.944486221494122,Full Ridge,38.0,3.1666666666666665,9
Declan Rice,0.33317300766121166,0.394057321512548,0.06088431385133641,0.26588632956380565,7.7382924155806005,539671.5861164044,1.0,5.878284773919249,26,Arsenal,MID,5.4,3.899569201092109,4.559141058701155,Full Ridge,61.0,5.083333333333333,11
Deivid Washington de Souza Eugênio,0.0,0.0003577731274816501,0.0003577731274816501,0.0012483998490849068,0.00030448776806948945,7094.043931223649,0.0,0.0007612194201737237,23,Chelsea,FWD,4.5,0.30174628351186983,0.2014179288146378,Full Ridge,1.0,0.08333333333333333,1
Dejan Kulusevski,0.20813210386182296,0.4380497428857373,0.22991793603987465,1.2717106757814354,7.325348986926804,317219.76131769334,0.7421124828532237,4.015346249507058,25,Spurs,MID,6.8,3.8242686584884535,3.8879611888279877,Full Ridge,38.0,3.1666666666666665,11
Dele Alli,0.0,0.0,0.0,0.0,0.0,1710.8181089009013,0.0,0.0,26,Everton,MID,4.8,0.23927923600879109,0.15951949067252738,Full Ridge,0.0,0.0,0
Demarai Gray,0.0,0.0,0.0,0.0,0.0,7918.320309562005,0.0,0.0,26,Everton,MID,5.3,0.24068657087007195,0.1604577139133813,Full Ridge,0.0,0.0,0
Denis Franchi,0.0,0.0,0.0,0.0,0.0,13763.815761259817,0.0,0.0,25,Burnley,GK,3.9,0.05241856872252293,0.03494571248168195,Full Ridge,0.0,0.0,0
Deniz Undav,0.0,0.0,0.0,0.0,0.0,1417.290732974769,0.0,0.0,26,Brighton,FWD,5.5,0.299266193560797,0.19951079570719799,Full Ridge,0.0,0.0,0
Destiny Udogie,0.11590434886764113,0.17825763666969338,0.062353287802052244,1.1248011596068719,3.5588597855161606,1060852.612120951,0.6446834823957907,2.329216518613857,25,Spurs,DEF,4.9,2.1948559579189872,2.239642811483944,Full Ridge,15.0,1.25,7
Detlef Esapa Osong,0.0,0.0,0.0,0.0,0.0,366.98765432098764,0.0,0.0,6,Nott'm Forest,FWD,4.5,0.29899814947366166,0.19933209964910775,Full Ridge,0.0,0.0,0
Devan Tanton,0.0,0.0,0.0,0.0,0.0,2138.287192327611,0.0,0.0,17,Fulham,DEF,4.0,0.2088478279480266,0.13923188529868438,Full Ridge,0.0,0.0,0
Diego Carlos Santos Silva,0.005088759163178697,0.00724174581937748,0.002152986656198783,0.5113611671187558,0.820569902110519,63770.85154547684,0.3624689887025571,1.0724680917135958,26,Aston Villa,DEF,4.4,0.9176086511423784,0.9692284646661175,Full Ridge,17.0,1.4166666666666667,10
Diego Manuel Jadon da Silva Moreira,0.0,0.0,0.0,0.0,0.0,238.06236855945554,0.0,0.0,23,Chelsea,MID,4.5,0.2389453399538991,0.15929689330259938,Full Ridge,0.0,0.0,0
Diogo Dalot Teixeira,0.054179807169753125,0.0916860540774402,0.03750624690768708,1.5951184736436752,3.8820969285272566,529152.937353075,0.9869344493710623,2.6151550818482523,26,Man Utd,DEF,5.2,2.646620222457088,2.6361318422541427,Full Ridge,35.0,2.9166666666666665,11
Diogo Teixeira da Silva,0.0714820125707644,0.343845691737603,0.27236367916683857,1.0687935844258878,8.802553858949695,1637874.8935962059,0.8751944922787094,5.736189176400067,25,Liverpool,MID,8.3,4.1724975873368715,4.6937281170246035,Full Ridge,13.0,1.0833333333333333,2
Dion Pereira,0.0,0.0,0.0,0.0,0.0,4886.725355159693,0.0,0.0,23,Luton,MID,4.4,0.239999262331678,0.15999950822111866,Full Ridge,0.0,0.0,0
Divin Mubama,8.670764957916315e-05,0.0010115892450902368,0.0009248815955110736,0.0736270379339695,0.008435931740306081,510848.66059358045,0.0,0.0893235979576703,26,West Ham,FWD,4.2,0.4789089906155467,0.3490471930629212,Full Ridge,0.0,0.0,0
Divock Origi,0.13583973679707878,0.149347504500322,0.013507767703243207,0.5882396542934402,2.2704611941677664,10756.68026082121,0.01685982075150395,1.726563609421937,22,Nott'm Forest,FWD,5.0,1.5546978780855243,1.6119864551976617,Full Ridge,11.0,0.9166666666666666,8
Djed Spence,0.0,0.0,0.0,0.0,0.0,20843.829053027617,0.0,0.0,25,Spurs,DEF,4.0,0.21050865907866334,0.1403391060524422,Full Ridge,0.0,0.0,0
Djordje Petrovic,0.0,0.0,0.0,1.3192181069958848,2.3201646090534984,64208.49705133174,0.8024691358024691,2.2880658436213994,17,Chelsea,GK,4.5,2.332515670801462,2.317699061741441,Full Ridge,0.0,0.0,0
Dominic Calvert-Lewin,0.013974446829521018,0.2385249015917002,0.22463716241175835,0.8088683943538789,2.7803567039618997,95574.88100802357,0.9776407357058017,2.2892769020382886,26,Everton,FWD,5.8,2.21567528741637,2.2402091589570094,Full Ridge,41.0,3.4166666666666665,9
Dominic Sadi,0.0,0.0,0.0,0.0,0.0,70.77777777777777,0.0,0.0,3,Bournemouth,MID,4.5,0.23890741400095505,0.15927160933397003,Full Ridge,1.0,0.08333333333333333,1
Dominic Solanke,0.07144461766203214,0.8864764744604645,0.8150318567984325,1.582431577181823,8.960732695266998,2348954.1342570195,1.0,5.267838841133705,25,Bournemouth,FWD,7.0,4.802761998617516,4.957787612789579,Full Ridge,47.0,3.9166666666666665,11
Dominik Szoboszlai,0.03996116056182838,0.07866234139620377,0.0387011808343754,0.10692520049492628,1.5139584842280311,449057.0691887759,0.20118884316415192,1.1887438796352177,25,Liverpool,MID,7.1,1.0290620686871623,1.0822893390031807,Full Ridge,17.0,1.4166666666666667,11
Donny van de Beek,4.51092989732577e-06,1.0525503093760135e-05,6.014573196434361e-06,0.0,0.00024058292785737452,4017.1582482714193,0.0,0.00015036432991085907,26,Man Utd,MID,4.7,0.23987230210683996,0.15996498951453025,Full Ridge,0.0,0.0,0
Douglas Luiz Soares de Paulo,0.14955244230422352,0.47592969536313356,0.3263772530589101,1.7556795415513653,9.60668147543695,1007818.0124220472,0.9913292350420839,8.108522113993068,26,Aston Villa,MID,5.5,4.836607253016831,5.92724554000891,Full Ridge,18.0,1.5,10
Dovydas Sasnauskas,0.0,0.0,0.0,0.0,0.0,0.0,0.0,0.0,1,Sheffield Utd,DEF,4.0,0.2086579733069952,0.1391053155379968,Full Ridge,0.0,0.0,0
Dwight McNeil,0.2696668678401265,0.2836871500664735,0.014020282226347056,1.1389838408560031,5.765729110793797,38000.452191332864,0.9559705952184059,3.4871400547593074,26,Everton,MID,5.4,3.4396582842731465,3.4554855411018663,Full Ridge,44.0,3.6666666666666665,11
Eberechi Eze,0.031532983619317015,0.10693416275528873,0.07540117913597175,0.26218766978090113,2.082988445383003,305487.72264295706,0.1618180877022916,1.3471246053341246,26,Crystal Palace,MID,6.0,1.1680738286535142,1.2277574208803843,Full Ridge,71.0,5.916666666666667,10
Eddie Beach,0.0,0.0,0.0,0.0,0.0,1650.2680579843648,0.0,0.0,23,Chelsea,GK,4.0,0.050395656848917114,0.03359710456594474,Full Ridge,0.0,0.0,0
Eddie Nketiah,0.015802783910717454,0.09839759518156097,0.0825948112708435,0.1630367969202626,1.5254883659957348,413526.14431175846,0.03117946865515752,1.0812943003839992,26,Arsenal,FWD,5.1,0.8776295343494169,0.9455177896942777,Full Ridge,3.0,0.25,3
Ederson Santana de Moraes,0.0033342243812142865,0.0033342243812142865,0.0,1.0615303530405331,2.850121512887348,1653926.9550726176,1.2217147426087733,7.064624316767337,25,Man City,GK,5.5,3.9547762345610527,4.9913922619631474,Full Ridge,27.0,2.25,7
Edson Álvarez Velázquez,0.027784029118420123,0.05824105469548361,0.030457025577063482,1.7184449913938935,3.3928169686531007,16988.702837778495,0.9495031198163675,1.4004342872790916,26,West Ham,MID,5.0,2.5463165546832696,2.1643557988818767,Full Ridge,20.0,1.6666666666666667,9
Elijah Adebayo,0.011404316428415351,0.2687414601003891,0.25733714367197363,1.0524147645552502,5.525705561493171,365723.10372754117,0.650133345024105,4.334396982407518,23,Luton,FWD,4.9,2.6370982301137706,3.202864480878353,Full Ridge,14.0,1.1666666666666667,4
Elijah Campbell,0.0,0.0,0.0,0.0,0.0,840.9343595996547,0.0,0.0,10,Everton,DEF,4.0,0.20873263834335964,0.13915509222890643,Full Ridge,0.0,0.0,0
Ellery Balcombe,0.0,0.0,0.0,0.0,0.0,20867.448319710857,0.0,0.0,25,Brentford,GK,3.9,0.053604845691105574,0.03573656379407038,Full Ridge,0.0,0.0,0
Elliot Anderson,3.070711881410034e-05,0.0001557601198566315,0.00012505300104253113,0.0006104637098568211,0.00287661504525864,163961.63680091442,0.0005429823024558799,0.0021761059967654885,26,Newcastle,MID,4.2,0.27761833529327495,0.18580425886110513,Full Ridge,23.0,1.9166666666666667,11
Elliot Thorpe,0.0,0.0,0.0,0.0,0.0,372.0875812851206,0.0,0.0,23,Luton,MID,4.5,0.23897572550158996,0.1593171503343933,Full Ridge,0.0,0.0,0
Ellis Simms,0.0,0.0,0.0,0.0,0.0,879.2716166039733,0.0,0.0,26,Everton,FWD,4.5,0.29912888762897594,0.1994192584193173,Full Ridge,0.0,0.0,0
Emerson Leite de Souza Junior,0.027945302634524424,0.04894417675624355,0.02099887412171913,0.7370843510365448,1.8784130710025435,83021.77191286441,0.43419706956623416,0.5584730884746222,25,Spurs,DEF,4.3,1.316398005255503,1.0637563663285428,Full Ridge,3.0,0.25,5
Emerson Palmieri dos Santos,0.05886054405470566,0.10325202263139285,0.04439147857668718,1.7794323678464463,6.621922953323911,254613.1020230454,0.9937120104146069,5.056524006511175,26,West Ham,DEF,4.4,3.4000202917947036,3.9521881967001935,Full Ridge,11.0,0.9166666666666666,11
Emil Krafth,0.003179280484569317,0.003786234031623459,0.0006069535470541421,0.009937883073602759,0.07755517545691816,1821.7954514962348,0.0,0.2854631366695736,26,Newcastle,DEF,4.4,0.23304903588054193,0.25052040281021914,Full Ridge,21.0,1.75,10
Emile Smith Rowe,0.03404355431878432,0.13744941678524314,0.10340586246645883,0.06642485344096466,0.8071688038295395,10087.14409799925,0.06635110101262613,0.8287959581052783,26,Arsenal,MID,5.3,0.7205258250849049,0.7566158694250293,Full Ridge,8.0,0.6666666666666666,3
Emiliano Buendía Stati,0.0,0.0,0.0,0.0,0.0,3951.7142426390656,0.0,0.0,26,Aston Villa,MID,5.7,0.23978728113669834,0.15985818742446556,Full Ridge,0.0,0.0,0
Emiliano Marcondes,0.0,0.0,0.0,0.0,0.0,3891.72481422081,0.0,0.0,25,Bournemouth,MID,4.3,0.2397736806237718,0.15984912041584787,Full Ridge,0.0,0.0,0
Emiliano Martínez Romero,0.0,0.0,0.0,1.8629695544501823,2.289405178594339,1350339.216865839,0.9999702984039684,2.7290027031934905,26,Aston Villa,GK,5.3,3.000552149236209,2.910035667221969,Full Ridge,30.0,2.5,9
Emmanuel Dennis,0.0,0.0,0.0,0.0,0.0,13820.839602308733,0.0,0.0,26,Nott'm Forest,FWD,4.8,0.30243165884552203,0.20162110589701468,Full Ridge,0.0,0.0,0
Enes Ünal,0.00962962962962963,0.06481481481481483,0.0551851851851852,0.006666666666666666,0.3666666666666667,761.9259259259259,0.0,0.7037037037037037,4,Bournemouth,FWD,5.0,0.42439235650037876,0.517496138901487,Full Ridge,37.0,3.0833333333333335,11
Enock Agyei,0.0,0.0,0.0,0.0,0.0,44071.68027506095,0.0,0.0,25,Burnley,MID,4.2,0.24888308569796247,0.16592205713197497,Full Ridge,0.0,0.0,0
Enso González,0.0,0.0,0.0,0.0,0.0,1686.119158779646,0.0,0.0,23,Wolves,MID,5.0,0.239273636382336,0.159515757588224,Full Ridge,1.0,0.08333333333333333,1
Enzo Fernández,0.16261161989698492,0.3099912891065125,0.14737966920952766,1.8243087030868386,5.585378747904514,239208.53916145454,0.8935638326552215,3.1271442272023693,25,Chelsea,MID,4.8,3.55538194623656,3.4126360398918294,Full Ridge,17.0,1.4166666666666667,6
Eric Bailly,0.0,0.0,0.0,0.0,0.0,9001.922899304138,0.0,0.0,26,Man Utd,DEF,4.0,0.2094572377120627,0.13963815847470845,Full Ridge,0.0,0.0,0
Eric Dier,3.425487390781755e-05,3.425487390781755e-05,0.0,0.03782788473017495,0.06044914779920177,43296.10721910306,0.0017127436953908778,0.06397588331989333,25,Spurs,DEF,4.2,0.2322083210899767,0.17613084183328223,Full Ridge,0.0,0.0,0
Erling Haaland,0.08204341177509537,0.9984146944462372,0.9163712826711419,0.9015800794478522,9.932629949934858,7436097.817669269,1.042032887940524,6.480769016402556,25,Man City,FWD,14.4,5.939433901930563,6.119878940087894,Full Ridge,71.0,5.916666666666667,9
Ethan Ampadu,0.0,0.0,0.0,0.0,0.0,683.5945199175736,0.0,0.0,25,Chelsea,DEF,4.0,0.208718668424403,0.139145778949602,Full Ridge,0.0,0.0,0
Ethan Brierley,0.0,0.0,0.0,0.0,0.0,1185.4784389788324,0.0,0.0,23,Brentford,MID,4.5,0.23916013354090693,0.15944008902727128,Full Ridge,0.0,0.0,0
Ethan Horvath,0.0,0.0,0.0,0.0,0.0,9290.764308938884,0.0,0.0,26,Nott'm Forest,GK,4.3,0.051671587811909614,0.03444772520793974,Full Ridge,0.0,0.0,0
Ethan Nwaneri,0.0074074074074074086,0.0074074074074074086,0.0,0.019259259259259264,0.2666666666666667,125.23914037494285,0.0,0.14814814814814817,8,Arsenal,MID,4.5,0.32137632563308305,0.2636335998047714,Full Ridge,0.0,0.0,0
Ethan Pinnock,0.012910894427946308,0.027334106768820025,0.014423212340873712,0.7366496881434934,1.1510088587758927,307800.0684780513,0.44444444444444453,1.1950200187603448,25,Brentford,DEF,4.6,1.1373654596492062,1.1565836460195857,Full Ridge,18.0,1.5,6
Evan Ferguson,0.0035588218759865843,0.0593595124455919,0.055800690569605314,0.33038920253872744,1.7669670025733035,516270.83911126386,0.45265100633552324,1.4972318974970742,26,Brighton,FWD,5.8,1.3215589883725585,1.380116624747397,Full Ridge,4.0,0.3333333333333333,3
Ezri Konsa Ngoyo,0.01259973201572727,0.032764174113103756,0.02016444209737648,0.3234258035129592,1.0032257248292258,225504.95586340385,0.2962962962962964,0.5407811511182894,26,Aston Villa,DEF,4.5,0.888655325698486,0.772697267505087,Full Ridge,32.0,2.6666666666666665,12
Fabian Mrozek,0.0,0.0,0.0,0.0,0.0,61.0,0.0,0.0,2,Liverpool,GK,4.0,0.05013025572089169,0.03342017048059446,Full Ridge,0.0,0.0,0
Fabian Schär,0.03711207593763291,0.14301557920458738,0.10738498474843591,2.388077366830199,4.990450828005562,815103.9725741827,1.0,2.9366673536207744,26,Newcastle,DEF,5.4,2.9417126999089636,2.9400309178129005,Full Ridge,39.0,3.25,10
Fabio Henrique Tavares,0.0,0.0,0.0,0.0,0.0,767.5807828334205,0.0,0.0,25,Liverpool,MID,5.0,0.23906538980648206,0.1593769265376547,Full Ridge,0.0,0.0,0
Facundo Buonanotte,0.08867441105563975,0.23410303898224882,0.14542862792660904,0.5176032568754171,6.4115588647202975,8460.526020614609,0.9686464185639605,3.7344734215854762,26,Brighton,MID,4.7,3.0475531930487225,3.2765266025609736,Full Ridge,15.0,1.25,8
Facundo Pellistri Rebollo,0.0016295041869471552,0.0034185969734022055,0.00178909278645505,0.009389582349501909,0.0345460163219262,19690.5036926985,0.00015036432991085907,0.032642004185777534,26,Man Utd,MID,4.2,0.26094411028767006,0.18484340825370588,Full Ridge,0.0,0.0,0
Felipe Augusto de Almeida Monteiro,0.0044444444444444444,0.004823388987049677,0.00037894454260523167,0.7736739920329819,0.6285810968040981,2608.104215732426,0.5594092288701851,1.0057805099719446,26,Nott'm Forest,DEF,4.4,1.114618372345554,1.0783390848876842,Full Ridge,1.0,0.08333333333333333,2
Femi Seriki,0.0,0.0,0.0,0.0,0.0,7973.547360214218,0.0,0.0,26,Sheffield Utd,DEF,3.9,0.20936593011338278,0.13957728674225517,Full Ridge,0.0,0.0,0
Filip Marschall,0.0,0.0,0.0,0.0,0.0,3029.821832056527,0.0,0.0,25,Aston Villa,GK,4.0,0.05062603656741138,0.03375069104494092,Full Ridge,0.0,0.0,0
Flynn Downes,0.0,0.0,0.0,0.0,0.0,1102.1753277702505,0.0,0.0,26,West Ham,MID,5.0,0.23914124746263143,0.15942749830842096,Full Ridge,0.0,0.0,0
Fodé Ballo-Touré,0.0,0.0,0.0,0.041338699874492194,0.057980471962080476,3462.4104728599195,0.0,0.18451719005496384,22,Fulham,DEF,4.5,0.2258127034309263,0.21204753230560547,Full Ridge,1.0,0.08333333333333333,1
Folarin Balogun,0.0,0.0,0.0,0.0,0.0,19786.558377686128,0.0,0.0,26,Arsenal,FWD,4.4,0.3039541485684899,0.20263609904565993,Full Ridge,0.0,0.0,0
Francisco Jorge Tomás Oliveira,0.0,0.0,0.0,0.0,0.0,491.90120584388364,0.0,0.0,26,Wolves,MID,4.5,0.23900288906678047,0.15933525937785364,Full Ridge,0.0,0.0,0
Franco Umeh-Chibueze,0.0,0.0,0.0,0.0,0.0,117.33333333333333,0.0,0.0,2,Crystal Palace,FWD,4.5,0.29893443608851733,0.19928962405901154,Full Ridge,0.0,0.0,0
Frank Onyeka,0.012074144441190232,0.10438828245909536,0.09231413801790511,1.2286112926204644,3.582265252638557,1573.6934635688158,0.5780789280868416,1.1739186970209274,25,Brentford,MID,4.9,2.115311110340763,1.801513639234151,Full Ridge,15.0,1.25,7
Fraser Forster,0.0,0.0,0.0,0.0,0.0,227955.69403143876,0.0,0.0,25,Spurs,GK,3.8,0.08818771781049106,0.058791811873660706,Full Ridge,0.0,0.0,0
Fred Onyedinma,0.0,0.0,0.0,0.0,0.0,118.46173409937518,0.0,0.0,23,Luton,MID,5.0,0.23891822467679313,0.1592788164511954,Full Ridge,11.0,0.9166666666666666,8
Frederico Rodrigues de Paula Santos,0.0,0.0,0.0,0.0,0.0,3742.6197627155016,0.0,0.0,26,Man Utd,MID,5.0,0.23973987624800308,0.15982658416533538,Full Ridge,0.0,0.0,0
Fábio Ferreira Vieira,3.32623068998026e-05,0.0004600858440623538,0.0004268235371625512,0.00019361089792985844,0.004032339726891903,8585.72702797347,0.00016707147767873232,0.002359652578493097,26,Arsenal,MID,5.4,0.24256063445637954,0.16249364049708404,Full Ridge,3.0,0.25,3
Fábio Silva,3.8117048240777458e-06,3.648346045902986e-05,3.267175563495213e-05,0.0010493825258721555,0.0005861114950270198,18091.549358750643,9.405505410061973e-05,0.0005002862581602041,26,Wolves,FWD,5.2,0.3043962186031107,0.2030975744881272,Full Ridge,0.0,0.0,0
Gabriel Fernando de Jesus,0.039464266591358536,0.09663123193489366,0.0571669653435351,0.07545586216430901,2.093042348674351,347826.49773864174,0.16565601852746553,1.0954706672076917,26,Arsenal,FWD,7.8,1.0729047894573764,1.0804267487074815,Full Ridge,22.0,1.8333333333333333,9
Gabriel Martinelli Silva,0.37761533246008316,0.6425252458736896,0.2663913948950878,0.2024273505550394,6.349727148436941,631379.6739564135,0.9556280986891645,5.205833382558572,26,Arsenal,MID,7.7,3.957403667377172,4.373546905770972,Full Ridge,22.0,1.8333333333333333,10
Gabriel Osho,0.007259451190254422,0.18642455136129882,0.1791651001710444,3.1671030790010697,4.644186661743644,16160.271928146829,1.318043527635938,2.0464456282279904,23,Luton,DEF,4.4,3.1097534435948617,2.755317505139238,Full Ridge,6.0,0.5,6
Gabriel Słonina,0.0,0.0,0.0,0.0,0.0,2707.4321613951606,0.0,0.0,25,Chelsea,GK,4.0,0.05057219883888764,0.03371479922592509,Full Ridge,0.0,0.0,0
Gabriel dos Santos Magalhães,0.020991881128654,0.25305415484172644,0.23206227371307248,0.3184588960099697,5.973868541076394,2311053.2062951988,0.9994034155984557,4.826049669793285,26,Arsenal,DEF,5.2,3.2087891612420645,3.7478759974258047,Full Ridge,53.0,4.416666666666667,11
Garang Kuol,0.0,0.0,0.0,0.0,0.0,311.5011644267096,0.0,0.0,26,Newcastle,MID,4.5,0.23896198964233306,0.1593079930948887,Full Ridge,0.0,0.0,0
Gavin Kilkenny,0.0,0.0,0.0,0.0,0.0,7007.42855252687,0.0,0.0,25,Bournemouth,MID,4.3,0.24048005789865612,0.16032003859910407,Full Ridge,0.0,0.0,0
George Baldock,0.0020444234417110194,0.002078678315618837,3.425487390781755e-05,0.09900522178947498,0.197313763425551,594024.4067820441,0.06807796423218704,0.07189095481413742,26,Sheffield Utd,DEF,3.8,0.40688721685993967,0.2952217961780056,Full Ridge,2.0,0.16666666666666666,2
George Earthy,0.0,0.0,0.0,0.0,0.0,0.0,0.0,0.0,1,West Ham,MID,4.5,0.23889136760566587,0.15926091173711057,Full Ridge,8.0,0.6666666666666666,3
George Shelvey,0.0,0.0,0.0,0.0,0.0,4761.524269708325,0.0,0.0,26,Nott'm Forest,GK,3.9,0.050915223641957,0.03394348242797133,Full Ridge,0.0,0.0,0
Gianluca Scamacca,0.0,0.0,0.0,0.0,0.0,2052.9689256919673,0.0,0.0,26,West Ham,FWD,6.0,0.2994284227157348,0.1996189484771565,Full Ridge,0.0,0.0,0
Giovani Lo Celso,0.07495675632737576,0.07660313120457025,0.0016463748771944813,0.1589997706632253,1.2992760041444402,9138.48707781966,0.05609904642911133,0.9401230390535389,25,Spurs,MID,4.8,0.8196121039626949,0.8597824156596428,Full Ridge,10.0,0.8333333333333334,9
Giovanni Reyna,0.004444444444444446,0.013333333333333338,0.008888888888888889,0.11,0.7000000000000001,923.962962962963,0.0,0.7777777777777779,4,Nott'm Forest,MID,4.9,0.4511412082799495,0.5600200647792256,Full Ridge,10.0,0.8333333333333334,6
Giulian Biancone,0.0,0.0,0.0,0.0,0.0,6551.663959794529,0.0,0.0,26,Nott'm Forest,DEF,3.9,0.2092396836655045,0.13949312244366965,Full Ridge,0.0,0.0,0
Glen Rea,0.0,0.0,0.0,0.0,0.0,2127.394647154536,0.0,0.0,23,Luton,MID,4.4,0.23937368022576033,0.1595824534838402,Full Ridge,0.0,0.0,0
Gonzalo Montiel,0.008751508054279869,0.008771807238817835,2.0299184537965973e-05,0.17624570636360729,0.6775993062017241,7139.843968599861,0.15857925047797908,0.73308521853531,24,Nott'm Forest,DEF,4.4,0.6120491102709242,0.6523944796923862,Full Ridge,8.0,0.6666666666666666,5
Gonçalo Manuel Ganchinho Guedes,0.0,0.0,0.0,0.0,0.0,3470.403230575641,0.0,0.0,26,Wolves,MID,5.4,0.23967816063307235,0.15978544042204823,Full Ridge,0.0,0.0,0
Granit Xhaka,0.0,0.0,0.0,0.0,0.0,972.6049826017313,0.0,0.0,26,Arsenal,MID,6.0,0.23911187190095629,0.15940791460063752,Full Ridge,0.0,0.0,0
Guglielmo Vicario,0.0,0.0,0.0,1.6675864816519792,2.8674007697547625,909047.7331570551,1.0,2.262565906990358,25,Spurs,GK,5.3,3.025202813678222,2.7709905114489337,Full Ridge,33.0,2.75,11
Gustavo Hamer,0.08821442595075774,0.13332589473974227,0.04844480212231788,1.490164284786245,4.018912865025218,15751.830901311881,0.8589645887313928,1.7314481273558213,25,Sheffield Utd,MID,4.9,2.6905031914298707,2.3708181700718542,Full Ridge,46.0,3.8333333333333335,11
Gustavo Henrique Furtado Scarpa,0.0,0.0,0.0,0.0,0.0,1594.8262425162618,0.0,0.0,26,Nott'm Forest,MID,4.5,0.23925293889412058,0.15950195926274705,Full Ridge,0.0,0.0,0
Hakim Ziyech,0.0,0.0,0.0,0.0,0.0,7524.335184642092,0.0,0.0,25,Chelsea,MID,5.4,0.24059724846901553,0.16039816564601034,Full Ridge,0.0,0.0,0
Halil Dervişoğlu,0.0,0.0,0.0,0.0,0.0,595.0287546938405,0.0,0.0,25,Brentford,FWD,4.5,0.29905634702617867,0.19937089801745245,Full Ridge,0.0,0.0,0
Hamed Traorè,4.4552394047661944e-07,7.908049943459996e-06,7.462526002983378e-06,5.0121443303619694e-05,0.0002216481603871182,1497.818870173257,0.0,0.00022461831999029568,25,Bournemouth,MID,4.7,0.23930765950476485,0.1596133124431733,Full Ridge,0.0,0.0,0
Han-Noah Massengo,0.0,0.0,0.0,0.10666666666666669,0.027983539094650213,863.6128119839361,0.0,0.3127572016460906,23,Burnley,MID,4.9,0.28565365384620034,0.2946881697794971,Full Ridge,0.0,0.0,0
Hannes Delcroix,0.011288090601793251,0.011306357083352791,1.826648155954141e-05,1.0601381766256683,1.102593974092895,5014.107243543907,0.37935578661124836,0.19968895733323597,24,Burnley,DEF,4.0,1.0281438078708538,0.7519921910249812,Full Ridge,0.0,0.0,1
Hannibal Mejbri,4.8116585571474886e-05,5.0121443303619694e-05,2.004857732144787e-06,0.004542717366978767,0.0009230960190933833,12232.924728501086,0.00010024288660723939,0.030527601423798085,26,Man Utd,MID,4.3,0.24380657491054647,0.172713583748297,Full Ridge,0.0,0.0,0
Harrison Ashby,0.0,0.0,0.0,0.0,0.0,1258.8359455620616,0.0,0.0,26,Newcastle,DEF,4.0,0.20876974306711893,0.1391798287114126,Full Ridge,0.0,0.0,0
Harrison Reed,0.01301854076872499,0.03508556382047041,0.022067023051745415,0.4352688927743816,0.6250070853020544,32170.32220256718,0.4373094956777259,1.314418360387414,26,Fulham,MID,4.5,0.9862581154271466,1.0956448637472356,Full Ridge,13.0,1.0833333333333333,7
Harry Arter,0.0,0.0,0.0,0.0,0.0,14509.474689760018,0.0,0.0,26,Nott'm Forest,MID,4.3,0.24218088549703232,0.1614539236646882,Full Ridge,0.0,0.0,0
Harry Kane,0.0,0.0,0.0,0.0,0.0,62514.11973046255,0.0,0.0,25,Spurs,FWD,12.5,0.314858496476335,0.20990566431755667,Full Ridge,0.0,0.0,0
Harry Maguire,0.14246433228780525,0.5112871320545982,0.36882279976679294,1.1948899777187891,6.104620836325268,191770.5661895618,0.8193595727285693,3.7482349784092666,26,Man Utd,DEF,4.2,2.842614510761384,3.1444879999773447,Full Ridge,17.0,1.4166666666666667,6
Harry Toffolo,0.02786031492286696,0.03311047786232196,0.005250162939455007,0.7015255407814933,1.022379075281403,14051.970953539692,0.10390349110661869,0.5081899008415348,26,Nott'm Forest,DEF,4.4,0.6600240398959405,0.6094126602111386,Full Ridge,10.0,0.8333333333333334,8
Harry Wilson,0.10909264931411579,0.148314409567681,0.03922176025356523,0.4796328768121592,2.051867069424892,17076.312241932283,0.4025871783939608,0.9004719410633444,26,Fulham,MID,5.3,1.541377135993152,1.3277420710165493,Full Ridge,39.0,3.25,11
Harvey Barnes,0.048912105636453734,0.098575050556299,0.049662944919845284,0.7204491291025146,1.3314510515657922,108416.3602487553,0.22238929369990096,1.519329124576886,26,Newcastle,MID,6.2,1.2041691769951604,1.3092224928557354,Full Ridge,37.0,3.0833333333333335,10
Harvey Elliott,0.23798163684353763,0.39655645653072324,0.15857481968718568,1.138282169133565,9.260097255573486,26392.635755997275,0.42877910620777726,6.522402705812342,25,Liverpool,MID,4.8,3.822403080298239,4.722402955469606,Full Ridge,42.0,3.5,11
Harvey Griffiths,0.0,0.0,0.0,0.0,0.0,152.6460905349794,0.0,0.0,6,Wolves,MID,4.5,0.23892597478866862,0.15928398319244574,Full Ridge,0.0,0.0,0
Hjalmar Ekdal,3.8536733146294737e-05,0.0031112390651078883,0.003072702331961593,0.22247662487463338,0.31631532631718934,13993.069015908273,0.21235847441202327,0.09999479402856266,25,Burnley,DEF,3.9,0.570732439692834,0.41381989113807693,Full Ridge,10.0,0.8333333333333334,2
Hugo Bueno López,0.0004648619005263491,0.0008750418964883751,0.00041017999596202606,0.039309485578822315,0.15337410312340852,10142.340652829202,0.012233000425691776,0.18503941122856243,26,Wolves,DEF,4.4,0.26882619247508,0.24089726539290746,Full Ridge,9.0,0.75,9
Hugo Lloris,0.0,0.0,0.0,0.0,0.0,61374.74156998189,0.0,0.0,25,Spurs,GK,4.7,0.06036939448315337,0.04024626298876891,Full Ridge,0.0,0.0,0
Hwang Hee-chan,0.04733041296450692,0.15400434516309675,0.10667393219858981,0.4904479544788636,1.6483314598610275,656712.8371746086,0.643243095168347,2.0165570393613845,26,Wolves,MID,5.6,1.7447882051571524,1.835377816558563,Full Ridge,20.0,1.6666666666666667,6
Hwang Ui-jo,0.0,0.0,0.0,0.0,0.0,29403.606980612643,0.0,0.0,26,Nott'm Forest,FWD,4.4,0.3064084810998303,0.20427232073322021,Full Ridge,0.0,0.0,0
Hákon Valdimarsson,0.0,0.0,0.0,0.0,0.0,276.90123456790127,0.0,0.0,5,Brentford,GK,4.0,0.050166310325342134,0.03344420688356142,Full Ridge,0.0,0.0,0
Ian Maatsen,0.0005408267726639697,0.010546164363939957,0.010005337591275988,0.033728305877246116,0.06075452732669251,5014.7272962348225,0.029263831732967552,0.07585519892478126,25,Chelsea,MID,5.1,0.30586228949816596,0.2291932593070377,Full Ridge,0.0,0.0,0
Ibrahim Sangaré,0.0005404837762436698,0.0007412201566746667,0.00020073638043099684,0.042339774380943565,0.0738447496188242,976.69869761328,0.029357497403809253,0.038049652079229175,22,Nott'm Forest,MID,4.9,0.2978915450323645,0.21127758071465272,Full Ridge,6.0,0.5,6
Ibrahima Konaté,0.02343082890353144,0.03050737273171018,0.007076543828178736,1.3029239499622434,1.7904375619797062,218908.71480492267,0.7307817940949844,1.076806285076559,25,Liverpool,DEF,4.9,1.6976966947639285,1.4907332248681384,Full Ridge,13.0,1.0833333333333333,4
Idrissa Gueye,0.008447346447316427,0.027008480567127804,0.01856113411981138,0.6215914753580914,1.4850301304640008,3741.617665678504,0.8306036381743008,1.3734145212833582,26,Everton,MID,4.8,1.5557824289379831,1.4949931263864413,Full Ridge,40.0,3.3333333333333335,6
Igor Julio dos Santos de Paulo,0.012309751046749622,0.012561270630165357,0.00025151958341573436,0.36916708554186295,1.068934116181966,11994.165004960529,0.5390937192620532,0.7473440010379353,26,Brighton,DEF,4.3,1.2140397018347255,1.0584744682357954,Full Ridge,21.0,1.75,8
Iliman Ndiaye,0.0,0.0,0.0,0.0,0.0,965.3277128485438,0.0,0.0,26,Sheffield Utd,FWD,5.5,0.29915084969709627,0.19943389979806417,Full Ridge,0.0,0.0,0
Illia Zabarnyi,0.015382520971960275,0.023786748440568824,0.00840422746860855,1.6011257707147828,2.4880842949500566,20718.56388533309,1.0,1.4246432309853978,25,Bournemouth,DEF,4.4,2.215670133844567,1.951994499558177,Full Ridge,35.0,2.9166666666666665,10
Ionuț Radu,0.0,0.0,0.0,0.002816511854642778,0.00308293865170358,9919.498664694813,0.0019030485504343089,0.001141829130260586,25,Bournemouth,GK,4.3,0.05700797944825342,0.038385929342255806,Full Ridge,0.0,0.0,0
Isaac Hayden,0.0,0.0,0.0,0.0,0.0,2229.2969125589225,0.0,0.0,26,Newcastle,MID,4.4,0.23939678301427514,0.1595978553428501,Full Ridge,0.0,0.0,0
Ishé Samuels-Smith,0.0,0.0,0.0,0.0,0.0,0.0,0.0,0.0,1,Chelsea,DEF,4.0,0.2086579733069952,0.1391053155379968,Full Ridge,0.0,0.0,0
Ismaila Coulibaly,0.0,0.0,0.0,0.0,0.0,3788.1272036682453,0.0,0.0,26,Sheffield Utd,MID,4.4,0.23975019347480864,0.15983346231653908,Full Ridge,0.0,0.0,0
Issa Diop,0.0065414782869837075,0.013217287476178903,0.006675809189195197,1.1523266272748032,1.6260961170371875,45577.839994123635,0.4894571438115139,1.4403421184208658,26,Fulham,DEF,4.4,1.311067726617784,1.3541591905521444,Full Ridge,5.0,0.4166666666666667,3
Issa Kaboré,0.07781578792035619,0.07799040110895701,0.00017461318860082368,0.28031175460204016,0.21267021774452674,347798.2786225891,0.08453296813595183,0.045066164674516164,23,Luton,DEF,4.0,0.480201893087581,0.335156650283226,Full Ridge,9.0,0.75,7
Ivan Neves Abreu Cavaleiro,0.0,0.0,0.0,0.0,0.0,356.22872407958187,0.0,0.0,26,Fulham,MID,5.0,0.23897213005822415,0.15931475337214943,Full Ridge,0.0,0.0,0
Ivan Perišić,4.050555158833267e-05,5.0307078278818294e-05,9.80152669048563e-06,7.778105460820989e-05,0.0009047848691179348,81057.68897383445,0.0,0.0004566620389885352,25,Spurs,DEF,4.7,0.21613798653721683,0.14424421170447405,Full Ridge,0.0,0.0,0
Ivan Toney,0.07567901234567903,0.5205898491083676,0.4449108367626887,2.292578875171468,7.946227709190673,852667.653209093,1.1344307270233198,4.3182441700960235,25,Brentford,FWD,8.2,4.652230809187826,4.540901929490559,Full Ridge,22.0,1.8333333333333333,10
Ivo Grbic,0.0,0.0,0.0,0.5950617283950618,0.28641975308641976,220.41975308641977,0.5308641975308642,0.6666666666666666,5,Sheffield Utd,GK,4.5,1.4988979703392131,1.2214875357816974,Full Ridge,13.0,1.0833333333333333,7
Jack Cork,4.4552394047661944e-07,4.4552394047661944e-07,0.0,5.791811226196055e-06,0.07107851762363562,1969.9786196848881,0.0,0.3772736333268323,25,Burnley,MID,4.8,0.2542235421556541,0.2952402392127135,Full Ridge,1.0,0.08333333333333333,1
Jack Grealish,0.017060097304532968,0.028898587907957993,0.011838490603425022,0.12199236210833733,0.8170886658702031,175452.1292737369,0.07128543869332322,0.4757001943847272,25,Man City,MID,7.2,0.6184639213574791,0.5708760123665617,Full Ridge,9.0,0.75,6
Jack Harrison,0.03974810462334635,0.17958032515587138,0.13983222053252503,1.081390887331207,3.182339118821819,17276.513556732905,0.7773266847880455,2.70436716342302,25,Everton,MID,5.5,2.2877037263912943,2.4265915387352024,Full Ridge,18.0,1.5,8
Jack Hinshelwood,0.006516735475093694,0.04061557241089657,0.03409883693580287,0.2992581554571434,1.5335016979158504,11705.191086324388,0.21101353321099717,1.3077915361478072,26,Brighton,MID,4.5,0.9227326414429424,1.051085606344564,Full Ridge,0.0,0.0,0
Jack Robinson,0.05450969731639836,0.08850447561399062,0.033994778297592246,1.6694230552317337,3.1655098333993767,9410.632437051878,0.8923382564484521,0.7192000841255195,26,Sheffield Utd,DEF,4.3,2.2829516596031896,1.7617011344439661,Full Ridge,11.0,0.9166666666666666,9
Jack Walton,0.0,0.0,0.0,0.0,0.0,839.4336174159685,0.0,0.0,23,Luton,GK,4.0,0.05026025088383301,0.03350683392255534,Full Ridge,0.0,0.0,0
Jacob Brown,0.002428202580455449,0.022922152609330667,0.020493950028875215,0.21562278695839193,0.5450266096271258,14744.321880072755,0.11780879135578085,0.3498297101749726,23,Luton,FWD,4.9,0.6402567006687258,0.5434477038374746,Full Ridge,0.0,0.0,0
Jacob Bruun Larsen,0.0028744893084318604,0.013650317885783018,0.01077582857735116,0.18696385604616936,0.15873785907592589,2364.2105518095736,0.02809970125250658,0.5954095643297309,25,Burnley,MID,4.8,0.39035205108924975,0.45870455550274347,Full Ridge,48.0,4.0,12
Jacob Murphy,0.025980284320960036,0.09163196909801376,0.06565168477705371,0.48945242896775765,1.5349531843656783,11016.81289349133,0.16494737324024186,0.9905860690264165,26,Newcastle,MID,4.8,1.048478734444293,1.0291811793050007,Full Ridge,50.0,4.166666666666667,11
Jacob Ramsey,0.16886669086024741,0.31846451350749866,0.14959782264725124,1.654460759548408,4.464636019107471,12645.680535893967,0.7741536689867738,2.6790618099743337,26,Aston Villa,MID,5.9,3.12013996514651,2.973113913422451,Full Ridge,1.0,0.08333333333333333,1
Jacob Wright,0.0,0.0,0.0,0.0,0.0,23.11111111111111,0.0,0.0,3,Man City,MID,4.5,0.238896607244944,0.15926440482996265,Full Ridge,0.0,0.0,0
Jadan Raymond,0.0,0.0,0.0,0.0,0.0,496.7107674808599,0.0,0.0,19,Crystal Palace,MID,4.5,0.23900397946732166,0.15933598631154777,Full Ridge,0.0,0.0,0
Jaden Philogene-Bidace,0.0,0.0,0.0,2.5741383227538038e-05,1.188063841270986e-05,5612.170458301598,0.0,3.960212804236619e-05,26,Aston Villa,MID,4.5,0.24017604299381679,0.1601305627052253,Full Ridge,0.0,0.0,0
Jadon Sancho,2.4751330026478886e-06,2.4751330026478886e-06,0.0,6.049225058471435e-05,0.0001227665969313353,39214.67484086845,0.0,8.910478809532391e-05,26,Man Utd,MID,6.7,0.24783715903936498,0.16525447428894174,Full Ridge,0.0,0.0,0
Jaidon Anthony,8.910478809532389e-07,4.009715464289577e-06,3.118667583336337e-06,0.00016751700161920908,0.00014108258115092957,4443.733750269605,8.910478809532391e-05,0.00013365718214298586,25,Bournemouth,MID,4.9,0.24007615023526063,0.16009531921755474,Full Ridge,0.0,0.0,0
Jairo Riedewald,3.245755027685182e-05,3.245755027685182e-05,0.0,0.014472129170225698,0.0028657620462952194,6453.115693027894,0.008896311452782605,0.02073764927342867,26,Crystal Palace,MID,4.3,0.25428422373682036,0.17643536558235645,Full Ridge,5.0,0.4166666666666667,4
Jake O'Brien,0.0,0.0,0.0,0.0,0.0,4588.128281233977,0.0,0.0,26,Crystal Palace,DEF,4.0,0.20906534489438766,0.13937689659625843,Full Ridge,0.0,0.0,0
Jakub Kiwior,0.052232604275624046,0.09478047146443137,0.042547867188807334,0.20312232867346014,4.67867505055417,23923.692750020757,0.7373583899607817,6.010184815870089,26,Arsenal,DEF,4.3,2.480131606656754,3.6568160097278652,Full Ridge,26.0,2.1666666666666665,6
Jakub Moder,0.007343392775491544,0.034897119341563795,0.02755372656607226,0.13847123826225932,0.5057996403489131,6562.648485808559,0.0,0.33590223980126155,26,Brighton,MID,4.4,0.4552245953891303,0.4154504768598407,Full Ridge,15.0,1.25,10
Jamaal Lascelles,0.0003583311201121785,0.001603535727186479,0.0012452046070743012,0.19258821169920093,0.16787551411284374,387460.9500717704,0.03871771365080172,0.46315814282335177,26,Newcastle,DEF,4.0,0.3417271369766224,0.3822041389255322,Full Ridge,1.0,0.08333333333333333,1
Jamal Lewis,0.0,0.0,0.0,0.0,0.0,592.1607929857852,0.0,0.0,26,Newcastle,DEF,4.0,0.20871055018964624,0.1391403667930975,Full Ridge,0.0,0.0,0
Jamal Lowe,0.0,0.0,0.0,0.0,0.0,892.0461143139607,0.0,0.0,25,Bournemouth,MID,4.9,0.2390936079841567,0.15939573865610446,Full Ridge,0.0,0.0,0
James Garner,0.049145668443665434,0.10769100481329957,0.058545336369634146,1.2047157967872564,3.3681925764782603,10335.136049455705,0.9960794980942993,2.086813903558028,26,Everton,MID,4.9,2.477315565580393,2.3471483449062713,Full Ridge,25.0,2.0833333333333335,11
James Hill,5.94031920635493e-07,5.94031920635493e-07,0.0,0.042151204301965346,0.10097210011715077,11250.401320157229,0.04389574759945132,0.043955150791514866,25,Bournemouth,DEF,4.0,0.2946396459084831,0.21107814753616036,Full Ridge,3.0,0.25,3
James Maddison,0.1831770883463542,0.2743653564752174,0.0911882681288633,1.0995478926139917,5.562238701240027,1077851.5562011153,0.805894623193251,2.336735707387312,25,Spurs,MID,8.0,3.366047907945539,3.0229438410927965,Full Ridge,39.0,3.25,11
James McAtee,0.06093572426539666,0.2641631162624137,0.20322739199701706,1.6764060010845636,4.510378920248653,86944.24035866885,0.9540404821898889,3.082396483227711,26,Sheffield Utd,MID,4.4,3.1022659671253097,3.09564280582611,Full Ridge,14.0,1.1666666666666667,8
James McConnell,0.0,0.0,0.0,1.7127436953908776e-05,0.0001712743695390878,1680.9255303384025,0.0,0.5572682992509465,25,Liverpool,MID,4.4,0.23931485613431647,0.3452993371731931,Full Ridge,0.0,0.0,0
James Milner,0.0379649624008359,0.0471242607362422,0.00915929833540632,0.19453311575789392,0.6771174577025824,12195.464317778413,0.1741523407673366,0.43049577795196187,26,Brighton,MID,4.8,0.719914863787999,0.6234418351759865,Full Ridge,0.0,0.0,0
James Shea,0.0,0.0,0.0,0.0,0.0,12258.751013661353,0.0,0.0,23,Luton,GK,4.3,0.05216722919565253,0.03477815279710168,Full Ridge,1.0,0.08333333333333333,1
James Sweet,0.0,0.0,0.0,0.0,0.0,61.666666666666664,0.0,0.0,2,Arsenal,DEF,4.0,0.20866344857846753,0.13910896571897835,Full Ridge,0.0,0.0,0
James Tarkowski,0.09017556542485305,0.19296646580569796,0.10279090038084489,1.2108843989123763,5.2514213181100615,602897.8094748431,1.0,1.8122398839781617,26,Everton,DEF,4.6,3.0295586765620737,2.6237857457007694,Full Ridge,35.0,2.9166666666666665,11
James Tomkins,0.0,0.0,0.0,0.034238683127572035,0.008779149519890266,44204.78962237179,0.0,0.3333729354613757,26,Crystal Palace,DEF,4.0,0.215542535214034,0.2548193352964812,Full Ridge,1.0,0.08333333333333333,1
James Trafford,0.004435299497027893,0.004435299497027893,0.0,2.219958466673861,3.0716802864046837,111098.39268944752,1.000150364329911,1.9400823316751845,25,Burnley,GK,4.5,2.812878053410058,2.5219461461651003,Full Ridge,2.0,0.16666666666666666,2
James Ward-Prowse,0.10052924710270189,0.2552979240742431,0.15476867697154126,1.9619304824675685,5.509713855560164,844642.1397512981,1.0,2.995218481969606,25,West Ham,MID,6.0,3.6701038107953643,3.4451420345201114,Full Ridge,37.0,3.0833333333333335,12
James Wright,0.0,0.0,0.0,0.0,0.0,328.320987654321,0.0,0.0,6,Aston Villa,GK,4.0,0.05017489720935042,0.03344993147290028,Full Ridge,0.0,0.0,0
Jamie Donley,0.0,0.0,0.0,0.021626784534877822,0.0011561019943888422,4878.522570622228,0.0,0.012524438272545789,19,Spurs,FWD,4.5,0.3142893887468886,0.21370107192210766,Full Ridge,0.0,0.0,0
Jamie McDonnell,0.0,0.0,0.0,0.0,0.0,89.76954732510288,0.0,0.0,6,Nott'm Forest,MID,4.5,0.23891171972304703,0.1592744798153647,Full Ridge,0.0,0.0,0
Jan Paul van Hecke,0.09032871994737793,0.14565968940345186,0.055330969456073964,0.8680063049137882,5.212696378135984,336381.2370166712,0.9986285442728142,2.589085972350226,26,Brighton,DEF,4.1,3.024976530898104,2.8796796780488108,Full Ridge,16.0,1.3333333333333333,7
Japhet Tanganga,0.0,0.0,0.0,0.0,0.0,32755.68789837451,0.0,0.0,25,Spurs,DEF,4.0,0.21156629141786154,0.14104419427857434,Full Ridge,0.0,0.0,0
Jarell Quansah,0.005935903951330467,0.01658062274419741,0.010644718792866941,0.6658163249876683,1.0327450515747392,16686.46276556408,0.5935903951330467,1.075167254698335,25,Liverpool,DEF,4.0,1.264606170207409,1.2014598650377177,Full Ridge,34.0,2.8333333333333335,8
Jarrad Branthwaite,0.00793342837161345,0.12163611279945252,0.11370268442783907,1.204103409779409,4.8859121134741255,492582.87488044234,0.9912698318500204,5.102506444640035,26,Everton,DEF,4.2,2.8246484815437207,3.583934469242492,Full Ridge,48.0,4.0,11
Jarrod Bowen,0.052536701623479815,0.36926107662230756,0.3167243749988278,1.9570235429252407,9.164485650170512,2103364.40717813,0.9982872563046095,8.20239919641164,26,West Ham,MID,7.7,4.8098997729264354,5.94073291408817,Full Ridge,42.0,3.5,9
Jason Steele,0.0,0.0,0.0,0.5687884962685564,0.9482546425329359,231483.02902181383,0.3153475834918266,1.0698155606882143,26,Brighton,GK,4.2,0.9735070315822103,1.0056098746175448,Full Ridge,2.0,0.16666666666666666,3
Javier Manquillo Gaitán,0.0,0.0,0.0,0.0,0.0,3904.551643418366,0.0,0.0,26,Newcastle,DEF,4.0,0.20900465136469926,0.13933643424313283,Full Ridge,0.0,0.0,0
Jay Rodriguez,0.00014915143014028896,0.009763200808940548,0.009614049378800258,0.34215283329221097,0.49512077801858145,23971.289385629887,0.024489856033401505,0.6494160008131407,25,Burnley,FWD,5.3,0.6300389584322779,0.6364979725592321,Full Ridge,6.0,0.5,6
Jay Stansfield,0.0,0.0,0.0,0.0,0.0,1390.7361144287413,0.0,0.0,26,Fulham,FWD,4.5,0.29925941665170086,0.19950627776780056,Full Ridge,0.0,0.0,0
Jayden Bogle,0.03754235491118085,0.05651276169333567,0.018970406782154812,1.864213214697253,4.2873689776829,10269.255767289362,0.9777880061194593,1.0326058702490544,26,Sheffield Utd,DEF,4.5,2.70583083674238,2.148089181244605,Full Ridge,26.0,2.1666666666666665,11
Jayden Danns,0.0,0.0,0.0,0.0,0.2,0.0,0.0,1.0,1,Liverpool,FWD,4.5,0.3311907779959805,0.5541271853306536,Full Ridge,0.0,0.0,1
Jayden Luker,0.0,0.0,0.0,0.0,0.0,340.01966965149336,0.0,0.0,16,Luton,MID,4.5,0.23896845521983867,0.15931230347989245,Full Ridge,0.0,0.0,0
Jean-Philippe Gbamin,0.0,0.0,0.0,0.0,0.0,1240.2700736251259,0.0,0.0,26,Everton,MID,4.4,0.23917255563518114,0.15944837042345408,Full Ridge,0.0,0.0,0
Jean-Philippe Mateta,0.02435944375694867,0.38534309371793174,0.3609836499609831,1.0000889923480853,5.545472415733558,86118.0637666471,0.9833727006512443,4.486194677394296,26,Crystal Palace,FWD,4.9,2.892101609388426,3.4234659653903825,Full Ridge,94.0,7.833333333333333,11
Jean-Ricner Bellegarde,0.024186437657520092,0.08652590807167224,0.062339470414152144,0.5616630777032474,1.844140543014129,1736.78439206103,0.0802388033856528,1.3210097757537456,22,Wolves,MID,4.9,1.0560250095706534,1.1443532649650174,Full Ridge,10.0,0.8333333333333334,5
Jeff Hendrick,0.0,0.0,0.0,0.0,0.0,2348.909767531466,0.0,0.0,26,Newcastle,MID,4.4,0.23942390106195655,0.15961593404130436,Full Ridge,0.0,0.0,0
Jefferson Lerma Solís,0.03230309040117136,0.15069670443867772,0.11839361403750637,1.0551583491687722,3.5081212912500073,11374.850552052772,0.9907862527396281,2.624610420997998,26,Crystal Palace,MID,4.7,2.4817043712177513,2.5293397211445,Full Ridge,13.0,1.0833333333333333,7
Jeffrey Schlupp,0.007750957435669163,0.020314885997152022,0.01256392856148286,0.28087568245437394,0.609896182476609,10615.064409011035,0.16576603928658,0.3782813348130608,26,Crystal Palace,MID,4.9,0.6571123790244395,0.5641686976206466,Full Ridge,19.0,1.5833333333333333,8
Jenson Metcalfe,0.0,0.0,0.0,0.0,0.0,130.40669613371946,0.0,0.0,10,Everton,MID,4.5,0.23892093278078474,0.1592806218538565,Full Ridge,0.0,0.0,0
Jeremy Sarmiento Morante,0.0,0.0,0.0,0.0,0.0,847.897374348325,0.0,0.0,26,Brighton,MID,4.5,0.23908359879546415,0.15938906586364276,Full Ridge,0.0,0.0,0
Jesurun Rak-Sakyi,1.7372339762334853e-05,0.0001327970734245657,0.00011880793108522516,0.0009692025259490358,0.002398303327287569,1491.728614469222,0.0,0.0017093113820473632,26,Crystal Palace,MID,4.5,0.24030396843444124,0.1607724160836433,Full Ridge,0.0,0.0,0
Jhon Durán,0.0005206914214154556,0.018919100580447965,0.018837366635027022,0.01354046458783631,0.19531735433949932,17006.33379293439,0.0,0.1996801074137205,26,Aston Villa,FWD,5.0,0.3545504822922554,0.3029270239994104,Full Ridge,26.0,2.1666666666666665,9
Ji-Soo Kim,0.0,0.0,0.0,0.0,0.0,2741.7600945958234,0.0,0.0,18,Brentford,DEF,4.0,0.20890140921234102,0.13926760614156067,Full Ridge,0.0,0.0,0
Jili Buyabu,0.0,0.0,0.0,0.0,0.0,1812.6601484233843,0.0,0.0,18,Sheffield Utd,DEF,4.0,0.20881891611347392,0.13921261074231595,Full Ridge,0.0,0.0,0
Joachim Andersen,0.11394499333027427,0.12057343667159577,0.006628443341321498,1.0760446990730317,2.489186949204802,1599255.7540482841,1.0,3.0810010240101278,26,Crystal Palace,DEF,4.7,2.4373897637302946,2.6519268504902387,Full Ridge,39.0,3.25,11
Joe Gardner,0.0,0.0,0.0,0.0,0.0,462.39094650205755,0.0,0.0,6,Nott'm Forest,FWD,4.5,0.29902249700618067,0.19934833133745378,Full Ridge,0.0,0.0,0
Joe Gauci,0.0,0.0,0.0,0.0,0.0,53.0,0.0,0.0,2,Aston Villa,GK,4.0,0.05012891975430411,0.03341927983620274,Full Ridge,0.0,0.0,0
Joe Gomez,0.028931080943793895,0.046804838527571266,0.017873757583777367,1.380027943784699,2.4366599420262713,201874.19321251215,0.7267154357165035,2.218915348891491,25,Liverpool,DEF,4.6,1.8697264089350794,1.986122722253883,Full Ridge,19.0,1.5833333333333333,9
Joe Hodge,0.0,0.0,0.0,0.0,0.0,5027.200894064526,0.0,0.0,26,Wolves,MID,4.4,0.24003111026610757,0.16002074017740503,Full Ridge,0.0,0.0,0
Joe Hugill,0.0,0.0,0.0,0.0,0.0,785.4513627414273,0.0,0.0,14,Man Utd,FWD,4.5,0.2991049440979967,0.19940329606533114,Full Ridge,0.0,0.0,0
Joe Rodon,0.0,0.0,0.0,0.0,0.0,6182.653891951456,0.0,0.0,25,Spurs,DEF,4.0,0.20920691993095164,0.13947127995396774,Full Ridge,0.0,0.0,0
Joe Rothwell,0.0003868919130820125,0.00040389839724739343,1.7006484165380954e-05,0.006559720539302151,0.012562857461045683,1718.623953815875,0.00013365718214298586,0.02658681246146915,25,Bournemouth,MID,4.8,0.2455602524172733,0.17256910576533857,Full Ridge,0.0,0.0,0
Joe Taylor,0.0,0.0,0.0,0.0,0.0,7365.134348035108,0.0,0.0,23,Luton,FWD,4.5,0.3007841214281185,0.20052274761874567,Full Ridge,0.0,0.0,0
Joe White,0.0,0.0,0.0,0.024444444444444446,0.0,188.6172839506173,0.0,0.22222222222222224,5,Newcastle,MID,4.5,0.24826290752133418,0.23958267908829683,Full Ridge,2.0,0.16666666666666666,3
Joe Whitworth,0.0,0.0,0.0,0.0,0.0,106555.81124871674,0.0,0.0,26,Crystal Palace,GK,3.9,0.06791444441849237,0.04527629627899491,Full Ridge,0.0,0.0,0
Joe Willock,0.0003666540207170102,0.023871261723589433,0.023504607702872424,0.09937407040441786,1.7766893890322872,8665.650818984668,0.0011418291302605853,2.003552357294144,26,Newcastle,MID,5.3,0.6842780860368547,1.124036176455951,Full Ridge,8.0,0.6666666666666666,5
Joe Worrall,6.138329846566761e-06,8.118436248685072e-06,1.9801064021183102e-06,0.003194228328525729,0.01635483615188649,7504.664069588964,0.00020048577321447877,0.02006365094790483,26,Nott'm Forest,DEF,4.3,0.21421287344923745,0.14949646594879323,Full Ridge,0.0,0.0,0
Joel Matip,3.283911716727955e-05,0.00022884637409143006,0.0001960072569241504,0.011237757953596763,0.030018591681434725,32245.902222247045,0.009061386991909644,0.016936370705412387,25,Liverpool,DEF,4.8,0.23154953267633505,0.16001181201936082,Full Ridge,0.0,0.0,0
Joel Ward,0.00690711364349305,0.007094046178162815,0.0001869325346697647,0.4323252969911931,0.9864261210013664,21817.37576802183,0.5813423039344382,2.4797033249947678,26,Crystal Palace,DEF,4.5,1.2419445326507408,1.6545307967654164,Full Ridge,10.0,0.8333333333333334,8
Joelinton Cássio Apolinário de Lira,0.0015787209144701585,0.0066198721358089255,0.005041151221338768,0.22059224809283112,0.19489526874456256,46676.18622889274,0.05473314430426063,0.1267469932336258,26,Newcastle,MID,5.8,0.43285098477873285,0.33081632093036384,Full Ridge,4.0,0.3333333333333333,3
John Egan,0.0,1.4782731858314503e-05,1.4782731858314503e-05,0.0009470292016406274,0.0005952076088117506,6062.3508325357925,0.00038426439866108433,-0.0001571709456681407,26,Sheffield Utd,DEF,4.3,0.20985635197368457,0.13985184433390033,Full Ridge,0.0,0.0,0
John Fleck,0.00121255910138506,0.00121255910138506,0.0,0.006523174668751202,0.010233643579960495,635.4061478770644,0.0025691155430863162,0.006073896623469502,26,Sheffield Utd,MID,4.9,0.24905252956929247,0.1680596519206848,Full Ridge,0.0,0.0,0
John McAtee,0.0,0.0,0.0,0.0,0.0,44742.169614549784,0.0,0.0,23,Luton,FWD,4.5,0.3103229807359267,0.20688198715728445,Full Ridge,0.0,0.0,0
John McGinn,0.11000574308678977,0.28161108401248003,0.17160534092569027,1.7503078132830578,5.425073169405719,167895.04065496463,1.0,3.806254442622667,26,Aston Villa,MID,5.5,3.465451090134515,3.579052207630565,Full Ridge,20.0,1.6666666666666667,9
John Stones,0.04243975687098986,0.08688420131543431,0.044444444444444446,0.5552612183864133,2.0862336232816023,293165.9059553879,0.7972475843940201,4.339573604740353,25,Man City,DEF,5.3,1.849252857014012,2.6793597729227923,Full Ridge,14.0,1.1666666666666667,4
John-Kymani Gordon,0.0,0.0,0.0,0.0,0.0,4174.911200231134,0.0,0.0,26,Crystal Palace,FWD,4.5,0.2999699560040706,0.1999799706693804,Full Ridge,0.0,0.0,0
Jonathan Castro Otto,0.0,0.0,0.0,1.0525503093760135e-05,7.518216495542954e-05,4532.801008494134,0.0,0.00015036432991085907,26,Wolves,DEF,4.3,0.2090816487438566,0.13943788727254136,Full Ridge,0.0,0.0,0
Jonathan Panzo,0.0,0.0,0.0,0.0,0.0,6208.889245622136,0.0,0.0,26,Nott'm Forest,DEF,4.0,0.20920924932041407,0.13947283288027604,Full Ridge,0.0,0.0,0
Jonjo Shelvey,0.0,0.0,0.0,0.0,0.0,1570.2689112627695,0.0,0.0,26,Nott'm Forest,MID,4.8,0.2392473713748099,0.15949824758320658,Full Ridge,0.0,0.0,0
Jonny Evans,0.004174972344860697,0.004220645510071121,4.567316521042341e-05,0.2992585484655425,0.9038803930975321,91519.86900287808,0.11627852103991722,0.59760868879716,23,Man Utd,DEF,4.0,0.6266051692520629,0.6169396757670952,Full Ridge,13.0,1.0833333333333333,6
Jordan Amissah,0.0,0.0,0.0,0.0,0.0,35127.77666366056,0.0,0.0,26,Sheffield Utd,GK,3.9,0.05598626096556669,0.03732417397704446,Full Ridge,0.0,0.0,0
Jordan Ayew,0.1588621180917754,0.33657643125911146,0.17771431316733607,0.894627292913577,9.50385883773777,41452.613199992185,0.9457207437472417,6.6605746712999485,26,Crystal Palace,MID,5.4,4.052433345210064,4.921813787240025,Full Ridge,24.0,2.0,10
Jordan Beyer,0.0014352183922777125,0.007020279331065598,0.005585060938787888,0.08856088638761293,0.20265827360535488,125761.6963019458,0.08298713876753744,0.1655764220366732,25,Burnley,DEF,4.0,0.38088624133252147,0.3091163015672387,Full Ridge,0.0,0.0,0
Jordan Clark,0.011474594545772723,0.04011656985441471,0.02864197530864198,1.3587441503384197,1.408601895600829,921.4503335465113,0.5349794238683129,1.5444298300908914,23,Luton,MID,4.8,1.5852586537732574,1.5716490458791352,Full Ridge,31.0,2.5833333333333335,11
Jordan Henderson,0.0,0.0,0.0,0.0,0.0,576.037038929272,0.0,0.0,25,Liverpool,MID,5.0,0.23902196393573039,0.15934797595715358,Full Ridge,0.0,0.0,0
Jordan Pickford,0.013965829761229728,0.013965829761229728,0.0,1.210900883298174,3.2545096662804927,1147585.975396262,1.0,3.689021859374206,26,Everton,GK,4.6,3.2871541274346687,3.421110038081181,Full Ridge,56.0,4.666666666666667,11
Jorge Luiz Frello Filho,0.06503872073379645,0.06552927197049163,0.0004905512366951767,0.14104722231998765,1.6949563260127984,18873.246846081456,0.4345656802196988,1.3374067159676981,26,Arsenal,MID,5.3,1.1989808150912074,1.2451227820500375,Full Ridge,19.0,1.5833333333333333,8
Joseph Anang,0.0,0.0,0.0,0.0,0.0,5904.278694125642,0.0,0.0,26,West Ham,GK,4.0,0.0511060588580633,0.03407070590537553,Full Ridge,0.0,0.0,0
Joseph Johnson,0.0,0.0,0.0,0.0,0.0,4767.3237653165515,0.0,0.0,22,Luton,DEF,4.0,0.20908125533636523,0.13938750355757681,Full Ridge,0.0,0.0,2
Josh Bowler,0.0,0.0,0.0,0.0,0.0,208.72181531178035,0.0,0.0,26,Nott'm Forest,MID,4.5,0.23893868800564355,0.15929245867042902,Full Ridge,0.0,0.0,0
Josh Brooking,0.0,0.0,0.0,0.0,0.0,2285.764974182871,0.0,0.0,19,Chelsea,DEF,4.0,0.2088609222327581,0.13924061482183872,Full Ridge,0.0,0.0,0
Josh Brownhill,0.04096540078551008,0.08025167959553972,0.03928627881002965,2.9087525865158455,2.9280359622692402,24479.076570778976,0.9996783874054687,0.9932165357105674,25,Burnley,MID,4.7,2.9946629427021163,2.3275141403716,Full Ridge,18.0,1.5,8
Josh Cullen,0.004300283750356633,0.02097580520534027,0.01667552145498364,0.7309952680341523,0.9457214364782585,5490.577686692957,0.045568550769709636,0.4246414800991192,25,Burnley,MID,5.0,0.7902502794384518,0.6683806796586742,Full Ridge,44.0,3.6666666666666665,12
Josh Dasilva,0.015144032921810708,0.015144032921810708,0.0,0.001977387753697534,0.2128973460169421,2676.7136461135774,0.0,0.10976907059466008,25,Brentford,MID,4.7,0.32423085173986943,0.25274359135813296,Full Ridge,0.0,0.0,0
Josh Powell,0.0,0.0,0.0,0.0,0.0,15478.923944710648,0.0,0.0,26,Nott'm Forest,DEF,3.9,0.21003231888583918,0.14002154592389277,Full Ridge,0.0,0.0,0
Joshua Duffus,0.0,0.0,0.0,0.0,0.0,371.2906506398014,0.0,0.0,14,Brighton,MID,4.4,0.23897554482533034,0.15931702988355356,Full Ridge,0.0,0.0,0
Joshua King,0.0,0.0,0.0,0.0,0.0,123.85185185185185,0.0,0.0,4,Fulham,MID,4.5,0.23891944669820753,0.15927963113213833,Full Ridge,0.0,0.0,0
José Malheiro de Sá,0.0,0.0,0.0,1.3787952624403972,2.489412076711975,184588.49606080924,0.9874755617274544,4.10702611332473,26,Wolves,GK,5.0,2.897416354145643,3.3006196072053386,Full Ridge,33.0,2.75,10
João Cancelo,0.0,0.0,0.0,0.0,0.0,106618.49962429449,0.0,0.0,25,Man City,DEF,5.8,0.21812443648654334,0.14541629099102887,Full Ridge,0.0,0.0,0
João Neves Virgínia,0.0,0.0,0.0,0.0,0.0,51436.38991880537,0.0,0.0,26,Everton,GK,3.9,0.05870973126543244,0.03913982084362162,Full Ridge,0.0,0.0,0
João Palhinha Gonçalves,0.008996794941821793,0.06554440313525313,0.056547608193431326,1.1644015096548412,3.053696037800519,36035.8539205011,0.6648499673851649,1.7018242791979898,26,Fulham,MID,5.0,2.007246220490166,1.9054389067261073,Full Ridge,28.0,2.3333333333333335,11
João Pedro Junqueira de Jesus,0.042073172539773405,0.18832812854059125,0.1462549560008178,0.3570183578329696,2.4165628336550244,966027.5727228422,0.28056620546837696,1.4718747356179318,26,Brighton,FWD,5.3,1.6073277489364455,1.562176744496941,Full Ridge,21.0,1.75,8
João Victor Gomes da Silva,0.034845899564280906,0.18494152652433563,0.15009562696005468,1.1485161872964205,5.65650188303484,14719.154408787104,0.8864228164246626,5.16555377495304,26,Wolves,MID,4.9,2.926496688738423,3.672849050809962,Full Ridge,16.0,1.3333333333333333,10
Joël Veltman,0.003477678884255351,0.003741744346420698,0.00026406546216534746,0.14301199557190752,0.4974708253269111,49672.74519304162,0.014301378313070776,0.5023742429168527,26,Brighton,DEF,4.3,0.3756821063016339,0.4179128185067068,Full Ridge,27.0,2.25,9
Joško Gvardiol,0.02691395949442904,0.06428043035201927,0.03736647085759024,0.31129430496797433,1.3528212242011868,318994.8338230272,0.2727243521896366,0.6178531894299211,25,Man City,DEF,4.8,0.964071236522153,0.8486652208247423,Full Ridge,79.0,6.583333333333333,9
Julio Enciso,0.0033448179504656193,0.03668211149660319,0.03333729354613757,0.06671161508199475,1.3668527966684656,46744.95682775654,1.9801064021183095e-05,0.33351154290952395,26,Brighton,MID,5.0,0.6146113053452901,0.5209113845333679,Full Ridge,11.0,0.9166666666666666,8
Julián Álvarez,0.14034494222939234,0.4382675318317039,0.29792258960231155,0.727492661158591,8.064820791173632,3014502.1529608024,0.8888888888888891,3.8147292774581327,25,Man City,FWD,6.7,4.1816114506013955,4.059317392886975,Full Ridge,34.0,2.8333333333333335,9
Jurriën Timber,3.9602128042366206e-07,3.9602128042366206e-07,0.0,1.1088595851862535e-05,0.0,46081.70644339186,3.960212804236619e-05,0.0,26,Arsenal,DEF,4.6,0.21280059177712385,0.14186706118474923,Full Ridge,0.0,0.0,1
Justin Hubner,0.0,0.0,0.0,0.0,0.0,2483.5306383963607,0.0,0.0,13,Wolves,DEF,4.0,0.2088784814873439,0.1392523209915626,Full Ridge,0.0,0.0,0
Justin Kluivert,0.03059818960504284,0.14426425168183865,0.1136660620767958,0.9735329639236127,2.4701747618890897,34484.08891458812,0.7700638874349152,2.023983535335568,25,Bournemouth,MID,4.6,2.0360928122827295,2.0320563866336756,Full Ridge,49.0,4.083333333333333,11
Jérémy Doku,0.1967082934643681,0.24319543049340642,0.04648713702903825,0.7016363145636191,6.278034721106031,275663.99572479114,0.490437562968271,1.7442206558666369,23,Man City,MID,6.5,2.88356005375522,2.5037802544590253,Full Ridge,38.0,3.1666666666666665,10
Jóhann Berg Gudmundsson,0.04136670564969741,0.05767390637701879,0.01630720072732138,1.3658949197650299,2.032732089683623,2637.344819869747,0.48245193976787415,1.3723870285715511,25,Burnley,MID,4.8,1.734673692989603,1.6139114715169187,Full Ridge,16.0,1.3333333333333333,8
Kacper Kozłowski,0.0,0.0,0.0,0.0,0.0,119.11099981966811,0.0,0.0,26,Brighton,MID,4.5,0.2389183718751755,0.15927891458345034,Full Ridge,0.0,0.0,0
Kaden Rodney,0.0,0.0,0.0,0.0,0.0,0.0,0.0,0.0,1,Crystal Palace,MID,4.5,0.23889136760566587,0.15926091173711057,Full Ridge,0.0,0.0,0
Kaelan Casey,0.0,0.0,0.0,0.0,0.0,908.4938271604939,0.0,0.0,7,West Ham,DEF,4.0,0.20873863682593397,0.1391590912172893,Full Ridge,1.0,0.08333333333333333,1
Kai Havertz,0.07136111094110913,0.7413219407804813,0.6699608298393722,0.23401412968546334,7.541538604094935,169249.21519648063,0.9096343604921899,8.568675596579485,26,Arsenal,MID,7.1,3.820294997338885,5.403088530419085,Full Ridge,91.0,7.583333333333333,11
Kaide Gordon,0.0,0.0,0.0,0.08691358024691363,0.05925925925925929,143.79012345679013,0.0,0.19753086419753094,5,Liverpool,MID,4.5,0.28450045817459735,0.2555105935155752,Full Ridge,0.0,0.0,0
Kaine Kesler-Hayden,0.0,0.0,0.0,0.0,0.0,555.8024691358025,0.0,0.0,5,Aston Villa,DEF,4.0,0.2087073220000243,0.13913821466668286,Full Ridge,3.0,0.25,3
Kalvin Phillips,0.003882513832804339,0.03163492760184827,0.027752413769043936,1.1117396069651628,0.7087451325455338,5329.2742207191895,0.28806584362139925,0.009815021221006416,25,West Ham,MID,4.7,1.1101814838361288,0.7433926629644213,Full Ridge,4.0,0.3333333333333333,4
Kaoru Mitoma,0.04614032980358389,0.106602600388264,0.0604622705846801,0.3347621301299478,3.1037615112545835,1521022.5754943255,0.3980843714537046,2.3688246944679636,26,Brighton,MID,6.4,1.9081150701852891,2.0616849449461805,Full Ridge,0.0,0.0,0
Karl Darlow,0.0,0.0,0.0,0.0,0.0,748.8803086289599,0.0,0.0,26,Newcastle,GK,4.0,0.05024512885946597,0.03349675257297731,Full Ridge,0.0,0.0,0
Karl Hein,0.0,0.0,0.0,0.0,0.0,5530.8668314475635,0.0,0.0,26,Arsenal,GK,4.0,0.05104370063656949,0.03402913375771299,Full Ridge,0.0,0.0,0
Keane Lewis-Potter,0.1036382954067877,0.17179194846599927,0.06815432134512228,1.1255216433429052,4.448291173227619,8188.825616546193,0.5138985784398088,2.9805230165352414,25,Brentford,MID,4.7,2.4088824410554466,2.5994292995487114,Full Ridge,26.0,2.1666666666666665,10
Keinan Davis,0.0,0.0,0.0,0.0,0.0,12017.673098415598,0.0,0.0,26,Aston Villa,FWD,4.9,0.3019714791799455,0.20131431945329697,Full Ridge,0.0,0.0,0
Kell Watts,0.0,0.0,0.0,0.0,0.0,5363.34218501684,0.0,0.0,26,Newcastle,DEF,4.0,0.20913417473069462,0.13942278315379641,Full Ridge,0.0,0.0,0
Kenny Tete,0.0009564207810284702,0.003162500608241996,0.002206079827213526,0.15266142930191465,0.21460596048226782,29727.769370309925,0.06617457007106382,0.22466874050524602,26,Fulham,DEF,4.4,0.3573416380050295,0.313117338838435,Full Ridge,4.0,0.3333333333333333,4
Kepa Arrizabalaga,0.0,0.0,0.0,0.0,0.0,19287.557120461483,0.0,0.0,25,Chelsea,GK,5.0,0.05334101045932593,0.03556067363955062,Full Ridge,0.0,0.0,0
Kevin De Bruyne,0.20474201479879606,0.26781590519459897,0.06307389039580287,0.5627357071230472,6.6901169696014176,2866925.733465366,0.3868906789122283,2.5185779217105826,25,Man City,MID,10.8,3.4575976771577817,3.1445910920087154,Full Ridge,67.0,5.583333333333333,10
Kevin Mbabu,0.0,0.0,0.0,0.0,0.0,19222.573859969772,0.0,0.0,26,Fulham,DEF,4.0,0.21036471077096985,0.1402431405139799,Full Ridge,0.0,0.0,0
Kevin Schade,1.9083275450415207e-05,6.809090890284336e-05,4.900763345242819e-05,0.0001256377512144068,0.0008342435785424701,5507.0550265802685,0.00014108258115092957,0.0009838653685525353,25,Brentford,MID,5.2,0.24060042928697,0.16072824131416416,Full Ridge,14.0,1.1666666666666667,6
Ki-Jana Hoever,0.0,0.0,0.0,0.0,0.0,4358.03951256433,0.0,0.0,26,Wolves,DEF,4.0,0.20904491572999018,0.13936327715332678,Full Ridge,0.0,0.0,0
Kieffer Moore,0.0005864497935439649,0.021897663336837504,0.021311213543293538,0.019296293805186458,0.08473611942074624,20391.336114664897,0.0,0.09834492137782683,25,Bournemouth,FWD,4.6,0.34286869428915656,0.26136076998538,Full Ridge,0.0,0.0,0
Kieran Tierney,0.0,0.0,0.0,0.0,0.0,10154.05551570897,0.0,0.0,26,Arsenal,DEF,4.4,0.2095595334771465,0.139706355651431,Full Ridge,0.0,0.0,0
Kieran Trippier,0.1612277945783833,0.19437514801260813,0.033147353434224834,2.171186797805309,5.469615835622266,4376784.068432864,0.9620654033091163,2.3016776224101902,26,Newcastle,DEF,6.9,3.5080906458407943,3.105952971363926,Full Ridge,4.0,0.3333333333333333,3
Kjell Scherpen,0.0,0.0,0.0,0.0,0.0,71.9522747743516,0.0,0.0,26,Brighton,GK,4.0,0.05013208470503627,0.033421389803357515,Full Ridge,0.0,0.0,0
Kobbie Mainoo,0.15113067845516037,0.186129916376209,0.03499923792104862,1.4689830375233464,3.0775063145924637,55964.61904906676,0.9869403293226449,2.2014736035295237,26,Man Utd,MID,4.4,2.7534542021901696,2.5694606693032873,Full Ridge,46.0,3.8333333333333335,11
Konstantinos Mavropanos,0.0005816638159268862,0.007646084820258439,0.007064421004331555,0.8256513315977752,1.4411771526105324,18484.438684618588,0.5081822376203754,1.0589406726556025,24,West Ham,DEF,4.5,1.2704125858636244,1.199921948127617,Full Ridge,8.0,0.6666666666666666,8
Konstantinos Tsimikas,0.004392533405738388,0.004600203578804532,0.00020767017306614385,0.04480984577436857,0.20307797479623227,290481.05708441394,0.05059036513683203,0.40514381005507116,25,Liverpool,DEF,4.5,0.3603704377060808,0.3752948951557442,Full Ridge,2.0,0.16666666666666666,2
Kortney Hause,0.0,0.0,0.0,0.0,0.0,20128.905052042603,0.0,0.0,26,Aston Villa,DEF,3.9,0.2104451822734621,0.14029678818230806,Full Ridge,0.0,0.0,0
Kristian Sekularac,0.0,0.0,0.0,0.0,0.0,50.66666666666667,0.0,0.0,5,Fulham,MID,4.5,0.2389028545071602,0.15926856967144012,Full Ridge,0.0,0.0,0
Kristoffer Ajer,0.03595997904235926,0.036298650330892974,0.0003386712885337151,1.7153433919391836,2.798764057519092,23905.40427246688,0.7850934346093676,0.8125668941408287,25,Brentford,DEF,4.4,2.054598931376658,1.640588252298048,Full Ridge,40.0,3.3333333333333335,10
Kurt Zouma,0.0009990726122902603,0.027549535584793353,0.026550462972503092,1.6187557103452472,2.145805088964212,155760.9883136599,0.9478966121484609,0.8184493729980349,26,West Ham,DEF,4.5,2.038708395521126,1.6319553880134285,Full Ridge,27.0,2.25,11
Kyle Walker,0.10959620758023067,0.1275310382986912,0.017934830718460505,0.6608495949560014,3.1452944725062806,1860371.710220688,0.6748971193415639,3.5538990954493324,25,Man City,DEF,5.5,2.2104126833165187,2.65824148736079,Full Ridge,43.0,3.5833333333333335,7
Lawrence Vigouroux,0.0,0.0,0.0,0.0,0.0,27803.279440925384,0.0,0.0,25,Burnley,GK,3.9,0.05476310052050093,0.03650873368033395,Full Ridge,0.0,0.0,0
Leander Dendoncker,0.00019509221155311702,0.014024962319429637,0.013829870107876518,0.01940886091893853,0.16656191375070542,2390.334006091343,0.019509221155311705,0.2987707521931819,26,Aston Villa,MID,4.9,0.3177237298234842,0.31140607061338343,Full Ridge,0.0,0.0,0
Leandro Trossard,0.018481697448445945,0.2507598841317757,0.23227818668332978,0.13517394266242047,4.650385856850791,220118.0972181477,0.4394542755847693,5.2991382147467085,26,Arsenal,MID,6.5,2.055451868204043,3.1366806503849314,Full Ridge,54.0,4.5,11
Leigh Kavanagh,0.0,0.0,0.0,0.0,0.0,1299.0846340421608,0.0,0.0,13,Brighton,DEF,4.0,0.20877331667515941,0.13918221111677292,Full Ridge,0.0,0.0,0
Leo Castledine,0.0,0.0,0.0,0.0,0.0,188.56390455384513,0.0,0.0,11,Chelsea,MID,4.5,0.2389341179016592,0.15928941193443946,Full Ridge,0.0,0.0,0
Leon Bailey,0.37253564292264285,0.7816930850514007,0.4091574421287579,1.4399590470408865,8.133967386735579,384870.0149018378,0.9204067857487979,6.684669951013932,26,Aston Villa,MID,5.6,4.896270632020062,5.492403738351352,Full Ridge,41.0,3.4166666666666665,11
Lesley Ugochukwu,0.00023468858684494974,0.00023468858684494974,0.0,0.02448156400095624,0.02564051963908943,17702.823845387597,0.022178579585005263,0.025332894884672698,25,Chelsea,MID,4.4,0.27747881357776916,0.19343017401340368,Full Ridge,2.0,0.16666666666666666,2
Levi Colwill,0.008342274400037845,0.016707161692195882,0.008364887292158035,1.2662107661447373,1.744189629802546,515306.70033154706,0.5179115733344708,1.5875396950423537,25,Chelsea,DEF,4.7,1.4241726635594587,1.4786283407204235,Full Ridge,1.0,0.08333333333333333,1
Lewis Cook,0.06996769936836755,0.0790676958614146,0.009099996493047036,1.5697771216773067,2.5537678975914115,2599.6087978398523,0.9784540731121112,1.5567492730016868,25,Bournemouth,MID,5.0,2.4168538995273803,2.130152357352149,Full Ridge,38.0,3.1666666666666665,11
Lewis Dobbin,0.0079879422174804,0.01189879012950219,0.00391084791202179,0.05858257144638178,0.2798842337369502,5772.486592636431,2.970159603177464e-05,0.2592068460124565,26,Everton,MID,4.5,0.34721774746909484,0.31788078031688205,Full Ridge,3.0,0.25,3
Lewis Dunk,0.12050857375823013,0.24457384840657503,0.124260366859898,0.8396069570835625,7.960948731301544,414212.8170462479,0.9631715502790563,7.199171621395854,26,Brighton,DEF,5.1,3.7298104030776305,4.886264142517038,Full Ridge,29.0,2.4166666666666665,10
Lewis Hall,0.00028179986113228023,0.0003046364437374919,2.2836582605211704e-05,0.08505448490447122,0.030181967001788657,15523.2420461659,0.0011418291302605853,0.10836214743445893,26,Newcastle,DEF,4.3,0.22142587125526858,0.1837379633149987,Full Ridge,31.0,2.5833333333333335,9
Lewis Koumas,0.0,0.0,0.0,0.0,0.0,98.66666666666666,0.0,0.0,2,Liverpool,FWD,4.5,0.29892967223537037,0.19928644815691357,Full Ridge,0.0,0.0,0
Lewis Miley,0.023430050107649324,0.03757798207208398,0.01414793196443466,2.2333599472071293,2.8752649801131205,18858.531675252278,0.9890455767815627,2.26429831902876,26,Newcastle,MID,4.5,2.6359858563033014,2.512090010545121,Full Ridge,5.0,0.4166666666666667,2
Lewis O'Brien,0.0,0.0,0.0,0.0,0.0,830.7305519750821,0.0,0.0,26,Nott'm Forest,MID,4.9,0.23907970681656476,0.15938647121104316,Full Ridge,0.0,0.0,0
Lewis Orford,0.0,0.0,0.0,0.0,0.0,128.0713305898491,0.0,0.0,7,West Ham,MID,4.5,0.23892040331800923,0.1592802688786728,Full Ridge,0.0,0.0,0
Lisandro Martínez,2.84640295304507e-06,2.84640295304507e-06,0.0,0.27872568715084023,0.47346650920531197,233630.94473179584,0.1648095392711569,0.6368101074823884,26,Man Utd,DEF,4.7,0.5766708216519199,0.596717250262076,Full Ridge,3.0,0.25,3
Lloyd Kelly,0.004035047916515156,0.008735447744878392,0.004700399828363236,0.8095626779149627,0.778025128489996,4964.851815738937,0.5419669708812392,0.5678687489712663,25,Bournemouth,DEF,4.5,1.1312435518341055,0.9434519508798257,Full Ridge,23.0,1.9166666666666667,8
Lorenz Assignon,0.06740740740740743,0.07185185185185186,0.0044444444444444444,2.0951851851851853,2.8962962962962964,3747.851851851852,1.0,1.4444444444444449,4,Burnley,DEF,4.0,2.3850093385619493,2.0714877071894477,Full Ridge,20.0,1.6666666666666667,11
Loris Karius,0.0,0.0,0.0,0.7999999999999999,1.0666666666666667,26606.69974226593,0.3333333333333333,0.3333333333333333,26,Newcastle,GK,3.9,0.9508372908382869,0.7450026383366357,Full Ridge,0.0,0.0,0
Louie Marsh,0.0,0.0,0.0,0.0,0.0,2341.125097547064,0.0,0.0,26,Sheffield Utd,FWD,4.5,0.29950196202034807,0.19966797468023204,Full Ridge,0.0,0.0,0
Louie Watson,0.0,0.0,0.0,0.0,0.0,12707.004957509722,0.0,0.0,23,Luton,MID,4.4,0.24177223828135685,0.16118149218757122,Full Ridge,0.0,0.0,0
Loïc Mbe Soh,0.0,0.0,0.0,0.0,0.0,4983.53577134557,0.0,0.0,26,Nott'm Forest,DEF,4.0,0.20910045240817976,0.13940030160545316,Full Ridge,0.0,0.0,0
Luc De Fougerolles,0.0,0.0,0.0,0.0,0.0,8061.386558291075,0.0,0.0,26,Fulham,DEF,3.9,0.20937372919644293,0.13958248613096194,Full Ridge,0.0,0.0,0
Luca Barrington,0.0,0.0,0.0,0.0,0.0,246.4880805206975,0.0,0.0,12,Brighton,MID,4.5,0.23894725019054353,0.15929816679369568,Full Ridge,0.0,0.0,0
Luca Koleosho,0.0003995144569009728,0.002047117316707759,0.0016476028598067867,0.007185937141303688,0.036584623302297996,5697.443407938634,0.011147518036633565,0.04140455421802778,25,Burnley,MID,4.8,0.2635132950877346,0.18947704813116564,Full Ridge,0.0,0.0,0
Lucas Bergström,0.0,0.0,0.0,0.0,0.0,2946.4386187502682,0.0,0.0,25,Chelsea,GK,3.9,0.05061211191904347,0.03374140794602898,Full Ridge,0.0,0.0,0
Lucas Digne,0.01069551596353621,0.03161531277113442,0.02091979680759821,0.3995783903652088,0.5476190288442847,301324.9512411308,0.04985689850801882,0.8657937621482334,26,Aston Villa,DEF,4.6,0.4517491888328107,0.5897640466046182,Full Ridge,26.0,2.1666666666666665,12
Lucas Tolentino Coelho de Lima,0.07385855422772557,0.11700373386949116,0.04314517964176559,0.15530546404257126,1.6206776766971027,145702.5813354078,0.39109977737909474,0.9134193235416852,26,West Ham,MID,6.0,1.2601064976149696,1.1445441062572081,Full Ridge,35.0,2.9166666666666665,12
Luis Díaz,0.13978903039011997,1.1033835863138,0.96359455592368,1.873102166490469,14.32363725527889,940103.7862121507,1.2977843509248472,8.412798981376522,25,Liverpool,MID,7.5,6.949776869231115,7.437450906612916,Full Ridge,45.0,3.75,11
Luis Sinisterra,0.03488274963175735,0.08688083143687327,0.051998081805115906,0.36809162672401213,2.589215709612211,5383.906926409358,0.3258536695512767,1.6785210881755352,21,Bournemouth,MID,5.5,1.3661298107501179,1.4702602365585902,Full Ridge,3.0,0.25,2
Lukasz Fabianski,0.0,0.0,0.0,0.12276764495023912,0.0655154570309781,133943.1890860077,0.018304948244490003,0.1306033971786145,26,West Ham,GK,4.2,0.10453371168093295,0.1132236068468268,Full Ridge,11.0,0.9166666666666666,5
Luke Berry,0.03111111111111111,0.08222222222222222,0.051111111111111114,0.04571861731777,0.7655335946881219,3051.54765880777,0.0,0.7208057458490902,23,Luton,MID,4.6,0.5668793752759109,0.6181881654669706,Full Ridge,25.0,2.0833333333333335,10
Luke Chambers,0.0,0.0,0.0,0.0,0.0,1874.4992124022642,0.0,0.0,18,Liverpool,DEF,4.0,0.2088244066917908,0.13921627112786053,Full Ridge,0.0,0.0,0
Luke Cundle,0.0,0.0,0.0,0.0,0.0,1010.9960604317966,0.0,0.0,26,Wolves,MID,4.5,0.23912057574035028,0.1594137171602335,Full Ridge,0.0,0.0,0
Luke Freeman,0.0,0.0,0.0,0.0,0.0,853.1202204438285,0.0,0.0,23,Luton,MID,4.9,0.23908478289385793,0.15938985526257193,Full Ridge,0.0,0.0,0
Luke Harris,4.4552394047661944e-07,1.2920194273821966e-05,1.2474670333345348e-05,0.00010068841054771606,9.356002750009007e-05,1807.3649717922544,0.0,8.910478809532391e-05,24,Fulham,MID,4.5,0.23937704650307168,0.15961439926474622,Full Ridge,0.0,0.0,0
Luke McNally,0.0,0.0,0.0,0.0,0.0,1043.2380959726554,0.0,0.0,25,Burnley,DEF,4.0,0.2087506005251406,0.1391670670167604,Full Ridge,0.0,0.0,0
Luke Plange,0.0,0.0,0.0,0.0,0.0,1012.7391223218071,0.0,0.0,26,Crystal Palace,FWD,4.5,0.29916294939310817,0.1994419662620721,Full Ridge,0.0,0.0,0
Luke Shaw,0.013969760065653616,0.014119625139000317,0.00014986507334670176,0.7345356133250942,0.9534606328479712,345299.40905292134,0.5706317819802181,1.0068921179771781,26,Man Utd,DEF,5.2,1.2584650626495766,1.1746074144254437,Full Ridge,0.0,0.0,0
Luke Thomas,0.00010444838895943369,0.00021901243379394685,0.00011456404483451319,0.0775578324073538,0.03480269051484728,6794.657465335178,0.03683752118008352,0.031102270610393293,23,Sheffield Utd,DEF,4.0,0.26721055395196314,0.1885077928381065,Full Ridge,0.0,0.0,0
Lyle Foster,0.004448838591513705,0.018147225774542173,0.01369838718302847,0.3897377398739776,0.8624198485627798,50093.22080884667,0.2711987177628386,0.6433542556772346,25,Burnley,FWD,4.7,0.9360788570354811,0.8385039899160656,Full Ridge,23.0,1.9166666666666667,10
Mackenzie Hunt,0.0,0.0,0.0,0.0,0.0,723.0470424575013,0.0,0.0,21,Everton,MID,4.5,0.23905529333235964,0.15937019555490642,Full Ridge,0.0,0.0,0
Mads Bech Sørensen,0.0,0.0,0.0,0.0,0.0,7896.777802075125,0.0,0.0,25,Brentford,DEF,4.0,0.20935911388357287,0.13957274258904856,Full Ridge,0.0,0.0,0
Mads Bidstrup,0.0,0.0,0.0,0.0,0.0,128.86867539538136,0.0,0.0,25,Brentford,MID,4.5,0.2389205840881653,0.1592803893921102,Full Ridge,0.0,0.0,0
Mads Juel Andersen,0.0,3.796699330249191e-05,3.796699330249191e-05,0.014174641905094518,0.03166360467047546,68486.68508401852,0.0008917440121102337,0.050788352587778966,23,Luton,DEF,3.9,0.22492650656910285,0.16688045524199488,Full Ridge,0.0,0.0,0
Mads Roerslev Rasmussen,0.041324356294778555,0.1213775207014022,0.08005316440662363,1.6244830799080578,2.7007485481806697,9043.833774674811,0.8716197511748592,2.3972691231271,25,Brentford,DEF,4.4,2.0784003741370123,2.184689957133708,Full Ridge,35.0,2.9166666666666665,12
Mahamadou Susoho,0.0,0.0,0.0,0.0,0.0,108.99573235787227,0.0,0.0,9,Man City,MID,4.5,0.23891607859068353,0.15927738572712236,Full Ridge,0.0,0.0,0
Mahmoud Dahoud,0.0003061388679006553,0.0008114356267482111,0.000505296758847556,0.004037326684810264,0.007427924417085418,6875.84361317094,0.007636492321375044,0.007188338552083113,26,Brighton,MID,4.8,0.25164989340783817,0.17016270845591983,Full Ridge,0.0,0.0,0
Malang Sarr,0.0,0.0,0.0,0.0,0.0,9501.797250420608,0.0,0.0,25,Chelsea,DEF,4.3,0.2095016206489444,0.13966774709929625,Full Ridge,0.0,0.0,0
Malcolm Ebiowei,0.0,0.0,0.0,0.0,0.0,2669.831868769221,0.0,0.0,26,Crystal Palace,MID,4.4,0.23949665896783034,0.1596644393118869,Full Ridge,0.0,0.0,0
Malo Gusto,0.17672422160345744,0.18190311909436627,0.005178897490908851,1.5308136676388857,6.035080156903018,703774.8290426675,0.8631152950017296,2.599211576907379,25,Chelsea,DEF,4.2,3.239927305240335,3.026355395796016,Full Ridge,27.0,2.25,8
Manor Solomon,7.484802200007208e-05,0.00011444396220993162,3.959594020985957e-05,0.00015198863594384677,0.0031511537039960896,8098.560514843206,0.00016707147767873232,0.001174141218131091,25,Spurs,MID,5.1,0.24183814067541487,0.16161680752298693,Full Ridge,0.0,0.0,0
Manuel Akanji,0.0787530368800372,0.12231157922876784,0.043558542348730626,0.8309520701957394,3.873736413439184,435065.82746953063,0.9908964171735171,5.504354617140346,25,Man City,DEF,4.9,2.646990034648665,3.599444895479225,Full Ridge,43.0,3.5833333333333335,10
Manuel Benson Hedilazio,8.771007844523554e-05,9.071736504345272e-05,3.0072865982171804e-06,0.002479812992105793,0.03968132126667264,6407.023470458185,2.970159603177464e-05,0.3421934459659522,25,Burnley,MID,5.2,0.24985668067093236,0.28063560243593894,Full Ridge,3.0,0.25,3
Marc Cucurella Saseta,0.0005939229507296407,0.0014904966990530043,0.0008965737483233637,0.03828160570000214,0.07296728662862924,40372.35223245582,0.020565699439126315,0.02297050083653856,25,Chelsea,DEF,4.8,0.25935447386851185,0.1805598161911874,Full Ridge,34.0,2.8333333333333335,10
Marc Guéhi,0.0031419558136985604,0.00333262304368316,0.0001906672299845999,0.3435668048100952,0.5209234658888602,268278.67749083915,0.296229467705225,0.3364569549015969,26,Crystal Palace,DEF,4.3,0.7645263967608369,0.6218365828077569,Full Ridge,8.0,0.6666666666666666,3
Marcelo de Araújo Pitaluga Filho,0.0,0.0,0.0,0.0,0.0,198.02552117732733,0.0,0.0,11,Liverpool,GK,4.0,0.05015313841063429,0.03343542560708952,Full Ridge,0.0,0.0,0
Marcos Senesi,0.11726167198924672,0.1454544158686237,0.02819274387937703,1.5208522952391568,3.2173471881692866,349799.42171092867,0.9533985646260996,2.1570502824657085,25,Bournemouth,DEF,4.5,2.4637483804093208,2.361515681094783,Full Ridge,34.0,2.8333333333333335,8
Marcus Bettinelli,0.0,0.0,0.0,0.0,0.0,2910.9792365498206,0.0,-0.019509221155311705,25,Chelsea,GK,4.0,0.050606190350313884,0.02723438651510535,Full Ridge,0.0,0.0,0
Marcus Oliveira Alencar,0.0,0.0,0.0,0.0,0.0,4397.308095600498,0.0,0.0,26,Arsenal,MID,4.5,0.2398883040188453,0.15992553601256354,Full Ridge,0.0,0.0,0
Marcus Rashford,0.08382417793176762,0.2383255139362104,0.15450133600444277,1.4725519357701287,5.198825417556535,1188280.8529546247,0.9679276848984619,2.822734206010704,26,Man Utd,MID,8.4,3.424493986294269,3.2239073928664137,Full Ridge,25.0,2.0833333333333335,8
Marcus Tavernier,0.15384726856404096,0.3188577314387524,0.1650104628747114,1.492498863923878,5.132997655997029,54701.587546097784,0.8952535721560761,2.130135361230084,25,Bournemouth,MID,5.4,3.2945372602004346,2.906403293876984,Full Ridge,18.0,1.5,7
Marek Rodák,0.0,0.0,0.0,0.0,0.0,37829.92315071392,0.0,-2.970159603177464e-05,26,Fulham,GK,3.9,0.05643750814325388,0.037615104896825326,Full Ridge,0.0,0.0,0
Mario Lemina,0.03194928757080277,0.22581785796344006,0.1938685703926373,1.3733347200860258,4.332847005360778,13748.65661533731,0.9678287329816468,2.402353376704912,26,Wolves,MID,4.9,2.856825155992274,2.7053345628964864,Full Ridge,26.0,2.1666666666666665,11
Mark Flekken,0.0032555497084203002,0.0032555497084203002,0.0,2.412547100296107,4.43514132220717,335561.635642127,1.221883902479923,3.619503399315216,25,Brentford,GK,4.5,3.5775412685682806,3.5915286454839253,Full Ridge,46.0,3.8333333333333335,12
Mark Gillespie,0.0,0.0,0.0,0.0,0.0,9136.836437077069,0.0,0.0,26,Newcastle,GK,3.9,0.051645882500196194,0.03443058833346413,Full Ridge,0.0,0.0,0
Mark O’Mahony,0.0,0.0,0.0,0.0,0.0,2563.242900382587,0.0,0.0,15,Brighton,FWD,4.5,0.2995586479093143,0.1997057652728762,Full Ridge,2.0,0.16666666666666666,3
Mark Travers,0.0,0.0,0.0,0.0,0.0,9362.206833935245,0.0,0.0,25,Bournemouth,GK,4.0,0.05168351841520069,0.03445567894346713,Full Ridge,19.0,1.5833333333333333,4
Martin Dubravka,0.0,0.0,0.0,1.5840082718495565,1.8639085053656008,906375.8116207107,0.6589593200374079,1.415256506993878,26,Newcastle,GK,4.2,1.9498348649167827,1.7716420789424812,Full Ridge,40.0,3.3333333333333335,10
Martin Ødegaard,0.33493204219571326,0.42664310891342005,0.09171106671770683,0.2863207005506786,9.209105332427486,1683467.5155623183,0.9975894718361169,6.014309449381092,26,Arsenal,MID,8.4,4.518507163056236,5.01710792516452,Full Ridge,70.0,5.833333333333333,11
Marvelous Nakamba,0.0002603720059744785,0.00032373386388413766,6.336185790965921e-05,0.03806744959680693,0.033796272490933824,64828.61098253031,0.021051813808432858,0.026879345264622198,23,Luton,MID,4.4,0.2942291868601328,0.20511257299496255,Full Ridge,0.0,0.0,0
Mason Burstow,0.0,0.0,0.0,2.6731436428597175e-05,1.188063841270986e-05,6427.352703171045,0.0,7.42539900794366e-05,25,Chelsea,FWD,4.5,0.3005639581119961,0.20040072340469053,Full Ridge,0.0,0.0,0
Mason Holgate,0.0009876543209876546,0.03456790123456791,0.03358024691358026,1.7449382716049384,0.5975308641975311,39939.719981839124,0.4691358024691359,-0.7407407407407407,26,Sheffield Utd,DEF,4.0,0.9794512260305375,0.40605390377344475,Full Ridge,4.0,0.3333333333333333,7
Mason Mount,0.00013647902713577023,0.00017331828796393066,3.683926082816047e-05,0.0018803136803259251,0.006553494733807772,84466.41929383206,0.00043531401684069693,0.0035087137379957905,26,Man Utd,MID,6.8,0.2609133442020156,0.175111800714009,Full Ridge,11.0,0.9166666666666666,6
Mateo Kovačić,0.06590985396317531,0.08317125232165742,0.017261398358482123,0.37762247255514947,1.439929369784094,37286.72807843721,0.41701045557224575,1.5857852524327956,25,Man City,MID,4.7,1.2495865167455635,1.3616527619746408,Full Ridge,27.0,2.25,10
Matheus França de Oliveira,0.10207993692352188,0.1285765332870663,0.026496596363544428,0.20698639474898817,1.8806762752292125,750.8021252740632,0.14814814814814817,2.731814994431025,26,Crystal Palace,MID,4.8,1.1415894382224723,1.6716646236253232,Full Ridge,1.0,0.08333333333333333,1
Matheus Luiz Nunes,0.11228889419185623,0.12533717091927252,0.013048276727416288,0.32042858661023277,2.74285062362383,9655.379360331453,0.5672993396488426,1.599476822805288,25,Man City,MID,4.8,1.739767237886091,1.69300376619249,Full Ridge,7.0,0.5833333333333334,6
Matheus Santos Carneiro Da Cunha,0.04017888778840028,0.26547289454547074,0.22529400675707048,0.6112496909278012,3.983323771121994,523713.85423193546,0.44444444444444453,2.7222155943017747,26,Wolves,FWD,5.6,2.0711463676900808,2.2881694432273116,Full Ridge,27.0,2.25,8
Mathias Jensen,0.08356842205839121,0.09733849460638633,0.013770072547995105,1.6168280020663837,2.3916956192644614,103464.08000311331,0.9466105676202377,2.2103050615670856,25,Brentford,MID,5.4,2.4377584850435086,2.3619406772180342,Full Ridge,22.0,1.8333333333333333,11
Mathias Jorgensen,0.012677147520478495,0.04934381418714517,0.03666666666666667,1.1000807960150143,1.119321938693431,6895.310291940412,0.5978255347253976,0.156009609016103,25,Brentford,DEF,4.3,1.2856918947842504,0.9091311328615346,Full Ridge,24.0,2.0,8
Matija Šarkić,0.0,0.0,0.0,0.0,0.0,28864.984263649683,0.0,0.0,26,Wolves,GK,4.0,0.054940400791632316,0.03662693386108821,Full Ridge,0.0,0.0,0
Matt Doherty,0.005852195644385771,0.015910641912703433,0.010058446268317662,0.3167325698202176,0.5472278989609056,23322.24723564175,0.11007768874092774,1.2424054544614025,26,Wolves,DEF,4.3,0.5067440309727532,0.7519645054689696,Full Ridge,11.0,0.9166666666666666,9
Matt Macey,0.0,0.0,0.0,0.0,0.0,20466.259641620414,0.0,0.0,23,Luton,GK,4.0,0.053537848857449166,0.03569189923829944,Full Ridge,0.0,0.0,0
Matt Ritchie,0.00012702849074149006,0.1349276122564597,0.13480058376571818,0.03739813910564758,1.5723815107775574,20113.133524183744,0.0,1.356110445671344,26,Newcastle,MID,4.3,0.7682465649382249,0.9642011918492646,Full Ridge,5.0,0.4166666666666667,5
Matt Targett,4.4552394047661944e-07,4.4552394047661944e-07,0.0,7.217487835721238e-05,9.504510730167888e-05,8874.109875680333,4.4552394047661955e-05,0.00025524809089806324,26,Newcastle,DEF,4.2,0.20953088450241908,0.13977233903191208,Full Ridge,0.0,0.0,0
Matt Turner,0.0,0.0,0.0,0.25091179233833677,0.4081303411078886,1248973.811244957,0.18749228309399005,0.3205761065082193,26,Nott'm Forest,GK,3.9,0.789878397662547,0.6334443006111043,Full Ridge,-1.0,-0.08333333333333333,0
Matthew Cox,0.0,0.0,0.0,0.0,0.0,546.5358240952509,0.0,0.0,25,Brentford,GK,4.0,0.05021133817565082,0.03347422545043388,Full Ridge,0.0,0.0,0
Matthew Dibley-Dias,0.0,0.0,0.0,0.0,0.0,799.3296708076941,0.0,0.0,26,Fulham,MID,4.5,0.23907258776073304,0.15938172517382201,Full Ridge,0.0,0.0,0
Matthew Whittingham,0.0,0.0,0.0,0.0,0.0,289.1888713892982,0.0,0.0,13,Wolves,MID,4.5,0.23895693110722327,0.15930462073814883,Full Ridge,0.0,0.0,0
Matty Cash,0.09172198033509403,0.14686646804964676,0.05514448771455276,1.7268610084094507,2.7739953249723444,1701337.3338625948,0.7963624685838442,1.033038721429765,26,Aston Villa,DEF,4.6,2.2184839174994773,1.823335518809573,Full Ridge,8.0,0.6666666666666666,6
Matz Sels,0.0044444444444444444,0.0044444444444444444,0.0,1.67,1.4185185185185185,1988.2592592592594,1.0,2.5185185185185186,4,Nott'm Forest,GK,4.5,2.763901997982464,2.6821075048278153,Full Ridge,23.0,1.9166666666666667,12
Mauro Bandeira,0.0,0.0,0.0,0.0,0.0,31.444444444444443,0.0,0.0,3,Arsenal,MID,4.5,0.23889849653795292,0.15926566435863526,Full Ridge,0.0,0.0,0
Max Aarons,0.004289547080290953,0.004290141112211589,5.940319206354926e-07,0.11745500558236288,0.16574359804732805,13748.88090688327,0.04869565894332452,0.015873240652723303,25,Bournemouth,DEF,4.4,0.32404927655107707,0.2213239312516258,Full Ridge,5.0,0.4166666666666667,6
Max Kilman,0.06163955351711058,0.1381324391089593,0.07649288559184876,1.3979415960252477,3.2272234247634515,162205.58097616193,1.0,3.780883211759394,26,Wolves,DEF,4.5,2.420984193629442,2.874283866339426,Full Ridge,13.0,1.0833333333333333,11
Max Kinsey,0.0,0.0,0.0,0.0,0.0,642.0,0.0,0.0,1,Bournemouth,DEF,4.0,0.20871497532243055,0.13914331688162035,Full Ridge,0.0,0.0,0
Max Kinsey-Wellings,0.0,0.0,0.0,0.0,0.0,246.48148148148147,0.0,0.0,4,Bournemouth,DEF,4.0,0.2086798579506275,0.13911990530041832,Full Ridge,0.0,0.0,0
Max Lowe,0.003375220319744412,0.014690568589825204,0.011315348270080789,0.313886418416925,0.7056222323420961,3500.9166521971592,0.008730168149979865,0.763480076784295,26,Sheffield Utd,DEF,4.3,0.4166724823980016,0.5322750138600993,Full Ridge,2.0,0.16666666666666666,2
Maxime Esteve,0.0,0.0,0.0,1.538148148148148,1.2703703703703706,501.55555555555554,0.7037037037037037,0.6666666666666667,4,Burnley,DEF,4.0,1.4860851085356201,1.2129456279126356,Full Ridge,12.0,1.0,12
Maxwel Cornet,0.001426611796982168,0.034897119341563795,0.033470507544581626,0.34395061728395065,1.1648913223460478,5662.218860067408,0.04389574759945132,0.6941411110443662,26,West Ham,MID,5.2,0.7020884237993127,0.6994393195476638,Full Ridge,2.0,0.16666666666666666,2
Micah Hamilton,0.0,0.0,0.0,0.0,0.0,94.11339734796525,0.0,0.0,8,Man City,MID,4.5,0.2389127045397047,0.15927513635980312,Full Ridge,0.0,0.0,0
Michael Keane,9.446409762621096e-05,0.005634499299616952,0.0055400352019907406,0.06903345557577091,0.14159612827708043,22736.25988204613,0.037993999882947424,0.17025286708720302,26,Everton,DEF,4.3,0.29570960065108254,0.2538906894631227,Full Ridge,0.0,0.0,2
Michael Ndiweni,0.0,0.0,0.0,0.0,0.0,1416.2155422709202,0.0,0.0051382310861726324,14,Newcastle,FWD,4.4,0.29926591916522804,0.20122335647220957,Full Ridge,0.0,0.0,0
Michael Obafemi,2.5691155430863162e-05,0.00023692954452907145,0.00021123838909820828,7.707346629258947e-05,0.00436749642324674,2968.9299306749167,0.0,0.0037109446733469015,25,Burnley,FWD,4.9,0.30061346040116543,0.20164595515855924,Full Ridge,0.0,0.0,0
Michael Olakigbe,0.00019509221155311702,0.0006033203542486541,0.00040822814269553714,0.0064966850699180985,0.022220723936294814,2208.5463714998996,0.0,0.07133335572129636,21,Brentford,MID,4.5,0.24757957273478126,0.18883083373028628,Full Ridge,0.0,0.0,0
Michael Olise,0.059925645904597515,0.11135257061739973,0.051426924712802205,0.1537510278657463,2.100322651753198,98434.23506759488,0.1444291192353537,1.9597729638919543,26,Crystal Palace,MID,5.7,1.1099709751315718,1.3932383047183658,Full Ridge,53.0,4.416666666666667,7
Michail Antonio,0.00015465056414028816,0.013982501162039997,0.013827850597899708,0.6296733134043287,0.030059773416455236,180706.14839288304,0.2245058804827434,0.5635139396490616,26,West Ham,FWD,5.7,0.9381804994073563,0.8132916461545914,Full Ridge,38.0,3.1666666666666665,12
Michale Olakigbe,0.003333333333333333,0.016666666666666666,0.013333333333333332,0.0,0.26666666666666666,1299.1111111111113,0.0,0.3333333333333333,4,Brentford,MID,4.5,0.32159271281315016,0.32550625298654456,Full Ridge,0.0,0.0,0
Michał Karbownik,0.0,0.0,0.0,0.0,0.0,1280.568143618215,0.0,0.0,26,Brighton,DEF,4.0,0.20877167262956287,0.13918111508637523,Full Ridge,0.0,0.0,0
Micky van de Ven,0.023234207487365433,0.023354995524852776,0.00012078803748734343,1.3561597796907372,2.360165213957157,152966.70929395972,0.871738244592428,1.102622078735557,25,Spurs,DEF,4.4,2.0374915963863423,1.7258684238360804,Full Ridge,32.0,2.6666666666666665,9
Miguel Almirón Rejala,0.11479050609020738,0.1976372205238472,0.08284671443363985,2.0222197770221726,2.2747413488432606,379947.7719004096,0.9044873985344848,1.8080991376210185,26,Newcastle,MID,6.1,2.768071371033704,2.448080626562809,Full Ridge,7.0,0.5833333333333334,6
Mike Trésor,0.002268864603271085,0.002657714494002639,0.0003888498907315536,0.08051250375737438,0.11984407773539318,2398.4542144716147,0.020073087392477422,0.1488556359218764,22,Burnley,MID,5.3,0.3191032742167791,0.2623540614518115,Full Ridge,2.0,0.16666666666666666,2
Mikkel Damsgaard,0.05683209555325604,0.07249392791174086,0.015661832358484843,0.29974366884461867,3.0972008734945002,4605.527067398693,0.05690189503632581,2.2641974441898354,25,Brentford,MID,4.8,1.2210957901030342,1.5687963414653012,Full Ridge,23.0,1.9166666666666667,10
Milos Kerkez,0.008299825440345531,0.04853552152748081,0.040235696087135266,0.6702992663700232,2.0841713558209918,19353.322038293863,0.3543025495484313,1.0897779548305346,25,Bournemouth,DEF,4.4,1.2330750554565513,1.185309355247879,Full Ridge,23.0,1.9166666666666667,8
Mohamed Dräger,0.0,0.0,0.0,0.0,0.0,5534.28025126673,0.0,0.0,26,Nott'm Forest,DEF,4.0,0.20914935201152152,0.13943290134101433,Full Ridge,0.0,0.0,0
Mohamed Elneny,0.0014814814814814816,0.013333333333333336,0.011851851851851853,0.019259259259259264,0.196499288141676,7557.660422507783,0.0,0.48351139993527814,26,Arsenal,MID,4.4,0.3088630264935408,0.3670791509741199,Full Ridge,0.0,0.0,0
Mohamed Salah,0.1337252220225231,0.44247118520554235,0.3087459631830193,0.5355699717011568,5.659563283504989,2662828.960965259,0.13168724279835398,4.847454848509097,25,Liverpool,MID,13.0,3.108704004622541,3.6882876192513927,Full Ridge,44.0,3.6666666666666665,10
Mohammed Kudus,0.1954849163958962,0.3044774995596294,0.10899258316373317,1.6545292326126315,5.1273280788725835,358634.72586370964,0.9258254614406831,2.9500100419314688,23,West Ham,MID,6.8,3.4837591008286175,3.3058427478629007,Full Ridge,47.0,3.9166666666666665,12
Moisés Caicedo Corozo,0.05983463482151365,0.06049408476120694,0.0006594499396932932,1.6596108838110943,3.1496287094081716,127096.67193727393,0.9777323156268998,1.8693047323912484,25,Chelsea,MID,4.5,2.565799353161209,2.333634479571222,Full Ridge,42.0,3.5,11
Morgan Gibbs-White,0.14289746621304625,0.4511949264985937,0.30829746028554744,1.5741297922974917,5.945494603313199,134240.357481202,0.9521002147560087,4.077828920696043,26,Nott'm Forest,MID,5.7,3.7270618776480373,3.843984225330706,Full Ridge,59.0,4.916666666666667,12
Morgan Rogers,0.0,0.08740740740740743,0.08740740740740743,0.04444444444444446,0.2888888888888889,366.4074074074074,0.0,0.6296296296296298,4,Aston Villa,MID,5.0,0.4337686186118428,0.49905562228443845,Full Ridge,33.0,2.75,9
Morgan Sanson,0.0,0.0,0.0,0.0,0.0,408.51877980833126,0.0,0.0,26,Aston Villa,MID,4.5,0.2389839850066312,0.15932265667108747,Full Ridge,0.0,0.0,0
Moussa Diaby,0.047808132229547065,0.1565265293857135,0.10871839715616641,0.4939916210163305,1.8423419618870898,806364.7593978846,0.16581834421255928,1.2387531872722635,26,Aston Villa,MID,6.4,1.4102549039786043,1.3530876650764907,Full Ridge,49.0,4.083333333333333,12
Moussa Niakhaté,0.004718261468235802,0.31736980280166277,0.312651541333427,1.3778624126333523,3.2371873621651934,6102.454136794666,0.5490796883754137,2.288470892019519,26,Nott'm Forest,DEF,4.5,1.6010859488014426,1.830214263207468,Full Ridge,4.0,0.3333333333333333,5
Murillo Santiago Costa dos Santos,0.029373332469488703,0.0858014059986613,0.05642807352917259,1.1969847689128743,2.1380604889886343,10045.998025500772,0.9996992713401784,1.6510064721377653,23,Nott'm Forest,DEF,4.5,2.0858130806349955,1.9408775444692519,Full Ridge,18.0,1.5,12
Mykhailo Mudryk,0.023467923365890216,0.08560144858201273,0.06213352521612251,0.3259481421001909,1.1712565354277455,100022.17053528903,0.06155856073916556,1.054723708092195,25,Chelsea,MID,6.3,0.8291041814109981,0.9043106903047303,Full Ridge,35.0,2.9166666666666665,10
Myles Lewis-Skelly,0.0,0.0,0.0,0.0,0.0,190.32876085962505,0.0,0.0,10,Arsenal,MID,4.5,0.2389345180213409,0.15928967868089394,Full Ridge,0.0,0.0,0
Myles Peart-Harris,0.0,0.0,0.0,0.0008959790456513524,0.02769827694889933,149.58040685607625,0.0,0.02914340444188539,14,Brentford,MID,4.5,0.24506658594356678,0.17309219210967297,Full Ridge,0.0,0.0,0
Máximo Perrone,0.0,0.0,0.0,0.0,0.0,986.2195754125178,0.0,0.0,25,Man City,MID,4.4,0.2391149585355583,0.15940997235703885,Full Ridge,0.0,0.0,0
Naouirou Ahamada,8.079982253627321e-05,0.013530824273876016,0.013450024451339741,0.4154986129751499,0.8969301502025269,57944.71528118932,0.0,0.8631289247848652,26,Crystal Palace,MID,4.3,0.6166591717258191,0.6988157560788344,Full Ridge,2.0,0.16666666666666666,5
Nathan Aké,0.05446843446115596,0.08533198989901439,0.03086355543785843,1.0171983989554039,4.026364153977929,891996.9111948109,0.987104065171863,4.785478475155605,25,Man City,DEF,5.1,2.7164000034327485,3.406092827340367,Full Ridge,21.0,1.75,8
Nathan Collins,0.022347561822432138,0.04305401192983238,0.02070645010740024,1.4552626143530496,2.7079818900912005,50001.50652115914,0.6327196268511447,1.444992779342167,25,Brentford,DEF,4.5,1.8052382791843464,1.68515644590362,Full Ridge,32.0,2.6666666666666665,11
Nathan Fraser,0.0044444444444444444,0.0044444444444444444,0.0,0.10699588477366258,0.26172839506172846,7831.2650691568,0.0,0.06584362139917697,23,Wolves,FWD,4.5,0.4281269545787858,0.3073658435189162,Full Ridge,6.0,0.5,5
Nathan Patterson,0.003948416903325623,0.003961287594939392,1.2870691613769019e-05,0.15321206520387337,0.1839435042150002,18283.239367338865,0.07109110207866219,0.15522370942583505,26,Everton,DEF,4.4,0.3583717159848673,0.2906557137985232,Full Ridge,0.0,0.0,1
Nathan Redmond,0.0006829733717067396,0.000760046837999329,7.707346629258947e-05,0.01887220377022634,0.024426052304427102,2225.0085015218488,0.0,0.049349598365883575,25,Burnley,MID,4.7,0.25359274507699336,0.1855116961732901,Full Ridge,0.0,0.0,0
Nathaniel Clyne,0.0013992120415018468,0.0018449359123423484,0.00044572387084050184,0.24236960759536233,0.2570024034015405,11409.171289696806,0.12035176934933187,0.17272552665638716,26,Crystal Palace,DEF,4.4,0.4398663159088051,0.35081938615799907,Full Ridge,34.0,2.8333333333333335,8
Nathaniel Phillips,0.0,0.0,0.0,0.0,0.0,10490.973377340011,0.0,0.0,25,Liverpool,DEF,4.0,0.20958944780292388,0.13972629853528257,Full Ridge,0.0,0.0,0
Nayef Aguerd,0.004972695803699985,0.029769827119335172,0.024797131315635188,1.2769419536401851,1.3507966383617431,62020.43705740009,0.49511839574685307,0.24390254342478862,26,West Ham,DEF,4.4,1.2291033869761059,0.9007031057923334,Full Ridge,2.0,0.16666666666666666,2
Neal Maupay,0.08326324629400794,0.2812371375450086,0.19797389125100068,1.7249834574386123,5.8797053386267,143274.0282160343,0.9517313861366725,4.41924548940357,25,Brentford,FWD,4.9,3.5344555272805014,3.8293855146548577,Full Ridge,6.0,0.5,8
Neco Williams,0.02889501059313724,0.03738733704507695,0.008492326451939711,1.6337720878856392,2.271687567073669,19608.631357819115,0.8957899806324023,1.6613327731141843,26,Nott'm Forest,DEF,4.3,2.034227306195816,1.9099291285019384,Full Ridge,12.0,1.0,9
Nick Pope,0.0,5.940319206354926e-07,5.940319206354926e-07,0.0062978027142697995,0.01574199430813582,570819.9185606319,0.007707346629258948,0.03549793211049113,26,Newcastle,GK,5.3,0.16856593640905515,0.12420993497620048,Full Ridge,1.0,0.08333333333333333,1
Nicolas Jackson,0.0907695936253984,0.3804250696832415,0.28965547605784303,1.3549114007609235,3.6580920970282578,470778.202941702,0.6775006875453784,2.4888391556606475,25,Chelsea,FWD,6.8,2.8794977040795864,2.74927818793994,Full Ridge,69.0,5.75,11
Nicolas Pépé,0.0,0.0,0.0,0.0,0.0,4476.9391438590965,0.0,0.0,26,Arsenal,MID,4.9,0.23990635758477763,0.15993757172318507,Full Ridge,0.0,0.0,0
Nicolás Domínguez,0.07942564593820056,0.12469077643725528,0.04526513049905473,1.472711575485029,3.304550847077167,3399.4352001139596,0.9502637551616526,3.4470114525061133,22,Nott'm Forest,MID,5.0,2.585878489185218,2.8729228102921827,Full Ridge,11.0,0.9166666666666666,9
Nicolò Zaniolo,0.014082917480366205,0.017059680086980333,0.0029767626066141257,0.07422918014104508,0.8074420654510455,5496.964038309709,0.004493570126598214,0.6208361079500476,24,Aston Villa,MID,5.4,0.4820637088360703,0.5283211752073961,Full Ridge,14.0,1.1666666666666667,8
Nikola Vlašić,0.0,0.0,0.0,0.0,0.0,4906.332849235495,0.0,0.0,26,West Ham,MID,4.5,0.2400037076478556,0.16000247176523708,Full Ridge,0.0,0.0,0
Noha Lemina,0.0,0.0,0.0,0.0,0.0,371.0,0.0,0.0,5,Wolves,MID,5.0,0.2389754789304237,0.1593169859536158,Full Ridge,0.0,0.0,0
Noni Madueke,0.02610144251904733,0.05872723677757345,0.032625794258526124,0.3338295259337466,1.4632233307772373,12647.903419676248,0.3656446213406127,0.8941148311482935,25,Chelsea,MID,5.3,1.104629545235547,1.0344579738731292,Full Ridge,52.0,4.333333333333333,9
Norberto Bercique Gomes Betuncal,0.0013809939390182692,0.07271192373203336,0.07133092979301509,0.4104203002713847,1.2261079001922879,14152.453278704488,0.02237906535821974,0.698386528659935,23,Everton,FWD,5.7,0.8228475982752977,0.7813605750701768,Full Ridge,22.0,1.8333333333333333,9
Norberto Murara Neto,5.94031920635493e-07,5.94031920635493e-07,0.0,1.5983092588601402,2.9259819923016224,353294.5683869616,0.9980969514495659,2.594386235259404,25,Bournemouth,GK,4.6,2.9479616298652975,2.8301031649966664,Full Ridge,28.0,2.3333333333333335,8
Nuno Varela Tavares,0.05978286026269025,0.08282812775240218,0.02304526748971194,0.3471190721432044,1.6069867986953017,30765.517659471043,0.5131317929551945,1.7228746789829281,26,Nott'm Forest,DEF,4.0,1.3575699985696565,1.4793382253740803,Full Ridge,1.0,0.08333333333333333,1
Nélson Cabral Semedo,0.03033567720551204,0.04128663199658339,0.010953210256020012,1.3939104274574496,3.4324951915356214,76182.16425968138,0.999661680257701,2.8230973335537524,26,Wolves,DEF,4.5,2.493034739522075,2.6030556041993007,Full Ridge,9.0,0.75,11
Odsonne Edouard,0.018334392044444286,0.21085288376839512,0.19251849172395083,0.36078824448071967,3.7394491462833113,175266.94260376605,0.5727467211414774,1.47115710532381,26,Crystal Palace,FWD,5.4,1.7865365494858305,1.68141006809849,Full Ridge,13.0,1.0833333333333333,10
Odysseas Vlachodimos,7.612194201737236e-06,7.612194201737236e-06,0.0,0.016727796758317568,0.017998081665732482,7386.868217541202,0.01003858110354098,0.014463168983300752,22,Nott'm Forest,GK,4.5,0.07873380625841153,0.05731026050004127,Full Ridge,0.0,0.0,0
Oleksandr Zinchenko,0.025964234197910545,0.029639920732310393,0.003675686534399842,0.07808011367986013,1.3602504756513372,954269.7768035965,0.2623284670404304,0.9952543669887844,26,Arsenal,DEF,5.1,1.0309754401315017,1.0190684157505958,Full Ridge,19.0,1.5833333333333333,6
Oliver Arblaster,0.0,0.0,0.0,0.0,0.0,31.0,0.0,0.0,2,Sheffield Utd,MID,4.5,0.23889839577565908,0.1592655971837727,Full Ridge,19.0,1.5833333333333333,11
Oliver McBurnie,0.010625033576691359,0.09122041201920536,0.08059763390746266,0.1832348969721922,1.218373048497175,4779.360927938406,0.09741833460768705,1.1380239096509035,26,Sheffield Utd,FWD,5.4,0.7687437863883313,0.8918371608091886,Full Ridge,25.0,2.0833333333333335,7
Oliver Norwood,0.06241900435346037,0.06385554700534396,0.0014365426518835839,0.6187770857942477,0.8808050196761273,3613.267775169817,0.38309346621145196,1.1928148284353757,26,Sheffield Utd,MID,4.8,1.1571478838405145,1.1690368653721348,Full Ridge,3.0,0.25,4
Oliver Scarles,0.0,0.0,0.0,0.0,0.0,521.0411522633746,0.0,0.0,6,West Ham,DEF,4.0,0.2087042356057549,0.13913615707050325,Full Ridge,0.0,0.0,0
Oliver Skipp,0.020673989767330186,0.04575011298702909,0.025076123219698907,0.3907546378030627,0.6596601381602792,9276.933902917035,0.18417767784531766,0.45388343573839995,25,Spurs,MID,4.5,0.7755651888521267,0.6683379378142177,Full Ridge,4.0,0.3333333333333333,3
Oliwier Zych,0.0,0.0,0.0,0.0,0.0,5286.946453711222,0.0,0.0,24,Aston Villa,GK,4.0,0.051002966952233275,0.03400197796815552,Full Ridge,0.0,0.0,0
Ollie Harrison,0.0,0.0,0.0,0.0,0.0,0.0,0.0,0.0,1,Chelsea,MID,4.5,0.23889136760566587,0.15926091173711057,Full Ridge,0.0,0.0,0
Ollie Watkins,0.1293976120535534,1.0595488103124728,0.9301511982589195,1.862904571283471,10.950195527305816,5520925.2732714955,1.0,8.916647978475215,26,Aston Villa,FWD,8.8,6.379116676462113,7.224960443799813,Full Ridge,58.0,4.833333333333333,11
Olu Aina,0.001183329721119603,0.002046423506743304,0.0008630937856237014,0.07729262531803899,0.13757056968796844,23622.893419128683,0.0570309256579836,0.12879184670703545,26,Nott'm Forest,DEF,4.5,0.3236714192557347,0.2587115617395016,Full Ridge,11.0,0.9166666666666666,8
Omar Richards,0.0,0.0,0.0,0.0,0.0,1972.235002383031,0.0,0.0,26,Nott'm Forest,DEF,4.4,0.20883308447529403,0.13922205631686269,Full Ridge,0.0,0.0,0
Omari Forson,0.003991769547325103,0.013991769547325103,0.009999999999999998,0.1952263374485597,0.7843621399176955,2169.4143470618037,0.3333333333333333,0.5967078189300412,26,Man Utd,MID,4.4,0.7912721277095738,0.7264173581163962,Full Ridge,2.0,0.16666666666666666,2
Omari Kellyman,0.0,0.0,0.0,0.0,0.0,5416.857359363112,0.0,0.0,26,Aston Villa,MID,4.5,0.2401194512944007,0.16007963419626714,Full Ridge,2.0,0.16666666666666666,2
Orel Mangala,0.004488590134145845,0.024746780412431092,0.020258190278285248,0.17977056451974766,0.312538768385526,2935.623693230386,0.14872810971322,0.24467758658090016,26,Nott'm Forest,MID,5.0,0.5415786924804618,0.44261165718060785,Full Ridge,0.0,0.0,0
Oscar Bobb,0.03609380471955625,0.15393559712924992,0.1178417924096937,0.08402142716824665,1.8469923284036294,7364.758313791206,0.22222222222222224,1.0585135631453755,25,Man City,MID,4.4,1.104355827776059,1.0890750728991645,Full Ridge,7.0,0.5833333333333334,6
Owen Beck,0.0,0.0,0.0,0.18765432098765442,0.09876543209876547,67.22222222222223,0.0,0.19753086419753094,5,Liverpool,DEF,4.5,0.23907480735224218,0.22522682630067176,Full Ridge,0.0,0.0,0
Owen Dodgson,0.0,0.0,0.0,0.0,0.0,2810.484906750454,0.0,0.0,25,Burnley,DEF,4.0,0.20890751116374784,0.13927167410916522,Full Ridge,0.0,0.0,0
Owen Hesketh,0.0,0.0,0.0,0.0,0.0,59.655387898186255,0.0,0.0,9,Wolves,MID,4.5,0.238904892386542,0.15926992825769465,Full Ridge,0.0,0.0,0
Pablo Fornals Malla,0.002406498823276311,0.003039588452974781,0.0006330896296984699,0.18074523356629943,0.22098538488401132,4945.019059976888,0.07897969143240545,0.21098660731143273,26,West Ham,MID,4.6,0.43092843222599564,0.357614490587808,Full Ridge,0.0,0.0,0
Pablo Sarabia,0.17378456285332106,0.5186672169422266,0.3448826540889056,1.0767261100998593,7.946296324542104,33472.85939922954,0.9265331864936543,5.8203883194629,26,Wolves,MID,4.7,4.040598733285764,4.633861928678142,Full Ridge,24.0,2.0,10
Pape Matar Sarr,0.0384396547488947,0.1043053796964391,0.0658657249475444,1.0126228026306303,2.78676460570316,185919.36285045126,0.674980096332186,3.0459962897679222,25,Spurs,MID,4.4,2.0253228436178983,2.3655473256679063,Full Ridge,22.0,1.8333333333333333,11
Pascal Groß,0.386960817127575,0.7633594623452229,0.376398645217648,0.8663746021488604,12.683097042100668,764525.8464684731,0.9971802772403957,7.281351409398403,26,Brighton,MID,6.5,5.776122680538315,6.277865590158344,Full Ridge,30.0,2.5,11
Pau Torres,0.004099258194375218,0.005058955919539437,0.000959697725164219,0.6844152142720876,0.8207918639515066,411966.06042022625,0.5815282483012622,0.904341220955063,26,Aston Villa,DEF,4.6,1.2310130071596364,1.122122411758112,Full Ridge,21.0,1.75,9
Paul Dummett,0.0,0.0,0.0,0.0,0.0005138231086172634,35388.49797085513,0.0,0.0017127436953908778,26,Newcastle,DEF,3.9,0.2119440028009265,0.1418669164324146,Full Ridge,4.0,0.3333333333333333,4
Pedro Lomba Neto,0.12922961741156996,0.2536281684820488,0.1243985510704788,1.1299744959682343,6.5802696284547135,454792.41990809224,0.9137309436414451,3.8269761236571163,26,Wolves,MID,5.8,3.447383738861416,3.5739145337933156,Full Ridge,3.0,0.25,3
Pedro Porro,0.08324351695093209,0.11416286441864099,0.030919347467708903,1.1641244290268433,3.064731043656372,3056765.94022814,0.6666072634746033,1.566503448444259,25,Spurs,DEF,5.8,2.257418295271915,2.0271133463293625,Full Ridge,49.0,4.083333333333333,10
Pelly Ruddock Mpanzu,0.002289022855665423,0.012922922703467088,0.010633899847801666,0.9256513732831104,0.8267968050147941,3558.6683243277103,0.02038394394485473,0.6721149446767237,23,Luton,MID,4.7,0.803994038777847,0.7600343407441392,Full Ridge,8.0,0.6666666666666666,8
Pervis Estupiñán,0.08534545640151757,0.08601705948747677,0.0006716030859592029,0.6429536448722653,2.5108303117502464,2754000.224617138,0.2875356132784051,1.2990398474240856,26,Brighton,DEF,5.0,1.6086293702502998,1.5054328626415616,Full Ridge,9.0,0.75,5
Phil Foden,0.2627218400286959,0.8333783469021634,0.5706565068734675,1.0435362531362482,16.273157289176414,3162741.967953202,1.2210358406979143,8.347718985452525,25,Man City,MID,8.1,7.270980888634152,7.629893587573609,Full Ridge,87.0,7.25,8
Philip Billing,0.008308871593385454,0.012581370306072958,0.004272498712687505,0.08693064398939628,0.23941378864299104,31496.500108708813,0.016431634827656225,0.05157559993722537,25,Bournemouth,MID,5.1,0.37095276709418845,0.2644937113752007,Full Ridge,11.0,0.9166666666666666,8
Philippe Coutinho Correia,5.94031920635493e-07,5.148276645507606e-06,4.554244724872113e-06,2.633541514817352e-05,4.554244724872112e-05,17997.10510872485,0.0,5.940319206354928e-05,26,Aston Villa,MID,5.8,0.24299882988268617,0.16201902098581197,Full Ridge,0.0,0.0,0
Pierre-Emerick Aubameyang,0.0,0.0,0.0,0.0,0.0,1781.8390640305288,0.0,0.0,25,Chelsea,FWD,6.5,0.29935922863476794,0.19957281908984528,Full Ridge,0.0,0.0,0
Pierre-Emile Højbjerg,0.034997904966448036,0.057080138034233285,0.022085616265208257,0.6428986552905213,1.1395028623879453,28515.21402998675,0.251256334561077,1.2507917830356425,25,Spurs,MID,5.2,1.0680989937290313,1.1289965901645682,Full Ridge,11.0,0.9166666666666666,10
Radek Vítek,0.0,0.0,0.0,0.0,0.0,2954.027825106241,0.0,0.0,25,Man Utd,GK,4.0,0.050613379284808246,0.033742252856538826,Full Ridge,0.0,0.0,0
Radu Dragusin,0.0,0.0,0.0,0.23506172839506181,0.11851851851851858,4478.530864197532,0.0,0.44444444444444453,5,Spurs,DEF,4.3,0.2456929398580946,0.3119434413868779,Full Ridge,11.0,0.9166666666666666,5
Raheem Sterling,0.07682150990740877,0.3357533693681479,0.25893185946073916,1.2045091019338756,4.317797468155878,760626.9528655848,0.6957218869925765,4.002801070255813,25,Chelsea,MID,6.9,2.9264732273235805,3.285249174967658,Full Ridge,23.0,1.9166666666666667,7
Raphaël Varane,0.008732784537389408,0.01722012758561881,0.008487343048229401,1.4273145830831413,1.8770940501550488,246261.2678675232,0.8711263596665337,1.3573292567700546,26,Man Utd,DEF,4.9,1.891372486495905,1.713358076587288,Full Ridge,8.0,0.6666666666666666,5
Rasmus Højlund,0.03026670228202237,0.481401716217619,0.4511350139355966,1.155187033212968,7.1102244360206805,710074.1244633491,0.627206808541135,5.893007572577195,26,Man Utd,FWD,7.2,3.1926324796414303,4.092757510620018,Full Ridge,34.0,2.8333333333333335,9
Rayan Aït-Nouri,0.14696158785617053,0.20534379522473048,0.05838220736855993,1.1690187514004746,4.198202264230366,78801.1779651088,0.8693568656177639,5.277827629657089,26,Wolves,DEF,4.5,2.605100047050083,3.4960092412524184,Full Ridge,30.0,2.5,10
Raúl Jiménez,0.0028437307628435605,0.06228428683649174,0.059440556073648176,0.2782979357054406,0.712354417446473,101647.03433020806,0.16369040994800538,0.46248942045096875,26,Fulham,FWD,5.0,0.7863102701449618,0.6783699869136308,Full Ridge,17.0,1.4166666666666667,5
Reece Burke,0.0022932484841703933,0.024325069053470535,0.02203182056930014,0.49735429959808664,0.8723634625947663,12315.223676014528,0.32313765539936584,0.967011313706466,23,Luton,DEF,4.0,0.859303044697777,0.8952058010340065,Full Ridge,19.0,1.5833333333333333,10
Reece James,0.0013792062653695055,0.0018838689405836777,0.0005046626752141726,0.02105786335134289,0.07489096857907053,314008.7535520181,0.014153856518717645,0.017266066760436228,25,Chelsea,DEF,5.3,0.2767455053815605,0.19025235917451908,Full Ridge,2.0,0.16666666666666666,1
Reiss Nelson,0.017621531106130645,0.02801372038696902,0.010392189280838378,0.10064769567322615,1.3029965643737016,4173.193592850997,0.0,0.8481287108195728,26,Arsenal,MID,4.8,0.6108649243566194,0.6899528531776038,Full Ridge,4.0,0.3333333333333333,2
Remi Matthews,0.0,0.0,0.0,0.0004046356980360948,0.0005780509971944211,12847.975583551784,0.0,0.0057805099719442105,26,Crystal Palace,GK,3.9,0.05222824325212716,0.036745665492066176,Full Ridge,0.0,0.0,0
Remo Freuler,0.0,0.0,0.0,0.0,0.0,1190.71329562807,0.0,0.0,26,Nott'm Forest,MID,4.9,0.23916132036227533,0.15944088024151687,Full Ridge,0.0,0.0,0
Reuell Walters,0.0,0.0,0.0,0.0,0.0,3060.5646570153394,0.0,0.0,15,Arsenal,DEF,4.0,0.20892971529113835,0.1392864768607589,Full Ridge,0.0,0.0,0
Rhian Brewster,0.003350719208979276,0.0815090169493964,0.07815829774041713,0.5388408027238963,2.3682253270468268,3453.3959764965875,0.3346020323669562,1.0000015243271132,26,Sheffield Utd,FWD,4.9,1.340692624482834,1.2271289244309271,Full Ridge,2.0,0.16666666666666666,2
Rhys Bennett,0.0,0.0,0.0,0.0,0.0,676.1216278006402,0.0,0.0,9,Man Utd,DEF,4.0,0.20871800491986758,0.13914533661324505,Full Ridge,0.0,0.0,0
Rhys Norrington-Davies,0.0,0.0,0.0,0.22189300411522642,0.12949245541838142,18114.691252270986,0.24691358024691362,0.12254229538180159,26,Sheffield Utd,DEF,3.9,0.5652291444150342,0.41766686140395665,Full Ridge,0.0,0.0,0
Richarlison de Andrade,0.04888906001567897,0.5743245725960472,0.5254355125803682,1.4783061661509609,7.437686940180269,1479454.2681256097,0.9846246925370992,5.352716530920279,25,Spurs,MID,7.2,4.383053464801769,4.706274486841272,Full Ridge,15.0,1.25,5
Richie Laryea,0.0,0.0,0.0,0.0,0.0,363.2799697808035,0.0,0.0,26,Nott'm Forest,DEF,4.5,0.20869022827653538,0.13912681885102357,Full Ridge,0.0,0.0,0
Rico Henry,5.0752602219294924e-05,5.4316793743107896e-05,3.5641915238129555e-06,0.00031728729960943256,0.0008606037450206703,91654.19198017256,0.00030072865982171815,0.0006422970141871267,25,Brentford,DEF,4.3,0.21746805429726923,0.1451928018695752,Full Ridge,0.0,0.0,0
Rico Lewis,0.004326000444936448,0.008357906150367534,0.0040319057054310865,0.13145281705314,0.29306022907688406,31550.056070347655,0.08502800174235865,0.30145171541478505,25,Man City,DEF,4.2,0.40484596464410205,0.37038121490099635,Full Ridge,20.0,1.6666666666666667,6
Riyad Mahrez,0.0,0.0,0.0,0.0,0.0,4224.161913473938,0.0,0.0,25,Man City,MID,7.5,0.2398490491542754,0.15989936610285027,Full Ridge,0.0,0.0,0
Rob Holding,0.0,0.0,0.0,0.0,0.0,11572.955439939193,0.0,0.0,26,Crystal Palace,DEF,4.3,0.2096855150275858,0.13979034335172386,Full Ridge,0.0,0.0,0
Robert Sánchez,0.0,0.0,0.0,0.05126401959652698,0.10041616017844489,358720.81196747115,0.026012294873748943,0.11062467668675265,25,Chelsea,GK,4.5,0.18409892021885754,0.1596075057081559,Full Ridge,0.0,0.0,0
Robin Olsen,0.0,0.0,0.0,2.16821651031955e-05,3.5641915238129574e-05,63665.36152873392,2.970159603177464e-05,5.940319206354928e-05,26,Aston Villa,GK,3.9,0.06083743546396614,0.04057809137333194,Full Ridge,15.0,1.25,4
Rodrigo Bentancur,0.05128517663401122,0.08761574638867384,0.03633056975466263,0.6874958157672452,2.4533292675184253,4088.859211922643,0.5814442870108506,1.6162691462608734,25,Spurs,MID,5.4,1.7027844635137224,1.6739460244294393,Full Ridge,16.0,1.3333333333333333,11
Rodrigo Duarte Ribeiro,0.0,0.0,0.0,0.0,0.05925925925925929,424.5555555555556,0.0,0.2962962962962964,4,Nott'm Forest,FWD,4.5,0.3085791481722263,0.304484864213583,Full Ridge,3.0,0.25,3
Rodrigo Hernandez,0.18151240258548082,0.343663565670369,0.1621511630848882,1.0368001852747057,9.73408553187017,576049.5706358629,1.2158778460131126,5.763590571924861,25,Man City,MID,5.6,4.5486415441837025,4.953624553430755,Full Ridge,61.0,5.083333333333333,10
Rodrigo Muniz Carvalho,0.06879521102279297,0.4795653055887863,0.4107700945659932,1.4282970137719324,8.068999752329768,102442.85145673866,0.8357457238148291,5.345747037094695,26,Fulham,FWD,4.4,3.649034874522709,4.214605595380037,Full Ridge,54.0,4.5,12
Romain Faivre,0.005308641975308643,0.026049382716049393,0.020740740740740747,0.006666666666666666,0.1827160493827161,72.25925925925927,0.0,0.4814814814814815,5,Bournemouth,MID,5.0,0.32136549905350964,0.3747374931961669,Full Ridge,2.0,0.16666666666666666,2
Romelu Lukaku Bolingoli,0.0,0.0,0.0,0.0,0.0,28298.066770274414,0.0,0.0,25,Chelsea,FWD,6.8,0.3061263401421448,0.20408422676142984,Full Ridge,0.0,0.0,0
Roméo Lavia,0.0002926383173296755,0.0002926383173296755,0.0,0.009657064471879294,0.017558299039780532,610.1402813389941,0.0,0.029263831732967552,24,Chelsea,MID,4.9,0.24715283272387711,0.17452316572690724,Full Ridge,0.0,0.0,0
Ronnie Stutter,0.0,0.0,0.0,0.0,0.0,3688.8279240988268,0.0,0.0,21,Chelsea,FWD,4.5,0.2998459044320333,0.1998972696213555,Full Ridge,0.0,0.0,0
Ross Barkley,0.21576369317491523,0.4292655266954915,0.21350183352057633,3.188689807713242,11.076524160443306,153273.20404191734,1.3312167465504912,4.725133282321475,23,Luton,MID,5.0,5.813270618941857,5.450558173401729,Full Ridge,34.0,2.8333333333333335,11
Ryan Christie,0.16888893953961112,0.22173137404278856,0.052842434503177424,1.5461127865416309,4.295219702271505,7041.133831273632,0.9994925203865512,1.6547651673232153,25,Bournemouth,MID,5.0,3.107813092888544,2.623463784366768,Full Ridge,34.0,2.8333333333333335,10
Ryan Fraser,0.0,0.0,0.0,0.0,0.0,1858.7555232440727,0.0,0.0,26,Newcastle,MID,4.9,0.2393127756635125,0.15954185044234165,Full Ridge,0.0,0.0,0
Ryan Fredericks,0.0,0.0,0.0,0.0,0.0,1143.592213192951,0.0,0.0,25,Bournemouth,DEF,4.3,0.20875951078516986,0.13917300719011322,Full Ridge,0.0,0.0,0
Ryan Giles,0.0020355218133450274,0.003210084798128018,0.001174562984782992,0.11927691646608743,0.16067362636008445,9245.759032212674,0.04257070782966375,0.08043428078751343,23,Luton,DEF,4.2,0.3115241852162409,0.23449421707333173,Full Ridge,0.0,0.0,0
Ryan Gravenberch,0.07977919554481797,0.11331067614237617,0.033531480597558186,1.1736190939871078,2.9066342899759925,8074.541064878133,0.5386864270877527,1.4345166886617606,21,Liverpool,MID,5.0,2.017383093280067,1.8230942917406314,Full Ridge,17.0,1.4166666666666667,7
Ryan Oné,0.0,0.0,0.0,0.0006495739052149108,0.0,378.76018142396185,0.0,0.0005074796134491491,18,Sheffield Utd,MID,4.4,0.23922513634478615,0.15965258410100713,Full Ridge,0.0,0.0,0
Ryan Sessegnon,0.0,0.0,0.0,0.0,0.0,712.1305808758586,0.0,0.0,25,Spurs,DEF,4.4,0.20872120208949219,0.13914746805966144,Full Ridge,0.0,0.0,0
Ryan Trevitt,0.0,0.0,0.0,0.0,0.0,1173.6331160999484,0.0,0.0,25,Brentford,MID,4.5,0.23915744802662242,0.15943829868441495,Full Ridge,0.0,0.0,0
Ryan Yates,0.007106040779042301,0.1750305057915413,0.16792446501249902,0.46608752342533066,1.6481081361963505,2844.949811195548,0.35021355360727563,1.248545580895322,26,Nott'm Forest,MID,4.8,1.3104149904409144,1.289791853925717,Full Ridge,27.0,2.25,12
Rúben Gato Alves Dias,0.02872304958499176,0.09462405943957586,0.06590100985458411,0.9907415388637093,4.775542270732493,705802.5758728188,1.105896835998993,4.995316945913379,25,Man City,DEF,5.5,3.0112709546804535,3.6726196184247617,Full Ridge,29.0,2.4166666666666665,7
Rúnar Alex Rúnarsson,0.0,0.0,0.0,0.0,0.0,8133.08692069748,0.0,0.0,26,Arsenal,GK,4.0,0.05147826052317117,0.03431884034878078,Full Ridge,0.0,0.0,0
Sam Curtis,0.0,0.0,0.0,0.0,0.0,0.0,0.0,0.0,1,Sheffield Utd,DEF,4.0,0.2086579733069952,0.1391053155379968,Full Ridge,1.0,0.08333333333333333,1
Sam Johnstone,0.0,0.0,0.0,0.42540517370709213,0.6743829249744444,244339.90934329253,0.5728970854713882,2.7024040775636524,26,Crystal Palace,GK,4.4,1.7375617878474956,2.059175884419548,Full Ridge,3.0,0.25,2
Sam Proctor,0.0,0.0,0.0,0.0,0.0,620.7010618300055,0.0,0.0,10,Aston Villa,GK,4.0,0.05022372346059767,0.03348248230706511,Full Ridge,0.0,0.0,0
Sam Surridge,0.0,0.0,0.0,0.0,0.0,12895.441802777304,0.0,0.0,26,Nott'm Forest,FWD,4.5,0.30219549138733437,0.20146366092488957,Full Ridge,0.0,0.0,0
Saman Ghoddos,0.00860587959249621,0.011145190620003588,0.002539311027507377,0.3220627853095642,0.3408262066502233,3590.7751421679227,0.08265326411273005,0.5734368306301255,22,Brentford,MID,4.5,0.5315222507138898,0.545493777352635,Full Ridge,3.0,0.25,3
Samuel Bastien,0.0,0.0,0.0,0.0,0.0,1399.779002322446,0.0,0.0,25,Burnley,MID,4.9,0.23920871872764327,0.15947247915176216,Full Ridge,0.0,0.0,0
Sander Berge,0.0163575199155234,0.03919917669738763,0.022841656781864225,2.243309014132638,2.8277616737314144,10179.958507342268,0.9555800656393321,1.7666024243875977,25,Burnley,MID,4.7,2.592089688633437,2.316927267218157,Full Ridge,24.0,2.0,12
Sandro Tonali,4.006466852223601e-05,6.432097194818531e-05,2.42563034259493e-05,0.0007676532190224822,0.0014521141239097152,118101.45021978332,0.0003592036770092745,0.0014310909629684742,26,Newcastle,MID,5.2,0.26671236534243203,0.17828527388261084,Full Ridge,0.0,0.0,0
Santiago Bueno,0.0,0.0,0.0,0.05675872036803923,0.051754297383069005,3802.900744916463,0.021221964850702584,0.053737333442888766,23,Wolves,DEF,4.5,0.2514359657718187,0.18553642166217538,Full Ridge,9.0,0.75,8
Sasa Kalajdzic,8.875353191569025e-05,0.0004846978511725506,0.00039594431925686055,0.0024096110110841174,0.007975624941827596,12382.518528903884,0.0007612194201737237,0.016428585326021015,26,Wolves,FWD,4.9,0.3060129081748256,0.20948480055855742,Full Ridge,0.0,0.0,0
Saïd Benrahma,0.0004326050582468722,0.020739960323876146,0.02030735526562927,0.09324749167783444,0.20264162371316605,39647.06257935485,0.030129006739252485,0.07811197591751934,26,West Ham,MID,5.6,0.38043631628352015,0.2796615361615199,Full Ridge,0.0,0.0,0
Saša Lukić,0.0054190861951377255,0.028924856775439416,0.023505770580301694,0.5785953083751564,1.3820922440067092,33347.04513204438,0.33376075786372805,0.7465926303457002,26,Fulham,MID,4.3,1.0920135101848651,0.9768732169051435,Full Ridge,25.0,2.0833333333333335,10
Scott Carson,0.0,0.0,0.0,0.0,0.0,8060.332218855016,0.0,0.0,25,Man City,GK,3.8,0.05146611079182717,0.03431074052788478,Full Ridge,0.0,0.0,0
Scott McKenna,8.588711519188167e-06,1.3687485504642817e-05,5.098773985454648e-06,0.00022310848885868055,0.0005952694871368167,8040.707604081032,0.00020048577321447877,0.0005247281965613521,26,Nott'm Forest,DEF,4.4,0.20980175130847534,0.140042743604504,Full Ridge,0.0,0.0,0
Scott McTominay,0.013053772484231733,0.15425336198914463,0.14123812623805918,0.5676568270885584,3.0879850262418946,163825.66444153996,0.0385088743037033,2.4678038835593075,26,Man Utd,MID,4.6,1.3962003881551506,1.7534015532898695,Full Ridge,15.0,1.25,8
Scott Twine,0.0,0.0,0.0,0.0,0.0,863.4681012044466,0.0,0.0,25,Burnley,MID,4.9,0.23908712891531136,0.15939141927687422,Full Ridge,0.0,0.0,0
Seamus Coleman,0.00048532198306114923,0.00048532198306114923,0.0,0.19781281459277705,0.27573935770856983,4142.989723264179,0.047749420914080805,0.4145257893162178,26,Everton,DEF,4.4,0.3505980482800033,0.3719072952920748,Full Ridge,16.0,1.3333333333333333,7
Sean Longstaff,0.050337764747301575,0.2016875353473594,0.15134977060005786,2.361360507252066,3.8124421999977445,48022.60300009823,0.9859503002928065,3.1336445579357433,26,Newcastle,MID,4.8,3.139188693932219,3.13734064860006,Full Ridge,38.0,3.1666666666666665,11
Sepp van den Berg,0.0,0.0,0.0,0.0,0.0,1637.584014874879,0.0,0.0,25,Liverpool,DEF,4.0,0.2088033714211579,0.13920224761410527,Full Ridge,0.0,0.0,0
Serge Aurier,0.00021672453106706563,0.00034795095856866187,0.0001312264275015963,0.0048453256836520605,0.016275676491704017,76213.75016876284,0.004024725792362272,0.009256601021883132,26,Nott'm Forest,DEF,4.5,0.22528854048779168,0.1532778939991555,Full Ridge,0.0,0.0,0
Sergi Canós Tenés,0.0,0.0,0.0,0.0,0.0,1151.5983831120243,0.0,0.0,25,Brentford,MID,5.0,0.23915245241858396,0.15943496827905596,Full Ridge,0.0,0.0,0
Sergio Gómez,5.346287285719433e-06,5.346287285719433e-06,0.0,0.06321188140094204,0.006844993645096522,93226.47971575604,0.0,0.06621117865007019,25,Man City,DEF,3.8,0.2197812445546773,0.1685912225864749,Full Ridge,3.0,0.25,3
Sergio Reguilón,0.12715099599204233,0.18539138322153653,0.058240387229494206,1.818019017956227,4.744916125078701,124424.89216797202,1.031780768604575,2.753265985646343,26,Brentford,DEF,4.4,2.961810007783141,2.8922953337375414,Full Ridge,38.0,3.1666666666666665,10
Shandon Baptiste,0.0017284245907220844,0.016936283976806344,0.015207859386084255,0.03362834876627341,0.23255396903580788,97839.73397789162,0.014451274929860525,0.4113060577281898,25,Brentford,MID,4.3,0.3600563233632329,0.3771395681515518,Full Ridge,3.0,0.25,1
Shea Charles,0.0,0.0,0.0,0.0,0.0,36.00654247265716,0.0,0.0,25,Man City,MID,4.5,0.23889953083474225,0.15926635388982815,Full Ridge,0.0,0.0,0
Shola Shoretire,0.0,0.0,0.0,0.0,0.0,23253.903846670517,0.0,0.0,26,Man Utd,FWD,4.4,0.30483903738763707,0.20322602492509137,Full Ridge,0.0,0.0,0
Simon Adingra,0.06446097456255757,0.24247462867085914,0.17801365410830156,0.27301167162748424,5.530229933043757,87123.09110302944,0.5942899763541252,4.1187772834880425,26,Brighton,MID,5.0,2.4433045206175037,3.00179544157435,Full Ridge,24.0,2.0,11
Siriki Dembélé,0.0,0.0,0.0,0.0,0.0,249.00824552814493,0.0,0.0,25,Bournemouth,MID,4.5,0.23894782155015915,0.1592985477001061,Full Ridge,0.0,0.0,0
Sofyan Amrabat,0.00029033531287729354,0.00037417517401587157,8.383986113857812e-05,0.05860533015885014,0.14501330430840143,10308.346502650596,0.019526658425015733,0.41264046578867714,22,Man Utd,MID,5.0,0.3117743313000878,0.34539637612961754,Full Ridge,10.0,0.8333333333333334,8
Solly March,0.0001383259017692304,0.0002721470614736417,0.00013382115970441127,0.0011658851026091338,0.0036271991283116107,229506.3964017589,0.0008478877492195665,0.0030643693530907493,26,Brighton,MID,6.1,0.29340389457576443,0.1966240528348732,Full Ridge,0.0,0.0,0
Son Heung-min,0.16920816525425614,0.20859577212981528,0.03938760687555912,0.835866695751319,3.767619063282657,2099832.9008250833,0.4650205761316873,2.4891558397373714,25,Spurs,MID,9.6,2.719586031974541,2.642775967895484,Full Ridge,71.0,5.916666666666667,11
Stefan Bajcetic,0.0,0.0,0.0,0.0,0.0,2412.9291770236637,0.0,0.0,25,Liverpool,MID,4.7,0.23943841523269127,0.1596256101551275,Full Ridge,1.0,0.08333333333333333,1
Stefan Ortega Moreno,0.0,0.0,0.0,0.05090131781853181,0.10631400550423656,78242.57909089336,0.0005074796134491491,0.08880645442580096,25,Man City,GK,3.7,0.0631154035738497,0.07167908719116678,Full Ridge,18.0,1.5,7
Steve Cook,0.0,0.0,0.0,0.0,0.0,1032.6623958658445,0.0,0.0,26,Nott'm Forest,DEF,4.5,0.20874966152791197,0.13916644101860798,Full Ridge,0.0,0.0,0
Steven Alzate,0.0,0.0,0.0,0.0,0.0,4840.55441811645,0.0,0.0,26,Brighton,MID,4.4,0.23998879468024936,0.1599925297868329,Full Ridge,0.0,0.0,0
Steven Benda,0.0,0.0,0.0,0.0,0.0,2823.8926180539484,0.0,0.0,23,Fulham,GK,4.0,0.05059164724874665,0.033727764832497766,Full Ridge,0.0,0.0,0
Sven Botman,0.011991071974918947,0.022273603332123634,0.010282531357204689,2.2333434440491096,2.883426973675321,626725.544657324,0.961237733955151,0.39445350226496123,26,Newcastle,DEF,4.5,2.3354887218659117,1.688476981998928,Full Ridge,7.0,0.5833333333333334,2
Sydie Peck,0.0,0.0,0.0,0.002080983589899916,0.0,237.32244407187255,0.0,0.01734152991583263,11,Sheffield Utd,MID,4.4,0.23973934173068379,0.16560673779240007,Full Ridge,0.0,0.0,0
Tahith Chong,0.14762735596797227,0.22686368483453714,0.07923632886656487,1.6012062095124138,4.142010884923144,7838.9735133236645,0.6736594890485171,3.8121405992833566,23,Luton,MID,4.7,2.794220675184328,3.133527316550671,Full Ridge,42.0,3.5,12
Taiwo Awoniyi,0.13707688339109364,0.3287408016906407,0.19166391829954707,0.9397158422134835,4.436794267248434,156112.92980090814,0.8047836752145937,3.7223669580066217,26,Nott'm Forest,FWD,6.3,2.8737286383025813,3.156608078203928,Full Ridge,5.0,0.4166666666666667,5
Takehiro Tomiyasu,0.0013740684148289886,0.0017207655154935558,0.00034669710066456667,0.027875904384654593,0.112476777296758,27371.30546318326,0.006204708852932688,0.07779637984196751,26,Arsenal,DEF,4.5,0.25188656342004634,0.19385650222735337,Full Ridge,31.0,2.5833333333333335,9
Tanguy Ndombélé Alvaro,0.0,0.0,0.0,0.0,0.0,18654.436287279488,0.0,0.0,25,Spurs,MID,4.4,0.24312061113325334,0.1620804074221689,Full Ridge,0.0,0.0,0
Tariq Lamptey,0.04088667125510383,0.06578512716848905,0.024898455913385225,0.33820221045795557,2.219440588611983,479329.9429849697,0.8042487080889316,2.9021436125082505,26,Brighton,DEF,3.9,1.9225489214938358,2.2490804851653072,Full Ridge,7.0,0.5833333333333334,7
Tawanda Chirewa,0.0,0.0,0.0,0.0013168724279835396,0.026337448559670795,475.36107300716367,0.0,0.04389574759945132,13,Wolves,MID,4.4,0.24501614598984423,0.17797601319304657,Full Ridge,7.0,0.5833333333333334,6
Tayo Adaramola,0.0,0.0,0.0,0.0,0.0,766.2330437433319,0.0,0.0,10,Crystal Palace,DEF,4.0,0.20872600574903022,0.13915067049935348,Full Ridge,0.0,0.0,0
Teden Mengi,0.027803507650830526,0.031709202581694136,0.0039056949308636105,2.6922028990573086,3.9918783802371385,196633.83698178135,1.0111615599142978,0.656951117007134,24,Luton,DEF,3.9,2.697279604080567,2.0171701083894225,Full Ridge,13.0,1.0833333333333333,11
Terence Kongolo,0.0,0.0,0.0,0.0,0.0,6469.774137522739,0.0,0.0,26,Fulham,DEF,4.0,0.2092324128167301,0.1394882752111534,Full Ridge,0.0,0.0,0
Thiago Alcántara do Nascimento,0.0,0.0,0.0,0.0044444444444444444,0.014814814814814817,9419.76650373531,0.0,0.14814814814814817,25,Liverpool,MID,4.7,0.24582498896222305,0.21326604202419808,Full Ridge,0.0,0.0,0
Thiago Emiliano da Silva,0.0072175223021588375,0.029599089236271806,0.022381566934112966,0.9055233635312256,2.8678785652593737,399738.9009666821,0.628732069975783,2.185969270269767,25,Chelsea,DEF,5.0,1.8532297596773393,1.9641429298748152,Full Ridge,32.0,2.6666666666666665,7
Thilo Kehrer,0.0,0.0,0.0,0.00018697902801283675,3.044413593256902e-05,9365.378384671676,0.0,0.00010643071911385915,26,West Ham,DEF,4.2,0.20950076886697622,0.1397026561510221,Full Ridge,0.0,0.0,0
Thomas Cannon,0.0,0.0,0.0,8.3164468888969e-06,0.0,2236.831569992117,0.0,2.970159603177464e-05,26,Everton,FWD,4.5,0.29948071127349785,0.1996637080476758,Full Ridge,0.0,0.0,0
Thomas Kaminski,4.886840722102919e-06,4.886840722102919e-06,0.0,3.1940705221653314,4.984526173948545,59887.97241780447,1.333671653075633,3.785026439736113,23,Luton,GK,4.5,3.7147535908365796,3.7381778738030906,Full Ridge,24.0,2.0,12
Thomas Partey,1.0253238463468869e-05,1.1639312944951687e-05,1.3860744814828169e-06,7.633310180166085e-05,0.00046445870794687615,15293.589063245228,8.910478809532391e-05,0.00039385553904634497,26,Arsenal,MID,4.8,0.24259091848991232,0.161858564172957,Full Ridge,17.0,1.4166666666666667,9
Thomas Strakosha,3.3831974229943276e-06,3.3831974229943276e-06,0.0,0.000769254514053335,0.0016958277082759071,186334.4032831161,0.0003383197422994328,0.002156788357158884,25,Brentford,GK,3.9,0.08223387711105312,0.05554151419308837,Full Ridge,0.0,0.0,0
Tim Iroegbunam,0.0,0.0,0.0,0.10249657064471883,0.07654320987654321,2341.6839324128555,0.0,0.3404968754762994,26,Aston Villa,MID,4.4,0.2945645742771009,0.3098753413435004,Full Ridge,7.0,0.5833333333333334,6
Tim Krul,0.0,0.0,0.0,0.0,0.0,4692.338927244922,0.0,0.0,22,Luton,GK,4.4,0.050903669978721644,0.03393577998581443,Full Ridge,0.0,0.0,0
Tim Ream,0.0032565769853012826,0.0032993472835870373,4.277029828575546e-05,0.8977213331371596,1.3703127568036872,71753.66989274461,0.4768134475023631,0.6893318989641062,26,Fulham,DEF,4.5,1.2240518274779588,1.0458118513066745,Full Ridge,1.0,0.08333333333333333,1
Timo Werner,0.1398765432098766,0.2808641975308642,0.1409876543209877,0.7428395061728396,4.228395061728396,76716.86419753087,0.6666666666666667,2.5555555555555562,5,Spurs,FWD,6.4,2.5703542858486603,2.565421375750959,Full Ridge,31.0,2.5833333333333335,8
Timothy Castagne,0.05898163582497913,0.1186868725169439,0.059705236691964765,1.609594474156751,3.859740705044974,66128.55091286763,0.9338922585200078,3.341143690601503,23,Fulham,DEF,4.5,2.5188608235400203,2.7929551125605143,Full Ridge,45.0,3.75,11
Tino Livramento,0.0059849439235039594,0.006331774521820612,0.0003468305983166526,1.0387561822929938,1.0193273924863282,102292.97715831362,0.38518397254926806,0.6771838845835443,26,Newcastle,DEF,4.1,1.0156229174141282,0.9028099064706001,Full Ridge,15.0,1.25,7
Toby Collyer,0.0,0.0,0.0,0.0,0.0,0.0,0.0,0.0,1,Man Utd,MID,4.5,0.23889136760566587,0.15926091173711057,Full Ridge,0.0,0.0,0
Tom Cairney,0.05595334710417744,0.06489796507205282,0.008944617967875382,1.3697695046487666,2.9628051068963184,5905.876107461381,0.5619907861561234,1.471118499656703,26,Fulham,MID,4.9,2.028739325765164,1.8428657170623437,Full Ridge,12.0,1.0,10
Tom Davies,0.001980320786305671,0.0049523056090632865,0.002971984822757615,0.1938370357747725,0.475667845652318,514.807973207892,0.0,0.5804975207967651,25,Sheffield Utd,MID,5.0,0.42171861053248927,0.4746449139539145,Full Ridge,2.0,0.16666666666666666,2
Tom Heaton,0.0,0.0,0.0,0.0,0.0,9573.557751032109,0.0,0.0,26,Man Utd,GK,4.0,0.0517188131356382,0.03447920875709213,Full Ridge,0.0,0.0,0
Tom King,0.0,0.0,0.0,0.0,0.0,72677.07430124976,0.0,0.0,26,Wolves,GK,3.9,0.06225683684451411,0.041504557896342734,Full Ridge,0.0,0.0,0
Tom Lockyer,0.0005088501216644825,0.001353615722644927,0.0008447656009804444,0.050370416678558176,0.07785440634704742,13423.598890196994,0.030585754208399298,0.03472938790401574,23,Luton,DEF,4.2,0.27127290102414514,0.19242506331743534,Full Ridge,0.0,0.0,0
Tom McGill,0.0,0.0,0.0,0.0,0.0,28545.847535741756,0.0,0.0,26,Brighton,GK,3.9,0.05488710629096227,0.036591404193974844,Full Ridge,0.0,0.0,0
Tommi O'Reilly,0.0,0.0,0.0,0.0,0.0,234.1207133058985,0.0,0.0,9,Aston Villa,MID,4.5,0.2389444463208934,0.15929629754726227,Full Ridge,0.0,0.0,0
Tommy Doyle,0.008781081993833324,0.017447392257047105,0.008666310263213779,0.308693624851398,0.6371063823181436,6205.013205560679,0.1423335356948559,0.9538633097785914,26,Wolves,MID,4.4,0.6495332175748737,0.7509765816427796,Full Ridge,15.0,1.25,8
Tomáš Souček,0.006795205978320576,0.2155442895852786,0.208749083606958,1.4866969429411196,2.487551800971061,133755.45263267678,0.7772257457702811,1.8835023872976544,26,West Ham,MID,4.9,2.3300133684772124,2.181176374750693,Full Ridge,34.0,2.8333333333333335,12
Tosin Adarabioyo,0.004393789715133009,0.04398650085334027,0.039592711138207254,1.0927496187858958,1.6609417443800467,24650.78370171209,0.6219222830003708,1.1204574108285192,26,Fulham,DEF,4.3,1.4600699372210846,1.346865761756896,Full Ridge,29.0,2.4166666666666665,8
Toti António Gomes,0.013541533447395965,0.06513394393552582,0.05159241048812987,1.2875666153793983,2.460035715736507,28518.76408978896,0.9996992713401784,3.0004286030520806,26,Wolves,DEF,4.4,2.1686391630948387,2.4459023097472525,Full Ridge,24.0,2.0,11
Travis Hernes,0.0,0.0,0.0,0.0,0.0,51.27160493827161,0.0,0.0,5,Newcastle,MID,4.5,0.23890299165583784,0.15926866110389187,Full Ridge,0.0,0.0,0
Trent Alexander-Arnold,0.11726527092497653,0.15976813931823172,0.042502868393255185,0.5239345116502531,3.0698830348104473,1955253.3382394882,0.5015814594573401,1.7818674196558606,25,Liverpool,DEF,8.6,1.9621809878185177,1.9020764650976318,Full Ridge,19.0,1.5833333333333333,6
Trevoh Chalobah,0.0,0.0,0.0,0.26,0.26666666666666666,4680.959728753591,0.0,0.3333333333333333,25,Chelsea,DEF,4.3,0.28757934847266653,0.30283067675955544,Full Ridge,38.0,3.1666666666666665,10
Treymaurice Nyoni,0.0,0.0,0.0,0.0,0.0,157.94572743415233,0.0,0.0,14,Liverpool,MID,4.5,0.2389271762967018,0.15928478419780118,Full Ridge,0.0,0.0,0
Ty Barnett,0.0,0.0,0.0,0.0,0.0,360.8645023624448,0.0,0.0,9,Wolves,MID,4.5,0.23897318105944432,0.15931545403962954,Full Ridge,0.0,0.0,0
Tyler Adams,0.0,0.0,0.0,0.0,0.0,309.1434130407028,0.0,0.0,23,Bournemouth,MID,4.9,0.23896145510434785,0.15930763673623188,Full Ridge,5.0,0.4166666666666667,3
Tyler Onyango,0.0,0.0,0.0,0.0,0.0,1386.0541727486993,0.0,1.9801064021183095e-05,26,Everton,MID,4.4,0.23920560710069583,0.15947700508847093,Full Ridge,0.0,0.0,0
Tyrell Malacia,0.0,0.0,0.0,0.0,0.0,2318.252858420383,0.0,0.0,26,Man Utd,DEF,4.3,0.2088638067730677,0.1392425378487118,Full Ridge,0.0,0.0,0
Tyrese Francois,0.0,0.0,0.0,0.0,0.0,2465.2986475498046,0.0,0.0,26,Fulham,MID,4.4,0.23945028818563696,0.1596335254570913,Full Ridge,0.0,0.0,0
Tyrick Mitchell,0.02580365831095339,0.04163976748518236,0.015836109174228976,1.065532179586743,2.574220783983561,346629.2302000639,0.9942194900280561,2.5492142517446474,26,Crystal Palace,DEF,4.5,2.2570624687849214,2.3544463964381634,Full Ridge,48.0,4.0,11
Tyrone Mings,6.336340486778593e-06,6.732361767202259e-06,3.9602128042366206e-07,4.27702982857555e-05,8.71246816932057e-05,121530.55549827316,3.960212804236619e-05,0.0,26,Aston Villa,DEF,4.1,0.2195294013627983,0.14635293424186552,Full Ridge,0.0,0.0,0
Valentín Barco,0.0,0.0,0.0,0.0,0.0,539.3333333333334,0.0,0.0,2,Brighton,DEF,4.0,0.20870585973533085,0.1391372398235539,Full Ridge,5.0,0.4166666666666667,6
Valintino Adedokun,0.0,0.0,0.0,0.0,0.0,3139.104291079453,0.0,0.0,15,Brentford,DEF,4.0,0.20893668868277882,0.1392911257885192,Full Ridge,0.0,0.0,0
Vicente Guaita,0.0,0.0,0.0,0.0,0.0,19716.96767941344,0.0,0.0,26,Crystal Palace,GK,4.4,0.05341272022921617,0.035608480152810776,Full Ridge,0.0,0.0,0
Victor Lindelöf,0.027738769238418646,0.05461099843230316,0.026872229193884514,0.7647967470051578,2.3488841298140763,30285.20798454027,0.3414749135258664,0.6152375280244679,26,Man Utd,DEF,4.5,1.3207600455251818,1.085585873024944,Full Ridge,17.0,1.4166666666666667,3
Victor da Silva,0.01725130200951123,0.037715886220549756,0.02046458421103852,0.9328565046235678,1.1941027228428285,14729.046091562674,0.29556628675632807,1.1308266005757717,25,Burnley,DEF,4.4,0.9352873002010191,1.0004670669926032,Full Ridge,27.0,2.25,12
Viljami Sinisalo,0.0,0.0,0.0,0.0,0.0,346.92196629407965,0.0,0.0,26,Aston Villa,GK,4.0,0.05017800349509527,0.03345200233006351,Full Ridge,0.0,0.0,0
Vincent Angelini,0.0,0.0,0.0,0.0,0.0,947.9445940377202,0.0,0.0,12,Brentford,GK,4.0,0.05027837176372729,0.03351891450915152,Full Ridge,0.0,0.0,0
Vini de Souza Costa,0.0422862477636911,0.07796929818118163,0.03568305041749052,1.8394634735715867,3.892270100958863,3006.2088053320467,0.9973912823288715,3.6272154576542217,26,Sheffield Utd,MID,5.0,2.780222007323588,3.062553157433799,Full Ridge,16.0,1.3333333333333333,10
Virgil van Dijk,0.04422546226817989,0.17895025501760883,0.13472479274942892,1.9752573331602303,7.300772944786228,1703265.9442075882,1.3331662618556548,5.015935836517237,25,Liverpool,DEF,6.4,4.07277519235742,4.387162073744025,Full Ridge,25.0,2.0833333333333335,11
Vitalii Mykolenko,0.05260786488919352,0.06763081632945635,0.015022951440262826,1.2038107191140135,3.374372179658034,610849.9701918219,0.9911955778599411,2.184327655091069,26,Everton,DEF,4.6,2.527281663195322,2.4129636604939044,Full Ridge,18.0,1.5,6
Vitaly Janelt,0.05694231573712161,0.07821314455273362,0.021270828815612024,1.8303235643830627,2.3459940034893414,9046.164563011534,0.8888888888888891,2.565200718317006,25,Brentford,MID,5.3,2.378948920233003,2.4410328529276706,Full Ridge,32.0,2.6666666666666665,12
Vladimír Coufal,0.09155609614010596,0.09174473582766776,0.00018863968756180076,1.5612366138268388,3.7375040385117293,275672.6453224826,0.9048925468678557,2.0310764128155925,26,West Ham,DEF,4.6,2.5402456320307936,2.3705225589590597,Full Ridge,19.0,1.5833333333333333,12
Wataru Endo,0.19996319479687036,0.2126435675946033,0.012680372797732958,1.2753213814015203,4.23528095937257,8392.702807699396,1.010772407832793,1.4492606529435563,24,Liverpool,MID,5.4,3.0289502071449608,2.502387022411159,Full Ridge,18.0,1.5,10
Wayne Hennessey,0.0,0.0,0.0,0.0,0.0,19781.499760658913,0.0,0.0,26,Nott'm Forest,GK,4.0,0.05342349681726266,0.035615664544841774,Full Ridge,0.0,0.0,0
Wes Foderingham,0.004617859743602771,0.004617859743602771,0.0,1.4065247885422827,2.128592570572885,34811.44283218318,0.60082304526749,1.3436014481209495,26,Sheffield Utd,GK,4.5,1.7260551617413964,1.5985705905345808,Full Ridge,12.0,1.0,5
Wesley Fofana,0.0,0.0,0.0,0.0,0.0,2523.7841171291584,0.0,0.0,25,Chelsea,DEF,4.4,0.20888205552070227,0.13925470368046816,Full Ridge,0.0,0.0,0
Wesley Moraes Ferreira da Silva,0.0,0.0,0.0,0.0,0.0,513.5200301723255,0.0,0.0,26,Aston Villa,FWD,5.0,0.2990355454765099,0.19935703031767327,Full Ridge,0.0,0.0,0
Will Hughes,0.02715952341505908,0.02806155931163798,0.0009020358965788934,0.34756812843391766,1.3541705017149626,1372.6867393859993,0.3813005524060857,0.7724837912860337,26,Crystal Palace,MID,4.9,1.0582363788255764,0.9629855163123955,Full Ridge,27.0,2.25,10
William Osula,0.016719435052009877,0.057534241749262485,0.04081480669725262,0.7467141943800708,0.5416763894273452,119151.92602776935,0.4038705217280755,0.9931260743374932,26,Sheffield Utd,FWD,4.3,1.2928653795756537,1.1929522778296002,Full Ridge,5.0,0.4166666666666667,5
William Saliba,0.015945137742653527,0.09777839101768708,0.08183325327503355,0.3207371224438987,2.97902218841348,3974522.309676047,1.0,4.42522910944224,26,Arsenal,DEF,5.7,2.6294954375439996,3.2280733281767464,Full Ridge,60.0,5.0,11
Willian Borges da Silva,0.15431677692406898,0.25422104971499754,0.09990427279092859,0.9450232812871145,3.8390400757044834,66607.23303516199,0.6228173625193775,1.599990383221598,26,Fulham,MID,5.3,2.4947080220415776,2.1964688091015843,Full Ridge,19.0,1.5833333333333333,10
Willy Boly,0.0021965350895292598,0.004186638237202269,0.0019901031476730097,0.07013604237567392,0.07723776460611399,37621.32687004908,0.03148214815909727,0.01914805349108314,26,Nott'm Forest,DEF,4.5,0.27529964214426217,0.18991577925986916,Full Ridge,21.0,1.75,5
Willy Kambwala,0.0001300614743687447,0.0001300614743687447,0.0,0.017688360514149282,0.026012294873748943,1489.0297718843674,0.013006147436874472,0.03251536859218618,10,Man Utd,DEF,3.9,0.2330675016864746,0.16621679065504513,Full Ridge,3.0,0.25,6
Wilson Odobert,0.037676254675317405,0.08962875318599318,0.05195249851067578,2.102303017739697,1.6627517473799787,6586.947375222224,0.9890028462932774,2.503864498044713,24,Burnley,MID,5.0,2.417098823865225,2.4460207152583875,Full Ridge,29.0,2.4166666666666665,12
Wout Weghorst,0.0,0.0,0.0,0.0,0.0,4222.527403704468,0.0,0.0,25,Burnley,FWD,5.5,0.29998210796482583,0.19998807197655055,Full Ridge,0.0,0.0,0
Yago de Santiago Alonso,0.0,0.0,0.0,0.0,0.0,310.4417799906293,0.0,0.0,12,Spurs,MID,4.5,0.2389617494638201,0.15930783297588005,Full Ridge,0.0,0.0,0
Yasin Ayari,0.0,0.0,0.0,0.0,0.0,1665.348384966259,0.0,0.0,26,Brighton,MID,4.5,0.2392689273330053,0.15951261822200352,Full Ridge,0.0,0.0,0
Yasser Larouci,0.0033339273652539685,0.00799081598567799,0.004656888620424022,0.9460376377015656,0.5528011487867284,4642.7937844642,0.5686062553864777,0.9548661674702088,26,Sheffield Utd,DEF,4.3,1.103555200504792,1.0539921894932642,Full Ridge,2.0,0.16666666666666666,2
Yegor Yarmoliuk,0.025148530128462056,0.02570731275908333,0.0005587826306212737,0.1106961387372572,0.1126966116652649,61092.92807668209,0.0317125199849717,0.37844025332382475,14,Brentford,MID,4.3,0.4122934400789581,0.4010090444939136,Full Ridge,16.0,1.3333333333333333,12
Yegor Yarmolyuk,0.0,0.12222222222222223,0.12222222222222223,0.2811111111111111,0.7481481481481481,66051.58944266627,0.0,0.7037037037037037,11,Brentford,MID,4.4,0.6818777138172686,0.6891530437794136,Full Ridge,0.0,0.0,0
Yerson Mosquera,0.0,0.0,0.0,0.0,0.0,20.74485596707819,0.0,0.0,6,Wolves,DEF,4.0,0.2086598152051261,0.13910654347008405,Full Ridge,0.0,0.0,0
Yoane Wissa,0.06970464519016194,0.12577434719240038,0.05606970200223846,0.729568986265648,3.0801037846175205,479918.93099892896,0.30423320744918075,2.377321918071303,25,Brentford,FWD,5.6,1.9037143189190184,2.0615835186364464,Full Ridge,59.0,4.916666666666667,12
Youri Tielemans,0.09113265439259345,0.22698472266365116,0.13585206827105772,1.4671354082349042,3.7838063280098626,46488.51983383759,0.7335097370134186,2.8942106569898014,26,Aston Villa,MID,5.6,2.657787964715379,2.736595528806853,Full Ridge,30.0,2.5,10
Youssef Ramalho Chermiti,8.910478809532389e-07,0.029038579502224746,0.02903768845434379,0.048204375772984656,0.21058251382429716,5735.811334840308,0.0,0.25233361392707715,26,Everton,FWD,4.8,0.37981187811363215,0.3373191233847805,Full Ridge,8.0,0.6666666666666666,8
Yves Bissouma,0.02129274814436613,0.023083865330985286,0.0017911171866191546,0.5437658450094562,1.6797705920075239,33858.438466588465,0.36927518048742125,0.9423925416168555,25,Spurs,MID,5.0,1.1841404794479853,1.1035578335042753,Full Ridge,17.0,1.4166666666666667,10
Zack Nelson,0.0,0.0,0.0,0.0,0.0,615.0874829002655,0.0,0.0,14,Luton,MID,4.5,0.23903081726342523,0.1593538781756168,Full Ridge,2.0,0.16666666666666666,2
Zack Steffen,0.0,0.0,0.0,0.0,0.0,16644.06944945734,0.0,0.0,25,Man City,GK,3.9,0.052899559058927514,0.035266372705951676,Full Ridge,0.0,0.0,0
Zeki Amdouni,0.04196789274041595,0.1412896194439087,0.09932172670349274,0.9455464442057939,2.380591879578542,29768.101751891445,0.9999248178350448,1.854710101343241,25,Burnley,FWD,5.3,2.278387593062224,2.13716176248923,Full Ridge,15.0,1.25,9
Álvaro Fernández Carreras,0.0,0.0,0.0,0.0,0.0,12638.134275088909,0.0,0.0,26,Man Utd,DEF,4.0,0.209780090324163,0.13985339354944198,Full Ridge,0.0,0.0,0
Ângelo Gabriel Borges Damaceno,0.0,0.0,0.0,0.0,0.0,310.69581072861774,0.0,0.0,25,Chelsea,MID,5.0,0.23896180705643977,0.15930787137095984,Full Ridge,0.0,0.0,0
Đorđe Petrović,0.0,0.0,0.0,1.8374074074074076,3.3086419753086425,119571.24691358027,1.0,3.753086419753087,5,Chelsea,GK,4.5,2.8962620213991843,3.1818701541838186,Full Ridge,38.0,3.1666666666666665,11
Aaron Connolly,0.0,0.0,0.0,0.0,0.0,1767.9219840972592,0.0,0.0,26,Brighton,FWD,4.5,0.2998750902921742,0.19991672686144946,Reduced Ridge,0.0,0.0,0
Aaron Cresswell,7.612194201737236e-05,7.612194201737236e-05,0.0,0.009869760502005883,0.00561954378205331,32189.489974271582,0.00628798958539336,0.14452442653336287,26,West Ham,DEF,4.2,0.22076512514707713,0.19535155894250572,Reduced Ridge,7.0,0.5833333333333334,7
Aaron Hickey,9.086832035971058e-06,3.8602793092547094e-05,2.9515961056576034e-05,0.002035797281417417,0.002452191613629593,15292.640350699687,0.0017761786470720227,0.00534791159175242,25,Brentford,DEF,4.4,0.21230660242731014,0.1433203721487909,Reduced Ridge,0.0,0.0,0
Aaron Ramsdale,1.980106402118309e-07,1.980106402118309e-07,0.0,0.002027377285018917,0.0010222057588728476,631956.498811173,0.001846400877533864,0.010593279196684197,26,Arsenal,GK,4.5,0.16248404789318227,0.11185379166101625,Reduced Ridge,3.0,0.25,1
Aaron Ramsey,0.002053559005005193,0.03498371450694462,0.03515237772416164,0.719246251643676,0.6111388519918903,4407.0999685571,0.469386409685654,0.8402673698470102,24,Burnley,MID,5.0,1.1016926690764939,1.014550902666666,Reduced Ridge,0.0,0.0,0
Aaron Wan-Bissaka,0.002221514996592938,0.0034691417322042298,0.0012476267356112919,0.1416488851206657,0.31100522957110227,193940.655420587,0.10913894007000809,0.07532633805375576,26,Man Utd,DEF,4.4,0.45714318702612267,0.3298709040353337,Reduced Ridge,18.0,1.5,9
Abdoulaye Doucouré,0.003315867708013848,0.11584541357391302,0.11252954586589918,0.5479753468792674,1.9136586104955524,59670.94393764496,0.6254635980287558,1.7060069356499978,26,Everton,MID,5.5,1.6128225169173591,1.6438839898282385,Reduced Ridge,32.0,2.6666666666666665,11
Abdul Rahman Baba,0.0,0.0,0.0,0.0,0.0,255.10351953444496,0.0,0.0,25,Chelsea,DEF,4.0,0.20775422115910103,0.13850281410606735,Reduced Ridge,0.0,0.0,0
Adam Davies,0.0,0.0,0.0,0.0,0.0,17559.899334161346,0.0,0.0,26,Sheffield Utd,GK,4.0,0.05229777079273523,0.03486518052849015,Reduced Ridge,0.0,0.0,0
Adam Lallana,0.029116435221131876,0.03476929226452899,0.005652857043397107,0.2337029028872849,0.725103730702556,4938.127947885013,0.16935863907144083,0.7150228588995996,26,Brighton,MID,4.9,0.692564191086749,0.7000504136910326,Reduced Ridge,8.0,0.6666666666666666,7
Adam Smith,0.012415701612518492,0.012415701612518492,0.0,1.5091035099419674,1.2557114509415293,12641.535853002953,0.9513043410566757,1.522895474259064,25,Bournemouth,DEF,4.4,1.786254510547273,1.6984681651178697,Reduced Ridge,40.0,3.3333333333333335,10
Adam Webster,0.010372762725581346,0.010869536283716045,0.000496773558134699,0.08206205672049409,0.8731522824310667,16617.837022703705,0.25343547257547056,0.39891979595028243,26,Brighton,DEF,4.2,0.7826744743428988,0.6547562482120266,Reduced Ridge,14.0,1.1666666666666667,5
Adam Wharton,0.13148148148148148,0.15814814814814815,0.026666666666666665,0.91,4.614814814814815,739.0370370370371,0.7037037037037037,2.2222222222222223,4,Crystal Palace,MID,5.0,2.513062970365306,2.4161160543176115,Reduced Ridge,41.0,3.4166666666666665,11
Adama Traoré,0.015589810429463372,0.12226004128765387,0.10667023085819047,0.43491168617781345,1.5566604259224728,2783.4205531462894,0.0,1.482756967793885,25,Fulham,MID,4.9,0.943597320159177,1.1233172027040796,Reduced Ridge,27.0,2.25,10
Ademola Ola-Adebomi,0.0,0.0,0.0,0.0,0.0,2452.2082783916303,0.0,0.0,20,Crystal Palace,FWD,4.5,0.30005953014856745,0.20003968676571163,Reduced Ridge,0.0,0.0,0
Admiral Muskwe,0.0,0.0,0.0,0.0,0.0,6211.232180944679,0.0,0.0,23,Luton,FWD,4.5,0.30107272277648756,0.20071514851765837,Reduced Ridge,0.0,0.0,0
Adrián San Miguel del Castillo,0.0,0.0,0.0,0.0,0.0,26844.787988718308,0.0,0.0,25,Liverpool,GK,3.9,0.053885682488987396,0.03592378832599159,Reduced Ridge,0.0,0.0,0
Aidan Francis-Clarke,0.0,0.0,0.0,0.0,0.0,1734.4608368157162,0.0,0.0,23,Luton,DEF,4.0,0.20791006207081586,0.13860670804721056,Reduced Ridge,0.0,0.0,0
Albert Sambi Lokonga,0.1404960826254425,0.15924761267165027,0.01875153004620776,2.3117646683971156,4.368937589754923,2725.205166563268,1.2946908018474872,2.5535415675389794,24,Luton,MID,4.9,3.479665305998146,3.1709573931784236,Reduced Ridge,19.0,1.5833333333333333,5
Alejandro Garnacho,0.14796828449369617,0.4687067272054911,0.3207384427117949,1.591395265140077,10.059610416345151,864953.960132101,0.9985369643517163,4.302420436866783,26,Man Utd,MID,5.0,4.966083960852655,4.744862786190698,Reduced Ridge,48.0,4.0,11
Alejo Véliz,0.0,0.012290809327846373,0.012290809327846373,0.031930892328206235,0.18926553778625804,6274.735893170268,0.0,0.21241647857194268,25,Spurs,FWD,5.4,0.3630114160440847,0.31281310355337066,Reduced Ridge,0.0,0.0,0
Aleksandar Mitrović,7.920425608473241e-07,7.128383047625916e-06,6.336340486778593e-06,2.376127682541972e-05,0.00013068702253980852,70467.40459285362,0.0,3.960212804236619e-05,26,Fulham,FWD,7.4,0.3184352108265399,0.21230334126037406,Reduced Ridge,0.0,0.0,0
Alex Iwobi,0.09307656741602327,0.21569529531944526,0.12261872790342201,0.8005298176434181,4.768560447014021,45526.963496279015,0.42039481899226755,3.8105279777600978,26,Fulham,MID,5.3,2.356815419011461,2.8413862719276732,Reduced Ridge,38.0,3.1666666666666665,12
Alex Matos,0.0,0.0,0.0,0.0,0.0,721.8995190021215,0.0,0.00022554649486628857,21,Chelsea,MID,4.5,0.23618800123813233,0.15753384965704362,Reduced Ridge,0.0,0.0,0
Alex Mighten,0.0,0.0,0.0,0.0,0.0,1743.88327006157,0.0,0.0,26,Nott'm Forest,MID,4.4,0.23642354850868386,0.15761569900578923,Reduced Ridge,0.0,0.0,0
Alex Murphy,0.0,0.0,0.0,0.0,0.0,42534.196140692795,0.0,0.0017127436953908778,26,Newcastle,DEF,3.9,0.21220805544483223,0.14204295152835175,Reduced Ridge,1.0,0.08333333333333333,1
Alex Scott,0.020394932132771125,0.06839211129073766,0.04799717915796654,0.6195713682040189,2.2427686536217246,2734.1924203297403,0.23591151886652031,1.4800305231146413,25,Bournemouth,MID,4.9,1.305827938552215,1.3638954667396903,Reduced Ridge,15.0,1.25,9
Alex Telles,0.0,0.0,0.0,0.0,0.0,527.998592871597,0.0,0.0,26,Man Utd,DEF,4.5,0.2077829689244547,0.13852197928296978,Reduced Ridge,0.0,0.0,0
Alexander Isak,0.013333830748128373,0.10610122377576683,0.09276739302763845,1.118641142284296,1.5493281805090906,1323115.5508355983,0.5062713657522119,1.3645237691676748,26,Newcastle,FWD,7.5,2.1652908962256388,1.8983685205396506,Reduced Ridge,91.0,7.583333333333333,11
Alexandre Moreno Lopera,0.060531592406306636,0.09283628850615593,0.032304696099849296,1.4610142800423755,3.270948170477376,299643.1392695558,0.9501431014919814,1.8023606257954012,26,Aston Villa,DEF,5.2,2.3948300570665655,2.197340246642844,Reduced Ridge,13.0,1.0833333333333333,8
Alexis Mac Allister,0.22726195334813354,0.3717508368206852,0.1444888834725517,1.5759052132466758,9.24809806596809,296020.95967408584,1.2172748767554213,6.898247353622898,25,Liverpool,MID,5.8,4.686053145402404,5.423451214809235,Reduced Ridge,51.0,4.25,11
Alfie Dorrington,0.0,0.0,0.0,0.0,0.0,2075.3991223861167,0.0,0.0,14,Spurs,DEF,4.0,0.20794597775706758,0.13863065183804504,Reduced Ridge,0.0,0.0,0
Alfie Doughty,0.23329480856887155,0.34643027441055974,0.11313546584168818,2.9065597623185724,9.121402778538027,663918.0392014387,1.3275402930005633,2.7888547997882247,23,Luton,DEF,4.6,4.605501419915796,3.999952546539938,Reduced Ridge,27.0,2.25,12
Alfie Gilchrist,0.0014814814814814816,0.0014814814814814816,0.0,0.17579332418838595,0.13598536808413356,3266.4882014123136,0.0,0.5093735711019663,21,Chelsea,DEF,4.0,0.24899038567911158,0.33578478082006313,Reduced Ridge,15.0,1.25,6
Alfie Whiteman,0.0,0.0,0.0,0.0,0.0,21444.38695853128,0.0,0.0,25,Spurs,GK,3.9,0.05296210006604929,0.035308066710699526,Reduced Ridge,0.0,0.0,0
Alisson Ramses Becker,0.0,0.0,0.0,0.7645602607820968,0.8282286754272828,1495410.623492868,0.4348102611578709,1.2902582367709088,25,Liverpool,GK,5.8,1.4895682544151936,1.4231315818670986,Reduced Ridge,20.0,1.6666666666666667,6
Allan Campbell,0.0,0.0,0.0,0.0,0.0,1382.5659997123844,0.0,0.0,23,Luton,MID,4.9,0.23634027194313623,0.15756018129542415,Reduced Ridge,0.0,0.0,0
Allan Saint-Maximin,0.0,0.0,0.0,0.0,0.0,2829.1611028466973,0.0,0.0,26,Newcastle,MID,6.0,0.2366736838274086,0.15778245588493905,Reduced Ridge,0.0,0.0,0
Alphonse Areola,0.0,0.0,0.0,1.8381807336821003,3.375324834753953,3758104.2210275703,0.9816950517555103,2.3996924733788516,26,West Ham,GK,4.2,3.480670443124743,3.1203444532094458,Reduced Ridge,30.0,2.5,8
Altay Bayindir,0.0,0.0,0.0,0.0,0.0,8755.21774493383,0.0,0.0,23,Man Utd,GK,4.0,0.05079198462798151,0.033861323085321006,Reduced Ridge,0.0,0.0,0
Amad Diallo,0.01321902149062643,0.01526748971193416,0.002048468221307729,0.06416095107453132,0.6258344764517605,2381.7544104073954,0.0,0.36259716506630085,26,Man Utd,MID,4.4,0.4330353954975079,0.40955598535377225,Reduced Ridge,21.0,1.75,6
Amadou Diallo,0.0,0.0,0.0,0.0,0.0,718.5513763522198,0.0,0.0017127436953908778,15,Newcastle,MID,4.5,0.23618722955672178,0.1580290676029448,Reduced Ridge,0.0,0.0,0
Amadou Onana,0.02226392210944628,0.10246467776715755,0.08020075565771129,0.5564259951637487,2.409910927193298,17171.289659896338,0.11700998085312943,2.273102250235747,26,Everton,MID,4.7,1.2715081071812824,1.6053728215327705,Reduced Ridge,15.0,1.25,10
Amari'i Bell,0.02723000034405881,0.02732417187927212,9.417153521331261e-05,3.1684918184019377,3.805803477940808,372722.42910653324,1.3269792656732724,1.9624318192027566,23,Luton,DEF,3.9,3.051786034795878,2.688667962931504,Reduced Ridge,1.0,0.08333333333333333,1
Ameen Al-Dakhil,0.003985071135347477,0.0722586633713961,0.06893202845004037,0.15771818136463453,0.780786254662975,191627.82862728823,0.11141217216888662,0.5583547239316763,25,Burnley,DEF,3.8,0.5924398730636877,0.5810781566863505,Reduced Ridge,0.0,0.0,0
Anass Zaroury,0.001335661007910827,0.0013592760971932777,2.361508928245081e-05,0.01656701492364902,0.053928403090463053,2922.7842663551555,0.0005074796134491491,0.06866971085832141,25,Burnley,MID,4.6,0.25819192695292303,0.19501785492138915,Reduced Ridge,0.0,0.0,0
Andi Zeqiri,0.0,0.0,0.0,0.0,0.0,46834.61159044602,0.0,0.0,26,Brighton,FWD,4.4,0.31202218987377106,0.2080147932491807,Reduced Ridge,0.0,0.0,0
Andre Brooks,0.007935049162456966,0.02154273091828688,0.01360768175582991,0.4786016185647547,0.48676627683821805,3799.485682729234,0.22274532826786056,0.5555491000728087,26,Sheffield Utd,MID,4.4,0.7523726748693749,0.6867648166038528,Reduced Ridge,10.0,0.8333333333333334,7
Andreas Hoelgebaum Pereira,0.22559470639077311,0.2805474269701619,0.054952720579388735,1.1744768157282368,7.4071173376138795,96048.01827506596,0.9701890865255411,2.2886428538214085,26,Fulham,MID,5.3,3.7074317463793824,3.234502115526724,Reduced Ridge,47.0,3.9166666666666665,11
Andrew Omobamidele,0.00043895747599451325,0.00043895747599451325,0.0,0.7879835390946502,0.6761316872427985,2532.631032865421,0.20850480109739378,0.7640603566529494,22,Nott'm Forest,DEF,4.5,0.6741405731137895,0.7041138342935094,Reduced Ridge,6.0,0.5,6
Andrew Robertson,0.2017311004416243,0.22400670200096487,0.022275601559340576,1.1420997736445666,6.295945663244831,329872.7124276833,0.5565705147824539,2.5456198826087255,25,Liverpool,DEF,6.4,2.769015666963231,2.694550405511729,Reduced Ridge,41.0,3.4166666666666665,9
Andrey Nascimento dos Santos,0.0,4.567316521042341e-05,4.567316521042341e-05,1.5224388403474471e-05,0.00015224388403474473,10315.454790504748,0.0,0.0007612194201737237,25,Chelsea,MID,4.2,0.23850488286916005,0.15925699505283128,Reduced Ridge,0.0,0.0,0
Andros Townsend,0.05468622732031089,0.12677861386933517,0.07209238654902428,1.064393594578319,2.717134859122023,14969.481209683778,0.18832486683480507,1.2932078380604186,16,Luton,MID,5.0,1.6276755844093584,1.5161863356263785,Reduced Ridge,17.0,1.4166666666666667,10
André Onana,0.002712208216053678,0.002712208216053678,0.0,1.6129214823185074,2.82027411449517,1321491.3943616173,1.0,3.085502461479596,26,Man Utd,GK,4.8,3.1494920731081097,3.1281622025652713,Reduced Ridge,41.0,3.4166666666666665,11
André Tavares Gomes,0.0019509221155311705,0.0036417212823248515,0.0016907991667936815,0.05560128029263837,0.17200629985266488,12139.98999319626,0.019509221155311705,0.13981608494640055,26,Everton,MID,4.4,0.3227953665267367,0.26180227266662465,Reduced Ridge,11.0,0.9166666666666666,9
Andy Lonergan,0.0,0.0,0.0,0.0,0.0,6363.093815052525,0.0,0.0,26,Everton,GK,3.9,0.0503828810071989,0.033588587338132594,Reduced Ridge,0.0,0.0,0
Anel Ahmedhodžić,0.00485448690414232,0.17302921935611446,0.16817473245197212,1.7968059260997753,2.595045032417278,18026.689016322256,0.9532684292285845,0.8438466606166497,26,Sheffield Utd,DEF,4.3,2.171615089003102,1.7290256128742842,Reduced Ridge,7.0,0.5833333333333334,10
Angelo Ogbonna,0.0,0.0,0.0,0.12958922544555543,0.11021064794508141,11657.590040335748,0.04880275448431103,0.29963986068796516,26,West Ham,DEF,4.3,0.3036459069802525,0.3023105582161567,Reduced Ridge,2.0,0.16666666666666666,5
Anis Slimane,0.0006082228579217896,0.005301254017320974,0.004693031159399183,0.13909954614482364,0.181229651428626,1990.779778312327,0.10862108018246815,0.1601314540239049,26,Sheffield Utd,MID,4.7,0.4322631858969668,0.34155260860594616,Reduced Ridge,4.0,0.3333333333333333,4
Anssumane Fati Vieira,0.022695422476612017,0.11474345477159442,0.09204803229498242,0.2587034820399012,1.3825183301540698,37548.26090914674,0.002854572825651463,1.4790554104071267,23,Brighton,MID,6.4,0.836460694667578,1.0506589332474277,Reduced Ridge,5.0,0.4166666666666667,6
Anthony Elanga,0.11425463652679085,0.5498720597416844,0.4356174232148936,1.6035457733369332,5.4998490359035,154488.1865503239,0.8898011844377554,3.801077681456382,26,Nott'm Forest,MID,5.1,3.720923490287961,3.7476415540107677,Reduced Ridge,25.0,2.0833333333333335,11
Anthony Gordon,0.05636183873297148,0.38767295835534,0.3313114166383288,2.233493558052381,5.3205540913714735,1821129.7620901393,0.9996742106185268,3.8341293456943912,26,Newcastle,MID,6.1,4.163634175813935,4.0537992324407535,Reduced Ridge,62.0,5.166666666666667,9
Anthony Knockaert,0.0,0.0,0.0,0.0,0.0,2796.3114271817685,0.0,0.0,26,Fulham,MID,4.4,0.23666611261951664,0.15777740841301108,Reduced Ridge,0.0,0.0,0
Anthony Martial,0.00018537013113306382,0.0019309562793196817,0.001745586148186618,0.012817195988907714,0.03313345519805273,32782.84437728586,0.01013662320050084,0.03308911647759632,26,Man Utd,FWD,6.4,0.3323472160635754,0.23259451620158236,Reduced Ridge,0.0,0.0,0
Antoine Semenyo,0.03652040961372285,0.10026410695435539,0.06374369734063257,1.0856445730475053,4.127380852141222,211330.95709686767,0.776169087129976,3.027573039477491,25,Bournemouth,FWD,4.5,2.528722487834825,2.6950060050490467,Reduced Ridge,46.0,3.8333333333333335,10
Antonee Robinson,0.07204361803410567,0.10126920818266043,0.029225590148554765,1.7417936175116402,5.465088170924374,180314.7517114166,0.9999331714089288,3.230386096458119,26,Fulham,DEF,4.5,3.0836151142654726,3.1325387749963545,Reduced Ridge,37.0,3.0833333333333335,12
Antony Matheus dos Santos,0.008504192450146168,0.015868144669191963,0.007363952219045795,0.1181701853531831,0.4460967131741287,61937.16404964983,0.06180812375894819,0.6665189324382057,26,Man Utd,MID,6.8,0.47700253065214515,0.540174664580832,Reduced Ridge,17.0,1.4166666666666667,9
Antwoine Hackford,0.0,0.0,0.0,2.3761276825419705e-06,0.0,7408.066783820225,0.0,5.940319206354928e-05,26,Sheffield Utd,FWD,4.4,0.301396893732357,0.2009510635522592,Reduced Ridge,0.0,0.0,0
Aribim Pepple,0.0,0.0,0.0,0.0,0.0,5716.212666418859,0.0,0.0,23,Luton,FWD,4.5,0.30093929714903855,0.20062619809935903,Reduced Ridge,0.0,0.0,0
Arijanet Muric,0.0,0.0,0.0,0.0,0.0,13623.019545480758,0.0,0.0,25,Burnley,GK,4.3,0.05162448135483588,0.03441632090322392,Reduced Ridge,47.0,3.9166666666666665,10
Armando Broja,0.004649990287713234,0.032207965098480264,0.02755797481076703,0.1510007483329529,0.4162606758203175,23054.34205883518,0.09232214756601471,0.45991071684083007,26,Fulham,FWD,4.9,0.5766795992996488,0.5377566384800425,Reduced Ridge,9.0,0.75,6
Arnaut Danjuma Groeneveld,0.010046121947509356,0.0343090875238724,0.02426296557636303,0.13766473280347685,0.3704612579819137,13470.25808181051,0.10988045157977923,0.3938633082998508,26,Everton,MID,5.2,0.5214859656854025,0.47894507989021856,Reduced Ridge,0.0,0.0,0
Ashley Phillips,0.0,0.0,0.0,0.0,0.0,7501.223750596045,0.0,0.0,22,Spurs,DEF,4.0,0.20851755397262228,0.13901170264841484,Reduced Ridge,0.0,0.0,0
Ashley Young,0.021573783769401323,0.04040008247678776,0.01882629870738644,0.5189866104575342,1.2615937914069306,29377.207990295086,0.5518134741706964,2.5105699112317676,26,Everton,DEF,4.4,1.275417961410242,1.6871352780174171,Reduced Ridge,34.0,2.8333333333333335,10
Auston Trusty,0.010612168113803609,0.01760477877048987,0.006992610656686259,1.1430766812097168,1.9473748347035942,235589.37270902283,0.6291785366398972,0.8235170276592046,26,Sheffield Utd,DEF,3.9,1.6004468225248105,1.341470224236275,Reduced Ridge,7.0,0.5833333333333334,11
Axel Disasi,0.0091473366313222,0.038026561699585223,0.02887922506826302,1.941421586224347,3.323593118529755,380894.7212460368,0.9969234048434648,1.0246255714386585,25,Chelsea,DEF,4.9,2.4849126403808977,1.9981502840668177,Reduced Ridge,15.0,1.25,8
Aymeric Laporte,0.0,7.128383047625916e-06,7.128383047625916e-06,4.15822344444845e-06,0.00017226925698429302,10898.874152095339,0.0,5.940319206354928e-05,25,Man City,DEF,4.9,0.20892509784456748,0.13930319962706617,Reduced Ridge,0.0,0.0,0
Bailey Peacock-Farrell,0.0,0.0,0.0,0.0,0.0,885.9547657068163,0.0,0.0,25,Burnley,GK,4.0,0.04944617476525737,0.03296411651017157,Reduced Ridge,0.0,0.0,0
Bart Verbruggen,0.0,0.0,0.0,0.30083589977394554,1.0903715428924945,40704.9525353625,0.6846524165081735,2.1437530648099594,26,Brighton,GK,4.4,2.136099673284329,2.1386508037928724,Reduced Ridge,38.0,3.1666666666666665,8
Bashir Humphreys,0.0,0.0,0.0,0.0,0.0,914.4379005939747,0.0,0.0,24,Chelsea,DEF,4.0,0.2078236778548357,0.13854911856989044,Reduced Ridge,0.0,0.0,0
Ben Brereton,0.00460905349794239,0.09646090534979428,0.09185185185185189,0.36938271604938283,1.8798353909465029,11048.427983539095,0.2962962962962964,1.5802469135802475,6,Sheffield Utd,MID,5.0,1.218209608811615,1.338888710401159,Reduced Ridge,46.0,3.8333333333333335,10
Ben Chilwell,0.045327059975475384,0.08760799854035292,0.04228093856487754,1.43375174553555,2.7938961514947076,528805.9845763476,0.8026696215756837,1.0789689673073568,25,Chelsea,DEF,5.4,2.0945528269937514,1.756024873764953,Reduced Ridge,5.0,0.4166666666666667,2
Ben Davies,0.09535426191265846,0.3002619350824342,0.20490767316977573,0.7846490094219958,3.6183991266669433,47348.11404823297,0.4623563081610793,0.9557252375236571,25,Spurs,DEF,4.3,1.836315127100181,1.5427851639080061,Reduced Ridge,3.0,0.25,1
Ben Doak,0.0,0.0,0.0,8.3164468888969e-06,5.94031920635493e-06,3230.2658941272,0.0,5.940319206354928e-05,25,Liverpool,MID,4.3,0.23677063749681015,0.15786689272856128,Reduced Ridge,0.0,0.0,0
Ben Godfrey,0.052304526748971195,0.14086419753086424,0.08855967078189304,0.8727423561194427,3.3362427814188216,14123.164143265507,0.8769835221595625,1.6405465083966897,26,Everton,DEF,4.3,2.2835785058490963,2.069234506698294,Reduced Ridge,20.0,1.6666666666666667,8
Ben Greenwood,0.0,0.0,0.0,0.0,0.0,16969.15810086669,0.0,0.0,25,Bournemouth,DEF,4.0,0.20951494081349276,0.13967662720899515,Reduced Ridge,0.0,0.0,0
Ben Jackson,0.0,0.0,0.0,0.0,0.0,2984.685818369302,0.0,0.0,14,Brighton,DEF,4.0,0.2080417653440534,0.1386945102293689,Reduced Ridge,0.0,0.0,0
Ben Johnson,0.005011431184270692,0.023941472336534073,0.01893004115226338,1.1994741655235486,0.8015698826398417,7280.090902613101,0.3420210333790582,0.8410811360056905,26,West Ham,DEF,4.4,0.8818378601547058,0.8682522854383673,Reduced Ridge,6.0,0.5,6
Ben Mee,0.017702113949035717,0.2183694191312353,0.20066730518219958,2.216140935354673,2.698801481773764,189530.07053626474,1.1701907534208402,1.9756450208334968,25,Brentford,DEF,4.8,2.494702396370096,2.3216832711912296,Reduced Ridge,0.0,0.0,0
Ben Osborn,0.017494195375840432,0.02416561429787218,0.00667141892203175,0.9394339293699993,1.5773368424221785,1397.0153599485348,0.3704594751584657,1.650630601254514,26,Sheffield Utd,MID,4.8,1.3164681392108202,1.427855626558718,Reduced Ridge,20.0,1.6666666666666667,10
Ben Parkinson,0.0,0.0,0.0,0.006028857807775891,0.0006850974781563512,2749.156233502664,0.0,0.0034254873907817555,15,Newcastle,FWD,4.5,0.3042726984481484,0.20399029476235953,Reduced Ridge,0.0,0.0,0
Ben Pearson,0.0,0.0,0.0,0.0,0.0,80.73051004763407,0.0,0.0,25,Bournemouth,MID,4.5,0.23604022431911087,0.1573601495460739,Reduced Ridge,0.0,0.0,0
Bendegúz Bolla,0.0,0.0,0.0,0.0,0.0,41264.11525451299,0.0,0.0,26,Wolves,DEF,4.0,0.21207426047796274,0.14138284031864182,Reduced Ridge,0.0,0.0,0
Benicio Baker-Boaitey,7.707346629258947e-05,7.707346629258947e-05,0.0,0.05225006476103024,0.016227828363512293,479.95126123543776,0.0,0.1984666846053153,15,Brighton,MID,4.5,0.25944274747981444,0.2391173931883147,Reduced Ridge,0.0,0.0,1
Benjamin Fredrick,0.0,0.0,0.0,0.0,0.0,483.71604938271605,0.0,0.0,5,Brentford,DEF,4.0,0.2077783040393253,0.13851886935955018,Reduced Ridge,0.0,0.0,0
Benjamin White,0.12616209418838087,0.13037948794273463,0.004217393754353774,0.2567945401505806,2.291543442013684,1135763.7582349316,0.9945763116312625,3.9734192146206175,26,Arsenal,DEF,5.6,2.242178569056858,2.819258784244778,Reduced Ridge,87.0,7.25,11
Benoît Badiashile,0.005234146405715784,0.005577765609603579,0.0003436192038877948,0.4989718896359146,0.5769990146287801,10126.999274112073,0.1561289650842396,0.35817334379545446,25,Chelsea,DEF,4.4,0.5772690903986055,0.5042371748642218,Reduced Ridge,17.0,1.4166666666666667,8
Bernardo Veiga de Carvalho e Silva,0.24824204111426784,0.4431909756602977,0.1949489345460298,0.6851858948169487,7.428417122490446,408302.4353771237,0.7855357894407946,2.5337034587957854,25,Man City,MID,6.3,3.6708467569944587,3.2917989909282337,Reduced Ridge,44.0,3.6666666666666665,10
Bernd Leno,0.0,0.0,0.0,1.7461808209456666,2.6030023007651106,1651538.0074085617,1.0,2.5388306599933275,26,Fulham,GK,4.8,3.1256827101833147,2.9300653601199853,Reduced Ridge,44.0,3.6666666666666665,12
Bertrand Traoré,0.0,0.0,0.0,0.00017575919451802633,0.00015224388403474473,1637.0522057121993,0.0,0.0005371812094809239,26,Aston Villa,MID,5.0,0.23650064426822848,0.15784615658197929,Reduced Ridge,0.0,0.0,0
Billy Blacker,0.0,0.0,0.0,0.0,0.0,111.66666666666666,0.0,0.0,2,Sheffield Utd,FWD,4.5,0.29942866969973414,0.19961911313315608,Reduced Ridge,0.0,0.0,0
Billy Gilmour,0.05827444055059218,0.0879645752225989,0.029690134672006752,0.8287870581790479,2.7652191232260606,32723.074518161964,0.9930417134583274,1.0546041592302475,26,Brighton,MID,4.9,2.1933956018203817,1.813798454290337,Reduced Ridge,7.0,0.5833333333333334,4
Bobby Clark,0.0,0.0,0.0,0.11588477366255147,0.3860082304526749,2113.728424650688,0.0,0.720164609053498,25,Liverpool,MID,4.4,0.37279186389031604,0.48858277894471003,Reduced Ridge,1.0,0.08333333333333333,1
Bobby De Cordova-Reid,0.06099728089324309,0.1262680752796044,0.06527079438636128,0.9481248531589794,2.7280311497737637,17894.06635724652,0.5861599496781754,3.036890952856724,26,Fulham,MID,5.3,1.9288290876470624,2.2981830427169494,Reduced Ridge,19.0,1.5833333333333333,10
Bobby Thomas,0.0,0.0,0.0,0.0,0.0,1042.2188737749043,0.0,0.0,25,Burnley,DEF,4.0,0.20783713877000998,0.13855809251333998,Reduced Ridge,0.0,0.0,0
Boubacar Kamara,0.01827995576546455,0.018540592334514116,0.00026063656904956486,0.5195523676215484,0.7179524824079716,10707.857785453958,0.3800961285762046,0.8401291803745032,26,Aston Villa,MID,5.0,0.9559761430085805,0.9173604887972213,Reduced Ridge,0.0,0.0,0
Boubacar Traoré,0.000804642674528797,0.0009966655595135922,0.00019202288498479513,0.16082097752426686,0.06142334358420427,36400.46513736076,0.0034149148988348987,0.26845302180036196,26,Wolves,MID,4.3,0.3229221140746352,0.3047657499832108,Reduced Ridge,11.0,0.9166666666666666,10
Bradley Ibrahim,0.0,0.0,0.0,0.0,0.0,412.81664965840264,0.0,0.0,15,Arsenal,MID,4.5,0.23611676368061474,0.15741117578707647,Reduced Ridge,0.0,0.0,0
Braian Ojeda Rodríguez,0.0,0.0,0.0,0.0,0.0,191.64974274074916,0.0,0.0,26,Nott'm Forest,MID,4.5,0.23606578903331066,0.15737719268887376,Reduced Ridge,0.0,0.0,0
Brandon Aguilera Zamora,0.0,0.0,0.0,0.0,0.0,418.19996487949777,0.0,0.04389574759945132,26,Nott'm Forest,MID,4.5,0.2361180044295068,0.1720439188194883,Reduced Ridge,0.0,0.0,0
Brandon Austin,0.0,0.0,0.0,0.0,0.0,20543.144177974318,0.0,0.0,25,Spurs,GK,3.9,0.052807968551321194,0.03520531236754746,Reduced Ridge,0.0,0.0,0
Brandon Williams,0.0,0.0,0.0,0.0,0.0,6448.827579296964,0.0,0.0,26,Man Utd,DEF,4.0,0.2084066907099713,0.13893779380664753,Reduced Ridge,0.0,0.0,0
Brennan Johnson,0.03350464646613402,0.23656336712709483,0.20309725739410708,0.7392556803465772,4.77226885609315,65531.42819377938,0.3436793755972118,3.600717598222641,25,Spurs,MID,5.8,2.3027837627389394,2.7354283745668395,Reduced Ridge,59.0,4.916666666666667,11
Bruno Borges Fernandes,0.15661773066707,0.3786350810473539,0.22201735038028386,1.592545184667404,9.45443272738379,1109347.1945312275,0.9913292350420839,3.2129943334675986,26,Man Utd,MID,8.2,4.745269858041453,4.234511349850168,Reduced Ridge,77.0,6.416666666666667,10
Bruno Cavaco Jordão,0.0,0.0,0.0,0.0,0.0,18846.209774785173,0.0,0.0,26,Wolves,MID,4.3,0.2403653003458277,0.16024353356388513,Reduced Ridge,0.0,0.0,0
Bruno Guimarães Rodriguez Moura,0.23301017935120916,0.31292861628902496,0.07991843693781578,2.290521825359922,6.445626904411728,243215.12497093316,0.9988581708697397,4.306186352742954,26,Newcastle,MID,5.8,3.989425570650063,4.09501249801436,Reduced Ridge,71.0,5.916666666666667,11
Bryan Gil Salvatierra,0.0051308298255748706,0.029797349721480543,0.024666519895905674,0.2508645552816904,0.25672823720998417,1344.1502513100286,0.00642278885771579,0.3130684913259713,25,Spurs,MID,4.9,0.4378445812705445,0.39625255128902004,Reduced Ridge,1.0,0.08333333333333333,1
Bryan Mbeumo,0.0026905686758832387,0.011846173793034152,0.00915560511715091,0.015811589464618293,0.10616606032073846,718435.7288688206,0.01734152991583263,0.08821822155869376,25,Brentford,MID,6.8,0.46445290272292883,0.33904134233485045,Reduced Ridge,40.0,3.3333333333333335,10
Bukayo Saka,0.41952198606897806,1.1071281780898843,0.6876061920209063,0.24248999699431464,12.766666138598788,6514857.042381658,0.999774453505134,10.93176591748707,26,Arsenal,MID,9.1,7.311884586538334,8.51851169685458,Reduced Ridge,57.0,4.75,9
Bénie Traoré,0.000176732521234341,0.00018207880852006043,5.346287285719436e-06,0.0071902163417078835,0.006259815852223867,3098.8686355146438,8.910478809532391e-05,0.007084113456860772,26,Sheffield Utd,FWD,5.1,0.3063117653948457,0.20656921474885073,Reduced Ridge,0.0,0.0,0
CJ Egan-Riley,0.0,0.0,0.0,0.0,0.0,20156.049267055823,0.0,0.0,25,Burnley,DEF,3.9,0.20985065958749882,0.13990043972499921,Reduced Ridge,0.0,0.0,0
Callum Hudson-Odoi,0.09855079739414035,0.3311312475455679,0.23258045015142753,1.634071927136691,6.9246119326505635,31667.273107824054,0.8701705172877103,5.822249607518026,26,Nott'm Forest,MID,4.7,3.7293876646696056,4.4270083122857455,Reduced Ridge,45.0,3.75,12
Callum Marshall,0.0,0.0,0.0,0.0,0.0,50.074074074074076,0.0,0.0,6,West Ham,FWD,4.5,0.2994120682727768,0.19960804551518452,Reduced Ridge,0.0,0.0,0
Callum Scanlon,0.0,0.0,0.0,0.0,0.0,1841.5030033994929,0.0,0.0,17,Liverpool,DEF,3.9,0.20792133828423465,0.1386142255228231,Reduced Ridge,0.0,0.0,0
Callum Wilson,0.012418344406963077,0.03199531574458603,0.019576971337622952,0.38589855398375483,0.6848711616844153,336484.15001239243,0.17159915079654,0.34472423278298475,26,Newcastle,FWD,7.8,0.9323793938289406,0.7364943401469553,Reduced Ridge,12.0,1.0,4
Calum Chambers,0.0,0.0,0.0,0.5166666666666666,0.3333333333333333,150619.54773677044,0.0,0.3333333333333333,26,Aston Villa,DEF,3.8,0.3248509325503057,0.3276783994779816,Reduced Ridge,5.0,0.4166666666666667,4
Calvin Bassey,0.0011576564810954033,0.06119571745210409,0.06003806097100869,0.6681690251022261,2.5063297744343878,17743.18807404846,0.4118071256857526,3.6681167717563685,26,Fulham,DEF,4.4,1.4588213592229677,2.1952531634007677,Reduced Ridge,33.0,2.75,12
Cameron Archer,0.012415244096100024,0.1659748587562956,0.1535596146601956,0.40379487598582714,1.4252518397185416,614542.3167819802,0.20607922721253882,1.530877971444346,26,Sheffield Utd,FWD,4.3,1.256021822226134,1.3476405386322043,Reduced Ridge,16.0,1.3333333333333333,7
Cameron Peupion,0.0,0.0,0.0,0.0,0.0,62.97119341563786,0.0,0.0,6,Brighton,MID,4.5,0.23603613114389632,0.15735742076259754,Reduced Ridge,0.0,0.0,0
Caoimhin Kelleher,0.003333333333333333,0.003333333333333333,0.0,1.2107388402475532,2.525947753372434,200954.9788468926,0.8985230721754626,2.371870066479628,25,Liverpool,GK,3.7,2.7357169120215077,2.6144346301742143,Reduced Ridge,19.0,1.5833333333333333,5
Carlos Baleba,0.001033471137179153,0.002285553737625548,0.001277773755877258,0.1462518593885764,0.12201235472947165,5364.07044561798,0.026280792117149347,0.2863602696647872,23,Brighton,MID,4.5,0.34648658775284813,0.3264444817234945,Reduced Ridge,19.0,1.5833333333333333,11
Carlos Henrique Casimiro,0.020953605606041564,0.0676052758107608,0.04665167020471925,1.059195773692452,3.0296281696587464,210496.34329337213,0.868989396686245,1.1411834166124804,26,Man Utd,MID,5.3,2.248767828748941,1.879573024703454,Reduced Ridge,28.0,2.3333333333333335,11
Carlos Mendes Gomes,0.0,0.0,0.0,0.0,0.0,726.2810609914037,0.0,0.0,23,Luton,MID,4.5,0.23618901109788326,0.15745934073192216,Reduced Ridge,0.0,0.0,0
Carlos Vinícius Alves Morais,0.0007265318980325711,0.0070018543980899725,0.0062753225000574024,0.007345214796185318,0.10322859708252,121351.43927022931,0.0005638662371657214,0.07010974681584731,26,Fulham,FWD,4.5,0.3598263702111403,0.26325416241270927,Reduced Ridge,0.0,0.0,0
Carlton Morris,0.04237711273581744,0.638180765053146,0.5958036523173287,2.9359231534774786,9.129554401277579,295579.59706587926,1.1534823187939347,7.36985994295971,23,Luton,FWD,5.0,5.297376960621525,5.98820462140092,Reduced Ridge,45.0,3.75,12
Carney Chukwuemeka,0.009392814592033522,0.01235815368267903,0.0029653390906455054,0.2284075052929875,0.6159972493942892,140603.07487573422,8.910478809532391e-05,0.6092614091146095,25,Chelsea,MID,4.2,0.5191353230994792,0.5491773517711893,Reduced Ridge,4.0,0.3333333333333333,4
Cauley Woodrow,0.023398888004387525,0.12323226130104636,0.09983337329665885,1.2935679434558636,2.071159901960722,62297.69717839172,0.6666666666666666,0.8485817130713702,23,Luton,FWD,4.3,2.180436248193511,1.7364847364861307,Reduced Ridge,21.0,1.75,10
Cesare Casadei,0.016666666666666666,0.016666666666666666,0.0,0.1251851851851852,0.6296296296296297,118.14814814814815,0.0,0.6296296296296298,4,Chelsea,MID,4.5,0.4578783254233131,0.515128760158752,Reduced Ridge,9.0,0.75,8
Charles Sagoe,0.0,0.0,0.0,0.0,0.0,409.2215023764529,0.0,0.0,15,Arsenal,MID,4.5,0.23611593506946638,0.15741062337964423,Reduced Ridge,0.0,0.0,0
Charlie Goode,0.0,0.0,0.0,0.0,0.0,20232.784669945795,0.0,0.0,25,Brentford,DEF,3.9,0.20985874317555941,0.13990582878370628,Reduced Ridge,0.0,0.0,0
Charlie Taylor,0.01332970236766743,0.013405945044932345,7.624267726491362e-05,0.9498159403814923,0.8826239442805937,443764.1478893207,0.41247077072208754,0.4736882747814166,25,Burnley,DEF,4.0,1.0385930645077814,0.8502914679323264,Reduced Ridge,12.0,1.0,10
Cheick Doucouré,0.0004323811776023248,0.0004975444682504736,6.516329064814887e-05,0.002627978556709016,0.011931768279342284,5284.9394699063,0.0037708554610457606,0.005237913200458963,26,Crystal Palace,MID,4.9,0.24502558762770887,0.16509636281862555,Reduced Ridge,0.0,0.0,0
Cheikhou Kouyaté,8.955714644846154e-05,0.0010843132089831395,0.000994756062534678,0.019535186265847618,0.016339296534507886,2224.494210387931,0.014451274929860525,0.043449447196276345,26,Nott'm Forest,MID,4.8,0.2616028007337424,0.18888501622125373,Reduced Ridge,2.0,0.16666666666666666,2
Chiedozie Ogbene,0.18775429021046225,0.6418728419729061,0.45411855176244376,3.0342048896204945,10.539525973499769,16351.843788305527,1.218874847203379,5.920258549705494,23,Luton,FWD,4.9,5.596386233916329,5.704343672512717,Reduced Ridge,20.0,1.6666666666666667,5
Chris Basham,8.019430928579149e-06,1.7709576633945623e-05,9.690145705366474e-06,0.0005687886579247377,0.000889284348688852,41080.35896685466,0.00033197721398014774,0.0006494130215697392,26,Sheffield Utd,DEF,3.9,0.21273579708156454,0.14204033572823294,Reduced Ridge,0.0,0.0,0
Chris Mepham,0.0004547758963186232,0.0005232856441342584,6.850974781563513e-05,0.07269641653085829,0.08298433155972947,5550.39169410785,0.04579879614988563,0.005442940746048415,25,Bournemouth,DEF,4.3,0.29078371293573024,0.1956701222058363,Reduced Ridge,12.0,1.0,3
Chris Richards,0.004893769957530564,0.0763478165967624,0.07145404663923183,1.0701889674403573,4.298660330791128,66985.5575333513,0.9949285975048991,5.42850946719286,26,Crystal Palace,DEF,3.9,2.7224184911101252,3.6244488164710367,Reduced Ridge,32.0,2.6666666666666665,8
Chris Wood,0.00480034399626096,0.07221760315846244,0.06741725916220147,0.206326938625605,1.192018517324758,109181.06035385208,0.17636429479942498,0.9836912919718306,26,Nott'm Forest,FWD,4.8,0.8687918681621062,0.9070916760986809,Reduced Ridge,56.0,4.666666666666667,11
Christian Eriksen,0.21609227491766164,0.22404960837506788,0.007957333457406256,0.29025458260998205,2.807869276724354,40783.17265156722,0.09522041123276496,0.46444442109483286,26,Man Utd,MID,5.8,1.4248815079951895,1.1047358123617372,Reduced Ridge,13.0,1.0833333333333333,5
Christian Nørgaard,0.062125023189245565,0.27127366976433154,0.20914864657508592,2.1390989438565073,4.798433740355165,20434.113317471587,1.172545964650827,3.2800146605640883,25,Brentford,MID,5.3,3.574444893227954,3.4763014823399985,Reduced Ridge,14.0,1.1666666666666667,7
Christian Pulisic,0.0,0.0,0.0,0.0,0.0,381.0923492342727,0.0,0.0,25,Chelsea,MID,5.5,0.23610945184971,0.15740630123313998,Reduced Ridge,0.0,0.0,0
Christopher Nkunku,0.009861301630848961,0.21790733119951233,0.20804602956866336,0.7573967383020881,3.2787227556774887,177901.38151968375,0.17741197988111573,1.5846669714982475,25,Chelsea,FWD,7.3,1.709055476101291,1.6675926412336097,Reduced Ridge,10.0,0.8333333333333334,3
Clément Lenglet,0.018284306254127934,0.09680282477264646,0.07851851851851853,1.8329776964893565,2.573540618808109,24258.287918138925,0.9739877051262513,1.8182695727277352,23,Aston Villa,DEF,4.5,2.1966524420682125,2.07052481895472,Reduced Ridge,1.0,0.08333333333333333,5
Cody Gakpo,0.03744134375598987,0.5715701554056823,0.5341288116496926,1.234145969923223,9.639157084701175,237090.740213556,0.5382072346007123,6.851602788517767,25,Liverpool,FWD,7.2,3.6814119548695494,4.738142232752288,Reduced Ridge,40.0,3.3333333333333335,11
Cole Palmer,0.23806336443654225,0.45015533903484983,0.21209197459830753,1.643691069323694,6.304043526139049,3738801.261700255,0.9664314019626707,6.019776780097418,25,Chelsea,MID,5.8,4.684407015385514,5.129530270289482,Reduced Ridge,120.0,10.0,10
Connor Roberts,0.0006837985924782773,0.0006837985924782773,0.0,0.07614644353122321,0.10864557862865129,16320.850898414154,0.0009397770619428695,0.09237783805857427,25,Burnley,DEF,4.3,0.24278468140238374,0.19264906695444725,Reduced Ridge,0.0,0.0,0
Conor Bradley,0.13810699588477368,0.281440329218107,0.14333333333333334,0.6065020576131688,5.994650205761317,271516.0848786601,0.831275720164609,3.9341563786008242,11,Liverpool,DEF,4.1,3.0142070356928046,3.320856816662144,Reduced Ridge,17.0,1.4166666666666667,7
Conor Coventry,0.0,0.0,0.0,0.0,0.0,7812.125160302443,0.0,0.0,26,West Ham,MID,4.3,0.23782215960481068,0.1585481064032071,Reduced Ridge,0.0,0.0,0
Conor Gallagher,0.07968380871004971,0.2459973661889076,0.16631355747885795,1.822620530248471,6.059115450162287,50150.583524307345,0.9942194900280561,4.80183596904793,25,Chelsea,MID,5.4,3.5820248874230196,3.9886285812979896,Reduced Ridge,53.0,4.416666666666667,11
Craig Dawson,0.008391273854789504,0.03661944600260477,0.028228172147815263,1.3411814895827272,4.159717206921574,102674.60849824322,0.9787780351492976,3.9335963034154484,26,Wolves,DEF,4.5,2.6700507933250845,3.091232630021872,Reduced Ridge,1.0,0.08333333333333333,1
Cristian Romero,0.031326050595332104,0.04812296959547763,0.016796919000145523,1.4576445906651316,2.455760472623442,783906.0393718663,0.9187048881144748,1.2685255457730855,25,Spurs,DEF,4.9,2.172102137792813,1.8709099404529037,Reduced Ridge,39.0,3.25,11
Curtis Jones,0.06343102935090923,0.15262927885862237,0.08919824950771314,1.061825072345876,3.0033528872790676,16214.384638415995,0.9348298238019515,1.9887284052133332,25,Liverpool,MID,4.9,2.372835093580498,2.244799530791443,Reduced Ridge,6.0,0.5,6
Cédric Alves Soares,0.0022222222222222222,0.0022222222222222222,0.0,0.05259259259259261,0.05925925925925927,40345.375070563234,0.0,0.3703703703703704,26,Arsenal,DEF,3.9,0.22951117972769675,0.2764642432752546,Reduced Ridge,1.0,0.08333333333333333,1
César Azpilicueta,0.0,0.0,0.0,0.0,0.0,124.29283942587062,0.0,0.0,25,Chelsea,DEF,4.5,0.20774044108351553,0.13849362738901033,Reduced Ridge,0.0,0.0,0
Daiki Hashioka,0.0,0.0,0.0,0.0,0.0,252.7777777777778,0.0,0.0,3,Luton,DEF,4.0,0.20775397615695612,0.13850265077130408,Reduced Ridge,4.0,0.3333333333333333,9
Dan Burn,0.02456718192892257,0.05478140165229327,0.030214219723370687,1.5409706306400024,2.9489147563087696,512674.75267350615,0.6516087950113555,2.094546605332819,26,Newcastle,DEF,4.4,1.9499639389685097,1.998158161089946,Reduced Ridge,32.0,2.6666666666666665,11
Dan Potts,0.0,0.0,0.0,0.0,0.0,8936.289540684804,0.0,0.0,23,Luton,DEF,3.9,0.20866872905283151,0.139112486035221,Reduced Ridge,0.0,0.0,0
Dane Scarlett,0.0,0.0,0.0,0.0,0.0,14188.35535347883,0.0,0.0,25,Spurs,FWD,4.5,0.3032228454146896,0.20214856360979305,Reduced Ridge,4.0,0.3333333333333333,4
Dango Ouattara,0.014732484542281286,0.04119360939995977,0.026461124857678486,0.24666664982784714,1.7902511662444869,1426.7991998977814,0.06221776295406041,0.932032546683405,25,Bournemouth,MID,4.7,0.8715998134936283,0.8917440578902205,Reduced Ridge,36.0,3.0,11
Daniel Bentley,0.0,0.0,0.0,0.019120642429419906,0.02296147016633395,108814.77118710053,0.012524438272545789,0.05619940250501316,26,Wolves,GK,3.9,0.10269392104896036,0.08719574820097795,Reduced Ridge,2.0,0.16666666666666666,2
Daniel Castelo Podence,0.0,0.0,0.0,0.0,0.0,4237.029284706639,0.0,0.0,26,Wolves,MID,5.3,0.236998169913601,0.15799877994240066,Reduced Ridge,0.0,0.0,0
Daniel Gore,0.0,0.0,0.0,0.0,0.005852766346593511,634.1003275557368,0.0,0.019509221155311705,24,Man Utd,MID,4.5,0.23758606838667595,0.16489378597622117,Reduced Ridge,0.0,0.0,0
Daniel Jebbison,0.0,0.0,0.0,0.0,0.0,1342.2586689266852,0.0,0.0,26,Sheffield Utd,FWD,4.8,0.29976035866394113,0.19984023910929408,Reduced Ridge,1.0,0.08333333333333333,1
Daniel Muñoz,0.03308641975308642,0.12975308641975308,0.09666666666666665,0.7325925925925927,3.655555555555556,4677.2962962962965,0.8024691358024691,2.6790123456790123,5,Crystal Palace,DEF,4.5,2.280569311176383,2.4133836560105926,Reduced Ridge,48.0,4.0,11
Danilo dos Santos de Oliveira,0.03583520132413938,0.10069417188472138,0.064858970560582,1.5257330104358695,2.7672248120812633,7392.380838725592,0.715914378319997,2.196747417123415,26,Nott'm Forest,MID,5.3,2.2248884242141918,2.215508088517266,Reduced Ridge,30.0,2.5,10
Danny Ings,0.003512105331896583,0.035999710810855644,0.03248760547895906,0.1491622147721818,0.6885000821666832,69322.44491060654,0.0456084912948422,0.7402462989161597,26,West Ham,FWD,5.6,0.5990267785818242,0.6460999520266026,Reduced Ridge,14.0,1.1666666666666667,7
Danny Welbeck,0.0895884900950938,0.42008763888484096,0.3304991487897472,0.5488987298695858,5.121569124481934,105957.18606225136,0.8629609859285956,3.526670347793718,26,Brighton,FWD,5.7,2.5744088886029135,2.891829374999848,Reduced Ridge,28.0,2.3333333333333335,10
Dara Costelloe,0.0,0.0,0.0,0.0,0.0,898.8446525474968,0.0,0.0,25,Burnley,MID,4.5,0.2362287836313952,0.15748585575426347,Reduced Ridge,0.0,0.0,0
Dara O'Shea,0.012213121645554412,0.028701418939535487,0.01648829729398107,2.218993241232228,3.005819781411958,25458.95429953371,0.9994570176975444,1.7155816558286785,25,Burnley,DEF,4.4,2.3614376648007536,2.1461523284767283,Reduced Ridge,27.0,2.25,11
Darko Churlinov,0.0,0.0,0.0,0.0,0.0,1833.1290310346758,0.0,0.0,25,Burnley,MID,4.4,0.23644411791145936,0.1576294119409729,Reduced Ridge,0.0,0.0,0
Darren Randolph,0.0,0.0,0.0,0.0,0.0,42337.37893041491,0.0,0.0,25,Bournemouth,GK,4.0,0.05653524214197214,0.03769016142798143,Reduced Ridge,0.0,0.0,0
Darwin Núñez Ribeiro,0.1923310797332428,0.8891635750622497,0.696832495329007,0.8510430047800608,9.08400901338234,1905093.1122291787,0.8255951945475304,4.477172308867441,25,Liverpool,FWD,7.6,4.19976167667775,4.292231887407647,Reduced Ridge,31.0,2.5833333333333335,11
David Brooks,0.003149338685898519,0.029992891645346274,0.02684355295944775,0.04637186194497429,0.24755599834475395,5882.2430287307325,0.0005668828055126984,0.1684454582787608,25,Bournemouth,MID,4.7,0.35649031697692846,0.29380869741087257,Reduced Ridge,0.0,0.0,0
David Datro Fofana,0.004814814814814815,0.25259259259259265,0.24777777777777782,1.8259670781893005,2.5345679012345688,14894.898711504602,0.7037037037037037,2.757201646090535,26,Burnley,FWD,5.0,2.708829210549218,2.724953355729657,Reduced Ridge,29.0,2.4166666666666665,10
David Ozoh,8.670764957916315e-05,8.670764957916315e-05,0.0,0.09015224643939783,0.07230597450410016,585.2320766605955,0.0,0.6800845192263438,20,Crystal Palace,MID,4.5,0.2870491782779071,0.4180609585940527,Reduced Ridge,1.0,0.08333333333333333,1
David Raya Martin,6.422788857715792e-05,6.422788857715792e-05,0.0,0.31870974515887973,1.18934168079831,700008.8423039308,0.9981535991224664,3.825841967158032,26,Arsenal,GK,5.0,3.1948605471851925,3.405187687176139,Reduced Ridge,54.0,4.5,10
Davinson Sánchez,1.782095761906479e-06,8.910478809532393e-06,7.128383047625916e-06,0.00011999444796836961,0.0001544482993652282,7943.60970386166,0.0,0.0,25,Spurs,DEF,4.4,0.2086095341162234,0.13907302274414893,Reduced Ridge,0.0,0.0,0
Dean Henderson,0.0001300614743687447,0.0001300614743687447,0.0,0.6502348896679032,0.8432725363681014,35933.41029885276,0.42710291452861204,0.3513692018493118,26,Crystal Palace,GK,4.4,1.2492253873892258,0.9499399922092545,Reduced Ridge,38.0,3.1666666666666665,9
Declan Rice,0.33317300766121166,0.394057321512548,0.06088431385133641,0.26588632956380565,7.7382924155806005,539671.5861164044,1.0,5.878284773919249,26,Arsenal,MID,5.4,3.7375863541558534,4.451152494076985,Reduced Ridge,61.0,5.083333333333333,11
Deivid Washington de Souza Eugênio,0.0,0.0003577731274816501,0.0003577731274816501,0.0012483998490849068,0.00030448776806948945,7094.043931223649,0.0,0.0007612194201737237,23,Chelsea,FWD,4.5,0.30239730626347405,0.20185194398237394,Reduced Ridge,1.0,0.08333333333333333,1
Dejan Kulusevski,0.20813210386182296,0.4380497428857373,0.22991793603987465,1.2717106757814354,7.325348986926804,317219.76131769334,0.7421124828532237,4.015346249507058,25,Spurs,MID,6.8,3.796818193961638,3.869660879143444,Reduced Ridge,38.0,3.1666666666666665,11
Dele Alli,0.0,0.0,0.0,0.0,0.0,1710.8181089009013,0.0,0.0,26,Everton,MID,4.8,0.23641592763559904,0.1576106184237327,Reduced Ridge,0.0,0.0,0
Demarai Gray,0.0,0.0,0.0,0.0,0.0,7918.320309562005,0.0,0.0,26,Everton,MID,5.3,0.2378466355101546,0.1585644236734364,Reduced Ridge,0.0,0.0,0
Denis Franchi,0.0,0.0,0.0,0.0,0.0,13763.815761259817,0.0,0.0,25,Burnley,GK,3.9,0.051648560475883176,0.03443237365058878,Reduced Ridge,0.0,0.0,0
Deniz Undav,0.0,0.0,0.0,0.0,0.0,1417.290732974769,0.0,0.0,26,Brighton,FWD,5.5,0.29978058251356865,0.19985372167571241,Reduced Ridge,0.0,0.0,0
Destiny Udogie,0.11590434886764113,0.17825763666969338,0.062353287802052244,1.1248011596068719,3.5588597855161606,1060852.612120951,0.6446834823957907,2.329216518613857,25,Spurs,DEF,4.9,2.16551106287782,2.2200795481231657,Reduced Ridge,15.0,1.25,7
Detlef Esapa Osong,0.0,0.0,0.0,0.0,0.0,366.98765432098764,0.0,0.0,6,Nott'm Forest,FWD,4.5,0.29949748792200426,0.19966499194800283,Reduced Ridge,0.0,0.0,0
Devan Tanton,0.0,0.0,0.0,0.0,0.0,2138.287192327611,0.0,0.0,17,Fulham,DEF,4.0,0.2079526026164178,0.1386350684109452,Reduced Ridge,0.0,0.0,0
Diego Carlos Santos Silva,0.005088759163178697,0.00724174581937748,0.002152986656198783,0.5113611671187558,0.820569902110519,63770.85154547684,0.3624689887025571,1.0724680917135958,26,Aston Villa,DEF,4.4,0.9139420315155495,0.9667840515815649,Reduced Ridge,17.0,1.4166666666666667,10
Diego Manuel Jadon da Silva Moreira,0.0,0.0,0.0,0.0,0.0,238.06236855945554,0.0,0.0,23,Chelsea,MID,4.5,0.2360764862360003,0.15738432415733353,Reduced Ridge,0.0,0.0,0
Diogo Dalot Teixeira,0.054179807169753125,0.0916860540774402,0.03750624690768708,1.5951184736436752,3.8820969285272566,529152.937353075,0.9869344493710623,2.6151550818482523,26,Man Utd,DEF,5.2,2.643967126886347,2.6343631118736486,Reduced Ridge,35.0,2.9166666666666665,11
Diogo Teixeira da Silva,0.0714820125707644,0.343845691737603,0.27236367916683857,1.0687935844258878,8.802553858949695,1637874.8935962059,0.8751944922787094,5.736189176400067,25,Liverpool,MID,8.3,4.368097112420895,4.824127800413953,Reduced Ridge,13.0,1.0833333333333333,2
Dion Pereira,0.0,0.0,0.0,0.0,0.0,4886.725355159693,0.0,0.0,23,Luton,MID,4.4,0.23714791215355802,0.158098608102372,Reduced Ridge,0.0,0.0,0
Divin Mubama,8.670764957916315e-05,0.0010115892450902368,0.0009248815955110736,0.0736270379339695,0.008435931740306081,510848.66059358045,0.0,0.0893235979576703,26,West Ham,FWD,4.2,0.4881492002350871,0.35520733280928146,Reduced Ridge,0.0,0.0,0
Divock Origi,0.13583973679707878,0.149347504500322,0.013507767703243207,0.5882396542934402,2.2704611941677664,10756.68026082121,0.01685982075150395,1.726563609421937,22,Nott'm Forest,FWD,5.0,1.1969918360489922,1.3735157605066404,Reduced Ridge,11.0,0.9166666666666666,8
Djed Spence,0.0,0.0,0.0,0.0,0.0,20843.829053027617,0.0,0.0,25,Spurs,DEF,4.0,0.20992311282624843,0.13994874188416562,Reduced Ridge,0.0,0.0,0
Djordje Petrovic,0.0,0.0,0.0,1.3192181069958848,2.3201646090534984,64208.49705133174,0.8024691358024691,2.2880658436213994,17,Chelsea,GK,4.5,2.3457230201907975,2.3265039613343315,Reduced Ridge,0.0,0.0,0
Dominic Calvert-Lewin,0.013974446829521018,0.2385249015917002,0.22463716241175835,0.8088683943538789,2.7803567039618997,95574.88100802357,0.9776407357058017,2.2892769020382886,26,Everton,FWD,5.8,2.32189259416477,2.311020696789276,Reduced Ridge,41.0,3.4166666666666665,9
Dominic Sadi,0.0,0.0,0.0,0.0,0.0,70.77777777777777,0.0,0.0,3,Bournemouth,MID,4.5,0.2360379304089404,0.15735862027262693,Reduced Ridge,1.0,0.08333333333333333,1
Dominic Solanke,0.07144461766203214,0.8864764744604645,0.8150318567984325,1.582431577181823,8.960732695266998,2348954.1342570195,1.0,5.267838841133705,25,Bournemouth,FWD,7.0,4.930261471677186,5.042787261496025,Reduced Ridge,47.0,3.9166666666666665,11
Dominik Szoboszlai,0.03996116056182838,0.07866234139620377,0.0387011808343754,0.10692520049492628,1.5139584842280311,449057.0691887759,0.20118884316415192,1.1887438796352177,25,Liverpool,MID,7.1,1.0274276850468835,1.0811997499096615,Reduced Ridge,17.0,1.4166666666666667,11
Donny van de Beek,4.51092989732577e-06,1.0525503093760135e-05,6.014573196434361e-06,0.0,0.00024058292785737452,4017.1582482714193,0.0,0.00015036432991085907,26,Man Utd,MID,4.7,0.23702036975760055,0.158063701281704,Reduced Ridge,0.0,0.0,0
Douglas Luiz Soares de Paulo,0.14955244230422352,0.47592969536313356,0.3263772530589101,1.7556795415513653,9.60668147543695,1007818.0124220472,0.9913292350420839,8.108522113993068,26,Aston Villa,MID,5.5,4.953661780435269,6.005281891621202,Reduced Ridge,18.0,1.5,10
Dovydas Sasnauskas,0.0,0.0,0.0,0.0,0.0,0.0,0.0,0.0,1,Sheffield Utd,DEF,4.0,0.20772734762111167,0.13848489841407444,Reduced Ridge,0.0,0.0,0
Dwight McNeil,0.2696668678401265,0.2836871500664735,0.014020282226347056,1.1389838408560031,5.765729110793797,38000.452191332864,0.9559705952184059,3.4871400547593074,26,Everton,MID,5.4,3.2753490609437983,3.345946058882301,Reduced Ridge,44.0,3.6666666666666665,11
Eberechi Eze,0.031532983619317015,0.10693416275528873,0.07540117913597175,0.26218766978090113,2.082988445383003,305487.72264295706,0.1618180877022916,1.3471246053341246,26,Crystal Palace,MID,6.0,1.1948570811418489,1.245612922539274,Reduced Ridge,71.0,5.916666666666667,10
Eddie Beach,0.0,0.0,0.0,0.0,0.0,1650.2680579843648,0.0,0.0,23,Chelsea,GK,4.0,0.04957688845085584,0.03305125896723722,Reduced Ridge,0.0,0.0,0
Eddie Nketiah,0.015802783910717454,0.09839759518156097,0.0825948112708435,0.1630367969202626,1.5254883659957348,413526.14431175846,0.03117946865515752,1.0812943003839992,26,Arsenal,FWD,5.1,0.8732350047716565,0.9425881033091039,Reduced Ridge,3.0,0.25,3
Ederson Santana de Moraes,0.0033342243812142865,0.0033342243812142865,0.0,1.0615303530405331,2.850121512887348,1653926.9550726176,1.2217147426087733,7.064624316767337,25,Man City,GK,5.5,4.023655401656175,5.037311706693229,Reduced Ridge,27.0,2.25,7
Edson Álvarez Velázquez,0.027784029118420123,0.05824105469548361,0.030457025577063482,1.7184449913938935,3.3928169686531007,16988.702837778495,0.9495031198163675,1.4004342872790916,26,West Ham,MID,5.0,2.591460476890365,2.1944517470199405,Reduced Ridge,20.0,1.6666666666666667,9
Elijah Adebayo,0.011404316428415351,0.2687414601003891,0.25733714367197363,1.0524147645552502,5.525705561493171,365723.10372754117,0.650133345024105,4.334396982407518,23,Luton,FWD,4.9,2.7857856731200297,3.3019894428825256,Reduced Ridge,14.0,1.1666666666666667,4
Elijah Campbell,0.0,0.0,0.0,0.0,0.0,840.9343595996547,0.0,0.0,10,Everton,DEF,4.0,0.20781593472293036,0.13854395648195356,Reduced Ridge,0.0,0.0,0
Ellery Balcombe,0.0,0.0,0.0,0.0,0.0,20867.448319710857,0.0,0.0,25,Brentford,GK,3.9,0.052863431396269034,0.03524228759751269,Reduced Ridge,0.0,0.0,0
Elliot Anderson,3.070711881410034e-05,0.0001557601198566315,0.00012505300104253113,0.0006104637098568211,0.00287661504525864,163961.63680091442,0.0005429823024558799,0.0021761059967654885,26,Newcastle,MID,4.2,0.2754155029059766,0.18433570393623958,Reduced Ridge,23.0,1.9166666666666667,11
Elliot Thorpe,0.0,0.0,0.0,0.0,0.0,372.0875812851206,0.0,0.0,23,Luton,MID,4.5,0.2361073764267787,0.15740491761785247,Reduced Ridge,0.0,0.0,0
Ellis Simms,0.0,0.0,0.0,0.0,0.0,879.2716166039733,0.0,0.0,26,Everton,FWD,4.5,0.29963556694130344,0.19975704462753563,Reduced Ridge,0.0,0.0,0
Emerson Leite de Souza Junior,0.027945302634524424,0.04894417675624355,0.02099887412171913,0.7370843510365448,1.8784130710025435,83021.77191286441,0.43419706956623416,0.5584730884746222,25,Spurs,DEF,4.3,1.3130661090389548,1.0615351021841772,Reduced Ridge,3.0,0.25,5
Emerson Palmieri dos Santos,0.05886054405470566,0.10325202263139285,0.04439147857668718,1.7794323678464463,6.621922953323911,254613.1020230454,0.9937120104146069,5.056524006511175,26,West Ham,DEF,4.4,3.4194130311172897,3.965116689581918,Reduced Ridge,11.0,0.9166666666666666,11
Emil Krafth,0.003179280484569317,0.003786234031623459,0.0006069535470541421,0.009937883073602759,0.07755517545691816,1821.7954514962348,0.0,0.2854631366695736,26,Newcastle,DEF,4.4,0.23029904907082044,0.24868707827040482,Reduced Ridge,21.0,1.75,10
Emile Smith Rowe,0.03404355431878432,0.13744941678524314,0.10340586246645883,0.06642485344096466,0.8071688038295395,10087.14409799925,0.06635110101262613,0.8287959581052783,26,Arsenal,MID,5.3,0.7057251079921564,0.7467487246965303,Reduced Ridge,8.0,0.6666666666666666,3
Emiliano Buendía Stati,0.0,0.0,0.0,0.0,0.0,3951.7142426390656,0.0,0.0,26,Aston Villa,MID,5.7,0.23693241037550994,0.15795494025033996,Reduced Ridge,0.0,0.0,0
Emiliano Marcondes,0.0,0.0,0.0,0.0,0.0,3891.72481422081,0.0,0.0,25,Bournemouth,MID,4.3,0.2369185839853043,0.1579457226568695,Reduced Ridge,0.0,0.0,0
Emiliano Martínez Romero,0.0,0.0,0.0,1.8629695544501823,2.289405178594339,1350339.216865839,0.9999702984039684,2.7290027031934905,26,Aston Villa,GK,5.3,3.0138021443438507,2.91886899729373,Reduced Ridge,30.0,2.5,9
Emmanuel Dennis,0.0,0.0,0.0,0.0,0.0,13820.839602308733,0.0,0.0,26,Nott'm Forest,FWD,4.8,0.3031237866538562,0.20208252443590413,Reduced Ridge,0.0,0.0,0
Enes Ünal,0.00962962962962963,0.06481481481481483,0.0551851851851852,0.006666666666666666,0.3666666666666667,761.9259259259259,0.0,0.7037037037037037,4,Bournemouth,FWD,5.0,0.4059719231983613,0.5052158500334754,Reduced Ridge,37.0,3.0833333333333335,11
Enock Agyei,0.0,0.0,0.0,0.0,0.0,44071.68027506095,0.0,0.0,25,Burnley,MID,4.2,0.24617927803242012,0.16411951868828006,Reduced Ridge,0.0,0.0,0
Enso González,0.0,0.0,0.0,0.0,0.0,1686.119158779646,0.0,0.0,23,Wolves,MID,5.0,0.23641023501056413,0.15760682334037607,Reduced Ridge,1.0,0.08333333333333333,1
Enzo Fernández,0.16261161989698492,0.3099912891065125,0.14737966920952766,1.8243087030868386,5.585378747904514,239208.53916145454,0.8935638326552215,3.1271442272023693,25,Chelsea,MID,4.8,3.5136524684578574,3.3848163880393614,Reduced Ridge,17.0,1.4166666666666667,6
Eric Bailly,0.0,0.0,0.0,0.0,0.0,9001.922899304138,0.0,0.0,26,Man Utd,DEF,4.0,0.208675643110934,0.13911709540728934,Reduced Ridge,0.0,0.0,0
Eric Dier,3.425487390781755e-05,3.425487390781755e-05,0.0,0.03782788473017495,0.06044914779920177,43296.10721910306,0.0017127436953908778,0.06397588331989333,25,Spurs,DEF,4.2,0.23231734250941705,0.1762035227795758,Reduced Ridge,0.0,0.0,0
Erling Haaland,0.08204341177509537,0.9984146944462372,0.9163712826711419,0.9015800794478522,9.932629949934858,7436097.817669269,1.042032887940524,6.480769016402556,25,Man City,FWD,14.4,6.120498600160362,6.24058873890776,Reduced Ridge,71.0,5.916666666666667,9
Ethan Ampadu,0.0,0.0,0.0,0.0,0.0,683.5945199175736,0.0,0.0,25,Chelsea,DEF,4.0,0.2077993599686241,0.13853290664574938,Reduced Ridge,0.0,0.0,0
Ethan Brierley,0.0,0.0,0.0,0.0,0.0,1185.4784389788324,0.0,0.0,23,Brentford,MID,4.5,0.23629484711427517,0.15752989807618345,Reduced Ridge,0.0,0.0,0
Ethan Horvath,0.0,0.0,0.0,0.0,0.0,9290.764308938884,0.0,0.0,26,Nott'm Forest,GK,4.3,0.05088357438037494,0.03392238292024996,Reduced Ridge,0.0,0.0,0
Ethan Nwaneri,0.0074074074074074086,0.0074074074074074086,0.0,0.019259259259259264,0.2666666666666667,125.23914037494285,0.0,0.14814814814814817,8,Arsenal,MID,4.5,0.31803273292136214,0.26140453799695745,Reduced Ridge,0.0,0.0,0
Ethan Pinnock,0.012910894427946308,0.027334106768820025,0.014423212340873712,0.7366496881434934,1.1510088587758927,307800.0684780513,0.44444444444444453,1.1950200187603448,25,Brentford,DEF,4.6,1.1398302147060924,1.1582268160575098,Reduced Ridge,18.0,1.5,6
Evan Ferguson,0.0035588218759865843,0.0593595124455919,0.055800690569605314,0.33038920253872744,1.7669670025733035,516270.83911126386,0.45265100633552324,1.4972318974970742,26,Brighton,FWD,5.8,1.390406799835111,1.426015165722432,Reduced Ridge,4.0,0.3333333333333333,3
Ezri Konsa Ngoyo,0.01259973201572727,0.032764174113103756,0.02016444209737648,0.3234258035129592,1.0032257248292258,225504.95586340385,0.2962962962962964,0.5407811511182894,26,Aston Villa,DEF,4.5,0.8974265055291792,0.7785447207255493,Reduced Ridge,32.0,2.6666666666666665,12
Fabian Mrozek,0.0,0.0,0.0,0.0,0.0,61.0,0.0,0.0,2,Liverpool,GK,4.0,0.04930509010930928,0.03287006007287285,Reduced Ridge,0.0,0.0,0
Fabian Schär,0.03711207593763291,0.14301557920458738,0.10738498474843591,2.388077366830199,4.990450828005562,815103.9725741827,1.0,2.9366673536207744,26,Newcastle,DEF,5.4,3.016301639158164,2.9897568773123675,Reduced Ridge,39.0,3.25,10
Fabio Henrique Tavares,0.0,0.0,0.0,0.0,0.0,767.5807828334205,0.0,0.0,25,Liverpool,MID,5.0,0.23619852987618528,0.15746568658412352,Reduced Ridge,0.0,0.0,0
Facundo Buonanotte,0.08867441105563975,0.23410303898224882,0.14542862792660904,0.5176032568754171,6.4115588647202975,8460.526020614609,0.9686464185639605,3.7344734215854762,26,Brighton,MID,4.7,3.1380789768591133,3.336877125101234,Reduced Ridge,15.0,1.25,8
Facundo Pellistri Rebollo,0.0016295041869471552,0.0034185969734022055,0.00178909278645505,0.009389582349501909,0.0345460163219262,19690.5036926985,0.00015036432991085907,0.032642004185777534,26,Man Utd,MID,4.2,0.2572575553669333,0.18238570497321469,Reduced Ridge,0.0,0.0,0
Felipe Augusto de Almeida Monteiro,0.0044444444444444444,0.004823388987049677,0.00037894454260523167,0.7736739920329819,0.6285810968040981,2608.104215732426,0.5594092288701851,1.0057805099719446,26,Nott'm Forest,DEF,4.4,1.1027325550515135,1.070415206691657,Reduced Ridge,1.0,0.08333333333333333,2
Femi Seriki,0.0,0.0,0.0,0.0,0.0,7973.547360214218,0.0,0.0,26,Sheffield Utd,DEF,3.9,0.20856731026955433,0.1390448735130362,Reduced Ridge,0.0,0.0,0
Filip Marschall,0.0,0.0,0.0,0.0,0.0,3029.821832056527,0.0,0.0,25,Aston Villa,GK,4.0,0.049812821228830795,0.033208547485887197,Reduced Ridge,0.0,0.0,0
Flynn Downes,0.0,0.0,0.0,0.0,0.0,1102.1753277702505,0.0,0.0,26,West Ham,MID,5.0,0.23627564737606677,0.15751709825071117,Reduced Ridge,0.0,0.0,0
Fodé Ballo-Touré,0.0,0.0,0.0,0.041338699874492194,0.057980471962080476,3462.4104728599195,0.0,0.18451719005496384,22,Fulham,DEF,4.5,0.22527678329663625,0.21169025221607876,Reduced Ridge,1.0,0.08333333333333333,1
Folarin Balogun,0.0,0.0,0.0,0.0,0.0,19786.558377686128,0.0,0.0,26,Arsenal,FWD,4.4,0.3047317632031279,0.20315450880208524,Reduced Ridge,0.0,0.0,0
Francisco Jorge Tomás Oliveira,0.0,0.0,0.0,0.0,0.0,491.90120584388364,0.0,0.0,26,Wolves,MID,4.5,0.23613499112438086,0.1574233274162539,Reduced Ridge,0.0,0.0,0
Franco Umeh-Chibueze,0.0,0.0,0.0,0.0,0.0,117.33333333333333,0.0,0.0,2,Crystal Palace,FWD,4.5,0.29943019707094554,0.19962013138063034,Reduced Ridge,0.0,0.0,0
Frank Onyeka,0.012074144441190232,0.10438828245909536,0.09231413801790511,1.2286112926204644,3.582265252638557,1573.6934635688158,0.5780789280868416,1.1739186970209274,25,Brentford,MID,4.9,2.1982922229641626,1.856834380983084,Reduced Ridge,15.0,1.25,7
Fraser Forster,0.0,0.0,0.0,0.0,0.0,227955.69403143876,0.0,0.0,25,Spurs,GK,3.8,0.08827988707563794,0.058853258050425294,Reduced Ridge,0.0,0.0,0
Fred Onyedinma,0.0,0.0,0.0,0.0,0.0,118.46173409937518,0.0,0.0,23,Luton,MID,5.0,0.2360489206284513,0.15736594708563417,Reduced Ridge,11.0,0.9166666666666666,8
Frederico Rodrigues de Paula Santos,0.0,0.0,0.0,0.0,0.0,3742.6197627155016,0.0,0.0,26,Man Utd,MID,5.0,0.23688421818656136,0.15792281212437423,Reduced Ridge,0.0,0.0,0
Fábio Ferreira Vieira,3.32623068998026e-05,0.0004600858440623538,0.0004268235371625512,0.00019361089792985844,0.004032339726891903,8585.72702797347,0.00016707147767873232,0.002359652578493097,26,Arsenal,MID,5.4,0.23982951805832287,0.16067289623171294,Reduced Ridge,3.0,0.25,3
Fábio Silva,3.8117048240777458e-06,3.648346045902986e-05,3.267175563495213e-05,0.0010493825258721555,0.0005861114950270198,18091.549358750643,9.405505410061973e-05,0.0005002862581602041,26,Wolves,FWD,5.2,0.30517781830462043,0.20361864095580035,Reduced Ridge,0.0,0.0,0
Gabriel Fernando de Jesus,0.039464266591358536,0.09663123193489366,0.0571669653435351,0.07545586216430901,2.093042348674351,347826.49773864174,0.16565601852746553,1.0954706672076917,26,Arsenal,FWD,7.8,1.0113960165625029,1.0394209001108992,Reduced Ridge,22.0,1.8333333333333333,9
Gabriel Martinelli Silva,0.37761533246008316,0.6425252458736896,0.2663913948950878,0.2024273505550394,6.349727148436941,631379.6739564135,0.9556280986891645,5.205833382558572,26,Arsenal,MID,7.7,3.7048132138046195,4.205153270055937,Reduced Ridge,22.0,1.8333333333333333,10
Gabriel Osho,0.007259451190254422,0.18642455136129882,0.1791651001710444,3.1671030790010697,4.644186661743644,16160.271928146829,1.318043527635938,2.0464456282279904,23,Luton,DEF,4.4,3.237472702021849,2.840463677423896,Reduced Ridge,6.0,0.5,6
Gabriel Słonina,0.0,0.0,0.0,0.0,0.0,2707.4321613951606,0.0,0.0,25,Chelsea,GK,4.0,0.049757685798796025,0.03317179053253068,Reduced Ridge,0.0,0.0,0
Gabriel dos Santos Magalhães,0.020991881128654,0.25305415484172644,0.23206227371307248,0.3184588960099697,5.973868541076394,2311053.2062951988,0.9994034155984557,4.826049669793285,26,Arsenal,DEF,5.2,3.4341689150405292,3.898129166624781,Reduced Ridge,53.0,4.416666666666667,11
Garang Kuol,0.0,0.0,0.0,0.0,0.0,311.5011644267096,0.0,0.0,26,Newcastle,MID,4.5,0.23609341244241144,0.15739560829494095,Reduced Ridge,0.0,0.0,0
Gavin Kilkenny,0.0,0.0,0.0,0.0,0.0,7007.42855252687,0.0,0.0,25,Bournemouth,MID,4.3,0.23763669277191135,0.1584244618479409,Reduced Ridge,0.0,0.0,0
George Baldock,0.0020444234417110194,0.002078678315618837,3.425487390781755e-05,0.09900522178947498,0.197313763425551,594024.4067820441,0.06807796423218704,0.07189095481413742,26,Sheffield Utd,DEF,3.8,0.4141998862930556,0.3000969091334162,Reduced Ridge,2.0,0.16666666666666666,2
George Earthy,0.0,0.0,0.0,0.0,0.0,0.0,0.0,0.0,1,West Ham,MID,4.5,0.23602161751516504,0.15734774501011,Reduced Ridge,8.0,0.6666666666666666,3
George Shelvey,0.0,0.0,0.0,0.0,0.0,4761.524269708325,0.0,0.0,26,Nott'm Forest,GK,3.9,0.050108978851984065,0.03340598590132271,Reduced Ridge,0.0,0.0,0
Gianluca Scamacca,0.0,0.0,0.0,0.0,0.0,2052.9689256919673,0.0,0.0,26,West Ham,FWD,6.0,0.2999519207320229,0.19996794715468194,Reduced Ridge,0.0,0.0,0
Giovani Lo Celso,0.07495675632737576,0.07660313120457025,0.0016463748771944813,0.1589997706632253,1.2992760041444402,9138.48707781966,0.05609904642911133,0.9401230390535389,25,Spurs,MID,4.8,0.7658473980728497,0.8239392783997461,Reduced Ridge,10.0,0.8333333333333334,9
Giovanni Reyna,0.004444444444444446,0.013333333333333338,0.008888888888888889,0.11,0.7000000000000001,923.962962962963,0.0,0.7777777777777779,4,Nott'm Forest,MID,4.9,0.4649003511637062,0.5691928267017301,Reduced Ridge,10.0,0.8333333333333334,6
Giulian Biancone,0.0,0.0,0.0,0.0,0.0,6551.663959794529,0.0,0.0,26,Nott'm Forest,DEF,3.9,0.20841752387049783,0.1389450159136652,Reduced Ridge,0.0,0.0,0
Glen Rea,0.0,0.0,0.0,0.0,0.0,2127.394647154536,0.0,0.0,23,Luton,MID,4.4,0.2365119403818483,0.15767462692123219,Reduced Ridge,0.0,0.0,0
Gonzalo Montiel,0.008751508054279869,0.008771807238817835,2.0299184537965973e-05,0.17624570636360729,0.6775993062017241,7139.843968599861,0.15857925047797908,0.73308521853531,24,Nott'm Forest,DEF,4.4,0.6062092851200147,0.6485012629251131,Reduced Ridge,8.0,0.6666666666666666,5
Gonçalo Manuel Ganchinho Guedes,0.0,0.0,0.0,0.0,0.0,3470.403230575641,0.0,0.0,26,Wolves,MID,5.4,0.23682147759887773,0.15788098506591847,Reduced Ridge,0.0,0.0,0
Granit Xhaka,0.0,0.0,0.0,0.0,0.0,972.6049826017313,0.0,0.0,26,Arsenal,MID,6.0,0.23624578394514906,0.15749718929676604,Reduced Ridge,0.0,0.0,0
Guglielmo Vicario,0.0,0.0,0.0,1.6675864816519792,2.8674007697547625,909047.7331570551,1.0,2.262565906990358,25,Spurs,GK,5.3,3.044351752194019,2.783756470459465,Reduced Ridge,33.0,2.75,11
Gustavo Hamer,0.08821442595075774,0.13332589473974227,0.04844480212231788,1.490164284786245,4.018912865025218,15751.830901311881,0.8589645887313928,1.7314481273558213,25,Sheffield Utd,MID,4.9,2.6849736431728126,2.3671318045671486,Reduced Ridge,46.0,3.8333333333333335,11
Gustavo Henrique Furtado Scarpa,0.0,0.0,0.0,0.0,0.0,1594.8262425162618,0.0,0.0,26,Nott'm Forest,MID,4.5,0.23638919377852474,0.1575927958523498,Reduced Ridge,0.0,0.0,0
Hakim Ziyech,0.0,0.0,0.0,0.0,0.0,7524.335184642092,0.0,0.0,25,Chelsea,MID,5.4,0.23775582964292175,0.1585038864286145,Reduced Ridge,0.0,0.0,0
Halil Dervişoğlu,0.0,0.0,0.0,0.0,0.0,595.0287546938405,0.0,0.0,25,Brentford,FWD,4.5,0.29955895322995396,0.1997059688199693,Reduced Ridge,0.0,0.0,0
Hamed Traorè,4.4552394047661944e-07,7.908049943459996e-06,7.462526002983378e-06,5.0121443303619694e-05,0.0002216481603871182,1497.818870173257,0.0,0.00022461831999029568,25,Bournemouth,MID,4.7,0.2364499844798984,0.15770819575992903,Reduced Ridge,0.0,0.0,0
Han-Noah Massengo,0.0,0.0,0.0,0.10666666666666669,0.027983539094650213,863.6128119839361,0.0,0.3127572016460906,23,Burnley,MID,4.9,0.2823435780511565,0.2924814525828012,Reduced Ridge,0.0,0.0,0
Hannes Delcroix,0.011288090601793251,0.011306357083352791,1.826648155954141e-05,1.0601381766256683,1.102593974092895,5014.107243543907,0.37935578661124836,0.19968895733323597,24,Burnley,DEF,4.0,1.0154923164026302,0.7435578633794987,Reduced Ridge,0.0,0.0,1
Hannibal Mejbri,4.8116585571474886e-05,5.0121443303619694e-05,2.004857732144787e-06,0.004542717366978767,0.0009230960190933833,12232.924728501086,0.00010024288660723939,0.030527601423798085,26,Man Utd,MID,4.3,0.2408956792450655,0.17077298663797635,Reduced Ridge,0.0,0.0,0
Harrison Ashby,0.0,0.0,0.0,0.0,0.0,1258.8359455620616,0.0,0.0,26,Newcastle,DEF,4.0,0.20785995800479917,0.13857330533653278,Reduced Ridge,0.0,0.0,0
Harrison Reed,0.01301854076872499,0.03508556382047041,0.022067023051745415,0.4352688927743816,0.6250070853020544,32170.32220256718,0.4373094956777259,1.314418360387414,26,Fulham,MID,4.5,0.97932550710742,1.091023124867418,Reduced Ridge,13.0,1.0833333333333333,7
Harry Arter,0.0,0.0,0.0,0.0,0.0,14509.474689760018,0.0,0.0,26,Nott'm Forest,MID,4.3,0.23936576771008478,0.15957717847338984,Reduced Ridge,0.0,0.0,0
Harry Kane,0.0,0.0,0.0,0.0,0.0,62514.11973046255,0.0,0.0,25,Spurs,FWD,12.5,0.3162483832869303,0.21083225552462018,Reduced Ridge,0.0,0.0,0
Harry Maguire,0.14246433228780525,0.5112871320545982,0.36882279976679294,1.1948899777187891,6.104620836325268,191770.5661895618,0.8193595727285693,3.7482349784092666,26,Man Utd,DEF,4.2,3.0153249716856423,3.2596283072601837,Reduced Ridge,17.0,1.4166666666666667,6
Harry Toffolo,0.02786031492286696,0.03311047786232196,0.005250162939455007,0.7015255407814933,1.022379075281403,14051.970953539692,0.10390349110661869,0.5081899008415348,26,Nott'm Forest,DEF,4.4,0.6412774497144821,0.5969149334234997,Reduced Ridge,10.0,0.8333333333333334,8
Harry Wilson,0.10909264931411579,0.148314409567681,0.03922176025356523,0.4796328768121592,2.051867069424892,17076.312241932283,0.4025871783939608,0.9004719410633444,26,Fulham,MID,5.3,1.4649759784354508,1.2768079659780818,Reduced Ridge,39.0,3.25,11
Harvey Barnes,0.048912105636453734,0.098575050556299,0.049662944919845284,0.7204491291025146,1.3314510515657922,108416.3602487553,0.22238929369990096,1.519329124576886,26,Newcastle,MID,6.2,1.1767432292171534,1.2909385276703975,Reduced Ridge,37.0,3.0833333333333335,10
Harvey Elliott,0.23798163684353763,0.39655645653072324,0.15857481968718568,1.138282169133565,9.260097255573486,26392.635755997275,0.42877910620777726,6.522402705812342,25,Liverpool,MID,4.8,3.8230580157227583,4.722839579085953,Reduced Ridge,42.0,3.5,11
Harvey Griffiths,0.0,0.0,0.0,0.0,0.0,152.6460905349794,0.0,0.0,6,Wolves,MID,4.5,0.23605679945416225,0.15737119963610816,Reduced Ridge,0.0,0.0,0
Hjalmar Ekdal,3.8536733146294737e-05,0.0031112390651078883,0.003072702331961593,0.22247662487463338,0.31631532631718934,13993.069015908273,0.21235847441202327,0.09999479402856266,25,Burnley,DEF,3.9,0.5706940921236014,0.41379432609192185,Reduced Ridge,10.0,0.8333333333333334,2
Hugo Bueno López,0.0004648619005263491,0.0008750418964883751,0.00041017999596202606,0.039309485578822315,0.15337410312340852,10142.340652829202,0.012233000425691776,0.18503941122856243,26,Wolves,DEF,4.4,0.2690230801545276,0.24102852384587253,Reduced Ridge,9.0,0.75,9
Hugo Lloris,0.0,0.0,0.0,0.0,0.0,61374.74156998189,0.0,0.0,25,Spurs,GK,4.7,0.059791032483230144,0.03986068832215343,Reduced Ridge,0.0,0.0,0
Hwang Hee-chan,0.04733041296450692,0.15400434516309675,0.10667393219858981,0.4904479544788636,1.6483314598610275,656712.8371746086,0.643243095168347,2.0165570393613845,26,Wolves,MID,5.6,1.7330139793954178,1.8275283327174066,Reduced Ridge,20.0,1.6666666666666667,6
Hwang Ui-jo,0.0,0.0,0.0,0.0,0.0,29403.606980612643,0.0,0.0,26,Nott'm Forest,FWD,4.4,0.3073239049397676,0.20488260329317837,Reduced Ridge,0.0,0.0,0
Hákon Valdimarsson,0.0,0.0,0.0,0.0,0.0,276.90123456790127,0.0,0.0,5,Brentford,GK,4.0,0.049342013771871196,0.032894675847914126,Reduced Ridge,0.0,0.0,0
Ian Maatsen,0.0005408267726639697,0.010546164363939957,0.010005337591275988,0.033728305877246116,0.06075452732669251,5014.7272962348225,0.029263831732967552,0.07585519892478126,25,Chelsea,MID,5.1,0.3040586367611895,0.2279908241490534,Reduced Ridge,0.0,0.0,0
Ibrahim Sangaré,0.0005404837762436698,0.0007412201566746667,0.00020073638043099684,0.042339774380943565,0.0738447496188242,976.69869761328,0.029357497403809253,0.038049652079229175,22,Nott'm Forest,MID,4.9,0.29597917992477274,0.21000267064292488,Reduced Ridge,6.0,0.5,6
Ibrahima Konaté,0.02343082890353144,0.03050737273171018,0.007076543828178736,1.3029239499622434,1.7904375619797062,218908.71480492267,0.7307817940949844,1.076806285076559,25,Liverpool,DEF,4.9,1.6820633535539016,1.4803109973947874,Reduced Ridge,13.0,1.0833333333333333,4
Idrissa Gueye,0.008447346447316427,0.027008480567127804,0.01856113411981138,0.6215914753580914,1.4850301304640008,3741.617665678504,0.8306036381743008,1.3734145212833582,26,Everton,MID,4.8,1.576251117409907,1.5086389187010574,Reduced Ridge,40.0,3.3333333333333335,6
Igor Julio dos Santos de Paulo,0.012309751046749622,0.012561270630165357,0.00025151958341573436,0.36916708554186295,1.068934116181966,11994.165004960529,0.5390937192620532,0.7473440010379353,26,Brighton,DEF,4.3,1.2018448175202312,1.050344545359466,Reduced Ridge,21.0,1.75,8
Iliman Ndiaye,0.0,0.0,0.0,0.0,0.0,965.3277128485438,0.0,0.0,26,Sheffield Utd,FWD,5.5,0.29965876216553267,0.1997725081103551,Reduced Ridge,0.0,0.0,0
Illia Zabarnyi,0.015382520971960275,0.023786748440568824,0.00840422746860855,1.6011257707147828,2.4880842949500566,20718.56388533309,1.0,1.4246432309853978,25,Bournemouth,DEF,4.4,2.2062472292930178,1.9457125631904777,Reduced Ridge,35.0,2.9166666666666665,10
Ionuț Radu,0.0,0.0,0.0,0.002816511854642778,0.00308293865170358,9919.498664694813,0.0019030485504343089,0.001141829130260586,25,Bournemouth,GK,4.3,0.056261709304148755,0.0378884159128527,Reduced Ridge,0.0,0.0,0
Isaac Hayden,0.0,0.0,0.0,0.0,0.0,2229.2969125589225,0.0,0.0,26,Newcastle,MID,4.4,0.2365354268614075,0.15769028457427164,Reduced Ridge,0.0,0.0,0
Ishé Samuels-Smith,0.0,0.0,0.0,0.0,0.0,0.0,0.0,0.0,1,Chelsea,DEF,4.0,0.20772734762111167,0.13848489841407444,Reduced Ridge,0.0,0.0,0
Ismaila Coulibaly,0.0,0.0,0.0,0.0,0.0,3788.1272036682453,0.0,0.0,26,Sheffield Utd,MID,4.4,0.23689470676183966,0.1579298045078931,Reduced Ridge,0.0,0.0,0
Issa Diop,0.0065414782869837075,0.013217287476178903,0.006675809189195197,1.1523266272748032,1.6260961170371875,45577.839994123635,0.4894571438115139,1.4403421184208658,26,Fulham,DEF,4.4,1.311259067667713,1.354286751252097,Reduced Ridge,5.0,0.4166666666666667,3
Issa Kaboré,0.07781578792035619,0.07799040110895701,0.00017461318860082368,0.28031175460204016,0.21267021774452674,347798.2786225891,0.08453296813595183,0.045066164674516164,23,Luton,DEF,4.0,0.41093608572930096,0.288979445377706,Reduced Ridge,9.0,0.75,7
Ivan Neves Abreu Cavaleiro,0.0,0.0,0.0,0.0,0.0,356.22872407958187,0.0,0.0,26,Fulham,MID,5.0,0.2361037212703001,0.15740248084686673,Reduced Ridge,0.0,0.0,0
Ivan Perišić,4.050555158833267e-05,5.0307078278818294e-05,9.80152669048563e-06,7.778105460820989e-05,0.0009047848691179348,81057.68897383445,0.0,0.0004566620389885352,25,Spurs,DEF,4.7,0.21652667999499808,0.14450334067632822,Reduced Ridge,0.0,0.0,0
Ivan Toney,0.07567901234567903,0.5205898491083676,0.4449108367626887,2.292578875171468,7.946227709190673,852667.653209093,1.1344307270233198,4.3182441700960235,25,Brentford,FWD,8.2,4.7260668193251485,4.590125936248773,Reduced Ridge,22.0,1.8333333333333333,10
Ivo Grbic,0.0,0.0,0.0,0.5950617283950618,0.28641975308641976,220.41975308641977,0.5308641975308642,0.6666666666666666,5,Sheffield Utd,GK,4.5,1.514555971868996,1.2319262034682197,Reduced Ridge,13.0,1.0833333333333333,7
Jack Cork,4.4552394047661944e-07,4.4552394047661944e-07,0.0,5.791811226196055e-06,0.07107851762363562,1969.9786196848881,0.0,0.3772736333268323,25,Burnley,MID,4.8,0.25370289701342963,0.2948931424512305,Reduced Ridge,1.0,0.08333333333333333,1
Jack Grealish,0.017060097304532968,0.028898587907957993,0.011838490603425022,0.12199236210833733,0.8170886658702031,175452.1292737369,0.07128543869332322,0.4757001943847272,25,Man City,MID,7.2,0.6206554565350573,0.5723370358182805,Reduced Ridge,9.0,0.75,6
Jack Harrison,0.03974810462334635,0.17958032515587138,0.13983222053252503,1.081390887331207,3.182339118821819,17276.513556732905,0.7773266847880455,2.70436716342302,25,Everton,MID,5.5,2.3258187969148945,2.452001585750936,Reduced Ridge,18.0,1.5,8
Jack Hinshelwood,0.006516735475093694,0.04061557241089657,0.03409883693580287,0.2992581554571434,1.5335016979158504,11705.191086324388,0.21101353321099717,1.3077915361478072,26,Brighton,MID,4.5,0.9580465146124719,1.0746281884575835,Reduced Ridge,0.0,0.0,0
Jack Robinson,0.05450969731639836,0.08850447561399062,0.033994778297592246,1.6694230552317337,3.1655098333993767,9410.632437051878,0.8923382564484521,0.7192000841255195,26,Sheffield Utd,DEF,4.3,2.262809223184555,1.7482728434982098,Reduced Ridge,11.0,0.9166666666666666,9
Jack Walton,0.0,0.0,0.0,0.0,0.0,839.4336174159685,0.0,0.0,23,Luton,GK,4.0,0.04943821866817932,0.03295881244545288,Reduced Ridge,0.0,0.0,0
Jacob Brown,0.002428202580455449,0.022922152609330667,0.020493950028875215,0.21562278695839193,0.5450266096271258,14744.321880072755,0.11780879135578085,0.3498297101749726,23,Luton,FWD,4.9,0.6567483119967977,0.5544421113895227,Reduced Ridge,0.0,0.0,0
Jacob Bruun Larsen,0.0028744893084318604,0.013650317885783018,0.01077582857735116,0.18696385604616936,0.15873785907592589,2364.2105518095736,0.02809970125250658,0.5954095643297309,25,Burnley,MID,4.8,0.38700906504448995,0.45647589813957024,Reduced Ridge,48.0,4.0,12
Jacob Murphy,0.025980284320960036,0.09163196909801376,0.06565168477705371,0.48945242896775765,1.5349531843656783,11016.81289349133,0.16494737324024186,0.9905860690264165,26,Newcastle,MID,4.8,1.0594990903180792,1.0365280832208583,Reduced Ridge,50.0,4.166666666666667,11
Jacob Ramsey,0.16886669086024741,0.31846451350749866,0.14959782264725124,1.654460759548408,4.464636019107471,12645.680535893967,0.7741536689867738,2.6790618099743337,26,Aston Villa,MID,5.9,3.0364529117045036,2.917322544461113,Reduced Ridge,1.0,0.08333333333333333,1
Jacob Wright,0.0,0.0,0.0,0.0,0.0,23.11111111111111,0.0,0.0,3,Man City,MID,4.5,0.236026944174357,0.157351296116238,Reduced Ridge,0.0,0.0,0
Jadan Raymond,0.0,0.0,0.0,0.0,0.0,496.7107674808599,0.0,0.0,19,Crystal Palace,MID,4.5,0.23613609963429094,0.1574240664228606,Reduced Ridge,0.0,0.0,0
Jaden Philogene-Bidace,0.0,0.0,0.0,2.5741383227538038e-05,1.188063841270986e-05,5612.170458301598,0.0,3.960212804236619e-05,26,Aston Villa,MID,4.5,0.2373274862468202,0.15823152487389425,Reduced Ridge,0.0,0.0,0
Jadon Sancho,2.4751330026478886e-06,2.4751330026478886e-06,0.0,6.049225058471435e-05,0.0001227665969313353,39214.67484086845,0.0,8.910478809532391e-05,26,Man Utd,MID,6.7,0.2451153220250526,0.16343991627940016,Reduced Ridge,0.0,0.0,0
Jaidon Anthony,8.910478809532389e-07,4.009715464289577e-06,3.118667583336337e-06,0.00016751700161920908,0.00014108258115092957,4443.733750269605,8.910478809532391e-05,0.00013365718214298586,25,Bournemouth,MID,4.9,0.2372238085886228,0.1581937581197962,Reduced Ridge,0.0,0.0,0
Jairo Riedewald,3.245755027685182e-05,3.245755027685182e-05,0.0,0.014472129170225698,0.0028657620462952194,6453.115693027894,0.008896311452782605,0.02073764927342867,26,Crystal Palace,MID,4.3,0.25122103921073946,0.1743932425649692,Reduced Ridge,5.0,0.4166666666666667,4
Jake O'Brien,0.0,0.0,0.0,0.0,0.0,4588.128281233977,0.0,0.0,26,Crystal Palace,DEF,4.0,0.20821067783894287,0.13880711855929523,Reduced Ridge,0.0,0.0,0
Jakub Kiwior,0.052232604275624046,0.09478047146443137,0.042547867188807334,0.20312232867346014,4.67867505055417,23923.692750020757,0.7373583899607817,6.010184815870089,26,Arsenal,DEF,4.3,2.4944888781196397,3.666387524036456,Reduced Ridge,26.0,2.1666666666666665,6
Jakub Moder,0.007343392775491544,0.034897119341563795,0.02755372656607226,0.13847123826225932,0.5057996403489131,6562.648485808559,0.0,0.33590223980126155,26,Brighton,MID,4.4,0.459500902397299,0.41830134819861986,Reduced Ridge,15.0,1.25,10
Jamaal Lascelles,0.0003583311201121785,0.001603535727186479,0.0012452046070743012,0.19258821169920093,0.16787551411284374,387460.9500717704,0.03871771365080172,0.46315814282335177,26,Newcastle,DEF,4.0,0.3477065986693636,0.38619044672069297,Reduced Ridge,1.0,0.08333333333333333,1
Jamal Lewis,0.0,0.0,0.0,0.0,0.0,592.1607929857852,0.0,0.0,26,Newcastle,DEF,4.0,0.20778972800533835,0.1385264853368922,Reduced Ridge,0.0,0.0,0
Jamal Lowe,0.0,0.0,0.0,0.0,0.0,892.0461143139607,0.0,0.0,25,Bournemouth,MID,4.9,0.23622721670127245,0.1574848111341816,Reduced Ridge,0.0,0.0,0
James Garner,0.049145668443665434,0.10769100481329957,0.058545336369634146,1.2047157967872564,3.3681925764782603,10335.136049455705,0.9960794980942993,2.086813903558028,26,Everton,MID,4.9,2.5029308456467922,2.364225198283871,Reduced Ridge,25.0,2.0833333333333335,11
James Hill,5.94031920635493e-07,5.94031920635493e-07,0.0,0.042151204301965346,0.10097210011715077,11250.401320157229,0.04389574759945132,0.043955150791514866,25,Bournemouth,DEF,4.0,0.2939603874502974,0.21062530856403655,Reduced Ridge,3.0,0.25,3
James Maddison,0.1831770883463542,0.2743653564752174,0.0911882681288633,1.0995478926139917,5.562238701240027,1077851.5562011153,0.805894623193251,2.336735707387312,25,Spurs,MID,8.0,3.3094511520734406,2.9852126705113973,Reduced Ridge,39.0,3.25,11
James McAtee,0.06093572426539666,0.2641631162624137,0.20322739199701706,1.6764060010845636,4.510378920248653,86944.24035866885,0.9540404821898889,3.082396483227711,26,Sheffield Utd,MID,4.4,3.151943985343907,3.1287614846385083,Reduced Ridge,14.0,1.1666666666666667,8
James McConnell,0.0,0.0,0.0,1.7127436953908776e-05,0.0001712743695390878,1680.9255303384025,0.0,0.5572682992509465,25,Liverpool,MID,4.4,0.23645686004358102,0.3433940064460361,Reduced Ridge,0.0,0.0,0
James Milner,0.0379649624008359,0.0471242607362422,0.00915929833540632,0.19453311575789392,0.6771174577025824,12195.464317778413,0.1741523407673366,0.43049577795196187,26,Brighton,MID,4.8,0.6893840872389,0.6030879841432539,Reduced Ridge,0.0,0.0,0
James Shea,0.0,0.0,0.0,0.0,0.0,12258.751013661353,0.0,0.0,23,Luton,GK,4.3,0.05139116267551691,0.03426077511701127,Reduced Ridge,1.0,0.08333333333333333,1
James Sweet,0.0,0.0,0.0,0.0,0.0,61.666666666666664,0.0,0.0,2,Arsenal,DEF,4.0,0.20773384381337257,0.13848922920891504,Reduced Ridge,0.0,0.0,0
James Tarkowski,0.09017556542485305,0.19296646580569796,0.10279090038084489,1.2108843989123763,5.2514213181100615,602897.8094748431,1.0,1.8122398839781617,26,Everton,DEF,4.6,3.056546350959506,2.641777528632391,Reduced Ridge,35.0,2.9166666666666665,11
James Tomkins,0.0,0.0,0.0,0.034238683127572035,0.008779149519890266,44204.78962237179,0.0,0.3333729354613757,26,Crystal Palace,DEF,4.0,0.2152328564142887,0.25461288276331767,Reduced Ridge,1.0,0.08333333333333333,1
James Trafford,0.004435299497027893,0.004435299497027893,0.0,2.219958466673861,3.0716802864046837,111098.39268944752,1.000150364329911,1.9400823316751845,25,Burnley,GK,4.5,2.824685488280976,2.5298177694123787,Reduced Ridge,2.0,0.16666666666666666,2
James Ward-Prowse,0.10052924710270189,0.2552979240742431,0.15476867697154126,1.9619304824675685,5.509713855560164,844642.1397512981,1.0,2.995218481969606,25,West Ham,MID,6.0,3.7012243117783115,3.4658890351754095,Reduced Ridge,37.0,3.0833333333333335,12
James Wright,0.0,0.0,0.0,0.0,0.0,328.320987654321,0.0,0.0,6,Aston Villa,GK,4.0,0.04935080763363753,0.03290053842242502,Reduced Ridge,0.0,0.0,0
Jamie Donley,0.0,0.0,0.0,0.021626784534877822,0.0011561019943888422,4878.522570622228,0.0,0.012524438272545789,19,Spurs,FWD,4.5,0.3153078645781494,0.21438005580961486,Reduced Ridge,0.0,0.0,0
Jamie McDonnell,0.0,0.0,0.0,0.0,0.0,89.76954732510288,0.0,0.0,6,Nott'm Forest,MID,4.5,0.2360423076404523,0.1573615384269682,Reduced Ridge,0.0,0.0,0
Jan Paul van Hecke,0.09032871994737793,0.14565968940345186,0.055330969456073964,0.8680063049137882,5.212696378135984,336381.2370166712,0.9986285442728142,2.589085972350226,26,Brighton,DEF,4.1,3.015062480256742,2.8730703109545694,Reduced Ridge,16.0,1.3333333333333333,7
Japhet Tanganga,0.0,0.0,0.0,0.0,0.0,32755.68789837451,0.0,0.0,25,Spurs,DEF,4.0,0.21117795161400532,0.14078530107600354,Reduced Ridge,0.0,0.0,0
Jarell Quansah,0.005935903951330467,0.01658062274419741,0.010644718792866941,0.6658163249876683,1.0327450515747392,16686.46276556408,0.5935903951330467,1.075167254698335,25,Liverpool,DEF,4.0,1.2629976014832829,1.2003874858883004,Reduced Ridge,34.0,2.8333333333333335,8
Jarrad Branthwaite,0.00793342837161345,0.12163611279945252,0.11370268442783907,1.204103409779409,4.8859121134741255,492582.87488044234,0.9912698318500204,5.102506444640035,26,Everton,DEF,4.2,2.931707869971458,3.6553073948609835,Reduced Ridge,48.0,4.0,11
Jarrod Bowen,0.052536701623479815,0.36926107662230756,0.3167243749988278,1.9570235429252407,9.164485650170512,2103364.40717813,0.9982872563046095,8.20239919641164,26,West Ham,MID,7.7,5.031529000602504,6.088485732538882,Reduced Ridge,42.0,3.5,9
Jason Steele,0.0,0.0,0.0,0.5687884962685564,0.9482546425329359,231483.02902181383,0.3153475834918266,1.0698155606882143,26,Brighton,GK,4.2,0.9773647461590593,1.0081816843354443,Reduced Ridge,2.0,0.16666666666666666,3
Javier Manquillo Gaitán,0.0,0.0,0.0,0.0,0.0,3904.551643418366,0.0,0.0,26,Newcastle,DEF,4.0,0.20813866737519648,0.13875911158346432,Reduced Ridge,0.0,0.0,0
Jay Rodriguez,0.00014915143014028896,0.009763200808940548,0.009614049378800258,0.34215283329221097,0.49512077801858145,23971.289385629887,0.024489856033401505,0.6494160008131407,25,Burnley,FWD,5.3,0.6480286339739099,0.6484910895869868,Reduced Ridge,6.0,0.5,6
Jay Stansfield,0.0,0.0,0.0,0.0,0.0,1390.7361144287413,0.0,0.0,26,Fulham,FWD,4.5,0.29977342508535165,0.1998489500569011,Reduced Ridge,0.0,0.0,0
Jayden Bogle,0.03754235491118085,0.05651276169333567,0.018970406782154812,1.864213214697253,4.2873689776829,10269.255767289362,0.9777880061194593,1.0326058702490544,26,Sheffield Utd,DEF,4.5,2.699627011174683,2.1439532975328066,Reduced Ridge,26.0,2.1666666666666665,11
Jayden Danns,0.0,0.0,0.0,0.0,0.2,0.0,0.0,1.0,1,Liverpool,FWD,4.5,0.3350584373177168,0.5567056248784779,Reduced Ridge,0.0,0.0,1
Jayden Luker,0.0,0.0,0.0,0.0,0.0,340.01966965149336,0.0,0.0,16,Luton,MID,4.5,0.23609998540020927,0.15739999026680618,Reduced Ridge,0.0,0.0,0
Jean-Philippe Gbamin,0.0,0.0,0.0,0.0,0.0,1240.2700736251259,0.0,0.0,26,Everton,MID,4.4,0.23630747551465503,0.15753831700977,Reduced Ridge,0.0,0.0,0
Jean-Philippe Mateta,0.02435944375694867,0.38534309371793174,0.3609836499609831,1.0000889923480853,5.545472415733558,86118.0637666471,0.9833727006512443,4.486194677394296,26,Crystal Palace,FWD,4.9,3.027243890371502,3.5135608193790997,Reduced Ridge,94.0,7.833333333333333,11
Jean-Ricner Bellegarde,0.024186437657520092,0.08652590807167224,0.062339470414152144,0.5616630777032474,1.844140543014129,1736.78439206103,0.0802388033856528,1.3210097757537456,22,Wolves,MID,4.9,1.0791499855385602,1.1597699156102887,Reduced Ridge,10.0,0.8333333333333334,5
Jeff Hendrick,0.0,0.0,0.0,0.0,0.0,2348.909767531466,0.0,0.0,26,Newcastle,MID,4.4,0.2365629952855457,0.1577086635236971,Reduced Ridge,0.0,0.0,0
Jefferson Lerma Solís,0.03230309040117136,0.15069670443867772,0.11839361403750637,1.0551583491687722,3.5081212912500073,11374.850552052772,0.9907862527396281,2.624610420997998,26,Crystal Palace,MID,4.7,2.5369281727282504,2.566155588818166,Reduced Ridge,13.0,1.0833333333333333,7
Jeffrey Schlupp,0.007750957435669163,0.020314885997152022,0.01256392856148286,0.28087568245437394,0.609896182476609,10615.064409011035,0.16576603928658,0.3782813348130608,26,Crystal Palace,MID,4.9,0.660253893040029,0.5662630402977062,Reduced Ridge,19.0,1.5833333333333333,8
Jenson Metcalfe,0.0,0.0,0.0,0.0,0.0,130.40669613371946,0.0,0.0,10,Everton,MID,4.5,0.236051673708626,0.15736778247241734,Reduced Ridge,0.0,0.0,0
Jeremy Sarmiento Morante,0.0,0.0,0.0,0.0,0.0,847.897374348325,0.0,0.0,26,Brighton,MID,4.5,0.23621704128000331,0.1574780275200022,Reduced Ridge,0.0,0.0,0
Jesurun Rak-Sakyi,1.7372339762334853e-05,0.0001327970734245657,0.00011880793108522516,0.0009692025259490358,0.002398303327287569,1491.728614469222,0.0,0.0017093113820473632,26,Crystal Palace,MID,4.5,0.23748797426944201,0.15889508664031046,Reduced Ridge,0.0,0.0,0
Jhon Durán,0.0005206914214154556,0.018919100580447965,0.018837366635027022,0.01354046458783631,0.19531735433949932,17006.33379293439,0.0,0.1996801074137205,26,Aston Villa,FWD,5.0,0.35848634540030977,0.30555093273811335,Reduced Ridge,26.0,2.1666666666666665,9
Ji-Soo Kim,0.0,0.0,0.0,0.0,0.0,2741.7600945958234,0.0,0.0,18,Brentford,DEF,4.0,0.2080161746596193,0.13867744977307953,Reduced Ridge,0.0,0.0,0
Jili Buyabu,0.0,0.0,0.0,0.0,0.0,1812.6601484233843,0.0,0.0,18,Sheffield Utd,DEF,4.0,0.2079182998723761,0.13861219991491738,Reduced Ridge,0.0,0.0,0
Joachim Andersen,0.11394499333027427,0.12057343667159577,0.006628443341321498,1.0760446990730317,2.489186949204802,1599255.7540482841,1.0,3.0810010240101278,26,Crystal Palace,DEF,4.7,2.3629447710847016,2.6022968553931767,Reduced Ridge,39.0,3.25,11
Joe Gardner,0.0,0.0,0.0,0.0,0.0,462.39094650205755,0.0,0.0,6,Nott'm Forest,FWD,4.5,0.29952320255293585,0.19968213503529056,Reduced Ridge,0.0,0.0,0
Joe Gauci,0.0,0.0,0.0,0.0,0.0,53.0,0.0,0.0,2,Aston Villa,GK,4.0,0.049303721940659906,0.03286914796043994,Reduced Ridge,0.0,0.0,0
Joe Gomez,0.028931080943793895,0.046804838527571266,0.017873757583777367,1.380027943784699,2.4366599420262713,201874.19321251215,0.7267154357165035,2.218915348891491,25,Liverpool,DEF,4.6,1.8623977440112975,1.9812369456380285,Reduced Ridge,19.0,1.5833333333333333,9
Joe Hodge,0.0,0.0,0.0,0.0,0.0,5027.200894064526,0.0,0.0,26,Wolves,MID,4.4,0.23718028901838972,0.15812019267892646,Reduced Ridge,0.0,0.0,0
Joe Hugill,0.0,0.0,0.0,0.0,0.0,785.4513627414273,0.0,0.0,14,Man Utd,FWD,4.5,0.2996102789963403,0.1997401859975602,Reduced Ridge,0.0,0.0,0
Joe Rodon,0.0,0.0,0.0,0.0,0.0,6182.653891951456,0.0,0.0,25,Spurs,DEF,4.0,0.20837865100000685,0.13891910066667124,Reduced Ridge,0.0,0.0,0
Joe Rothwell,0.0003868919130820125,0.00040389839724739343,1.7006484165380954e-05,0.006559720539302151,0.012562857461045683,1718.623953815875,0.00013365718214298586,0.02658681246146915,25,Bournemouth,MID,4.8,0.2425555055161981,0.17056594116462176,Reduced Ridge,0.0,0.0,0
Joe Taylor,0.0,0.0,0.0,0.0,0.0,7365.134348035108,0.0,0.0,23,Luton,FWD,4.5,0.3013837410619108,0.20092249404127385,Reduced Ridge,0.0,0.0,0
Joe White,0.0,0.0,0.0,0.024444444444444446,0.0,188.6172839506173,0.0,0.22222222222222224,5,Newcastle,MID,4.5,0.24508088553421525,0.23746133109688422,Reduced Ridge,2.0,0.16666666666666666,3
Joe Whitworth,0.0,0.0,0.0,0.0,0.0,106555.81124871674,0.0,0.0,26,Crystal Palace,GK,3.9,0.06751794786813736,0.045011965245424904,Reduced Ridge,0.0,0.0,0
Joe Willock,0.0003666540207170102,0.023871261723589433,0.023504607702872424,0.09937407040441786,1.7766893890322872,8665.650818984668,0.0011418291302605853,2.003552357294144,26,Newcastle,MID,5.3,0.7392524848840607,1.1606857756874218,Reduced Ridge,8.0,0.6666666666666666,5
Joe Worrall,6.138329846566761e-06,8.118436248685072e-06,1.9801064021183102e-06,0.003194228328525729,0.01635483615188649,7504.664069588964,0.00020048577321447877,0.02006365094790483,26,Nott'm Forest,DEF,4.3,0.21354312619594273,0.1490499677799301,Reduced Ridge,0.0,0.0,0
Joel Matip,3.283911716727955e-05,0.00022884637409143006,0.0001960072569241504,0.011237757953596763,0.030018591681434725,32245.902222247045,0.009061386991909644,0.016936370705412387,25,Liverpool,DEF,4.8,0.23135219814169816,0.15988025566293623,Reduced Ridge,0.0,0.0,0
Joel Ward,0.00690711364349305,0.007094046178162815,0.0001869325346697647,0.4323252969911931,0.9864261210013664,21817.37576802183,0.5813423039344382,2.4797033249947678,26,Crystal Palace,DEF,4.5,1.2331054236126908,1.6486380574067163,Reduced Ridge,10.0,0.8333333333333334,8
Joelinton Cássio Apolinário de Lira,0.0015787209144701585,0.0066198721358089255,0.005041151221338768,0.22059224809283112,0.19489526874456256,46676.18622889274,0.05473314430426063,0.1267469932336258,26,Newcastle,MID,5.8,0.4315090718218544,0.3299217122924448,Reduced Ridge,4.0,0.3333333333333333,3
John Egan,0.0,1.4782731858314503e-05,1.4782731858314503e-05,0.0009470292016406274,0.0005952076088117506,6062.3508325357925,0.00038426439866108433,-0.0001571709456681407,26,Sheffield Utd,DEF,4.3,0.20903102833801301,0.13930162857678594,Reduced Ridge,0.0,0.0,0
John Fleck,0.00121255910138506,0.00121255910138506,0.0,0.006523174668751202,0.010233643579960495,635.4061478770644,0.0025691155430863162,0.006073896623469502,26,Sheffield Utd,MID,4.9,0.2449378784016366,0.16531655114224758,Reduced Ridge,0.0,0.0,0
John McAtee,0.0,0.0,0.0,0.0,0.0,44742.169614549784,0.0,0.0,23,Luton,FWD,4.5,0.3114582012322281,0.2076388008214854,Reduced Ridge,0.0,0.0,0
John McGinn,0.11000574308678977,0.28161108401248003,0.17160534092569027,1.7503078132830578,5.425073169405719,167895.04065496463,1.0,3.806254442622667,26,Aston Villa,MID,5.5,3.4831212958172366,3.59083234475238,Reduced Ridge,20.0,1.6666666666666667,9
John Stones,0.04243975687098986,0.08688420131543431,0.044444444444444446,0.5552612183864133,2.0862336232816023,293165.9059553879,0.7972475843940201,4.339573604740353,25,Man City,DEF,5.3,1.849887364899046,2.679782778179481,Reduced Ridge,14.0,1.1666666666666667,4
John-Kymani Gordon,0.0,0.0,0.0,0.0,0.0,4174.911200231134,0.0,0.0,26,Crystal Palace,FWD,4.5,0.3005238607688965,0.20034924051259764,Reduced Ridge,0.0,0.0,0
Jonathan Castro Otto,0.0,0.0,0.0,1.0525503093760135e-05,7.518216495542954e-05,4532.801008494134,0.0,0.00015036432991085907,26,Wolves,DEF,4.3,0.20822675256976098,0.13886795648981093,Reduced Ridge,0.0,0.0,0
Jonathan Panzo,0.0,0.0,0.0,0.0,0.0,6208.889245622136,0.0,0.0,26,Nott'm Forest,DEF,4.0,0.20838141472813887,0.13892094315209258,Reduced Ridge,0.0,0.0,0
Jonjo Shelvey,0.0,0.0,0.0,0.0,0.0,1570.2689112627695,0.0,0.0,26,Nott'm Forest,MID,4.8,0.23638353379386956,0.15758902252924636,Reduced Ridge,0.0,0.0,0
Jonny Evans,0.004174972344860697,0.004220645510071121,4.567316521042341e-05,0.2992585484655425,0.9038803930975321,91519.86900287808,0.11627852103991722,0.59760868879716,23,Man Utd,DEF,4.0,0.6287036189160916,0.6183386422097811,Reduced Ridge,13.0,1.0833333333333333,6
Jordan Amissah,0.0,0.0,0.0,0.0,0.0,35127.77666366056,0.0,0.0,26,Sheffield Utd,GK,3.9,0.055302248167500956,0.036868165445000635,Reduced Ridge,0.0,0.0,0
Jordan Ayew,0.1588621180917754,0.33657643125911146,0.17771431316733607,0.894627292913577,9.50385883773777,41452.613199992185,0.9457207437472417,6.6605746712999485,26,Crystal Palace,MID,5.4,4.156323810546681,4.991074097464437,Reduced Ridge,24.0,2.0,10
Jordan Beyer,0.0014352183922777125,0.007020279331065598,0.005585060938787888,0.08856088638761293,0.20265827360535488,125761.6963019458,0.08298713876753744,0.1655764220366732,25,Burnley,DEF,4.0,0.3848713535314835,0.31177304303321335,Reduced Ridge,0.0,0.0,0
Jordan Clark,0.011474594545772723,0.04011656985441471,0.02864197530864198,1.3587441503384197,1.408601895600829,921.4503335465113,0.5349794238683129,1.5444298300908914,23,Luton,MID,4.8,1.593404390225725,1.577079536847447,Reduced Ridge,31.0,2.5833333333333335,11
Jordan Henderson,0.0,0.0,0.0,0.0,0.0,576.037038929272,0.0,0.0,25,Liverpool,MID,5.0,0.2361543827886987,0.1574362551924658,Reduced Ridge,0.0,0.0,0
Jordan Pickford,0.013965829761229728,0.013965829761229728,0.0,1.210900883298174,3.2545096662804927,1147585.975396262,1.0,3.689021859374206,26,Everton,GK,4.6,3.368941609663011,3.4756350262334093,Reduced Ridge,56.0,4.666666666666667,11
Jorge Luiz Frello Filho,0.06503872073379645,0.06552927197049163,0.0004905512366951767,0.14104722231998765,1.6949563260127984,18873.246846081456,0.4345656802196988,1.3374067159676981,26,Arsenal,MID,5.3,1.166827165209247,1.223687015462064,Reduced Ridge,19.0,1.5833333333333333,8
Joseph Anang,0.0,0.0,0.0,0.0,0.0,5904.278694125642,0.0,0.0,26,West Ham,GK,4.0,0.05030441394916052,0.03353627596610701,Reduced Ridge,0.0,0.0,0
Joseph Johnson,0.0,0.0,0.0,0.0,0.0,4767.3237653165515,0.0,0.0,22,Luton,DEF,4.0,0.20822955494678452,0.13881970329785634,Reduced Ridge,0.0,0.0,2
Josh Bowler,0.0,0.0,0.0,0.0,0.0,208.72181531178035,0.0,0.0,26,Nott'm Forest,MID,4.5,0.2360697238122076,0.15737981587480504,Reduced Ridge,0.0,0.0,0
Josh Brooking,0.0,0.0,0.0,0.0,0.0,2285.764974182871,0.0,0.0,19,Chelsea,DEF,4.0,0.20796813846547435,0.13864542564364957,Reduced Ridge,0.0,0.0,0
Josh Brownhill,0.04096540078551008,0.08025167959553972,0.03928627881002965,2.9087525865158455,2.9280359622692402,24479.076570778976,0.9996783874054687,0.9932165357105674,25,Burnley,MID,4.7,2.993115728469578,2.3264826642165746,Reduced Ridge,18.0,1.5,8
Josh Cullen,0.004300283750356633,0.02097580520534027,0.01667552145498364,0.7309952680341523,0.9457214364782585,5490.577686692957,0.045568550769709636,0.4246414800991192,25,Burnley,MID,5.0,0.8042297769684674,0.6777003446786846,Reduced Ridge,44.0,3.6666666666666665,12
Josh Dasilva,0.015144032921810708,0.015144032921810708,0.0,0.001977387753697534,0.2128973460169421,2676.7136461135774,0.0,0.10976907059466008,25,Brentford,MID,4.7,0.3099301657849669,0.24320980072153128,Reduced Ridge,0.0,0.0,0
Josh Powell,0.0,0.0,0.0,0.0,0.0,15478.923944710648,0.0,0.0,26,Nott'm Forest,DEF,3.9,0.20935795409578029,0.13957196939718686,Reduced Ridge,0.0,0.0,0
Joshua Duffus,0.0,0.0,0.0,0.0,0.0,371.2906506398014,0.0,0.0,14,Brighton,MID,4.4,0.23610719274984837,0.15740479516656558,Reduced Ridge,0.0,0.0,0
Joshua King,0.0,0.0,0.0,0.0,0.0,123.85185185185185,0.0,0.0,4,Fulham,MID,4.5,0.23605016294519388,0.1573667752967959,Reduced Ridge,0.0,0.0,0
José Malheiro de Sá,0.0,0.0,0.0,1.3787952624403972,2.489412076711975,184588.49606080924,0.9874755617274544,4.10702611332473,26,Wolves,GK,5.0,2.9220290573298757,3.317028075994827,Reduced Ridge,33.0,2.75,10
João Cancelo,0.0,0.0,0.0,0.0,0.0,106618.49962429449,0.0,0.0,25,Man City,DEF,5.8,0.2189589304125138,0.14597262027500918,Reduced Ridge,0.0,0.0,0
João Neves Virgínia,0.0,0.0,0.0,0.0,0.0,51436.38991880537,0.0,0.0,26,Everton,GK,3.9,0.05809136483879107,0.038727576559194045,Reduced Ridge,0.0,0.0,0
João Palhinha Gonçalves,0.008996794941821793,0.06554440313525313,0.056547608193431326,1.1644015096548412,3.053696037800519,36035.8539205011,0.6648499673851649,1.7018242791979898,26,Fulham,MID,5.0,2.0751434298799554,1.9507037129859668,Reduced Ridge,28.0,2.3333333333333335,11
João Pedro Junqueira de Jesus,0.042073172539773405,0.18832812854059125,0.1462549560008178,0.3570183578329696,2.4165628336550244,966027.5727228422,0.28056620546837696,1.4718747356179318,26,Brighton,FWD,5.3,1.5721079806910496,1.5386968990000103,Reduced Ridge,21.0,1.75,8
João Victor Gomes da Silva,0.034845899564280906,0.18494152652433563,0.15009562696005468,1.1485161872964205,5.65650188303484,14719.154408787104,0.8864228164246626,5.16555377495304,26,Wolves,MID,4.9,3.0506040744797804,3.7555873079708664,Reduced Ridge,16.0,1.3333333333333333,10
Joël Veltman,0.003477678884255351,0.003741744346420698,0.00026406546216534746,0.14301199557190752,0.4974708253269111,49672.74519304162,0.014301378313070776,0.5023742429168527,26,Brighton,DEF,4.3,0.37637748401091553,0.41837640364622786,Reduced Ridge,27.0,2.25,9
Joško Gvardiol,0.02691395949442904,0.06428043035201927,0.03736647085759024,0.31129430496797433,1.3528212242011868,318994.8338230272,0.2727243521896366,0.6178531894299211,25,Man City,DEF,4.8,0.9771248644044485,0.8573676394129393,Reduced Ridge,79.0,6.583333333333333,9
Julio Enciso,0.0033448179504656193,0.03668211149660319,0.03333729354613757,0.06671161508199475,1.3668527966684656,46744.95682775654,1.9801064021183095e-05,0.33351154290952395,26,Brighton,MID,5.0,0.6534433011138846,0.546799381712431,Reduced Ridge,11.0,0.9166666666666666,8
Julián Álvarez,0.14034494222939234,0.4382675318317039,0.29792258960231155,0.727492661158591,8.064820791173632,3014502.1529608024,0.8888888888888891,3.8147292774581327,25,Man City,FWD,6.7,4.034186142312568,3.961033854027756,Reduced Ridge,34.0,2.8333333333333335,9
Jurriën Timber,3.9602128042366206e-07,3.9602128042366206e-07,0.0,1.1088595851862535e-05,0.0,46081.70644339186,3.960212804236619e-05,0.0,26,Arsenal,DEF,4.6,0.2126318062301933,0.1417545374867955,Reduced Ridge,0.0,0.0,1
Justin Hubner,0.0,0.0,0.0,0.0,0.0,2483.5306383963607,0.0,0.0,13,Wolves,DEF,4.0,0.20798897182402598,0.13865931454935065,Reduced Ridge,0.0,0.0,0
Justin Kluivert,0.03059818960504284,0.14426425168183865,0.1136660620767958,0.9735329639236127,2.4701747618890897,34484.08891458812,0.7700638874349152,2.023983535335568,25,Bournemouth,MID,4.6,2.0622874789496586,2.049519497744962,Reduced Ridge,49.0,4.083333333333333,11
Jérémy Doku,0.1967082934643681,0.24319543049340642,0.04648713702903825,0.7016363145636191,6.278034721106031,275663.99572479114,0.490437562968271,1.7442206558666369,23,Man City,MID,6.5,2.8373672222002497,2.4729850334223786,Reduced Ridge,38.0,3.1666666666666665,10
Jóhann Berg Gudmundsson,0.04136670564969741,0.05767390637701879,0.01630720072732138,1.3658949197650299,2.032732089683623,2637.344819869747,0.48245193976787415,1.3723870285715511,25,Burnley,MID,4.8,1.7269156188861272,1.6087394221146019,Reduced Ridge,16.0,1.3333333333333333,8
Kacper Kozłowski,0.0,0.0,0.0,0.0,0.0,119.11099981966811,0.0,0.0,26,Brighton,MID,4.5,0.2360490702715039,0.15736604684766925,Reduced Ridge,0.0,0.0,0
Kaden Rodney,0.0,0.0,0.0,0.0,0.0,0.0,0.0,0.0,1,Crystal Palace,MID,4.5,0.23602161751516504,0.15734774501011,Reduced Ridge,0.0,0.0,0
Kaelan Casey,0.0,0.0,0.0,0.0,0.0,908.4938271604939,0.0,0.0,7,West Ham,DEF,4.0,0.20782305168439508,0.13854870112293005,Reduced Ridge,1.0,0.08333333333333333,1
Kai Havertz,0.07136111094110913,0.7413219407804813,0.6699608298393722,0.23401412968546334,7.541538604094935,169249.21519648063,0.9096343604921899,8.568675596579485,26,Arsenal,MID,7.1,3.9961001790518234,5.520291984894377,Reduced Ridge,91.0,7.583333333333333,11
Kaide Gordon,0.0,0.0,0.0,0.08691358024691363,0.05925925925925929,143.79012345679013,0.0,0.19753086419753094,5,Liverpool,MID,4.5,0.2824712391786597,0.2541577808516168,Reduced Ridge,0.0,0.0,0
Kaine Kesler-Hayden,0.0,0.0,0.0,0.0,0.0,555.8024691358025,0.0,0.0,5,Aston Villa,DEF,4.0,0.20778589788649482,0.13852393192432988,Reduced Ridge,3.0,0.25,3
Kalvin Phillips,0.003882513832804339,0.03163492760184827,0.027752413769043936,1.1117396069651628,0.7087451325455338,5329.2742207191895,0.28806584362139925,0.009815021221006416,25,West Ham,MID,4.7,1.1100709556796875,0.7433189775267938,Reduced Ridge,4.0,0.3333333333333333,4
Kaoru Mitoma,0.04614032980358389,0.106602600388264,0.0604622705846801,0.3347621301299478,3.1037615112545835,1521022.5754943255,0.3980843714537046,2.3688246944679636,26,Brighton,MID,6.4,1.9514546782203155,2.0905780169695314,Reduced Ridge,0.0,0.0,0
Karl Darlow,0.0,0.0,0.0,0.0,0.0,748.8803086289599,0.0,0.0,26,Newcastle,GK,4.0,0.04942273214340709,0.032948488095604724,Reduced Ridge,0.0,0.0,0
Karl Hein,0.0,0.0,0.0,0.0,0.0,5530.8668314475635,0.0,0.0,26,Arsenal,GK,4.0,0.05024055264868332,0.03349370176578888,Reduced Ridge,0.0,0.0,0
Keane Lewis-Potter,0.1036382954067877,0.17179194846599927,0.06815432134512228,1.1255216433429052,4.448291173227619,8188.825616546193,0.5138985784398088,2.9805230165352414,25,Brentford,MID,4.7,2.4099159217649833,2.6001182866884025,Reduced Ridge,26.0,2.1666666666666665,10
Keinan Davis,0.0,0.0,0.0,0.0,0.0,12017.673098415598,0.0,0.0,26,Aston Villa,FWD,4.9,0.30263776819374055,0.20175851212916035,Reduced Ridge,0.0,0.0,0
Kell Watts,0.0,0.0,0.0,0.0,0.0,5363.34218501684,0.0,0.0,26,Newcastle,DEF,4.0,0.20829234170752164,0.13886156113834774,Reduced Ridge,0.0,0.0,0
Kenny Tete,0.0009564207810284702,0.003162500608241996,0.002206079827213526,0.15266142930191465,0.21460596048226782,29727.769370309925,0.06617457007106382,0.22466874050524602,26,Fulham,DEF,4.4,0.3577838430431417,0.31341214219717645,Reduced Ridge,4.0,0.3333333333333333,4
Kepa Arrizabalaga,0.0,0.0,0.0,0.0,0.0,19287.557120461483,0.0,0.0,25,Chelsea,GK,5.0,0.0525932366952413,0.03506215779682753,Reduced Ridge,0.0,0.0,0
Kevin De Bruyne,0.20474201479879606,0.26781590519459897,0.06307389039580287,0.5627357071230472,6.6901169696014176,2866925.733465366,0.3868906789122283,2.5185779217105826,25,Man City,MID,10.8,3.4284596154192197,3.1251657175163405,Reduced Ridge,67.0,5.583333333333333,10
Kevin Mbabu,0.0,0.0,0.0,0.0,0.0,19222.573859969772,0.0,0.0,26,Fulham,DEF,4.0,0.2097523238731963,0.13983488258213086,Reduced Ridge,0.0,0.0,0
Kevin Schade,1.9083275450415207e-05,6.809090890284336e-05,4.900763345242819e-05,0.0001256377512144068,0.0008342435785424701,5507.0550265802685,0.00014108258115092957,0.0009838653685525353,25,Brentford,MID,5.2,0.2377547562233978,0.15883112593844936,Reduced Ridge,14.0,1.1666666666666667,6
Ki-Jana Hoever,0.0,0.0,0.0,0.0,0.0,4358.03951256433,0.0,0.0,26,Wolves,DEF,4.0,0.20818643944632065,0.13879095963088042,Reduced Ridge,0.0,0.0,0
Kieffer Moore,0.0005864497935439649,0.021897663336837504,0.021311213543293538,0.019296293805186458,0.08473611942074624,20391.336114664897,0.0,0.09834492137782683,25,Bournemouth,FWD,4.6,0.34519143998199375,0.2629092671139381,Reduced Ridge,0.0,0.0,0
Kieran Tierney,0.0,0.0,0.0,0.0,0.0,10154.05551570897,0.0,0.0,26,Arsenal,DEF,4.4,0.20879701297557696,0.13919800865038462,Reduced Ridge,0.0,0.0,0
Kieran Trippier,0.1612277945783833,0.19437514801260813,0.033147353434224834,2.171186797805309,5.469615835622266,4376784.068432864,0.9620654033091163,2.3016776224101902,26,Newcastle,DEF,6.9,3.4779296483690825,3.0858456397161182,Reduced Ridge,4.0,0.3333333333333333,3
Kjell Scherpen,0.0,0.0,0.0,0.0,0.0,71.9522747743516,0.0,0.0,26,Brighton,GK,4.0,0.049306963179182484,0.032871308786121656,Reduced Ridge,0.0,0.0,0
Kobbie Mainoo,0.15113067845516037,0.186129916376209,0.03499923792104862,1.4689830375233464,3.0775063145924637,55964.61904906676,0.9869403293226449,2.2014736035295237,26,Man Utd,MID,4.4,2.641250026318329,2.4946578853887273,Reduced Ridge,46.0,3.8333333333333335,11
Konstantinos Mavropanos,0.0005816638159268862,0.007646084820258439,0.007064421004331555,0.8256513315977752,1.4411771526105324,18484.438684618588,0.5081822376203754,1.0589406726556025,24,West Ham,DEF,4.5,1.2758085819437,1.2035192788476674,Reduced Ridge,8.0,0.6666666666666666,8
Konstantinos Tsimikas,0.004392533405738388,0.004600203578804532,0.00020767017306614385,0.04480984577436857,0.20307797479623227,290481.05708441394,0.05059036513683203,0.40514381005507116,25,Liverpool,DEF,4.5,0.36121565647301046,0.37585837433369734,Reduced Ridge,2.0,0.16666666666666666,2
Kortney Hause,0.0,0.0,0.0,0.0,0.0,20128.905052042603,0.0,0.0,26,Aston Villa,DEF,3.9,0.2098478001165881,0.13989853341105873,Reduced Ridge,0.0,0.0,0
Kristian Sekularac,0.0,0.0,0.0,0.0,0.0,50.66666666666667,0.0,0.0,5,Fulham,MID,4.5,0.23603329519108573,0.15735553012739048,Reduced Ridge,0.0,0.0,0
Kristoffer Ajer,0.03595997904235926,0.036298650330892974,0.0003386712885337151,1.7153433919391836,2.798764057519092,23905.40427246688,0.7850934346093676,0.8125668941408287,25,Brentford,DEF,4.4,2.0258833853580045,1.6214445549522791,Reduced Ridge,40.0,3.3333333333333335,10
Kurt Zouma,0.0009990726122902603,0.027549535584793353,0.026550462972503092,1.6187557103452472,2.145805088964212,155760.9883136599,0.9478966121484609,0.8184493729980349,26,West Ham,DEF,4.5,2.0553884825647586,1.6430754460425172,Reduced Ridge,27.0,2.25,11
Kyle Walker,0.10959620758023067,0.1275310382986912,0.017934830718460505,0.6608495949560014,3.1452944725062806,1860371.710220688,0.6748971193415639,3.5538990954493324,25,Man City,DEF,5.5,2.166556740005226,2.629004191819928,Reduced Ridge,43.0,3.5833333333333335,7
Lawrence Vigouroux,0.0,0.0,0.0,0.0,0.0,27803.279440925384,0.0,0.0,25,Burnley,GK,3.9,0.054049604733436785,0.03603306982229119,Reduced Ridge,0.0,0.0,0
Leander Dendoncker,0.00019509221155311702,0.014024962319429637,0.013829870107876518,0.01940886091893853,0.16656191375070542,2390.334006091343,0.019509221155311705,0.2987707521931819,26,Aston Villa,MID,4.9,0.3202584094412958,0.3130958570252578,Reduced Ridge,0.0,0.0,0
Leandro Trossard,0.018481697448445945,0.2507598841317757,0.23227818668332978,0.13517394266242047,4.650385856850791,220118.0972181477,0.4394542755847693,5.2991382147467085,26,Arsenal,MID,6.5,2.1879291899998026,3.2249988649154377,Reduced Ridge,54.0,4.5,11
Leigh Kavanagh,0.0,0.0,0.0,0.0,0.0,1299.0846340421608,0.0,0.0,13,Brighton,DEF,4.0,0.2078641979488849,0.13857613196592325,Reduced Ridge,0.0,0.0,0
Leo Castledine,0.0,0.0,0.0,0.0,0.0,188.56390455384513,0.0,0.0,11,Chelsea,MID,4.5,0.2360650778079496,0.15737671853863305,Reduced Ridge,0.0,0.0,0
Leon Bailey,0.37253564292264285,0.7816930850514007,0.4091574421287579,1.4399590470408865,8.133967386735579,384870.0149018378,0.9204067857487979,6.684669951013932,26,Aston Villa,MID,5.6,4.699295609428246,5.361087056623474,Reduced Ridge,41.0,3.4166666666666665,11
Lesley Ugochukwu,0.00023468858684494974,0.00023468858684494974,0.0,0.02448156400095624,0.02564051963908943,17702.823845387597,0.022178579585005263,0.025332894884672698,25,Chelsea,MID,4.4,0.27470377005145574,0.1915801449958614,Reduced Ridge,2.0,0.16666666666666666,2
Levi Colwill,0.008342274400037845,0.016707161692195882,0.008364887292158035,1.2662107661447373,1.744189629802546,515306.70033154706,0.5179115733344708,1.5875396950423537,25,Chelsea,DEF,4.7,1.431716512990894,1.4836575736747137,Reduced Ridge,1.0,0.08333333333333333,1
Lewis Cook,0.06996769936836755,0.0790676958614146,0.009099996493047036,1.5697771216773067,2.5537678975914115,2599.6087978398523,0.9784540731121112,1.5567492730016868,25,Bournemouth,MID,5.0,2.3836701674328804,2.1080298692891493,Reduced Ridge,38.0,3.1666666666666665,11
Lewis Dobbin,0.0079879422174804,0.01189879012950219,0.00391084791202179,0.05858257144638178,0.2798842337369502,5772.486592636431,2.970159603177464e-05,0.2592068460124565,26,Everton,MID,4.5,0.34328583363979404,0.3152595044306815,Reduced Ridge,3.0,0.25,3
Lewis Dunk,0.12050857375823013,0.24457384840657503,0.124260366859898,0.8396069570835625,7.960948731301544,414212.8170462479,0.9631715502790563,7.199171621395854,26,Brighton,DEF,5.1,3.770143500063389,4.913152873840877,Reduced Ridge,29.0,2.4166666666666665,10
Lewis Hall,0.00028179986113228023,0.0003046364437374919,2.2836582605211704e-05,0.08505448490447122,0.030181967001788657,15523.2420461659,0.0011418291302605853,0.10836214743445893,26,Newcastle,DEF,4.3,0.22029263111251862,0.1829824698864987,Reduced Ridge,31.0,2.5833333333333335,9
Lewis Koumas,0.0,0.0,0.0,0.0,0.0,98.66666666666666,0.0,0.0,2,Liverpool,FWD,4.5,0.2994251657304846,0.1996167771536564,Reduced Ridge,0.0,0.0,0
Lewis Miley,0.023430050107649324,0.03757798207208398,0.01414793196443466,2.2333599472071293,2.8752649801131205,18858.531675252278,0.9890455767815627,2.26429831902876,26,Newcastle,MID,4.5,2.6617106109036075,2.529239846945325,Reduced Ridge,5.0,0.4166666666666667,2
Lewis O'Brien,0.0,0.0,0.0,0.0,0.0,830.7305519750821,0.0,0.0,26,Nott'm Forest,MID,4.9,0.23621308466312962,0.15747538977541975,Reduced Ridge,0.0,0.0,0
Lewis Orford,0.0,0.0,0.0,0.0,0.0,128.0713305898491,0.0,0.0,7,West Ham,MID,4.5,0.2360511354525343,0.15736742363502287,Reduced Ridge,0.0,0.0,0
Lisandro Martínez,2.84640295304507e-06,2.84640295304507e-06,0.0,0.27872568715084023,0.47346650920531197,233630.94473179584,0.1648095392711569,0.6368101074823884,26,Man Utd,DEF,4.7,0.5800931147244626,0.5989987789771045,Reduced Ridge,3.0,0.25,3
Lloyd Kelly,0.004035047916515156,0.008735447744878392,0.004700399828363236,0.8095626779149627,0.778025128489996,4964.851815738937,0.5419669708812392,0.5678687489712663,25,Bournemouth,DEF,4.5,1.1244302441687843,0.9389097457696116,Reduced Ridge,23.0,1.9166666666666667,8
Lorenz Assignon,0.06740740740740743,0.07185185185185186,0.0044444444444444444,2.0951851851851853,2.8962962962962964,3747.851851851852,1.0,1.4444444444444449,4,Burnley,DEF,4.0,2.3246170259723336,2.0312261654630372,Reduced Ridge,20.0,1.6666666666666667,11
Loris Karius,0.0,0.0,0.0,0.7999999999999999,1.0666666666666667,26606.69974226593,0.3333333333333333,0.3333333333333333,26,Newcastle,GK,3.9,0.9473917738195271,0.7427056269907959,Reduced Ridge,0.0,0.0,0
Louie Marsh,0.0,0.0,0.0,0.0,0.0,2341.125097547064,0.0,0.0,26,Sheffield Utd,FWD,4.5,0.3000295892216579,0.20001972614777191,Reduced Ridge,0.0,0.0,0
Louie Watson,0.0,0.0,0.0,0.0,0.0,12707.004957509722,0.0,0.0,23,Luton,MID,4.4,0.2389503336826423,0.15930022245509484,Reduced Ridge,0.0,0.0,0
Loïc Mbe Soh,0.0,0.0,0.0,0.0,0.0,4983.53577134557,0.0,0.0,26,Nott'm Forest,DEF,4.0,0.20825233151046496,0.1388348876736433,Reduced Ridge,0.0,0.0,0
Luc De Fougerolles,0.0,0.0,0.0,0.0,0.0,8061.386558291075,0.0,0.0,26,Fulham,DEF,3.9,0.2085765635720207,0.13905104238134713,Reduced Ridge,0.0,0.0,0
Luca Barrington,0.0,0.0,0.0,0.0,0.0,246.4880805206975,0.0,0.0,12,Brighton,MID,4.5,0.2360784281978494,0.15738561879856627,Reduced Ridge,0.0,0.0,0
Luca Koleosho,0.0003995144569009728,0.002047117316707759,0.0016476028598067867,0.007185937141303688,0.036584623302297996,5697.443407938634,0.011147518036633565,0.04140455421802778,25,Burnley,MID,4.8,0.26125246406147473,0.18796982744699242,Reduced Ridge,0.0,0.0,0
Lucas Bergström,0.0,0.0,0.0,0.0,0.0,2946.4386187502682,0.0,0.0,25,Chelsea,GK,3.9,0.04979856094153967,0.03319904062769311,Reduced Ridge,0.0,0.0,0
Lucas Digne,0.01069551596353621,0.03161531277113442,0.02091979680759821,0.3995783903652088,0.5476190288442847,301324.9512411308,0.04985689850801882,0.8657937621482334,26,Aston Villa,DEF,4.6,0.46303898060200477,0.5972905744507476,Reduced Ridge,26.0,2.1666666666666665,12
Lucas Tolentino Coelho de Lima,0.07385855422772557,0.11700373386949116,0.04314517964176559,0.15530546404257126,1.6206776766971027,145702.5813354078,0.39109977737909474,0.9134193235416852,26,West Ham,MID,6.0,1.2172941286473393,1.1160025269454545,Reduced Ridge,35.0,2.9166666666666665,12
Luis Díaz,0.13978903039011997,1.1033835863138,0.96359455592368,1.873102166490469,14.32363725527889,940103.7862121507,1.2977843509248472,8.412798981376522,25,Liverpool,MID,7.5,7.256301800195195,7.641800860588971,Reduced Ridge,45.0,3.75,11
Luis Sinisterra,0.03488274963175735,0.08688083143687327,0.051998081805115906,0.36809162672401213,2.589215709612211,5383.906926409358,0.3258536695512767,1.6785210881755352,21,Bournemouth,MID,5.5,1.4004328504636196,1.4931289297009247,Reduced Ridge,3.0,0.25,2
Lukasz Fabianski,0.0,0.0,0.0,0.12276764495023912,0.0655154570309781,133943.1890860077,0.018304948244490003,0.1306033971786145,26,West Ham,GK,4.2,0.10141162192168574,0.11114221367399531,Reduced Ridge,11.0,0.9166666666666666,5
Luke Berry,0.03111111111111111,0.08222222222222222,0.051111111111111114,0.04571861731777,0.7655335946881219,3051.54765880777,0.0,0.7208057458490902,23,Luton,MID,4.6,0.5529570964599646,0.6089066462563397,Reduced Ridge,25.0,2.0833333333333335,10
Luke Chambers,0.0,0.0,0.0,0.0,0.0,1874.4992124022642,0.0,0.0,18,Liverpool,DEF,4.0,0.2079248142256006,0.13861654281706706,Reduced Ridge,0.0,0.0,0
Luke Cundle,0.0,0.0,0.0,0.0,0.0,1010.9960604317966,0.0,0.0,26,Wolves,MID,4.5,0.23625463233788224,0.15750308822525483,Reduced Ridge,0.0,0.0,0
Luke Freeman,0.0,0.0,0.0,0.0,0.0,853.1202204438285,0.0,0.0,23,Luton,MID,4.9,0.23621824504389966,0.15747883002926644,Reduced Ridge,0.0,0.0,0
Luke Harris,4.4552394047661944e-07,1.2920194273821966e-05,1.2474670333345348e-05,0.00010068841054771606,9.356002750009007e-05,1807.3649717922544,0.0,8.910478809532391e-05,24,Fulham,MID,4.5,0.23651588027136272,0.15770695511027358,Reduced Ridge,0.0,0.0,0
Luke McNally,0.0,0.0,0.0,0.0,0.0,1043.2380959726554,0.0,0.0,25,Burnley,DEF,4.0,0.20783724613860488,0.13855816409240324,Reduced Ridge,0.0,0.0,0
Luke Plange,0.0,0.0,0.0,0.0,0.0,1012.7391223218071,0.0,0.0,26,Crystal Palace,FWD,4.5,0.29967154125175366,0.1997810275011691,Reduced Ridge,0.0,0.0,0
Luke Shaw,0.013969760065653616,0.014119625139000317,0.00014986507334670176,0.7345356133250942,0.9534606328479712,345299.40905292134,0.5706317819802181,1.0068921179771781,26,Man Utd,DEF,5.2,1.2463875454838491,1.1665557363149588,Reduced Ridge,0.0,0.0,0
Luke Thomas,0.00010444838895943369,0.00021901243379394685,0.00011456404483451319,0.0775578324073538,0.03480269051484728,6794.657465335178,0.03683752118008352,0.031102270610393293,23,Sheffield Utd,DEF,4.0,0.2656901828529923,0.18749421210545927,Reduced Ridge,0.0,0.0,0
Lyle Foster,0.004448838591513705,0.018147225774542173,0.01369838718302847,0.3897377398739776,0.8624198485627798,50093.22080884667,0.2711987177628386,0.6433542556772346,25,Burnley,FWD,4.7,0.965975354834004,0.8584349884484141,Reduced Ridge,23.0,1.9166666666666667,10
Mackenzie Hunt,0.0,0.0,0.0,0.0,0.0,723.0470424575013,0.0,0.0,21,Everton,MID,4.5,0.23618826571984997,0.1574588438132333,Reduced Ridge,0.0,0.0,0
Mads Bech Sørensen,0.0,0.0,0.0,0.0,0.0,7896.777802075125,0.0,0.0,25,Brentford,DEF,4.0,0.20855922308345498,0.13903948205563665,Reduced Ridge,0.0,0.0,0
Mads Bidstrup,0.0,0.0,0.0,0.0,0.0,128.86867539538136,0.0,0.0,25,Brentford,MID,4.5,0.23605131922492073,0.15736754614994714,Reduced Ridge,0.0,0.0,0
Mads Juel Andersen,0.0,3.796699330249191e-05,3.796699330249191e-05,0.014174641905094518,0.03166360467047546,68486.68508401852,0.0008917440121102337,0.050788352587778966,23,Luton,DEF,3.9,0.2253756506666964,0.16717988464039057,Reduced Ridge,0.0,0.0,0
Mads Roerslev Rasmussen,0.041324356294778555,0.1213775207014022,0.08005316440662363,1.6244830799080578,2.7007485481806697,9043.833774674811,0.8716197511748592,2.3972691231271,25,Brentford,DEF,4.4,2.0996131386556316,2.198831800146121,Reduced Ridge,35.0,2.9166666666666665,12
Mahamadou Susoho,0.0,0.0,0.0,0.0,0.0,108.99573235787227,0.0,0.0,9,Man City,MID,4.5,0.23604673890014993,0.15736449260009994,Reduced Ridge,0.0,0.0,0
Mahmoud Dahoud,0.0003061388679006553,0.0008114356267482111,0.000505296758847556,0.004037326684810264,0.007427924417085418,6875.84361317094,0.007636492321375044,0.007188338552083113,26,Brighton,MID,4.8,0.2485728693934166,0.16811135911297212,Reduced Ridge,0.0,0.0,0
Malang Sarr,0.0,0.0,0.0,0.0,0.0,9501.797250420608,0.0,0.0,25,Chelsea,DEF,4.3,0.2087283017037641,0.13915220113584273,Reduced Ridge,0.0,0.0,0
Malcolm Ebiowei,0.0,0.0,0.0,0.0,0.0,2669.831868769221,0.0,0.0,26,Crystal Palace,MID,4.4,0.2366369615545083,0.1577579743696722,Reduced Ridge,0.0,0.0,0
Malo Gusto,0.17672422160345744,0.18190311909436627,0.005178897490908851,1.5308136676388857,6.035080156903018,703774.8290426675,0.8631152950017296,2.599211576907379,25,Chelsea,DEF,4.2,3.125226689332549,2.9498883185241587,Reduced Ridge,27.0,2.25,8
Manor Solomon,7.484802200007208e-05,0.00011444396220993162,3.959594020985957e-05,0.00015198863594384677,0.0031511537039960896,8098.560514843206,0.00016707147767873232,0.001174141218131091,25,Spurs,MID,5.1,0.23900971608326782,0.15973119112822223,Reduced Ridge,0.0,0.0,0
Manuel Akanji,0.0787530368800372,0.12231157922876784,0.043558542348730626,0.8309520701957394,3.873736413439184,435065.82746953063,0.9908964171735171,5.504354617140346,25,Man City,DEF,4.9,2.6282183896367197,3.5869304654712617,Reduced Ridge,43.0,3.5833333333333335,10
Manuel Benson Hedilazio,8.771007844523554e-05,9.071736504345272e-05,3.0072865982171804e-06,0.002479812992105793,0.03968132126667264,6407.023470458185,2.970159603177464e-05,0.3421934459659522,25,Burnley,MID,5.2,0.24818003755001905,0.27951784035533006,Reduced Ridge,3.0,0.25,3
Marc Cucurella Saseta,0.0005939229507296407,0.0014904966990530043,0.0008965737483233637,0.03828160570000214,0.07296728662862924,40372.35223245582,0.020565699439126315,0.02297050083653856,25,Chelsea,DEF,4.8,0.25935259137887146,0.18055856119809383,Reduced Ridge,34.0,2.8333333333333335,10
Marc Guéhi,0.0031419558136985604,0.00333262304368316,0.0001906672299845999,0.3435668048100952,0.5209234658888602,268278.67749083915,0.296229467705225,0.3364569549015969,26,Crystal Palace,DEF,4.3,0.763715917558885,0.6212962633397889,Reduced Ridge,8.0,0.6666666666666666,3
Marcelo de Araújo Pitaluga Filho,0.0,0.0,0.0,0.0,0.0,198.02552117732733,0.0,0.0,11,Liverpool,GK,4.0,0.04932852436208901,0.032885682908059335,Reduced Ridge,0.0,0.0,0
Marcos Senesi,0.11726167198924672,0.1454544158686237,0.02819274387937703,1.5208522952391568,3.2173471881692866,349799.42171092867,0.9533985646260996,2.1570502824657085,25,Bournemouth,DEF,4.5,2.386328964350941,2.3099027370558636,Reduced Ridge,34.0,2.8333333333333335,8
Marcus Bettinelli,0.0,0.0,0.0,0.0,0.0,2910.9792365498206,0.0,-0.019509221155311705,25,Chelsea,GK,4.0,0.049792496639658124,0.026691924041334848,Reduced Ridge,0.0,0.0,0
Marcus Oliveira Alencar,0.0,0.0,0.0,0.0,0.0,4397.308095600498,0.0,0.0,26,Arsenal,MID,4.5,0.2370351110453892,0.1580234073635928,Reduced Ridge,0.0,0.0,0
Marcus Rashford,0.08382417793176762,0.2383255139362104,0.15450133600444277,1.4725519357701287,5.198825417556535,1188280.8529546247,0.9679276848984619,2.822734206010704,26,Man Utd,MID,8.4,3.4735644018071468,3.2566210032083323,Reduced Ridge,25.0,2.0833333333333335,8
Marcus Tavernier,0.15384726856404096,0.3188577314387524,0.1650104628747114,1.492498863923878,5.132997655997029,54701.587546097784,0.8952535721560761,2.130135361230084,25,Bournemouth,MID,5.4,3.252848812705017,2.8786109955467056,Reduced Ridge,18.0,1.5,7
Marek Rodák,0.0,0.0,0.0,0.0,0.0,37829.92315071392,0.0,-2.970159603177464e-05,26,Fulham,GK,3.9,0.05576437218119845,0.037166347588788375,Reduced Ridge,0.0,0.0,0
Mario Lemina,0.03194928757080277,0.22581785796344006,0.1938685703926373,1.3733347200860258,4.332847005360778,13748.65661533731,0.9678287329816468,2.402353376704912,26,Wolves,MID,4.9,2.939005739074097,2.7601216182843684,Reduced Ridge,26.0,2.1666666666666665,11
Mark Flekken,0.0032555497084203002,0.0032555497084203002,0.0,2.412547100296107,4.43514132220717,335561.635642127,1.221883902479923,3.619503399315216,25,Brentford,GK,4.5,3.5973411847499643,3.604728589605048,Reduced Ridge,46.0,3.8333333333333335,12
Mark Gillespie,0.0,0.0,0.0,0.0,0.0,9136.836437077069,0.0,0.0,26,Newcastle,GK,3.9,0.05085724946930681,0.03390483297953787,Reduced Ridge,0.0,0.0,0
Mark O’Mahony,0.0,0.0,0.0,0.0,0.0,2563.242900382587,0.0,0.0,15,Brighton,FWD,4.5,0.3000894579871132,0.20005963865807544,Reduced Ridge,2.0,0.16666666666666666,3
Mark Travers,0.0,0.0,0.0,0.0,0.0,9362.206833935245,0.0,0.0,25,Bournemouth,GK,4.0,0.05089579255824139,0.03393052837216093,Reduced Ridge,19.0,1.5833333333333333,4
Martin Dubravka,0.0,0.0,0.0,1.5840082718495565,1.8639085053656008,906375.8116207107,0.6589593200374079,1.415256506993878,26,Newcastle,GK,4.2,1.94676285785081,1.7695940742318326,Reduced Ridge,40.0,3.3333333333333335,10
Martin Ødegaard,0.33493204219571326,0.42664310891342005,0.09171106671770683,0.2863207005506786,9.209105332427486,1683467.5155623183,0.9975894718361169,6.014309449381092,26,Arsenal,MID,8.4,4.408223023409437,4.943585165399988,Reduced Ridge,70.0,5.833333333333333,11
Marvelous Nakamba,0.0002603720059744785,0.00032373386388413766,6.336185790965921e-05,0.03806744959680693,0.033796272490933824,64828.61098253031,0.021051813808432858,0.026879345264622198,23,Luton,MID,4.4,0.29170888000154205,0.20343236842256873,Reduced Ridge,0.0,0.0,0
Mason Burstow,0.0,0.0,0.0,2.6731436428597175e-05,1.188063841270986e-05,6427.352703171045,0.0,7.42539900794366e-05,25,Chelsea,FWD,4.5,0.3011508776979097,0.20079200312863293,Reduced Ridge,0.0,0.0,0
Mason Holgate,0.0009876543209876546,0.03456790123456791,0.03358024691358026,1.7449382716049384,0.5975308641975311,39939.719981839124,0.4691358024691359,-0.7407407407407407,26,Sheffield Utd,DEF,4.0,0.9907017276900606,0.41355423821312676,Reduced Ridge,4.0,0.3333333333333333,7
Mason Mount,0.00013647902713577023,0.00017331828796393066,3.683926082816047e-05,0.0018803136803259251,0.006553494733807772,84466.41929383206,0.00043531401684069693,0.0035087137379957905,26,Man Utd,MID,6.8,0.25838469661432617,0.17342603565554937,Reduced Ridge,11.0,0.9166666666666666,6
Mateo Kovačić,0.06590985396317531,0.08317125232165742,0.017261398358482123,0.37762247255514947,1.439929369784094,37286.72807843721,0.41701045557224575,1.5857852524327956,25,Man City,MID,4.7,1.2058895586423437,1.3325214565724943,Reduced Ridge,27.0,2.25,10
Matheus França de Oliveira,0.10207993692352188,0.1285765332870663,0.026496596363544428,0.20698639474898817,1.8806762752292125,750.8021252740632,0.14814814814814817,2.731814994431025,26,Crystal Palace,MID,4.8,1.073472658267361,1.6262534369885824,Reduced Ridge,1.0,0.08333333333333333,1
Matheus Luiz Nunes,0.11228889419185623,0.12533717091927252,0.013048276727416288,0.32042858661023277,2.74285062362383,9655.379360331453,0.5672993396488426,1.599476822805288,25,Man City,MID,4.8,1.6815339007918626,1.6541815414630041,Reduced Ridge,7.0,0.5833333333333334,6
Matheus Santos Carneiro Da Cunha,0.04017888778840028,0.26547289454547074,0.22529400675707048,0.6112496909278012,3.983323771121994,523713.85423193546,0.44444444444444453,2.7222155943017747,26,Wolves,FWD,5.6,2.0837403364832037,2.296565422422727,Reduced Ridge,27.0,2.25,8
Mathias Jensen,0.08356842205839121,0.09733849460638633,0.013770072547995105,1.6168280020663837,2.3916956192644614,103464.08000311331,0.9466105676202377,2.2103050615670856,25,Brentford,MID,5.4,2.382968058009064,2.325413725861738,Reduced Ridge,22.0,1.8333333333333333,11
Mathias Jorgensen,0.012677147520478495,0.04934381418714517,0.03666666666666667,1.1000807960150143,1.119321938693431,6895.310291940412,0.5978255347253976,0.156009609016103,25,Brentford,DEF,4.3,1.2944686069996156,0.9149822743384447,Reduced Ridge,24.0,2.0,8
Matija Šarkić,0.0,0.0,0.0,0.0,0.0,28864.984263649683,0.0,0.0,26,Wolves,GK,4.0,0.054231178640103295,0.036154119093402194,Reduced Ridge,0.0,0.0,0
Matt Doherty,0.005852195644385771,0.015910641912703433,0.010058446268317662,0.3167325698202176,0.5472278989609056,23322.24723564175,0.11007768874092774,1.2424054544614025,26,Wolves,DEF,4.3,0.5097475856862816,0.7539668752779886,Reduced Ridge,11.0,0.9166666666666666,9
Matt Macey,0.0,0.0,0.0,0.0,0.0,20466.259641620414,0.0,0.0,23,Luton,GK,4.0,0.05279481967478861,0.03519654644985907,Reduced Ridge,0.0,0.0,0
Matt Ritchie,0.00012702849074149006,0.1349276122564597,0.13480058376571818,0.03739813910564758,1.5723815107775574,20113.133524183744,0.0,1.356110445671344,26,Newcastle,MID,4.3,0.8223285598267227,1.000255855108263,Reduced Ridge,5.0,0.4166666666666667,5
Matt Targett,4.4552394047661944e-07,4.4552394047661944e-07,0.0,7.217487835721238e-05,9.504510730167888e-05,8874.109875680333,4.4552394047661955e-05,0.00025524809089806324,26,Newcastle,DEF,4.2,0.2087465763343621,0.13924946691987408,Reduced Ridge,0.0,0.0,0
Matt Turner,0.0,0.0,0.0,0.25091179233833677,0.4081303411078886,1248973.811244957,0.18749228309399005,0.3205761065082193,26,Nott'm Forest,GK,3.9,0.7990314640380254,0.6395463448614233,Reduced Ridge,-1.0,-0.08333333333333333,0
Matthew Cox,0.0,0.0,0.0,0.0,0.0,546.5358240952509,0.0,0.0,25,Brentford,GK,4.0,0.04938812697089312,0.03292541798059541,Reduced Ridge,0.0,0.0,0
Matthew Dibley-Dias,0.0,0.0,0.0,0.0,0.0,799.3296708076941,0.0,0.0,26,Fulham,MID,4.5,0.23620584737403938,0.15747056491602623,Reduced Ridge,0.0,0.0,0
Matthew Whittingham,0.0,0.0,0.0,0.0,0.0,289.1888713892982,0.0,0.0,13,Wolves,MID,4.5,0.23608826989516518,0.15739217993011012,Reduced Ridge,0.0,0.0,0
Matty Cash,0.09172198033509403,0.14686646804964676,0.05514448771455276,1.7268610084094507,2.7739953249723444,1701337.3338625948,0.7963624685838442,1.033038721429765,26,Aston Villa,DEF,4.6,2.2036931047123662,1.813474976951499,Reduced Ridge,8.0,0.6666666666666666,6
Matz Sels,0.0044444444444444444,0.0044444444444444444,0.0,1.67,1.4185185185185185,1988.2592592592594,1.0,2.5185185185185186,4,Nott'm Forest,GK,4.5,2.7912878789504534,2.700364758806475,Reduced Ridge,23.0,1.9166666666666667,12
Mauro Bandeira,0.0,0.0,0.0,0.0,0.0,31.444444444444443,0.0,0.0,3,Arsenal,MID,4.5,0.23602886484473862,0.15735257656315907,Reduced Ridge,0.0,0.0,0
Max Aarons,0.004289547080290953,0.004290141112211589,5.940319206354926e-07,0.11745500558236288,0.16574359804732805,13748.88090688327,0.04869565894332452,0.015873240652723303,25,Bournemouth,DEF,4.4,0.31950007820360493,0.21829113235331105,Reduced Ridge,5.0,0.4166666666666667,6
Max Kilman,0.06163955351711058,0.1381324391089593,0.07649288559184876,1.3979415960252477,3.2272234247634515,162205.58097616193,1.0,3.780883211759394,26,Wolves,DEF,4.5,2.4275456120016354,2.8786581452542217,Reduced Ridge,13.0,1.0833333333333333,11
Max Kinsey,0.0,0.0,0.0,0.0,0.0,642.0,0.0,0.0,1,Bournemouth,DEF,4.0,0.20779497824973137,0.1385299854998209,Reduced Ridge,0.0,0.0,0
Max Kinsey-Wellings,0.0,0.0,0.0,0.0,0.0,246.48148148148147,0.0,0.0,4,Bournemouth,DEF,4.0,0.20775331288207066,0.1385022085880471,Reduced Ridge,0.0,0.0,0
Max Lowe,0.003375220319744412,0.014690568589825204,0.011315348270080789,0.313886418416925,0.7056222323420961,3500.9166521971592,0.008730168149979865,0.763480076784295,26,Sheffield Utd,DEF,4.3,0.42577863956427653,0.5383457853042827,Reduced Ridge,2.0,0.16666666666666666,2
Maxime Esteve,0.0,0.0,0.0,1.538148148148148,1.2703703703703706,501.55555555555554,0.7037037037037037,0.6666666666666667,4,Burnley,DEF,4.0,1.477758511017083,1.2073945629002776,Reduced Ridge,12.0,1.0,12
Maxwel Cornet,0.001426611796982168,0.034897119341563795,0.033470507544581626,0.34395061728395065,1.1648913223460478,5662.218860067408,0.04389574759945132,0.6941411110443662,26,West Ham,MID,5.2,0.7324699661747797,0.7196936811313084,Reduced Ridge,2.0,0.16666666666666666,2
Micah Hamilton,0.0,0.0,0.0,0.0,0.0,94.11339734796525,0.0,0.0,8,Man City,MID,4.5,0.2360433088129421,0.15736220587529473,Reduced Ridge,0.0,0.0,0
Michael Keane,9.446409762621096e-05,0.005634499299616952,0.0055400352019907406,0.06903345557577091,0.14159612827708043,22736.25988204613,0.037993999882947424,0.17025286708720302,26,Everton,DEF,4.3,0.29943874198931997,0.25637678368861433,Reduced Ridge,0.0,0.0,2
Michael Ndiweni,0.0,0.0,0.0,0.0,0.0,1416.2155422709202,0.0,0.0051382310861726324,14,Newcastle,FWD,4.4,0.2997802927108637,0.2015662721693,Reduced Ridge,0.0,0.0,0
Michael Obafemi,2.5691155430863162e-05,0.00023692954452907145,0.00021123838909820828,7.707346629258947e-05,0.00436749642324674,2968.9299306749167,0.0,0.0037109446733469015,25,Burnley,FWD,4.9,0.30116243449023017,0.2020119378846024,Reduced Ridge,0.0,0.0,0
Michael Olakigbe,0.00019509221155311702,0.0006033203542486541,0.00040822814269553714,0.0064966850699180985,0.022220723936294814,2208.5463714998996,0.0,0.07133335572129636,21,Brentford,MID,4.5,0.24514701234730973,0.18720912680530527,Reduced Ridge,0.0,0.0,0
Michael Olise,0.059925645904597515,0.11135257061739973,0.051426924712802205,0.1537510278657463,2.100322651753198,98434.23506759488,0.1444291192353537,1.9597729638919543,26,Crystal Palace,MID,5.7,1.102536338783819,1.3882818804865307,Reduced Ridge,53.0,4.416666666666667,7
Michail Antonio,0.00015465056414028816,0.013982501162039997,0.013827850597899708,0.6296733134043287,0.030059773416455236,180706.14839288304,0.2245058804827434,0.5635139396490616,26,West Ham,FWD,5.7,0.9704887214548987,0.834830460852953,Reduced Ridge,38.0,3.1666666666666665,12
Michale Olakigbe,0.003333333333333333,0.016666666666666666,0.013333333333333332,0.0,0.26666666666666666,1299.1111111111113,0.0,0.3333333333333333,4,Brentford,MID,4.5,0.3240217574919383,0.32712561610573665,Reduced Ridge,0.0,0.0,0
Michał Karbownik,0.0,0.0,0.0,0.0,0.0,1280.568143618215,0.0,0.0,26,Brighton,DEF,4.0,0.20786224735404502,0.13857483156936334,Reduced Ridge,0.0,0.0,0
Micky van de Ven,0.023234207487365433,0.023354995524852776,0.00012078803748734343,1.3561597796907372,2.360165213957157,152966.70929395972,0.871738244592428,1.102622078735557,25,Spurs,DEF,4.4,2.0191017727743095,1.7136085414280586,Reduced Ridge,32.0,2.6666666666666665,9
Miguel Almirón Rejala,0.11479050609020738,0.1976372205238472,0.08284671443363985,2.0222197770221726,2.2747413488432606,379947.7719004096,0.9044873985344848,1.8080991376210185,26,Newcastle,MID,6.1,2.670608920058192,2.3831056592458006,Reduced Ridge,7.0,0.5833333333333334,6
Mike Trésor,0.002268864603271085,0.002657714494002639,0.0003888498907315536,0.08051250375737438,0.11984407773539318,2398.4542144716147,0.020073087392477422,0.1488556359218764,22,Burnley,MID,5.3,0.31621890769746397,0.2604311504389348,Reduced Ridge,2.0,0.16666666666666666,2
Mikkel Damsgaard,0.05683209555325604,0.07249392791174086,0.015661832358484843,0.29974366884461867,3.0972008734945002,4605.527067398693,0.05690189503632581,2.2641974441898354,25,Brentford,MID,4.8,1.2474035329083588,1.586334836668851,Reduced Ridge,23.0,1.9166666666666667,10
Milos Kerkez,0.008299825440345531,0.04853552152748081,0.040235696087135266,0.6702992663700232,2.0841713558209918,19353.322038293863,0.3543025495484313,1.0897779548305346,25,Bournemouth,DEF,4.4,1.2646778841974922,1.2063779077418397,Reduced Ridge,23.0,1.9166666666666667,8
Mohamed Dräger,0.0,0.0,0.0,0.0,0.0,5534.28025126673,0.0,0.0,26,Nott'm Forest,DEF,4.0,0.20831034894876077,0.1388735659658405,Reduced Ridge,0.0,0.0,0
Mohamed Elneny,0.0014814814814814816,0.013333333333333336,0.011851851851851853,0.019259259259259264,0.196499288141676,7557.660422507783,0.0,0.48351139993527814,26,Arsenal,MID,4.4,0.3109480399242467,0.36846915992792384,Reduced Ridge,0.0,0.0,0
Mohamed Salah,0.1337252220225231,0.44247118520554235,0.3087459631830193,0.5355699717011568,5.659563283504989,2662828.960965259,0.13168724279835398,4.847454848509097,25,Liverpool,MID,13.0,3.144500374515689,3.7121518658468244,Reduced Ridge,44.0,3.6666666666666665,10
Mohammed Kudus,0.1954849163958962,0.3044774995596294,0.10899258316373317,1.6545292326126315,5.1273280788725835,358634.72586370964,0.9258254614406831,2.9500100419314688,23,West Ham,MID,6.8,3.387611090590719,3.2417440743709687,Reduced Ridge,47.0,3.9166666666666665,12
Moisés Caicedo Corozo,0.05983463482151365,0.06049408476120694,0.0006594499396932932,1.6596108838110943,3.1496287094081716,127096.67193727393,0.9777323156268998,1.8693047323912484,25,Chelsea,MID,4.5,2.563553331838828,2.332137132022968,Reduced Ridge,42.0,3.5,11
Morgan Gibbs-White,0.14289746621304625,0.4511949264985937,0.30829746028554744,1.5741297922974917,5.945494603313199,134240.357481202,0.9521002147560087,4.077828920696043,26,Nott'm Forest,MID,5.7,3.7302230635689555,3.846091682611318,Reduced Ridge,59.0,4.916666666666667,12
Morgan Rogers,0.0,0.08740740740740743,0.08740740740740743,0.04444444444444446,0.2888888888888889,366.4074074074074,0.0,0.6296296296296298,4,Aston Villa,MID,5.0,0.44354299799757024,0.5055718752082567,Reduced Ridge,33.0,2.75,9
Morgan Sanson,0.0,0.0,0.0,0.0,0.0,408.51877980833126,0.0,0.0,26,Aston Villa,MID,4.5,0.23611577310565557,0.15741051540377038,Reduced Ridge,0.0,0.0,0
Moussa Diaby,0.047808132229547065,0.1565265293857135,0.10871839715616641,0.4939916210163305,1.8423419618870898,806364.7593978846,0.16581834421255928,1.2387531872722635,26,Aston Villa,MID,6.4,1.40958574150036,1.352641556757661,Reduced Ridge,49.0,4.083333333333333,12
Moussa Niakhaté,0.004718261468235802,0.31736980280166277,0.312651541333427,1.3778624126333523,3.2371873621651934,6102.454136794666,0.5490796883754137,2.288470892019519,26,Nott'm Forest,DEF,4.5,1.8351007875047223,1.9862241556763212,Reduced Ridge,4.0,0.3333333333333333,5
Murillo Santiago Costa dos Santos,0.029373332469488703,0.0858014059986613,0.05642807352917259,1.1969847689128743,2.1380604889886343,10045.998025500772,0.9996992713401784,1.6510064721377653,23,Nott'm Forest,DEF,4.5,2.0962543262119953,1.9478383748539185,Reduced Ridge,18.0,1.5,12
Mykhailo Mudryk,0.023467923365890216,0.08560144858201273,0.06213352521612251,0.3259481421001909,1.1712565354277455,100022.17053528903,0.06155856073916556,1.054723708092195,25,Chelsea,MID,6.3,0.834492469653053,0.9079028824661003,Reduced Ridge,35.0,2.9166666666666665,10
Myles Lewis-Skelly,0.0,0.0,0.0,0.0,0.0,190.32876085962505,0.0,0.0,10,Arsenal,MID,4.5,0.23606548457281784,0.15737698971521188,Reduced Ridge,0.0,0.0,0
Myles Peart-Harris,0.0,0.0,0.0,0.0008959790456513524,0.02769827694889933,149.58040685607625,0.0,0.02914340444188539,14,Brentford,MID,4.5,0.24309868925549405,0.17178026098429114,Reduced Ridge,0.0,0.0,0
Máximo Perrone,0.0,0.0,0.0,0.0,0.0,986.2195754125178,0.0,0.0,25,Man City,MID,4.4,0.23624892184256963,0.15749928122837975,Reduced Ridge,0.0,0.0,0
Naouirou Ahamada,8.079982253627321e-05,0.013530824273876016,0.013450024451339741,0.4154986129751499,0.8969301502025269,57944.71528118932,0.0,0.8631289247848652,26,Crystal Palace,MID,4.3,0.6387145972121939,0.713519373069751,Reduced Ridge,2.0,0.16666666666666666,5
Nathan Aké,0.05446843446115596,0.08533198989901439,0.03086355543785843,1.0171983989554039,4.026364153977929,891996.9111948109,0.987104065171863,4.785478475155605,25,Man City,DEF,5.1,2.7195054807166867,3.4081631455296595,Reduced Ridge,21.0,1.75,8
Nathan Collins,0.022347561822432138,0.04305401192983238,0.02070645010740024,1.4552626143530496,2.7079818900912005,50001.50652115914,0.6327196268511447,1.444992779342167,25,Brentford,DEF,4.5,1.8073807749713904,1.686584776428316,Reduced Ridge,32.0,2.6666666666666665,11
Nathan Fraser,0.0044444444444444444,0.0044444444444444444,0.0,0.10699588477366258,0.26172839506172846,7831.2650691568,0.0,0.06584362139917697,23,Wolves,FWD,4.5,0.4218660740877057,0.3031919231915295,Reduced Ridge,6.0,0.5,5
Nathan Patterson,0.003948416903325623,0.003961287594939392,1.2870691613769019e-05,0.15321206520387337,0.1839435042150002,18283.239367338865,0.07109110207866219,0.15522370942583505,26,Everton,DEF,4.4,0.353847663870299,0.28763967905547766,Reduced Ridge,0.0,0.0,1
Nathan Redmond,0.0006829733717067396,0.000760046837999329,7.707346629258947e-05,0.01887220377022634,0.024426052304427102,2225.0085015218488,0.0,0.049349598365883575,25,Burnley,MID,4.7,0.2504666904662014,0.18342765976609546,Reduced Ridge,0.0,0.0,0
Nathaniel Clyne,0.0013992120415018468,0.0018449359123423484,0.00044572387084050184,0.24236960759536233,0.2570024034015405,11409.171289696806,0.12035176934933187,0.17272552665638716,26,Crystal Palace,DEF,4.4,0.4373729394216941,0.34915713516659175,Reduced Ridge,34.0,2.8333333333333335,8
Nathaniel Phillips,0.0,0.0,0.0,0.0,0.0,10490.973377340011,0.0,0.0,25,Liverpool,DEF,4.0,0.2088325051356631,0.13922167009044206,Reduced Ridge,0.0,0.0,0
Nayef Aguerd,0.004972695803699985,0.029769827119335172,0.024797131315635188,1.2769419536401851,1.3507966383617431,62020.43705740009,0.49511839574685307,0.24390254342478862,26,West Ham,DEF,4.4,1.2404661715198047,0.9082782954881325,Reduced Ridge,2.0,0.16666666666666666,2
Neal Maupay,0.08326324629400794,0.2812371375450086,0.19797389125100068,1.7249834574386123,5.8797053386267,143274.0282160343,0.9517313861366725,4.41924548940357,25,Brentford,FWD,4.9,3.498986961016585,3.8057398038122465,Reduced Ridge,6.0,0.5,8
Neco Williams,0.02889501059313724,0.03738733704507695,0.008492326451939711,1.6337720878856392,2.271687567073669,19608.631357819115,0.8957899806324023,1.6613327731141843,26,Nott'm Forest,DEF,4.3,2.011415774802318,1.8947214409062731,Reduced Ridge,12.0,1.0,9
Nick Pope,0.0,5.940319206354926e-07,5.940319206354926e-07,0.0062978027142697995,0.01574199430813582,570819.9185606319,0.007707346629258948,0.03549793211049113,26,Newcastle,GK,5.3,0.1699084136998279,0.12510491983671565,Reduced Ridge,1.0,0.08333333333333333,1
Nicolas Jackson,0.0907695936253984,0.3804250696832415,0.28965547605784303,1.3549114007609235,3.6580920970282578,470778.202941702,0.6775006875453784,2.4888391556606475,25,Chelsea,FWD,6.8,2.768535921340744,2.6753036661140452,Reduced Ridge,69.0,5.75,11
Nicolas Pépé,0.0,0.0,0.0,0.0,0.0,4476.9391438590965,0.0,0.0,26,Arsenal,MID,4.9,0.23705346444489206,0.15803564296326136,Reduced Ridge,0.0,0.0,0
Nicolás Domínguez,0.07942564593820056,0.12469077643725528,0.04526513049905473,1.472711575485029,3.304550847077167,3399.4352001139596,0.9502637551616526,3.4470114525061133,22,Nott'm Forest,MID,5.0,2.568974997354757,2.861653815738542,Reduced Ridge,11.0,0.9166666666666666,9
Nicolò Zaniolo,0.014082917480366205,0.017059680086980333,0.0029767626066141257,0.07422918014104508,0.8074420654510455,5496.964038309709,0.004493570126598214,0.6208361079500476,24,Aston Villa,MID,5.4,0.48781408205365084,0.5321547573524498,Reduced Ridge,14.0,1.1666666666666667,8
Nikola Vlašić,0.0,0.0,0.0,0.0,0.0,4906.332849235495,0.0,0.0,26,West Ham,MID,4.5,0.23715243129753372,0.15810162086502247,Reduced Ridge,0.0,0.0,0
Noha Lemina,0.0,0.0,0.0,0.0,0.0,371.0,0.0,0.0,5,Wolves,MID,5.0,0.23610712576055937,0.15740475050703956,Reduced Ridge,0.0,0.0,0
Noni Madueke,0.02610144251904733,0.05872723677757345,0.032625794258526124,0.3338295259337466,1.4632233307772373,12647.903419676248,0.3656446213406127,0.8941148311482935,25,Chelsea,MID,5.3,1.1117714756041952,1.0392192607855613,Reduced Ridge,52.0,4.333333333333333,9
Norberto Bercique Gomes Betuncal,0.0013809939390182692,0.07271192373203336,0.07133092979301509,0.4104203002713847,1.2261079001922879,14152.453278704488,0.02237906535821974,0.698386528659935,23,Everton,FWD,5.7,0.8548500609230751,0.802695550168695,Reduced Ridge,22.0,1.8333333333333333,9
Norberto Murara Neto,5.94031920635493e-07,5.94031920635493e-07,0.0,1.5983092588601402,2.9259819923016224,353294.5683869616,0.9980969514495659,2.594386235259404,25,Bournemouth,GK,4.6,2.967215936000653,2.842939369086903,Reduced Ridge,28.0,2.3333333333333335,8
Nuno Varela Tavares,0.05978286026269025,0.08282812775240218,0.02304526748971194,0.3471190721432044,1.6069867986953017,30765.517659471043,0.5131317929551945,1.7228746789829281,26,Nott'm Forest,DEF,4.0,1.3231264163392686,1.4563758372204885,Reduced Ridge,1.0,0.08333333333333333,1
Nélson Cabral Semedo,0.03033567720551204,0.04128663199658339,0.010953210256020012,1.3939104274574496,3.4324951915356214,76182.16425968138,0.999661680257701,2.8230973335537524,26,Wolves,DEF,4.5,2.482853428990698,2.5962680638450495,Reduced Ridge,9.0,0.75,11
Odsonne Edouard,0.018334392044444286,0.21085288376839512,0.19251849172395083,0.36078824448071967,3.7394491462833113,175266.94260376605,0.5727467211414774,1.47115710532381,26,Crystal Palace,FWD,5.4,1.857608423823398,1.7287913176568686,Reduced Ridge,13.0,1.0833333333333333,10
Odysseas Vlachodimos,7.612194201737236e-06,7.612194201737236e-06,0.0,0.016727796758317568,0.017998081665732482,7386.868217541202,0.01003858110354098,0.014463168983300752,22,Nott'm Forest,GK,4.5,0.07810865863112093,0.056893495415180864,Reduced Ridge,0.0,0.0,0
Oleksandr Zinchenko,0.025964234197910545,0.029639920732310393,0.003675686534399842,0.07808011367986013,1.3602504756513372,954269.7768035965,0.2623284670404304,0.9952543669887844,26,Arsenal,DEF,5.1,1.0329182639410783,1.020363631623647,Reduced Ridge,19.0,1.5833333333333333,6
Oliver Arblaster,0.0,0.0,0.0,0.0,0.0,31.0,0.0,0.0,2,Sheffield Utd,MID,4.5,0.23602876240898496,0.15735250827265662,Reduced Ridge,19.0,1.5833333333333333,11
Oliver McBurnie,0.010625033576691359,0.09122041201920536,0.08059763390746266,0.1832348969721922,1.218373048497175,4779.360927938406,0.09741833460768705,1.1380239096509035,26,Sheffield Utd,FWD,5.4,0.7738167179509656,0.8952191151842782,Reduced Ridge,25.0,2.0833333333333335,7
Oliver Norwood,0.06241900435346037,0.06385554700534396,0.0014365426518835839,0.6187770857942477,0.8808050196761273,3613.267775169817,0.38309346621145196,1.1928148284353757,26,Sheffield Utd,MID,4.8,1.0957245195934768,1.1280879558741097,Reduced Ridge,3.0,0.25,4
Oliver Scarles,0.0,0.0,0.0,0.0,0.0,521.0411522633746,0.0,0.0,6,West Ham,DEF,4.0,0.2077822360022087,0.13852149066813912,Reduced Ridge,0.0,0.0,0
Oliver Skipp,0.020673989767330186,0.04575011298702909,0.025076123219698907,0.3907546378030627,0.6596601381602792,9276.933902917035,0.18417767784531766,0.45388343573839995,25,Spurs,MID,4.5,0.7635540347534742,0.6603305017484494,Reduced Ridge,4.0,0.3333333333333333,3
Oliwier Zych,0.0,0.0,0.0,0.0,0.0,5286.946453711222,0.0,0.0,24,Aston Villa,GK,4.0,0.05019883712196327,0.03346589141464218,Reduced Ridge,0.0,0.0,0
Ollie Harrison,0.0,0.0,0.0,0.0,0.0,0.0,0.0,0.0,1,Chelsea,MID,4.5,0.23602161751516504,0.15734774501011,Reduced Ridge,0.0,0.0,0
Ollie Watkins,0.1293976120535534,1.0595488103124728,0.9301511982589195,1.862904571283471,10.950195527305816,5520925.2732714955,1.0,8.916647978475215,26,Aston Villa,FWD,8.8,6.424154429159136,7.254985612264496,Reduced Ridge,58.0,4.833333333333333,11
Olu Aina,0.001183329721119603,0.002046423506743304,0.0008630937856237014,0.07729262531803899,0.13757056968796844,23622.893419128683,0.0570309256579836,0.12879184670703545,26,Nott'm Forest,DEF,4.5,0.32265222284129735,0.25803209746321004,Reduced Ridge,11.0,0.9166666666666666,8
Omar Richards,0.0,0.0,0.0,0.0,0.0,1972.235002383031,0.0,0.0,26,Nott'm Forest,DEF,4.4,0.20793511007126264,0.13862340671417508,Reduced Ridge,0.0,0.0,0
Omari Forson,0.003991769547325103,0.013991769547325103,0.009999999999999998,0.1952263374485597,0.7843621399176955,2169.4143470618037,0.3333333333333333,0.5967078189300412,26,Man Utd,MID,4.4,0.804049088372423,0.734935331891629,Reduced Ridge,2.0,0.16666666666666666,2
Omari Kellyman,0.0,0.0,0.0,0.0,0.0,5416.857359363112,0.0,0.0,26,Aston Villa,MID,4.5,0.23727009721422332,0.1581800648094822,Reduced Ridge,2.0,0.16666666666666666,2
Orel Mangala,0.004488590134145845,0.024746780412431092,0.020258190278285248,0.17977056451974766,0.312538768385526,2935.623693230386,0.14872810971322,0.24467758658090016,26,Nott'm Forest,MID,5.0,0.5406496417433084,0.4419922900225057,Reduced Ridge,0.0,0.0,0
Oscar Bobb,0.03609380471955625,0.15393559712924992,0.1178417924096937,0.08402142716824665,1.8469923284036294,7364.758313791206,0.22222222222222224,1.0585135631453755,25,Man City,MID,4.4,1.1201692963866765,1.0996173853062428,Reduced Ridge,7.0,0.5833333333333334,6
Owen Beck,0.0,0.0,0.0,0.18765432098765442,0.09876543209876547,67.22222222222223,0.0,0.19753086419753094,5,Liverpool,DEF,4.5,0.23804133099485303,0.22453784206241234,Reduced Ridge,0.0,0.0,0
Owen Dodgson,0.0,0.0,0.0,0.0,0.0,2810.484906750454,0.0,0.0,25,Burnley,DEF,4.0,0.20802341438274674,0.1386822762551645,Reduced Ridge,0.0,0.0,0
Owen Hesketh,0.0,0.0,0.0,0.0,0.0,59.655387898186255,0.0,0.0,9,Wolves,MID,4.5,0.2360353669155626,0.1573569112770417,Reduced Ridge,0.0,0.0,0
Pablo Fornals Malla,0.002406498823276311,0.003039588452974781,0.0006330896296984699,0.18074523356629943,0.22098538488401132,4945.019059976888,0.07897969143240545,0.21098660731143273,26,West Ham,MID,4.6,0.42936757856050234,0.3565739214774791,Reduced Ridge,0.0,0.0,0
Pablo Sarabia,0.17378456285332106,0.5186672169422266,0.3448826540889056,1.0767261100998593,7.946296324542104,33472.85939922954,0.9265331864936543,5.8203883194629,26,Wolves,MID,4.7,4.079887434172748,4.660054395936132,Reduced Ridge,24.0,2.0,10
Pape Matar Sarr,0.0384396547488947,0.1043053796964391,0.0658657249475444,1.0126228026306303,2.78676460570316,185919.36285045126,0.674980096332186,3.0459962897679222,25,Spurs,MID,4.4,2.051391202469706,2.3829262315691113,Reduced Ridge,22.0,1.8333333333333333,11
Pascal Groß,0.386960817127575,0.7633594623452229,0.376398645217648,0.8663746021488604,12.683097042100668,764525.8464684731,0.9971802772403957,7.281351409398403,26,Brighton,MID,6.5,5.718137964333302,6.239209112688336,Reduced Ridge,30.0,2.5,11
Pau Torres,0.004099258194375218,0.005058955919539437,0.000959697725164219,0.6844152142720876,0.8207918639515066,411966.06042022625,0.5815282483012622,0.904341220955063,26,Aston Villa,DEF,4.6,1.228723892043162,1.1205963350137957,Reduced Ridge,21.0,1.75,9
Paul Dummett,0.0,0.0,0.0,0.0,0.0005138231086172634,35388.49797085513,0.0,0.0017127436953908778,26,Newcastle,DEF,3.9,0.2116043610301187,0.14164048858520942,Reduced Ridge,4.0,0.3333333333333333,4
Pedro Lomba Neto,0.12922961741156996,0.2536281684820488,0.1243985510704788,1.1299744959682343,6.5802696284547135,454792.41990809224,0.9137309436414451,3.8269761236571163,26,Wolves,MID,5.8,3.487601282959868,3.6007262298589504,Reduced Ridge,3.0,0.25,3
Pedro Porro,0.08324351695093209,0.11416286441864099,0.030919347467708903,1.1641244290268433,3.064731043656372,3056765.94022814,0.6666072634746033,1.566503448444259,25,Spurs,DEF,5.8,2.2639266658596346,2.0314522600545093,Reduced Ridge,49.0,4.083333333333333,10
Pelly Ruddock Mpanzu,0.002289022855665423,0.012922922703467088,0.010633899847801666,0.9256513732831104,0.8267968050147941,3558.6683243277103,0.02038394394485473,0.6721149446767237,23,Luton,MID,4.7,0.8139949195680674,0.7667015946042861,Reduced Ridge,8.0,0.6666666666666666,8
Pervis Estupiñán,0.08534545640151757,0.08601705948747677,0.0006716030859592029,0.6429536448722653,2.5108303117502464,2754000.224617138,0.2875356132784051,1.2990398474240856,26,Brighton,DEF,5.0,1.590001741181452,1.4930144432623296,Reduced Ridge,9.0,0.75,5
Phil Foden,0.2627218400286959,0.8333783469021634,0.5706565068734675,1.0435362531362482,16.273157289176414,3162741.967953202,1.2210358406979143,8.347718985452525,25,Man City,MID,8.1,7.4952786876557305,7.779425453587995,Reduced Ridge,87.0,7.25,8
Philip Billing,0.008308871593385454,0.012581370306072958,0.004272498712687505,0.08693064398939628,0.23941378864299104,31496.500108708813,0.016431634827656225,0.05157559993722537,25,Bournemouth,MID,5.1,0.3648846956386784,0.2604483304048607,Reduced Ridge,11.0,0.9166666666666666,8
Philippe Coutinho Correia,5.94031920635493e-07,5.148276645507606e-06,4.554244724872113e-06,2.633541514817352e-05,4.554244724872112e-05,17997.10510872485,0.0,5.940319206354928e-05,26,Aston Villa,MID,5.8,0.24019747699325444,0.16015145239285747,Reduced Ridge,0.0,0.0,0
Pierre-Emerick Aubameyang,0.0,0.0,0.0,0.0,0.0,1781.8390640305288,0.0,0.0,25,Chelsea,FWD,6.5,0.2998788414475688,0.19991922763171255,Reduced Ridge,0.0,0.0,0
Pierre-Emile Højbjerg,0.034997904966448036,0.057080138034233285,0.022085616265208257,0.6428986552905213,1.1395028623879453,28515.21402998675,0.251256334561077,1.2507917830356425,25,Spurs,MID,5.2,1.0505237453025098,1.1172797578802207,Reduced Ridge,11.0,0.9166666666666666,10
Radek Vítek,0.0,0.0,0.0,0.0,0.0,2954.027825106241,0.0,0.0,25,Man Utd,GK,4.0,0.04979985885581595,0.033199905903877294,Reduced Ridge,0.0,0.0,0
Radu Dragusin,0.0,0.0,0.0,0.23506172839506181,0.11851851851851858,4478.530864197532,0.0,0.44444444444444453,5,Spurs,DEF,4.3,0.24465452785494857,0.31125116671811387,Reduced Ridge,11.0,0.9166666666666666,5
Raheem Sterling,0.07682150990740877,0.3357533693681479,0.25893185946073916,1.2045091019338756,4.317797468155878,760626.9528655848,0.6957218869925765,4.002801070255813,25,Chelsea,MID,6.9,2.9639390845014066,3.310226413086209,Reduced Ridge,23.0,1.9166666666666667,7
Raphaël Varane,0.008732784537389408,0.01722012758561881,0.008487343048229401,1.4273145830831413,1.8770940501550488,246261.2678675232,0.8711263596665337,1.3573292567700546,26,Man Utd,DEF,4.9,1.8889815396712484,1.7117641120375169,Reduced Ridge,8.0,0.6666666666666666,5
Rasmus Højlund,0.03026670228202237,0.481401716217619,0.4511350139355966,1.155187033212968,7.1102244360206805,710074.1244633491,0.627206808541135,5.893007572577195,26,Man Utd,FWD,7.2,3.3300110023943494,4.184343192455298,Reduced Ridge,34.0,2.8333333333333335,9
Rayan Aït-Nouri,0.14696158785617053,0.20534379522473048,0.05838220736855993,1.1690187514004746,4.198202264230366,78801.1779651088,0.8693568656177639,5.277827629657089,26,Wolves,DEF,4.5,2.5299185224953753,3.445888224882613,Reduced Ridge,30.0,2.5,10
Raúl Jiménez,0.0028437307628435605,0.06228428683649174,0.059440556073648176,0.2782979357054406,0.712354417446473,101647.03433020806,0.16369040994800538,0.46248942045096875,26,Fulham,FWD,5.0,0.812778687790735,0.6960155986774796,Reduced Ridge,17.0,1.4166666666666667,5
Reece Burke,0.0022932484841703933,0.024325069053470535,0.02203182056930014,0.49735429959808664,0.8723634625947663,12315.223676014528,0.32313765539936584,0.967011313706466,23,Luton,DEF,4.0,0.8728660915466027,0.904247832266557,Reduced Ridge,19.0,1.5833333333333333,10
Reece James,0.0013792062653695055,0.0018838689405836777,0.0005046626752141726,0.02105786335134289,0.07489096857907053,314008.7535520181,0.014153856518717645,0.017266066760436228,25,Chelsea,DEF,5.3,0.28047317044255193,0.19273746921518004,Reduced Ridge,2.0,0.16666666666666666,1
Reiss Nelson,0.017621531106130645,0.02801372038696902,0.010392189280838378,0.10064769567322615,1.3029965643737016,4173.193592850997,0.0,0.8481287108195728,26,Arsenal,MID,4.8,0.6286530042576387,0.7018115731116167,Reduced Ridge,4.0,0.3333333333333333,2
Remi Matthews,0.0,0.0,0.0,0.0004046356980360948,0.0005780509971944211,12847.975583551784,0.0,0.0057805099719442105,26,Crystal Palace,GK,3.9,0.0514416879795927,0.03622129531037654,Reduced Ridge,0.0,0.0,0
Remo Freuler,0.0,0.0,0.0,0.0,0.0,1190.71329562807,0.0,0.0,26,Nott'm Forest,MID,4.9,0.23629605364636963,0.15753070243091308,Reduced Ridge,0.0,0.0,0
Reuell Walters,0.0,0.0,0.0,0.0,0.0,3060.5646570153394,0.0,0.0,15,Arsenal,DEF,4.0,0.20804975869850284,0.13869983913233522,Reduced Ridge,0.0,0.0,0
Rhian Brewster,0.003350719208979276,0.0815090169493964,0.07815829774041713,0.5388408027238963,2.3682253270468268,3453.3959764965875,0.3346020323669562,1.0000015243271132,26,Sheffield Utd,FWD,4.9,1.4105427933002779,1.2736957036425562,Reduced Ridge,2.0,0.16666666666666666,2
Rhys Bennett,0.0,0.0,0.0,0.0,0.0,676.1216278006402,0.0,0.0,9,Man Utd,DEF,4.0,0.20779857274683056,0.13853238183122035,Reduced Ridge,0.0,0.0,0
Rhys Norrington-Davies,0.0,0.0,0.0,0.22189300411522642,0.12949245541838142,18114.691252270986,0.24691358024691362,0.12254229538180159,26,Sheffield Utd,DEF,3.9,0.5606946606172771,0.4146438722054519,Reduced Ridge,0.0,0.0,0
Richarlison de Andrade,0.04888906001567897,0.5743245725960472,0.5254355125803682,1.4783061661509609,7.437686940180269,1479454.2681256097,0.9846246925370992,5.352716530920279,25,Spurs,MID,7.2,4.564947397439482,4.827537108599747,Reduced Ridge,15.0,1.25,5
Richie Laryea,0.0,0.0,0.0,0.0,0.0,363.2799697808035,0.0,0.0,26,Nott'm Forest,DEF,4.5,0.20776561686211037,0.1385104112414069,Reduced Ridge,0.0,0.0,0
Rico Henry,5.0752602219294924e-05,5.4316793743107896e-05,3.5641915238129555e-06,0.00031728729960943256,0.0008606037450206703,91654.19198017256,0.00030072865982171815,0.0006422970141871267,25,Brentford,DEF,4.3,0.21801146717885944,0.14555507712396867,Reduced Ridge,0.0,0.0,0
Rico Lewis,0.004326000444936448,0.008357906150367534,0.0040319057054310865,0.13145281705314,0.29306022907688406,31550.056070347655,0.08502800174235865,0.30145171541478505,25,Man City,DEF,4.2,0.4040526186381872,0.3698523175637198,Reduced Ridge,20.0,1.6666666666666667,6
Riyad Mahrez,0.0,0.0,0.0,0.0,0.0,4224.161913473938,0.0,0.0,25,Man City,MID,7.5,0.23699520423614295,0.15799680282409528,Reduced Ridge,0.0,0.0,0
Rob Holding,0.0,0.0,0.0,0.0,0.0,11572.955439939193,0.0,0.0,26,Crystal Palace,DEF,4.3,0.20894648508433722,0.13929765672289146,Reduced Ridge,0.0,0.0,0
Robert Sánchez,0.0,0.0,0.0,0.05126401959652698,0.10041616017844489,358720.81196747115,0.026012294873748943,0.11062467668675265,25,Chelsea,GK,4.5,0.1849160618883693,0.16015226682116374,Reduced Ridge,0.0,0.0,0
Robin Olsen,0.0,0.0,0.0,2.16821651031955e-05,3.5641915238129574e-05,63665.36152873392,2.970159603177464e-05,5.940319206354928e-05,26,Aston Villa,GK,3.9,0.06026964684159841,0.04019956562508679,Reduced Ridge,15.0,1.25,4
Rodrigo Bentancur,0.05128517663401122,0.08761574638867384,0.03633056975466263,0.6874958157672452,2.4533292675184253,4088.859211922643,0.5814442870108506,1.6162691462608734,25,Spurs,MID,5.4,1.7053802106536755,1.6756765225227412,Reduced Ridge,16.0,1.3333333333333333,11
Rodrigo Duarte Ribeiro,0.0,0.0,0.0,0.0,0.05925925925925929,424.5555555555556,0.0,0.2962962962962964,4,Nott'm Forest,FWD,4.5,0.31007889071688577,0.3054846925766893,Reduced Ridge,3.0,0.25,3
Rodrigo Hernandez,0.18151240258548082,0.343663565670369,0.1621511630848882,1.0368001852747057,9.73408553187017,576049.5706358629,1.2158778460131126,5.763590571924861,25,Man City,MID,5.6,4.629433768268466,5.007486036153931,Reduced Ridge,61.0,5.083333333333333,10
Rodrigo Muniz Carvalho,0.06879521102279297,0.4795653055887863,0.4107700945659932,1.4282970137719324,8.068999752329768,102442.85145673866,0.8357457238148291,5.345747037094695,26,Fulham,FWD,4.4,3.694534370183666,4.244938592487342,Reduced Ridge,54.0,4.5,12
Romain Faivre,0.005308641975308643,0.026049382716049393,0.020740740740740747,0.006666666666666666,0.1827160493827161,72.25925925925927,0.0,0.4814814814814815,5,Bournemouth,MID,5.0,0.3188468413454053,0.3730583880574307,Reduced Ridge,2.0,0.16666666666666666,2
Romelu Lukaku Bolingoli,0.0,0.0,0.0,0.0,0.0,28298.066770274414,0.0,0.0,25,Chelsea,FWD,6.8,0.3070259219473681,0.20468394796491207,Reduced Ridge,0.0,0.0,0
Roméo Lavia,0.0002926383173296755,0.0002926383173296755,0.0,0.009657064471879294,0.017558299039780532,610.1402813389941,0.0,0.029263831732967552,24,Chelsea,MID,4.9,0.24438418103422876,0.17267739793380837,Reduced Ridge,0.0,0.0,0
Ronnie Stutter,0.0,0.0,0.0,0.0,0.0,3688.8279240988268,0.0,0.0,21,Chelsea,FWD,4.5,0.3003928437802581,0.2002618958535054,Reduced Ridge,0.0,0.0,0
Ross Barkley,0.21576369317491523,0.4292655266954915,0.21350183352057633,3.188689807713242,11.076524160443306,153273.20404191734,1.3312167465504912,4.725133282321475,23,Luton,MID,5.0,5.868506683239002,5.487382216266493,Reduced Ridge,34.0,2.8333333333333335,11
Ryan Christie,0.16888893953961112,0.22173137404278856,0.052842434503177424,1.5461127865416309,4.295219702271505,7041.133831273632,0.9994925203865512,1.6547651673232153,25,Bournemouth,MID,5.0,3.013582568229987,2.5606434345943967,Reduced Ridge,34.0,2.8333333333333335,10
Ryan Fraser,0.0,0.0,0.0,0.0,0.0,1858.7555232440727,0.0,0.0,26,Newcastle,MID,4.9,0.2364500243168084,0.15763334954453892,Reduced Ridge,0.0,0.0,0
Ryan Fredericks,0.0,0.0,0.0,0.0,0.0,1143.592213192951,0.0,0.0,25,Bournemouth,DEF,4.3,0.20784781780843686,0.13856521187229123,Reduced Ridge,0.0,0.0,0
Ryan Giles,0.0020355218133450274,0.003210084798128018,0.001174562984782992,0.11927691646608743,0.16067362636008445,9245.759032212674,0.04257070782966375,0.08043428078751343,23,Luton,DEF,4.2,0.3099019129273777,0.2334127022140896,Reduced Ridge,0.0,0.0,0
Ryan Gravenberch,0.07977919554481797,0.11331067614237617,0.033531480597558186,1.1736190939871078,2.9066342899759925,8074.541064878133,0.5386864270877527,1.4345166886617606,21,Liverpool,MID,5.0,1.9943299733000148,1.8077255450872634,Reduced Ridge,17.0,1.4166666666666667,7
Ryan Oné,0.0,0.0,0.0,0.0006495739052149108,0.0,378.76018142396185,0.0,0.0005074796134491491,18,Sheffield Utd,MID,4.4,0.2363484953714332,0.15773482345210518,Reduced Ridge,0.0,0.0,0
Ryan Sessegnon,0.0,0.0,0.0,0.0,0.0,712.1305808758586,0.0,0.0,25,Spurs,DEF,4.4,0.20780236606167857,0.1385349107077857,Reduced Ridge,0.0,0.0,0
Ryan Trevitt,0.0,0.0,0.0,0.0,0.0,1173.6331160999484,0.0,0.0,25,Brentford,MID,4.5,0.23629211699897734,0.15752807799931823,Reduced Ridge,0.0,0.0,0
Ryan Yates,0.007106040779042301,0.1750305057915413,0.16792446501249902,0.46608752342533066,1.6481081361963505,2844.949811195548,0.35021355360727563,1.248545580895322,26,Nott'm Forest,MID,4.8,1.3509042960125486,1.3167847243068063,Reduced Ridge,27.0,2.25,12
Rúben Gato Alves Dias,0.02872304958499176,0.09462405943957586,0.06590100985458411,0.9907415388637093,4.775542270732493,705802.5758728188,1.105896835998993,4.995316945913379,25,Man City,DEF,5.5,3.066370098853813,3.7093523812070015,Reduced Ridge,29.0,2.4166666666666665,7
Rúnar Alex Rúnarsson,0.0,0.0,0.0,0.0,0.0,8133.08692069748,0.0,0.0,26,Arsenal,GK,4.0,0.050685587141791055,0.0337903914278607,Reduced Ridge,0.0,0.0,0
Sam Curtis,0.0,0.0,0.0,0.0,0.0,0.0,0.0,0.0,1,Sheffield Utd,DEF,4.0,0.20772734762111167,0.13848489841407444,Reduced Ridge,1.0,0.08333333333333333,1
Sam Johnstone,0.0,0.0,0.0,0.42540517370709213,0.6743829249744444,244339.90934329253,0.5728970854713882,2.7024040775636524,26,Crystal Palace,GK,4.4,1.7635495367857588,2.07650105037839,Reduced Ridge,3.0,0.25,2
Sam Proctor,0.0,0.0,0.0,0.0,0.0,620.7010618300055,0.0,0.0,10,Aston Villa,GK,4.0,0.049400810790035776,0.032933873860023846,Reduced Ridge,0.0,0.0,0
Sam Surridge,0.0,0.0,0.0,0.0,0.0,12895.441802777304,0.0,0.0,26,Nott'm Forest,FWD,4.5,0.30287435854361144,0.2019162390290743,Reduced Ridge,0.0,0.0,0
Saman Ghoddos,0.00860587959249621,0.011145190620003588,0.002539311027507377,0.3220627853095642,0.3408262066502233,3590.7751421679227,0.08265326411273005,0.5734368306301255,22,Brentford,MID,4.5,0.5245954080816219,0.5408758822644564,Reduced Ridge,3.0,0.25,3
Samuel Bastien,0.0,0.0,0.0,0.0,0.0,1399.779002322446,0.0,0.0,25,Burnley,MID,4.9,0.23634423920365144,0.1575628261357676,Reduced Ridge,0.0,0.0,0
Sander Berge,0.0163575199155234,0.03919917669738763,0.022841656781864225,2.243309014132638,2.8277616737314144,10179.958507342268,0.9555800656393321,1.7666024243875977,25,Burnley,MID,4.7,2.6253926382928467,2.3391292336577636,Reduced Ridge,24.0,2.0,12
Sandro Tonali,4.006466852223601e-05,6.432097194818531e-05,2.42563034259493e-05,0.0007676532190224822,0.0014521141239097152,118101.45021978332,0.0003592036770092745,0.0014310909629684742,26,Newcastle,MID,5.2,0.26427405963218675,0.17665973674244734,Reduced Ridge,0.0,0.0,0
Santiago Bueno,0.0,0.0,0.0,0.05675872036803923,0.051754297383069005,3802.900744916463,0.021221964850702584,0.053737333442888766,23,Wolves,DEF,4.5,0.2504186702864647,0.18485822467193935,Reduced Ridge,9.0,0.75,8
Sasa Kalajdzic,8.875353191569025e-05,0.0004846978511725506,0.00039594431925686055,0.0024096110110841174,0.007975624941827596,12382.518528903884,0.0007612194201737237,0.016428585326021015,26,Wolves,FWD,4.9,0.3066795976261565,0.209929260192778,Reduced Ridge,0.0,0.0,0
Saïd Benrahma,0.0004326050582468722,0.020739960323876146,0.02030735526562927,0.09324749167783444,0.20264162371316605,39647.06257935485,0.030129006739252485,0.07811197591751934,26,West Ham,MID,5.6,0.3832350487077999,0.2815273577777064,Reduced Ridge,0.0,0.0,0
Saša Lukić,0.0054190861951377255,0.028924856775439416,0.023505770580301694,0.5785953083751564,1.3820922440067092,33347.04513204438,0.33376075786372805,0.7465926303457002,26,Fulham,MID,4.3,1.1185258201996113,0.9945480902483076,Reduced Ridge,25.0,2.0833333333333335,10
Scott Carson,0.0,0.0,0.0,0.0,0.0,8060.332218855016,0.0,0.0,25,Man City,GK,3.8,0.05067314455402172,0.033782096369347814,Reduced Ridge,0.0,0.0,0
Scott McKenna,8.588711519188167e-06,1.3687485504642817e-05,5.098773985454648e-06,0.00022310848885868055,0.0005952694871368167,8040.707604081032,0.00020048577321447877,0.0005247281965613521,26,Nott'm Forest,DEF,4.4,0.20900125073415354,0.13950907655495615,Reduced Ridge,0.0,0.0,0
Scott McTominay,0.013053772484231733,0.15425336198914463,0.14123812623805918,0.5676568270885584,3.0879850262418946,163825.66444153996,0.0385088743037033,2.4678038835593075,26,Man Utd,MID,4.6,1.4781129876664683,1.8080099529640812,Reduced Ridge,15.0,1.25,8
Scott Twine,0.0,0.0,0.0,0.0,0.0,863.4681012044466,0.0,0.0,25,Burnley,MID,4.9,0.2362206300280707,0.1574804200187138,Reduced Ridge,0.0,0.0,0
Seamus Coleman,0.00048532198306114923,0.00048532198306114923,0.0,0.19781281459277705,0.27573935770856983,4142.989723264179,0.047749420914080805,0.4145257893162178,26,Everton,DEF,4.4,0.35012026154416886,0.37158877080151853,Reduced Ridge,16.0,1.3333333333333333,7
Sean Longstaff,0.050337764747301575,0.2016875353473594,0.15134977060005786,2.361360507252066,3.8124421999977445,48022.60300009823,0.9859503002928065,3.1336445579357433,26,Newcastle,MID,4.8,3.167344499773083,3.156111185827303,Reduced Ridge,38.0,3.1666666666666665,11
Sepp van den Berg,0.0,0.0,0.0,0.0,0.0,1637.584014874879,0.0,0.0,25,Liverpool,DEF,4.0,0.2078998567119894,0.13859990447465959,Reduced Ridge,0.0,0.0,0
Serge Aurier,0.00021672453106706563,0.00034795095856866187,0.0001312264275015963,0.0048453256836520605,0.016275676491704017,76213.75016876284,0.004024725792362272,0.009256601021883132,26,Nott'm Forest,DEF,4.5,0.22557938043121228,0.15347178729476924,Reduced Ridge,0.0,0.0,0
Sergi Canós Tenés,0.0,0.0,0.0,0.0,0.0,1151.5983831120243,0.0,0.0,25,Brentford,MID,5.0,0.2362870384238951,0.15752469228259672,Reduced Ridge,0.0,0.0,0
Sergio Gómez,5.346287285719433e-06,5.346287285719433e-06,0.0,0.06321188140094204,0.006844993645096522,93226.47971575604,0.0,0.06621117865007019,25,Man City,DEF,3.8,0.22009114163385946,0.16879782063926302,Reduced Ridge,3.0,0.25,3
Sergio Reguilón,0.12715099599204233,0.18539138322153653,0.058240387229494206,1.818019017956227,4.744916125078701,124424.89216797202,1.031780768604575,2.753265985646343,26,Brentford,DEF,4.4,2.9050723876124644,2.854470253623757,Reduced Ridge,38.0,3.1666666666666665,10
Shandon Baptiste,0.0017284245907220844,0.016936283976806344,0.015207859386084255,0.03362834876627341,0.23255396903580788,97839.73397789162,0.014451274929860525,0.4113060577281898,25,Brentford,MID,4.3,0.3631847097392792,0.379225159068916,Reduced Ridge,3.0,0.25,1
Shea Charles,0.0,0.0,0.0,0.0,0.0,36.00654247265716,0.0,0.0,25,Man City,MID,4.5,0.23602991631912595,0.15735327754608397,Reduced Ridge,0.0,0.0,0
Shola Shoretire,0.0,0.0,0.0,0.0,0.0,23253.903846670517,0.0,0.0,26,Man Utd,FWD,4.4,0.3056663379647411,0.20377755864316072,Reduced Ridge,0.0,0.0,0
Simon Adingra,0.06446097456255757,0.24247462867085914,0.17801365410830156,0.27301167162748424,5.530229933043757,87123.09110302944,0.5942899763541252,4.1187772834880425,26,Brighton,MID,5.0,2.542737473966287,3.068084077140205,Reduced Ridge,24.0,2.0,11
Siriki Dembélé,0.0,0.0,0.0,0.0,0.0,249.00824552814493,0.0,0.0,25,Bournemouth,MID,4.5,0.23607900904660384,0.15738600603106923,Reduced Ridge,0.0,0.0,0
Sofyan Amrabat,0.00029033531287729354,0.00037417517401587157,8.383986113857812e-05,0.05860533015885014,0.14501330430840143,10308.346502650596,0.019526658425015733,0.41264046578867714,22,Man Utd,MID,5.0,0.312430170746668,0.3458336024273377,Reduced Ridge,10.0,0.8333333333333334,8
Solly March,0.0001383259017692304,0.0002721470614736417,0.00013382115970441127,0.0011658851026091338,0.0036271991283116107,229506.3964017589,0.0008478877492195665,0.0030643693530907493,26,Brighton,MID,6.1,0.29133187546985106,0.19524270676426428,Reduced Ridge,0.0,0.0,0
Son Heung-min,0.16920816525425614,0.20859577212981528,0.03938760687555912,0.835866695751319,3.767619063282657,2099832.9008250833,0.4650205761316873,2.4891558397373714,25,Spurs,MID,9.6,2.629234979211831,2.5825419327203445,Reduced Ridge,71.0,5.916666666666667,11
Stefan Bajcetic,0.0,0.0,0.0,0.0,0.0,2412.9291770236637,0.0,0.0,25,Liverpool,MID,4.7,0.2365777505075859,0.15771850033839058,Reduced Ridge,1.0,0.08333333333333333,1
Stefan Ortega Moreno,0.0,0.0,0.0,0.05090131781853181,0.10631400550423656,78242.57909089336,0.0005074796134491491,0.08880645442580096,25,Man City,GK,3.7,0.06107926098989569,0.07032165880186411,Reduced Ridge,18.0,1.5,7
Steve Cook,0.0,0.0,0.0,0.0,0.0,1032.6623958658445,0.0,0.0,26,Nott'm Forest,DEF,4.5,0.20783613205566664,0.1385574213704444,Reduced Ridge,0.0,0.0,0
Steven Alzate,0.0,0.0,0.0,0.0,0.0,4840.55441811645,0.0,0.0,26,Brighton,MID,4.4,0.2371372706554049,0.15809151377026992,Reduced Ridge,0.0,0.0,0
Steven Benda,0.0,0.0,0.0,0.0,0.0,2823.8926180539484,0.0,0.0,23,Fulham,GK,4.0,0.04977760299200751,0.033185068661338336,Reduced Ridge,0.0,0.0,0
Sven Botman,0.011991071974918947,0.022273603332123634,0.010282531357204689,2.2333434440491096,2.883426973675321,626725.544657324,0.961237733955151,0.39445350226496123,26,Newcastle,DEF,4.5,2.341526369455037,1.6925020803916784,Reduced Ridge,7.0,0.5833333333333334,2
Sydie Peck,0.0,0.0,0.0,0.002080983589899916,0.0,237.32244407187255,0.0,0.01734152991583263,11,Sheffield Utd,MID,4.4,0.23684384070211628,0.16367640377335504,Reduced Ridge,0.0,0.0,0
Tahith Chong,0.14762735596797227,0.22686368483453714,0.07923632886656487,1.6012062095124138,4.142010884923144,7838.9735133236645,0.6736594890485171,3.8121405992833566,23,Luton,MID,4.7,2.7244306521442363,3.087000634523943,Reduced Ridge,42.0,3.5,12
Taiwo Awoniyi,0.13707688339109364,0.3287408016906407,0.19166391829954707,0.9397158422134835,4.436794267248434,156112.92980090814,0.8047836752145937,3.7223669580066217,26,Nott'm Forest,FWD,6.3,2.6250292900197065,2.9908085126820114,Reduced Ridge,5.0,0.4166666666666667,5
Takehiro Tomiyasu,0.0013740684148289886,0.0017207655154935558,0.00034669710066456667,0.027875904384654593,0.112476777296758,27371.30546318326,0.006204708852932688,0.07779637984196751,26,Arsenal,DEF,4.5,0.25122075906012076,0.19341263265406966,Reduced Ridge,31.0,2.5833333333333335,9
Tanguy Ndombélé Alvaro,0.0,0.0,0.0,0.0,0.0,18654.436287279488,0.0,0.0,25,Spurs,MID,4.4,0.24032110030693354,0.16021406687128903,Reduced Ridge,0.0,0.0,0
Tariq Lamptey,0.04088667125510383,0.06578512716848905,0.024898455913385225,0.33820221045795557,2.219440588611983,479329.9429849697,0.8042487080889316,2.9021436125082505,26,Brighton,DEF,3.9,1.9162117357681177,2.244855694681495,Reduced Ridge,7.0,0.5833333333333334,7
Tawanda Chirewa,0.0,0.0,0.0,0.0013168724279835396,0.026337448559670795,475.36107300716367,0.0,0.04389574759945132,13,Wolves,MID,4.4,0.24299924251792104,0.17663141087843112,Reduced Ridge,7.0,0.5833333333333334,6
Tayo Adaramola,0.0,0.0,0.0,0.0,0.0,766.2330437433319,0.0,0.0,10,Crystal Palace,DEF,4.0,0.2078080654130393,0.13853871027535952,Reduced Ridge,0.0,0.0,0
Teden Mengi,0.027803507650830526,0.031709202581694136,0.0039056949308636105,2.6922028990573086,3.9918783802371385,196633.83698178135,1.0111615599142978,0.656951117007134,24,Luton,DEF,3.9,2.684302070052817,2.008518419037589,Reduced Ridge,13.0,1.0833333333333333,11
Terence Kongolo,0.0,0.0,0.0,0.0,0.0,6469.774137522739,0.0,0.0,26,Fulham,DEF,4.0,0.20840889729704326,0.1389392648646955,Reduced Ridge,0.0,0.0,0
Thiago Alcántara do Nascimento,0.0,0.0,0.0,0.0044444444444444444,0.014814814814814817,9419.76650373531,0.0,0.14814814814814817,25,Liverpool,MID,4.7,0.24342200486647825,0.21166405262703486,Reduced Ridge,0.0,0.0,0
Thiago Emiliano da Silva,0.0072175223021588375,0.029599089236271806,0.022381566934112966,0.9055233635312256,2.8678785652593737,399738.9009666821,0.628732069975783,2.185969270269767,25,Chelsea,DEF,5.0,1.8814632516921233,1.982965257884671,Reduced Ridge,32.0,2.6666666666666665,7
Thilo Kehrer,0.0,0.0,0.0,0.00018697902801283675,3.044413593256902e-05,9365.378384671676,0.0,0.00010643071911385915,26,West Ham,DEF,4.2,0.20872441184720847,0.13918508480451025,Reduced Ridge,0.0,0.0,0
Thomas Cannon,0.0,0.0,0.0,8.3164468888969e-06,0.0,2236.831569992117,0.0,2.970159603177464e-05,26,Everton,FWD,4.5,0.3000070112539671,0.20001457470132197,Reduced Ridge,0.0,0.0,0
Thomas Kaminski,4.886840722102919e-06,4.886840722102919e-06,0.0,3.1940705221653314,4.984526173948545,59887.97241780447,1.333671653075633,3.785026439736113,23,Luton,GK,4.5,3.7047280080773457,3.7314941519636013,Reduced Ridge,24.0,2.0,12
Thomas Partey,1.0253238463468869e-05,1.1639312944951687e-05,1.3860744814828169e-06,7.633310180166085e-05,0.00046445870794687615,15293.589063245228,8.910478809532391e-05,0.00039385553904634497,26,Arsenal,MID,4.8,0.23977978590424154,0.1599844757825098,Reduced Ridge,17.0,1.4166666666666667,9
Thomas Strakosha,3.3831974229943276e-06,3.3831974229943276e-06,0.0,0.000769254514053335,0.0016958277082759071,186334.4032831161,0.0003383197422994328,0.002156788357158884,25,Brentford,GK,3.9,0.08216924594912489,0.05549842675180289,Reduced Ridge,0.0,0.0,0
Tim Iroegbunam,0.0,0.0,0.0,0.10249657064471883,0.07654320987654321,2341.6839324128555,0.0,0.3404968754762994,26,Aston Villa,MID,4.4,0.29291368029780396,0.3087747453573024,Reduced Ridge,7.0,0.5833333333333334,6
Tim Krul,0.0,0.0,0.0,0.0,0.0,4692.338927244922,0.0,0.0,22,Luton,GK,4.4,0.05009714669991472,0.03339809779994314,Reduced Ridge,0.0,0.0,0
Tim Ream,0.0032565769853012826,0.0032993472835870373,4.277029828575546e-05,0.8977213331371596,1.3703127568036872,71753.66989274461,0.4768134475023631,0.6893318989641062,26,Fulham,DEF,4.5,1.2221565721719034,1.0445483477693043,Reduced Ridge,1.0,0.08333333333333333,1
Timo Werner,0.1398765432098766,0.2808641975308642,0.1409876543209877,0.7428395061728396,4.228395061728396,76716.86419753087,0.6666666666666667,2.5555555555555562,5,Spurs,FWD,6.4,2.2914647552925143,2.3794950220468616,Reduced Ridge,31.0,2.5833333333333335,8
Timothy Castagne,0.05898163582497913,0.1186868725169439,0.059705236691964765,1.609594474156751,3.859740705044974,66128.55091286763,0.9338922585200078,3.341143690601503,23,Fulham,DEF,4.5,2.5204351667576854,2.7940046747056244,Reduced Ridge,45.0,3.75,11
Tino Livramento,0.0059849439235039594,0.006331774521820612,0.0003468305983166526,1.0387561822929938,1.0193273924863282,102292.97715831362,0.38518397254926806,0.6771838845835443,26,Newcastle,DEF,4.1,1.0090208055530416,0.898408498563209,Reduced Ridge,15.0,1.25,7
Toby Collyer,0.0,0.0,0.0,0.0,0.0,0.0,0.0,0.0,1,Man Utd,MID,4.5,0.23602161751516504,0.15734774501011,Reduced Ridge,0.0,0.0,0
Tom Cairney,0.05595334710417744,0.06489796507205282,0.008944617967875382,1.3697695046487666,2.9628051068963184,5905.876107461381,0.5619907861561234,1.471118499656703,26,Fulham,MID,4.9,2.0327481684496287,1.8455382788519867,Reduced Ridge,12.0,1.0,10
Tom Davies,0.001980320786305671,0.0049523056090632865,0.002971984822757615,0.1938370357747725,0.475667845652318,514.807973207892,0.0,0.5804975207967651,25,Sheffield Utd,MID,5.0,0.4297593097485216,0.48000538009793603,Reduced Ridge,2.0,0.16666666666666666,2
Tom Heaton,0.0,0.0,0.0,0.0,0.0,9573.557751032109,0.0,0.0,26,Man Utd,GK,4.0,0.05093193802058971,0.0339546253470598,Reduced Ridge,0.0,0.0,0
Tom King,0.0,0.0,0.0,0.0,0.0,72677.07430124976,0.0,0.0,26,Wolves,GK,3.9,0.06172396964668281,0.041149313097788534,Reduced Ridge,0.0,0.0,0
Tom Lockyer,0.0005088501216644825,0.001353615722644927,0.0008447656009804444,0.050370416678558176,0.07785440634704742,13423.598890196994,0.030585754208399298,0.03472938790401574,23,Luton,DEF,4.2,0.2706880750909739,0.19203517936198786,Reduced Ridge,0.0,0.0,0
Tom McGill,0.0,0.0,0.0,0.0,0.0,28545.847535741756,0.0,0.0,26,Brighton,GK,3.9,0.05417659953185516,0.036117733021236775,Reduced Ridge,0.0,0.0,0
Tommi O'Reilly,0.0,0.0,0.0,0.0,0.0,234.1207133058985,0.0,0.0,9,Aston Villa,MID,4.5,0.23607557776154042,0.15738371850769362,Reduced Ridge,0.0,0.0,0
Tommy Doyle,0.008781081993833324,0.017447392257047105,0.008666310263213779,0.308693624851398,0.6371063823181436,6205.013205560679,0.1423335356948559,0.9538633097785914,26,Wolves,MID,4.4,0.6520103871116989,0.752628028000663,Reduced Ridge,15.0,1.25,8
Tomáš Souček,0.006795205978320576,0.2155442895852786,0.208749083606958,1.4866969429411196,2.487551800971061,133755.45263267678,0.7772257457702811,1.8835023872976544,26,West Ham,MID,4.9,2.3834997769999333,2.216833980432507,Reduced Ridge,34.0,2.8333333333333335,12
Tosin Adarabioyo,0.004393789715133009,0.04398650085334027,0.039592711138207254,1.0927496187858958,1.6609417443800467,24650.78370171209,0.6219222830003708,1.1204574108285192,26,Fulham,DEF,4.3,1.4840933835050045,1.3628813926128427,Reduced Ridge,29.0,2.4166666666666665,8
Toti António Gomes,0.013541533447395965,0.06513394393552582,0.05159241048812987,1.2875666153793983,2.460035715736507,28518.76408978896,0.9996992713401784,3.0004286030520806,26,Wolves,DEF,4.4,2.1935314069126948,2.4624971389591566,Reduced Ridge,24.0,2.0,11
Travis Hernes,0.0,0.0,0.0,0.0,0.0,51.27160493827161,0.0,0.0,5,Newcastle,MID,4.5,0.23603343461752835,0.1573556230783522,Reduced Ridge,0.0,0.0,0
Trent Alexander-Arnold,0.11726527092497653,0.15976813931823172,0.042502868393255185,0.5239345116502531,3.0698830348104473,1955253.3382394882,0.5015814594573401,1.7818674196558606,25,Liverpool,DEF,8.6,1.9330327565987941,1.8826443109511495,Reduced Ridge,19.0,1.5833333333333333,6
Trevoh Chalobah,0.0,0.0,0.0,0.26,0.26666666666666666,4680.959728753591,0.0,0.3333333333333333,25,Chelsea,DEF,4.3,0.28787344305206264,0.3030267398124862,Reduced Ridge,38.0,3.1666666666666665,10
Treymaurice Nyoni,0.0,0.0,0.0,0.0,0.0,157.94572743415233,0.0,0.0,14,Liverpool,MID,4.5,0.23605802091683725,0.15737201394455816,Reduced Ridge,0.0,0.0,0
Ty Barnett,0.0,0.0,0.0,0.0,0.0,360.8645023624448,0.0,0.0,9,Wolves,MID,4.5,0.23610478972654536,0.15740319315103024,Reduced Ridge,0.0,0.0,0
Tyler Adams,0.0,0.0,0.0,0.0,0.0,309.1434130407028,0.0,0.0,23,Bournemouth,MID,4.9,0.23609286902682092,0.1573952460178806,Reduced Ridge,5.0,0.4166666666666667,3
Tyler Onyango,0.0,0.0,0.0,0.0,0.0,1386.0541727486993,0.0,1.9801064021183095e-05,26,Everton,MID,4.4,0.2363410758988127,0.15756731762054885,Reduced Ridge,0.0,0.0,0
Tyrell Malacia,0.0,0.0,0.0,0.0,0.0,2318.252858420383,0.0,0.0,26,Man Utd,DEF,4.3,0.2079715608580499,0.13864770723869993,Reduced Ridge,0.0,0.0,0
Tyrese Francois,0.0,0.0,0.0,0.0,0.0,2465.2986475498046,0.0,0.0,26,Fulham,MID,4.4,0.23658982064649936,0.15772654709766623,Reduced Ridge,0.0,0.0,0
Tyrick Mitchell,0.02580365831095339,0.04163976748518236,0.015836109174228976,1.065532179586743,2.574220783983561,346629.2302000639,0.9942194900280561,2.5492142517446474,26,Crystal Palace,DEF,4.5,2.2525766058843386,2.351455821171108,Reduced Ridge,48.0,4.0,11
Tyrone Mings,6.336340486778593e-06,6.732361767202259e-06,3.9602128042366206e-07,4.27702982857555e-05,8.71246816932057e-05,121530.55549827316,3.960212804236619e-05,0.0,26,Aston Villa,DEF,4.1,0.2206050725658072,0.14707004837720478,Reduced Ridge,0.0,0.0,0
Valentín Barco,0.0,0.0,0.0,0.0,0.0,539.3333333333334,0.0,0.0,2,Brighton,DEF,4.0,0.2077841629674806,0.13852277531165372,Reduced Ridge,5.0,0.4166666666666667,6
Valintino Adedokun,0.0,0.0,0.0,0.0,0.0,3139.104291079453,0.0,0.0,15,Brentford,DEF,4.0,0.2080580323508756,0.13870535490058372,Reduced Ridge,0.0,0.0,0
Vicente Guaita,0.0,0.0,0.0,0.0,0.0,19716.96767941344,0.0,0.0,26,Crystal Palace,GK,4.4,0.052666674953299464,0.03511111663553297,Reduced Ridge,0.0,0.0,0
Victor Lindelöf,0.027738769238418646,0.05461099843230316,0.026872229193884514,0.7647967470051578,2.3488841298140763,30285.20798454027,0.3414749135258664,0.6152375280244679,26,Man Utd,DEF,4.5,1.3269395492367615,1.089705542165997,Reduced Ridge,17.0,1.4166666666666667,3
Victor da Silva,0.01725130200951123,0.037715886220549756,0.02046458421103852,0.9328565046235678,1.1941027228428285,14729.046091562674,0.29556628675632807,1.1308266005757717,25,Burnley,DEF,4.4,0.9347799329056437,1.0001288221290197,Reduced Ridge,27.0,2.25,12
Viljami Sinisalo,0.0,0.0,0.0,0.0,0.0,346.92196629407965,0.0,0.0,26,Aston Villa,GK,4.0,0.049353988793115366,0.032902659195410244,Reduced Ridge,0.0,0.0,0
Vincent Angelini,0.0,0.0,0.0,0.0,0.0,947.9445940377202,0.0,0.0,12,Brentford,GK,4.0,0.049456776332720165,0.03297118422181344,Reduced Ridge,0.0,0.0,0
Vini de Souza Costa,0.0422862477636911,0.07796929818118163,0.03568305041749052,1.8394634735715867,3.892270100958863,3006.2088053320467,0.9973912823288715,3.6272154576542217,26,Sheffield Utd,MID,5.0,2.8223227495468572,3.0906203189159784,Reduced Ridge,16.0,1.3333333333333333,10
Virgil van Dijk,0.04422546226817989,0.17895025501760883,0.13472479274942892,1.9752573331602303,7.300772944786228,1703265.9442075882,1.3331662618556548,5.015935836517237,25,Liverpool,DEF,6.4,4.194847722314255,4.468543760381915,Reduced Ridge,25.0,2.0833333333333335,11
Vitalii Mykolenko,0.05260786488919352,0.06763081632945635,0.015022951440262826,1.2038107191140135,3.374372179658034,610849.9701918219,0.9911955778599411,2.184327655091069,26,Everton,DEF,4.6,2.5085201538251396,2.4004559875804494,Reduced Ridge,18.0,1.5,6
Vitaly Janelt,0.05694231573712161,0.07821314455273362,0.021270828815612024,1.8303235643830627,2.3459940034893414,9046.164563011534,0.8888888888888891,2.565200718317006,25,Brentford,MID,5.3,2.3528531003069495,2.423635639643635,Reduced Ridge,32.0,2.6666666666666665,12
Vladimír Coufal,0.09155609614010596,0.09174473582766776,0.00018863968756180076,1.5612366138268388,3.7375040385117293,275672.6453224826,0.9048925468678557,2.0310764128155925,26,West Ham,DEF,4.6,2.4715022210664377,2.324693618316156,Reduced Ridge,19.0,1.5833333333333333,12
Wataru Endo,0.19996319479687036,0.2126435675946033,0.012680372797732958,1.2753213814015203,4.23528095937257,8392.702807699396,1.010772407832793,1.4492606529435563,24,Liverpool,MID,5.4,2.8965898433428863,2.4141467798764427,Reduced Ridge,18.0,1.5,10
Wayne Hennessey,0.0,0.0,0.0,0.0,0.0,19781.499760658913,0.0,0.0,26,Nott'm Forest,GK,4.0,0.05267771129960419,0.03511847419973613,Reduced Ridge,0.0,0.0,0
Wes Foderingham,0.004617859743602771,0.004617859743602771,0.0,1.4065247885422827,2.128592570572885,34811.44283218318,0.60082304526749,1.3436014481209495,26,Sheffield Utd,GK,4.5,1.7370269768196045,1.6058851339200526,Reduced Ridge,12.0,1.0,5
Wesley Fofana,0.0,0.0,0.0,0.0,0.0,2523.7841171291584,0.0,0.0,25,Chelsea,DEF,4.4,0.20799321227273448,0.13866214151515632,Reduced Ridge,0.0,0.0,0
Wesley Moraes Ferreira da Silva,0.0,0.0,0.0,0.0,0.0,513.5200301723255,0.0,0.0,26,Aston Villa,FWD,5.0,0.2995369836865466,0.19969132245769772,Reduced Ridge,0.0,0.0,0
Will Hughes,0.02715952341505908,0.02806155931163798,0.0009020358965788934,0.34756812843391766,1.3541705017149626,1372.6867393859993,0.3813005524060857,0.7724837912860337,26,Crystal Palace,MID,4.9,1.058784810028657,0.9633511371144492,Reduced Ridge,27.0,2.25,10
William Osula,0.016719435052009877,0.057534241749262485,0.04081480669725262,0.7467141943800708,0.5416763894273452,119151.92602776935,0.4038705217280755,0.9931260743374932,26,Sheffield Utd,FWD,4.3,1.2995200565985354,1.197388729178188,Reduced Ridge,5.0,0.4166666666666667,5
William Saliba,0.015945137742653527,0.09777839101768708,0.08183325327503355,0.3207371224438987,2.97902218841348,3974522.309676047,1.0,4.42522910944224,26,Arsenal,DEF,5.7,2.749846303901336,3.3083072390816373,Reduced Ridge,60.0,5.0,11
Willian Borges da Silva,0.15431677692406898,0.25422104971499754,0.09990427279092859,0.9450232812871145,3.8390400757044834,66607.23303516199,0.6228173625193775,1.599990383221598,26,Fulham,MID,5.3,2.4167876125037635,2.1445218694097083,Reduced Ridge,19.0,1.5833333333333333,10
Willy Boly,0.0021965350895292598,0.004186638237202269,0.0019901031476730097,0.07013604237567392,0.07723776460611399,37621.32687004908,0.03148214815909727,0.01914805349108314,26,Nott'm Forest,DEF,4.5,0.27420905495291525,0.18918872113230456,Reduced Ridge,21.0,1.75,5
Willy Kambwala,0.0001300614743687447,0.0001300614743687447,0.0,0.017688360514149282,0.026012294873748943,1489.0297718843674,0.013006147436874472,0.03251536859218618,10,Man Utd,DEF,3.9,0.23198940913448896,0.1654980622870547,Reduced Ridge,3.0,0.25,6
Wilson Odobert,0.037676254675317405,0.08962875318599318,0.05195249851067578,2.102303017739697,1.6627517473799787,6586.947375222224,0.9890028462932774,2.503864498044713,24,Burnley,MID,5.0,2.388756980100082,2.427126152748292,Reduced Ridge,29.0,2.4166666666666665,12
Wout Weghorst,0.0,0.0,0.0,0.0,0.0,4222.527403704468,0.0,0.0,25,Burnley,FWD,5.5,0.3005366950544929,0.20035779670299525,Reduced Ridge,0.0,0.0,0
Yago de Santiago Alonso,0.0,0.0,0.0,0.0,0.0,310.4417799906293,0.0,0.0,12,Spurs,MID,4.5,0.23609316827501425,0.15739544551667617,Reduced Ridge,0.0,0.0,0
Yasin Ayari,0.0,0.0,0.0,0.0,0.0,1665.348384966259,0.0,0.0,26,Brighton,MID,4.5,0.2364054477533557,0.15760363183557047,Reduced Ridge,0.0,0.0,0
Yasser Larouci,0.0033339273652539685,0.00799081598567799,0.004656888620424022,0.9460376377015656,0.5528011487867284,4642.7937844642,0.5686062553864777,0.9548661674702088,26,Sheffield Utd,DEF,4.3,1.0939147916592715,1.0475652502629171,Reduced Ridge,2.0,0.16666666666666666,2
Yegor Yarmoliuk,0.025148530128462056,0.02570731275908333,0.0005587826306212737,0.1106961387372572,0.1126966116652649,61092.92807668209,0.0317125199849717,0.37844025332382475,14,Brentford,MID,4.3,0.3810546160916286,0.380183161835694,Reduced Ridge,16.0,1.3333333333333333,12
Yegor Yarmolyuk,0.0,0.12222222222222223,0.12222222222222223,0.2811111111111111,0.7481481481481481,66051.58944266627,0.0,0.7037037037037037,11,Brentford,MID,4.4,0.7054739732846312,0.7048838834243221,Reduced Ridge,0.0,0.0,0
Yerson Mosquera,0.0,0.0,0.0,0.0,0.0,20.74485596707819,0.0,0.0,6,Wolves,DEF,4.0,0.20772953296012986,0.13848635530675324,Reduced Ridge,0.0,0.0,0
Yoane Wissa,0.06970464519016194,0.12577434719240038,0.05606970200223846,0.729568986265648,3.0801037846175205,479918.93099892896,0.30423320744918075,2.377321918071303,25,Brentford,FWD,5.6,1.792021097842707,1.9871213712522389,Reduced Ridge,59.0,4.916666666666667,12
Youri Tielemans,0.09113265439259345,0.22698472266365116,0.13585206827105772,1.4671354082349042,3.7838063280098626,46488.51983383759,0.7335097370134186,2.8942106569898014,26,Aston Villa,MID,5.6,2.648617848058664,2.730482117702376,Reduced Ridge,30.0,2.5,10
Youssef Ramalho Chermiti,8.910478809532389e-07,0.029038579502224746,0.02903768845434379,0.048204375772984656,0.21058251382429716,5735.811334840308,0.0,0.25233361392707715,26,Everton,FWD,4.8,0.38693957275334645,0.34207091981125665,Reduced Ridge,8.0,0.6666666666666666,8
Yves Bissouma,0.02129274814436613,0.023083865330985286,0.0017911171866191546,0.5437658450094562,1.6797705920075239,33858.438466588465,0.36927518048742125,0.9423925416168555,25,Spurs,MID,5.0,1.2003248647764535,1.1143474237232542,Reduced Ridge,17.0,1.4166666666666667,10
Zack Nelson,0.0,0.0,0.0,0.0,0.0,615.0874829002655,0.0,0.0,14,Luton,MID,4.5,0.23616338315243413,0.15744225543495607,Reduced Ridge,2.0,0.16666666666666666,2
Zack Steffen,0.0,0.0,0.0,0.0,0.0,16644.06944945734,0.0,0.0,25,Man City,GK,3.9,0.05214114457568475,0.0347607630504565,Reduced Ridge,0.0,0.0,0
Zeki Amdouni,0.04196789274041595,0.1412896194439087,0.09932172670349274,0.9455464442057939,2.380591879578542,29768.101751891445,0.9999248178350448,1.854710101343241,25,Burnley,FWD,5.3,2.287847886827757,2.143468624999585,Reduced Ridge,15.0,1.25,9
Álvaro Fernández Carreras,0.0,0.0,0.0,0.0,0.0,12638.134275088909,0.0,0.0,26,Man Utd,DEF,4.0,0.20905869491956086,0.13937246327970723,Reduced Ridge,0.0,0.0,0
Ângelo Gabriel Borges Damaceno,0.0,0.0,0.0,0.0,0.0,310.69581072861774,0.0,0.0,25,Chelsea,MID,5.0,0.23609322682413203,0.15739548454942134,Reduced Ridge,0.0,0.0,0
Đorđe Petrović,0.0,0.0,0.0,1.8374074074074076,3.3086419753086425,119571.24691358027,1.0,3.753086419753087,5,Chelsea,GK,4.5,2.9071748369707526,3.189145364564864,Reduced Ridge,38.0,3.1666666666666665,11
Aaron Connolly,0.0,0.0,0.0,0.0,0.0,1767.9219840972592,0.0,0.0,26,Brighton,FWD,4.5,0.32220239815090346,0.21480159876726895,Parsimonious Ridge,0.0,0.0,0
Aaron Cresswell,7.612194201737236e-05,7.612194201737236e-05,0.0,0.009869760502005883,0.00561954378205331,32189.489974271582,0.00628798958539336,0.14452442653336287,26,West Ham,DEF,4.2,0.23876883723039566,0.20735403366471805,Parsimonious Ridge,7.0,0.5833333333333334,7
Aaron Hickey,9.086832035971058e-06,3.8602793092547094e-05,2.9515961056576034e-05,0.002035797281417417,0.002452191613629593,15292.640350699687,0.0017761786470720227,0.00534791159175242,25,Brentford,DEF,4.4,0.22731615314641695,0.1533267392948621,Parsimonious Ridge,0.0,0.0,0
Aaron Ramsdale,1.980106402118309e-07,1.980106402118309e-07,0.0,0.002027377285018917,0.0010222057588728476,631956.498811173,0.001846400877533864,0.010593279196684197,26,Arsenal,GK,4.5,0.1556065082513326,0.10726876523311646,Parsimonious Ridge,3.0,0.25,1
Aaron Ramsey,0.002053559005005193,0.03498371450694462,0.03515237772416164,0.719246251643676,0.6111388519918903,4407.0999685571,0.469386409685654,0.8402673698470102,24,Burnley,MID,5.0,1.3282679476200185,1.165601088362349,Parsimonious Ridge,0.0,0.0,0
Aaron Wan-Bissaka,0.002221514996592938,0.0034691417322042298,0.0012476267356112919,0.1416488851206657,0.31100522957110227,193940.655420587,0.10913894007000809,0.07532633805375576,26,Man Utd,DEF,4.4,0.46603157082124347,0.3357964932320809,Parsimonious Ridge,18.0,1.5,9
Abdoulaye Doucouré,0.003315867708013848,0.11584541357391302,0.11252954586589918,0.5479753468792674,1.9136586104955524,59670.94393764496,0.6254635980287558,1.7060069356499978,26,Everton,MID,5.5,1.8130813614598904,1.777389886189926,Parsimonious Ridge,32.0,2.6666666666666665,11
Abdul Rahman Baba,0.0,0.0,0.0,0.0,0.0,255.10351953444496,0.0,0.0,25,Chelsea,DEF,4.0,0.2214785893664436,0.14765239291096238,Parsimonious Ridge,0.0,0.0,0
Adam Davies,0.0,0.0,0.0,0.0,0.0,17559.899334161346,0.0,0.0,26,Sheffield Utd,GK,4.0,0.049502999004521486,0.033001999336347655,Parsimonious Ridge,0.0,0.0,0
Adam Lallana,0.029116435221131876,0.03476929226452899,0.005652857043397107,0.2337029028872849,0.725103730702556,4938.127947885013,0.16935863907144083,0.7150228588995996,26,Brighton,MID,4.9,0.7146441146183495,0.7147703627120996,Parsimonious Ridge,8.0,0.6666666666666666,7
Adam Smith,0.012415701612518492,0.012415701612518492,0.0,1.5091035099419674,1.2557114509415293,12641.535853002953,0.9513043410566757,1.522895474259064,25,Bournemouth,DEF,4.4,2.0536313619387485,1.8767193993788536,Parsimonious Ridge,40.0,3.3333333333333335,10
Adam Webster,0.010372762725581346,0.010869536283716045,0.000496773558134699,0.08206205672049409,0.8731522824310667,16617.837022703705,0.25343547257547056,0.39891979595028243,26,Brighton,DEF,4.2,0.699550794478695,0.5993404616358907,Parsimonious Ridge,14.0,1.1666666666666667,5
Adam Wharton,0.13148148148148148,0.15814814814814815,0.026666666666666665,0.91,4.614814814814815,739.0370370370371,0.7037037037037037,2.2222222222222223,4,Crystal Palace,MID,5.0,2.2047578532288776,2.2105793095599924,Parsimonious Ridge,41.0,3.4166666666666665,11
Adama Traoré,0.015589810429463372,0.12226004128765387,0.10667023085819047,0.43491168617781345,1.5566604259224728,2783.4205531462894,0.0,1.482756967793885,25,Fulham,MID,4.9,0.8761258469635687,1.078336220573674,Parsimonious Ridge,27.0,2.25,10
Ademola Ola-Adebomi,0.0,0.0,0.0,0.0,0.0,2452.2082783916303,0.0,0.0,20,Crystal Palace,FWD,4.5,0.3224102405774718,0.2149401603849812,Parsimonious Ridge,0.0,0.0,0
Admiral Muskwe,0.0,0.0,0.0,0.0,0.0,6211.232180944679,0.0,0.0,23,Luton,FWD,4.5,0.32355199170700566,0.21570132780467044,Parsimonious Ridge,0.0,0.0,0
Adrián San Miguel del Castillo,0.0,0.0,0.0,0.0,0.0,26844.787988718308,0.0,0.0,25,Liverpool,GK,3.9,0.0510240027729133,0.03401600184860887,Parsimonious Ridge,0.0,0.0,0
Aidan Francis-Clarke,0.0,0.0,0.0,0.0,0.0,1734.4608368157162,0.0,0.0,23,Luton,DEF,4.0,0.22172058897636004,0.14781372598424003,Parsimonious Ridge,0.0,0.0,0
Albert Sambi Lokonga,0.1404960826254425,0.15924761267165027,0.01875153004620776,2.3117646683971156,4.368937589754923,2725.205166563268,1.2946908018474872,2.5535415675389794,24,Luton,MID,4.9,3.581194222177633,3.2386433372980816,Parsimonious Ridge,19.0,1.5833333333333333,5
Alejandro Garnacho,0.14796828449369617,0.4687067272054911,0.3207384427117949,1.591395265140077,10.059610416345151,864953.960132101,0.9985369643517163,4.302420436866783,26,Man Utd,MID,5.0,4.296278759119993,4.298325985035589,Parsimonious Ridge,48.0,4.0,11
Alejo Véliz,0.0,0.012290809327846373,0.012290809327846373,0.031930892328206235,0.18926553778625804,6274.735893170268,0.0,0.21241647857194268,25,Spurs,FWD,5.4,0.36877604263361463,0.3166561879463906,Parsimonious Ridge,0.0,0.0,0
Aleksandar Mitrović,7.920425608473241e-07,7.128383047625916e-06,6.336340486778593e-06,2.376127682541972e-05,0.00013068702253980852,70467.40459285362,0.0,3.960212804236619e-05,26,Fulham,FWD,7.4,0.34309910300345925,0.22874593604498694,Parsimonious Ridge,0.0,0.0,0
Alex Iwobi,0.09307656741602327,0.21569529531944526,0.12261872790342201,0.8005298176434181,4.768560447014021,45526.963496279015,0.42039481899226755,3.8105279777600978,26,Fulham,MID,5.3,1.9856430911557656,2.5939380533572094,Parsimonious Ridge,38.0,3.1666666666666665,12
Alex Matos,0.0,0.0,0.0,0.0,0.0,721.8995190021215,0.0,0.00022554649486628857,21,Chelsea,MID,4.5,0.2502050904559324,0.1668785758022437,Parsimonious Ridge,0.0,0.0,0
Alex Mighten,0.0,0.0,0.0,0.0,0.0,1743.88327006157,0.0,0.0,26,Nott'm Forest,MID,4.4,0.2504805746295712,0.16698704975304746,Parsimonious Ridge,0.0,0.0,0
Alex Murphy,0.0,0.0,0.0,0.0,0.0,42534.196140692795,0.0,0.0017127436953908778,26,Newcastle,DEF,3.9,0.22839478452931516,0.1528341042513404,Parsimonious Ridge,1.0,0.08333333333333333,1
Alex Scott,0.020394932132771125,0.06839211129073766,0.04799717915796654,0.6195713682040189,2.2427686536217246,2734.1924203297403,0.23591151886652031,1.4800305231146413,25,Bournemouth,MID,4.9,1.080509621803859,1.2136832555741197,Parsimonious Ridge,15.0,1.25,9
Alex Telles,0.0,0.0,0.0,0.0,0.0,527.998592871597,0.0,0.0,26,Man Utd,DEF,4.5,0.22152323071206326,0.14768215380804217,Parsimonious Ridge,0.0,0.0,0
Alexander Isak,0.013333830748128373,0.10610122377576683,0.09276739302763845,1.118641142284296,1.5493281805090906,1323115.5508355983,0.5062713657522119,1.3645237691676748,26,Newcastle,FWD,7.5,2.368270049730378,2.033687956209477,Parsimonious Ridge,91.0,7.583333333333333,11
Alexandre Moreno Lopera,0.060531592406306636,0.09283628850615593,0.032304696099849296,1.4610142800423755,3.270948170477376,299643.1392695558,0.9501431014919814,1.8023606257954012,26,Aston Villa,DEF,5.2,2.3469193942818283,2.1653998047863525,Parsimonious Ridge,13.0,1.0833333333333333,8
Alexis Mac Allister,0.22726195334813354,0.3717508368206852,0.1444888834725517,1.5759052132466758,9.24809806596809,296020.95967408584,1.2172748767554213,6.898247353622898,25,Liverpool,MID,5.8,4.084791621175616,5.022610198658043,Parsimonious Ridge,51.0,4.25,11
Alfie Dorrington,0.0,0.0,0.0,0.0,0.0,2075.3991223861167,0.0,0.0,14,Spurs,DEF,4.0,0.22177636112224375,0.14785090741482915,Parsimonious Ridge,0.0,0.0,0
Alfie Doughty,0.23329480856887155,0.34643027441055974,0.11313546584168818,2.9065597623185724,9.121402778538027,663918.0392014387,1.3275402930005633,2.7888547997882247,23,Luton,DEF,4.6,4.012455023250042,3.6045882820961026,Parsimonious Ridge,27.0,2.25,12
Alfie Gilchrist,0.0014814814814814816,0.0014814814814814816,0.0,0.17579332418838595,0.13598536808413356,3266.4882014123136,0.0,0.5093735711019663,21,Chelsea,DEF,4.0,0.24643669033359628,0.33408231725638626,Parsimonious Ridge,15.0,1.25,6
Alfie Whiteman,0.0,0.0,0.0,0.0,0.0,21444.38695853128,0.0,0.0,25,Spurs,GK,3.9,0.05013933623319011,0.03342622415546007,Parsimonious Ridge,0.0,0.0,0
Alisson Ramses Becker,0.0,0.0,0.0,0.7645602607820968,0.8282286754272828,1495410.623492868,0.4348102611578709,1.2902582367709088,25,Liverpool,GK,5.8,1.511438258223845,1.4377115844061996,Parsimonious Ridge,20.0,1.6666666666666667,6
Allan Campbell,0.0,0.0,0.0,0.0,0.0,1382.5659997123844,0.0,0.0,23,Luton,MID,4.9,0.2503831785706413,0.1669221190470942,Parsimonious Ridge,0.0,0.0,0
Allan Saint-Maximin,0.0,0.0,0.0,0.0,0.0,2829.1611028466973,0.0,0.0,26,Newcastle,MID,6.0,0.2507731202464887,0.16718208016432579,Parsimonious Ridge,0.0,0.0,0
Alphonse Areola,0.0,0.0,0.0,1.8381807336821003,3.375324834753953,3758104.2210275703,0.9816950517555103,2.3996924733788516,26,West Ham,GK,4.2,3.3911559262021704,3.060668108594397,Parsimonious Ridge,30.0,2.5,8
Altay Bayindir,0.0,0.0,0.0,0.0,0.0,8755.21774493383,0.0,0.0,23,Man Utd,GK,4.0,0.048060660342750694,0.03204044022850046,Parsimonious Ridge,0.0,0.0,0
Amad Diallo,0.01321902149062643,0.01526748971193416,0.002048468221307729,0.06416095107453132,0.6258344764517605,2381.7544104073954,0.0,0.36259716506630085,26,Man Utd,MID,4.4,0.3323813275396954,0.34245327338189724,Parsimonious Ridge,21.0,1.75,6
Amadou Diallo,0.0,0.0,0.0,0.0,0.0,718.5513763522198,0.0,0.0017127436953908778,15,Newcastle,MID,4.5,0.2502041879363863,0.16737370652272116,Parsimonious Ridge,0.0,0.0,0
Amadou Onana,0.02226392210944628,0.10246467776715755,0.08020075565771129,0.5564259951637487,2.409910927193298,17171.289659896338,0.11700998085312943,2.273102250235747,26,Everton,MID,4.7,1.0187483605882728,1.4368663238040975,Parsimonious Ridge,15.0,1.25,10
Amari'i Bell,0.02723000034405881,0.02732417187927212,9.417153521331261e-05,3.1684918184019377,3.805803477940808,372722.42910653324,1.3269792656732724,1.9624318192027566,23,Luton,DEF,3.9,2.9865536817682834,2.6451797275797744,Parsimonious Ridge,1.0,0.08333333333333333,1
Ameen Al-Dakhil,0.003985071135347477,0.0722586633713961,0.06893202845004037,0.15771818136463453,0.780786254662975,191627.82862728823,0.11141217216888662,0.5583547239316763,25,Burnley,DEF,3.8,0.6883711918217801,0.6450323691917454,Parsimonious Ridge,0.0,0.0,0
Anass Zaroury,0.001335661007910827,0.0013592760971932777,2.361508928245081e-05,0.01656701492364902,0.053928403090463053,2922.7842663551555,0.0005074796134491491,0.06866971085832141,25,Burnley,MID,4.6,0.26281403565816797,0.19809926072488576,Parsimonious Ridge,0.0,0.0,0
Andi Zeqiri,0.0,0.0,0.0,0.0,0.0,46834.61159044602,0.0,0.0,26,Brighton,FWD,4.4,0.3358907771280776,0.2239271847520517,Parsimonious Ridge,0.0,0.0,0
Andre Brooks,0.007935049162456966,0.02154273091828688,0.01360768175582991,0.4786016185647547,0.48676627683821805,3799.485682729234,0.22274532826786056,0.5555491000728087,26,Sheffield Utd,MID,4.4,0.8316033811495682,0.739585287457315,Parsimonious Ridge,10.0,0.8333333333333334,7
Andreas Hoelgebaum Pereira,0.22559470639077311,0.2805474269701619,0.054952720579388735,1.1744768157282368,7.4071173376138795,96048.01827506596,0.9701890865255411,2.2886428538214085,26,Fulham,MID,5.3,3.1787319415609065,2.882035578981074,Parsimonious Ridge,47.0,3.9166666666666665,11
Andrew Omobamidele,0.00043895747599451325,0.00043895747599451325,0.0,0.7879835390946502,0.6761316872427985,2532.631032865421,0.20850480109739378,0.7640603566529494,22,Nott'm Forest,DEF,4.5,0.6672488446416054,0.6995193486453867,Parsimonious Ridge,6.0,0.5,6
Andrew Robertson,0.2017311004416243,0.22400670200096487,0.022275601559340576,1.1420997736445666,6.295945663244831,329872.7124276833,0.5565705147824539,2.5456198826087255,25,Liverpool,DEF,6.4,2.059149782757791,2.2213064827081026,Parsimonious Ridge,41.0,3.4166666666666665,9
Andrey Nascimento dos Santos,0.0,4.567316521042341e-05,4.567316521042341e-05,1.5224388403474471e-05,0.00015224388403474473,10315.454790504748,0.0,0.0007612194201737237,25,Chelsea,MID,4.2,0.25297039574078495,0.1689006703005812,Parsimonious Ridge,0.0,0.0,0
Andros Townsend,0.05468622732031089,0.12677861386933517,0.07209238654902428,1.064393594578319,2.717134859122023,14969.481209683778,0.18832486683480507,1.2932078380604186,16,Luton,MID,5.0,1.4011605866908734,1.3651763371473884,Parsimonious Ridge,17.0,1.4166666666666667,10
André Onana,0.002712208216053678,0.002712208216053678,0.0,1.6129214823185074,2.82027411449517,1321491.3943616173,1.0,3.085502461479596,26,Man Utd,GK,4.8,3.124783206794023,3.111689625022547,Parsimonious Ridge,41.0,3.4166666666666665,11
André Tavares Gomes,0.0019509221155311705,0.0036417212823248515,0.0016907991667936815,0.05560128029263837,0.17200629985266488,12139.98999319626,0.019509221155311705,0.13981608494640055,26,Everton,MID,4.4,0.3158541454489302,0.25717479194808696,Parsimonious Ridge,11.0,0.9166666666666666,9
Andy Lonergan,0.0,0.0,0.0,0.0,0.0,6363.093815052525,0.0,0.0,26,Everton,GK,3.9,0.0476687946298513,0.03177919641990086,Parsimonious Ridge,0.0,0.0,0
Anel Ahmedhodžić,0.00485448690414232,0.17302921935611446,0.16817473245197212,1.7968059260997753,2.595045032417278,18026.689016322256,0.9532684292285845,0.8438466606166497,26,Sheffield Utd,DEF,4.3,2.5969950551173664,2.0126122569504608,Parsimonious Ridge,7.0,0.5833333333333334,10
Angelo Ogbonna,0.0,0.0,0.0,0.12958922544555543,0.11021064794508141,11657.590040335748,0.04880275448431103,0.29963986068796516,26,West Ham,DEF,4.3,0.32109494299657226,0.31394324889370323,Parsimonious Ridge,2.0,0.16666666666666666,5
Anis Slimane,0.0006082228579217896,0.005301254017320974,0.004693031159399183,0.13909954614482364,0.181229651428626,1990.779778312327,0.10862108018246815,0.1601314540239049,26,Sheffield Utd,MID,4.7,0.47907790160035624,0.3727624190748724,Parsimonious Ridge,4.0,0.3333333333333333,4
Anssumane Fati Vieira,0.022695422476612017,0.11474345477159442,0.09204803229498242,0.2587034820399012,1.3825183301540698,37548.26090914674,0.002854572825651463,1.4790554104071267,23,Brighton,MID,6.4,0.796019374161085,1.0236980529097655,Parsimonious Ridge,5.0,0.4166666666666667,6
Anthony Elanga,0.11425463652679085,0.5498720597416844,0.4356174232148936,1.6035457733369332,5.4998490359035,154488.1865503239,0.8898011844377554,3.801077681456382,26,Nott'm Forest,MID,5.1,4.260659895937742,4.107465824443955,Parsimonious Ridge,25.0,2.0833333333333335,11
Anthony Gordon,0.05636183873297148,0.38767295835534,0.3313114166383288,2.233493558052381,5.3205540913714735,1821129.7620901393,0.9996742106185268,3.8341293456943912,26,Newcastle,MID,6.1,4.4844961088647235,4.267707187807946,Parsimonious Ridge,62.0,5.166666666666667,9
Anthony Knockaert,0.0,0.0,0.0,0.0,0.0,2796.3114271817685,0.0,0.0,26,Fulham,MID,4.4,0.25076426534469054,0.16717617689646036,Parsimonious Ridge,0.0,0.0,0
Anthony Martial,0.00018537013113306382,0.0019309562793196817,0.001745586148186618,0.012817195988907714,0.03313345519805273,32782.84437728586,0.01013662320050084,0.03308911647759632,26,Man Utd,FWD,6.4,0.3569558966566825,0.24900030326365374,Parsimonious Ridge,0.0,0.0,0
Antoine Semenyo,0.03652040961372285,0.10026410695435539,0.06374369734063257,1.0856445730475053,4.127380852141222,211330.95709686767,0.776169087129976,3.027573039477491,25,Bournemouth,FWD,4.5,2.323450083248006,2.558157735324501,Parsimonious Ridge,46.0,3.8333333333333335,10
Antonee Robinson,0.07204361803410567,0.10126920818266043,0.029225590148554765,1.7417936175116402,5.465088170924374,180314.7517114166,0.9999331714089288,3.230386096458119,26,Fulham,DEF,4.5,2.470460450335235,2.723768999042863,Parsimonious Ridge,37.0,3.0833333333333335,12
Antony Matheus dos Santos,0.008504192450146168,0.015868144669191963,0.007363952219045795,0.1181701853531831,0.4460967131741287,61937.16404964983,0.06180812375894819,0.6665189324382057,26,Man Utd,MID,6.8,0.4600108560529297,0.5288468815146883,Parsimonious Ridge,17.0,1.4166666666666667,9
Antwoine Hackford,0.0,0.0,0.0,2.3761276825419705e-06,0.0,7408.066783820225,0.0,5.940319206354928e-05,26,Sheffield Utd,FWD,4.4,0.3239173160470724,0.21596467842873612,Parsimonious Ridge,0.0,0.0,0
Aribim Pepple,0.0,0.0,0.0,0.0,0.0,5716.212666418859,0.0,0.0,23,Luton,FWD,4.5,0.3234016364274164,0.2156010909516109,Parsimonious Ridge,0.0,0.0,0
Arijanet Muric,0.0,0.0,0.0,0.0,0.0,13623.019545480758,0.0,0.0,25,Burnley,GK,4.3,0.04885807915496032,0.03257205276997355,Parsimonious Ridge,47.0,3.9166666666666665,10
Armando Broja,0.004649990287713234,0.032207965098480264,0.02755797481076703,0.1510007483329529,0.4162606758203175,23054.34205883518,0.09232214756601471,0.45991071684083007,26,Fulham,FWD,4.9,0.6103500608563598,0.5602036128511831,Parsimonious Ridge,9.0,0.75,6
Arnaut Danjuma Groeneveld,0.010046121947509356,0.0343090875238724,0.02426296557636303,0.13766473280347685,0.3704612579819137,13470.25808181051,0.10988045157977923,0.3938633082998508,26,Everton,MID,5.2,0.5937613265924422,0.527128653828245,Parsimonious Ridge,0.0,0.0,0
Ashley Phillips,0.0,0.0,0.0,0.0,0.0,7501.223750596045,0.0,0.0,22,Spurs,DEF,4.0,0.2226639407679204,0.1484426271786136,Parsimonious Ridge,0.0,0.0,0
Ashley Young,0.021573783769401323,0.04040008247678776,0.01882629870738644,0.5189866104575342,1.2615937914069306,29377.207990295086,0.5518134741706964,2.5105699112317676,26,Everton,DEF,4.4,1.3524452261545519,1.738486787846957,Parsimonious Ridge,34.0,2.8333333333333335,10
Auston Trusty,0.010612168113803609,0.01760477877048987,0.006992610656686259,1.1430766812097168,1.9473748347035942,235589.37270902283,0.6291785366398972,0.8235170276592046,26,Sheffield Utd,DEF,3.9,1.516352277594414,1.2854071942826775,Parsimonious Ridge,7.0,0.5833333333333334,11
Axel Disasi,0.0091473366313222,0.038026561699585223,0.02887922506826302,1.941421586224347,3.323593118529755,380894.7212460368,0.9969234048434648,1.0246255714386585,25,Chelsea,DEF,4.9,2.321083692177008,1.8889309852642246,Parsimonious Ridge,15.0,1.25,8
Aymeric Laporte,0.0,7.128383047625916e-06,7.128383047625916e-06,4.15822344444845e-06,0.00017226925698429302,10898.874152095339,0.0,5.940319206354928e-05,25,Man City,DEF,4.9,0.2232427016132429,0.1488482688061831,Parsimonious Ridge,0.0,0.0,0
Bailey Peacock-Farrell,0.0,0.0,0.0,0.0,0.0,885.9547657068163,0.0,0.0,25,Burnley,GK,4.0,0.04677155725372273,0.031181038169148485,Parsimonious Ridge,0.0,0.0,0
Bart Verbruggen,0.0,0.0,0.0,0.30083589977394554,1.0903715428924945,40704.9525353625,0.6846524165081735,2.1437530648099594,26,Brighton,GK,4.4,2.1773123777643493,2.166125940112886,Parsimonious Ridge,38.0,3.1666666666666665,8
Bashir Humphreys,0.0,0.0,0.0,0.0,0.0,914.4379005939747,0.0,0.0,24,Chelsea,DEF,4.0,0.22158644611015055,0.147724297406767,Parsimonious Ridge,0.0,0.0,0
Ben Brereton,0.00460905349794239,0.09646090534979428,0.09185185185185189,0.36938271604938283,1.8798353909465029,11048.427983539095,0.2962962962962964,1.5802469135802475,6,Sheffield Utd,MID,5.0,1.1844574179293559,1.3163872498129865,Parsimonious Ridge,46.0,3.8333333333333335,10
Ben Chilwell,0.045327059975475384,0.08760799854035292,0.04228093856487754,1.43375174553555,2.7938961514947076,528805.9845763476,0.8026696215756837,1.0789689673073568,25,Chelsea,DEF,5.4,2.1135421289569205,1.7686844084070659,Parsimonious Ridge,5.0,0.4166666666666667,2
Ben Davies,0.09535426191265846,0.3002619350824342,0.20490767316977573,0.7846490094219958,3.6183991266669433,47348.11404823297,0.4623563081610793,0.9557252375236571,25,Spurs,DEF,4.3,2.052736088753103,1.6870658050099543,Parsimonious Ridge,3.0,0.25,1
Ben Doak,0.0,0.0,0.0,8.3164468888969e-06,5.94031920635493e-06,3230.2658941272,0.0,5.940319206354928e-05,25,Liverpool,MID,4.3,0.2508843102840843,0.16727600792007738,Parsimonious Ridge,0.0,0.0,0
Ben Godfrey,0.052304526748971195,0.14086419753086424,0.08855967078189304,0.8727423561194427,3.3362427814188216,14123.164143265507,0.8769835221595625,1.6405465083966897,26,Everton,DEF,4.3,2.2608480496179295,2.0540808692108494,Parsimonious Ridge,20.0,1.6666666666666667,8
Ben Greenwood,0.0,0.0,0.0,0.0,0.0,16969.15810086669,0.0,0.0,25,Bournemouth,DEF,4.0,0.22421274604485664,0.1494751640299044,Parsimonious Ridge,0.0,0.0,0
Ben Jackson,0.0,0.0,0.0,0.0,0.0,2984.685818369302,0.0,0.0,14,Brighton,DEF,4.0,0.22192510613682515,0.1479500707578834,Parsimonious Ridge,0.0,0.0,0
Ben Johnson,0.005011431184270692,0.023941472336534073,0.01893004115226338,1.1994741655235486,0.8015698826398417,7280.090902613101,0.3420210333790582,0.8410811360056905,26,West Ham,DEF,4.4,1.0160203470222575,0.9577072766834017,Parsimonious Ridge,6.0,0.5,6
Ben Mee,0.017702113949035717,0.2183694191312353,0.20066730518219958,2.216140935354673,2.698801481773764,189530.07053626474,1.1701907534208402,1.9756450208334968,25,Brentford,DEF,4.8,3.184954410103254,2.781851280346668,Parsimonious Ridge,0.0,0.0,0
Ben Osborn,0.017494195375840432,0.02416561429787218,0.00667141892203175,0.9394339293699993,1.5773368424221785,1397.0153599485348,0.3704594751584657,1.650630601254514,26,Sheffield Utd,MID,4.8,1.224548195380199,1.3665756640049707,Parsimonious Ridge,20.0,1.6666666666666667,10
Ben Parkinson,0.0,0.0,0.0,0.006028857807775891,0.0006850974781563512,2749.156233502664,0.0,0.0034254873907817555,15,Newcastle,FWD,4.5,0.32707386632190627,0.21919107334486476,Parsimonious Ridge,0.0,0.0,0
Ben Pearson,0.0,0.0,0.0,0.0,0.0,80.73051004763407,0.0,0.0,25,Bournemouth,MID,4.5,0.2500322580460126,0.16668817203067504,Parsimonious Ridge,0.0,0.0,0
Bendegúz Bolla,0.0,0.0,0.0,0.0,0.0,41264.11525451299,0.0,0.0,26,Wolves,DEF,4.0,0.2281870192548765,0.15212467950325098,Parsimonious Ridge,0.0,0.0,0
Benicio Baker-Boaitey,7.707346629258947e-05,7.707346629258947e-05,0.0,0.05225006476103024,0.016227828363512293,479.95126123543776,0.0,0.1984666846053153,15,Brighton,MID,4.5,0.2697141748969589,0.24596501146641103,Parsimonious Ridge,0.0,0.0,1
Benjamin Fredrick,0.0,0.0,0.0,0.0,0.0,483.71604938271605,0.0,0.0,5,Brentford,DEF,4.0,0.22151598678382145,0.14767732452254761,Parsimonious Ridge,0.0,0.0,0
Benjamin White,0.12616209418838087,0.13037948794273463,0.004217393754353774,0.2567945401505806,2.291543442013684,1135763.7582349316,0.9945763116312625,3.9734192146206175,26,Arsenal,DEF,5.6,2.5422878557257715,3.0193316420240537,Parsimonious Ridge,87.0,7.25,11
Benoît Badiashile,0.005234146405715784,0.005577765609603579,0.0003436192038877948,0.4989718896359146,0.5769990146287801,10126.999274112073,0.1561289650842396,0.35817334379545446,25,Chelsea,DEF,4.4,0.5629164435593634,0.49466874363806046,Parsimonious Ridge,17.0,1.4166666666666667,8
Bernardo Veiga de Carvalho e Silva,0.24824204111426784,0.4431909756602977,0.1949489345460298,0.6851858948169487,7.428417122490446,408302.4353771237,0.7855357894407946,2.5337034587957854,25,Man City,MID,6.3,3.4338018769166694,3.133769070876374,Parsimonious Ridge,44.0,3.6666666666666665,10
Bernd Leno,0.0,0.0,0.0,1.7461808209456666,2.6030023007651106,1651538.0074085617,1.0,2.5388306599933275,26,Fulham,GK,4.8,3.125374422484879,2.929859834987695,Parsimonious Ridge,44.0,3.6666666666666665,12
Bertrand Traoré,0.0,0.0,0.0,0.00017575919451802633,0.00015224388403474473,1637.0522057121993,0.0,0.0005371812094809239,26,Aston Villa,MID,5.0,0.2505166358380704,0.1671901509618739,Parsimonious Ridge,0.0,0.0,0
Billy Blacker,0.0,0.0,0.0,0.0,0.0,111.66666666666666,0.0,0.0,2,Sheffield Utd,FWD,4.5,0.32169933367765313,0.21446622245176875,Parsimonious Ridge,0.0,0.0,0
Billy Gilmour,0.05827444055059218,0.0879645752225989,0.029690134672006752,0.8287870581790479,2.7652191232260606,32723.074518161964,0.9930417134583274,1.0546041592302475,26,Brighton,MID,4.9,2.334870348728421,1.9081149522290295,Parsimonious Ridge,7.0,0.5833333333333334,4
Bobby Clark,0.0,0.0,0.0,0.11588477366255147,0.3860082304526749,2113.728424650688,0.0,0.720164609053498,25,Liverpool,MID,4.4,0.2933439022153099,0.4356174711613726,Parsimonious Ridge,1.0,0.08333333333333333,1
Bobby De Cordova-Reid,0.06099728089324309,0.1262680752796044,0.06527079438636128,0.9481248531589794,2.7280311497737637,17894.06635724652,0.5861599496781754,3.036890952856724,26,Fulham,MID,5.3,1.9322883629869438,2.3004892262768704,Parsimonious Ridge,19.0,1.5833333333333333,10
Bobby Thomas,0.0,0.0,0.0,0.0,0.0,1042.2188737749043,0.0,0.0,25,Burnley,DEF,4.0,0.2216073490693634,0.14773823271290892,Parsimonious Ridge,0.0,0.0,0
Boubacar Kamara,0.01827995576546455,0.018540592334514116,0.00026063656904956486,0.5195523676215484,0.7179524824079716,10707.857785453958,0.3800961285762046,0.8401291803745032,26,Aston Villa,MID,5.0,1.0646582354832026,0.9898152171136361,Parsimonious Ridge,0.0,0.0,0
Boubacar Traoré,0.000804642674528797,0.0009966655595135922,0.00019202288498479513,0.16082097752426686,0.06142334358420427,36400.46513736076,0.0034149148988348987,0.26845302180036196,26,Wolves,MID,4.3,0.3278953830183794,0.30808126261237356,Parsimonious Ridge,11.0,0.9166666666666666,10
Bradley Ibrahim,0.0,0.0,0.0,0.0,0.0,412.81664965840264,0.0,0.0,15,Arsenal,MID,4.5,0.2501217746118608,0.16674784974124052,Parsimonious Ridge,0.0,0.0,0
Braian Ojeda Rodríguez,0.0,0.0,0.0,0.0,0.0,191.64974274074916,0.0,0.0,26,Nott'm Forest,MID,4.5,0.25006215724267533,0.16670810482845022,Parsimonious Ridge,0.0,0.0,0
Brandon Aguilera Zamora,0.0,0.0,0.0,0.0,0.0,418.19996487949777,0.0,0.04389574759945132,26,Nott'm Forest,MID,4.5,0.2501232257290078,0.18138073301915564,Parsimonious Ridge,0.0,0.0,0
Brandon Austin,0.0,0.0,0.0,0.0,0.0,20543.144177974318,0.0,0.0,25,Spurs,GK,3.9,0.04999169917296642,0.03332779944864428,Parsimonious Ridge,0.0,0.0,0
Brandon Williams,0.0,0.0,0.0,0.0,0.0,6448.827579296964,0.0,0.0,26,Man Utd,DEF,4.0,0.2224917852920547,0.1483278568613698,Parsimonious Ridge,0.0,0.0,0
Brennan Johnson,0.03350464646613402,0.23656336712709483,0.20309725739410708,0.7392556803465772,4.77226885609315,65531.42819377938,0.3436793755972118,3.600717598222641,25,Spurs,MID,5.8,1.9368573022920805,2.491477400935601,Parsimonious Ridge,59.0,4.916666666666667,11
Bruno Borges Fernandes,0.15661773066707,0.3786350810473539,0.22201735038028386,1.592545184667404,9.45443272738379,1109347.1945312275,0.9913292350420839,3.2129943334675986,26,Man Utd,MID,8.2,4.00967719285147,3.7441162397235126,Parsimonious Ridge,77.0,6.416666666666667,10
Bruno Cavaco Jordão,0.0,0.0,0.0,0.0,0.0,18846.209774785173,0.0,0.0,26,Wolves,MID,4.3,0.2550906482041948,0.17006043213612987,Parsimonious Ridge,0.0,0.0,0
Bruno Guimarães Rodriguez Moura,0.23301017935120916,0.31292861628902496,0.07991843693781578,2.290521825359922,6.445626904411728,243215.12497093316,0.9988581708697397,4.306186352742954,26,Newcastle,MID,5.8,3.794817233160608,3.965273606354723,Parsimonious Ridge,71.0,5.916666666666667,11
Bryan Gil Salvatierra,0.0051308298255748706,0.029797349721480543,0.024666519895905674,0.2508645552816904,0.25672823720998417,1344.1502513100286,0.00642278885771579,0.3130684913259713,25,Spurs,MID,4.9,0.46553223932862675,0.41471098999440825,Parsimonious Ridge,1.0,0.08333333333333333,1
Bryan Mbeumo,0.0026905686758832387,0.011846173793034152,0.00915560511715091,0.015811589464618293,0.10616606032073846,718435.7288688206,0.01734152991583263,0.08821822155869376,25,Brentford,MID,6.8,0.5196209829530846,0.3758200624882876,Parsimonious Ridge,40.0,3.3333333333333335,10
Bukayo Saka,0.41952198606897806,1.1071281780898843,0.6876061920209063,0.24248999699431464,12.766666138598788,6514857.042381658,0.999774453505134,10.93176591748707,26,Arsenal,MID,9.1,7.750772051274436,8.81110334001198,Parsimonious Ridge,57.0,4.75,9
Bénie Traoré,0.000176732521234341,0.00018207880852006043,5.346287285719436e-06,0.0071902163417078835,0.006259815852223867,3098.8686355146438,8.910478809532391e-05,0.007084113456860772,26,Sheffield Utd,FWD,5.1,0.3284801604605748,0.22134814479267015,Parsimonious Ridge,0.0,0.0,0
CJ Egan-Riley,0.0,0.0,0.0,0.0,0.0,20156.049267055823,0.0,0.0,25,Burnley,DEF,3.9,0.22473407135960954,0.1498227142397397,Parsimonious Ridge,0.0,0.0,0
Callum Hudson-Odoi,0.09855079739414035,0.3311312475455679,0.23258045015142753,1.634071927136691,6.9246119326505635,31667.273107824054,0.8701705172877103,5.822249607518026,26,Nott'm Forest,MID,4.7,3.378707875717859,4.193221786317915,Parsimonious Ridge,45.0,3.75,12
Callum Marshall,0.0,0.0,0.0,0.0,0.0,50.074074074074076,0.0,0.0,6,West Ham,FWD,4.5,0.3216806257859274,0.21445375052395158,Parsimonious Ridge,0.0,0.0,0
Callum Scanlon,0.0,0.0,0.0,0.0,0.0,1841.5030033994929,0.0,0.0,17,Liverpool,DEF,3.9,0.22173809939271127,0.14782539959514085,Parsimonious Ridge,0.0,0.0,0
Callum Wilson,0.012418344406963077,0.03199531574458603,0.019576971337622952,0.38589855398375483,0.6848711616844153,336484.15001239243,0.17159915079654,0.34472423278298475,26,Newcastle,FWD,7.8,0.979681798985499,0.7680292769179942,Parsimonious Ridge,12.0,1.0,4
Calum Chambers,0.0,0.0,0.0,0.5166666666666666,0.3333333333333333,150619.54773677044,0.0,0.3333333333333333,26,Aston Villa,DEF,3.8,0.3042436763827153,0.313940228699588,Parsimonious Ridge,5.0,0.4166666666666667,4
Calvin Bassey,0.0011576564810954033,0.06119571745210409,0.06003806097100869,0.6681690251022261,2.5063297744343878,17743.18807404846,0.4118071256857526,3.6681167717563685,26,Fulham,DEF,4.4,1.1943733897326083,2.0189545170738614,Parsimonious Ridge,33.0,2.75,12
Cameron Archer,0.012415244096100024,0.1659748587562956,0.1535596146601956,0.40379487598582714,1.4252518397185416,614542.3167819802,0.20607922721253882,1.530877971444346,26,Sheffield Utd,FWD,4.3,1.3483232805599226,1.4091748441880636,Parsimonious Ridge,16.0,1.3333333333333333,7
Cameron Peupion,0.0,0.0,0.0,0.0,0.0,62.97119341563786,0.0,0.0,6,Brighton,MID,4.5,0.25002747087531474,0.16668498058354314,Parsimonious Ridge,0.0,0.0,0
Caoimhin Kelleher,0.003333333333333333,0.003333333333333333,0.0,1.2107388402475532,2.525947753372434,200954.9788468926,0.8985230721754626,2.371870066479628,25,Liverpool,GK,3.7,2.712271936360347,2.598804646400107,Parsimonious Ridge,19.0,1.5833333333333333,5
Carlos Baleba,0.001033471137179153,0.002285553737625548,0.001277773755877258,0.1462518593885764,0.12201235472947165,5364.07044561798,0.026280792117149347,0.2863602696647872,23,Brighton,MID,4.5,0.3521130428924224,0.330195451816544,Parsimonious Ridge,19.0,1.5833333333333333,11
Carlos Henrique Casimiro,0.020953605606041564,0.0676052758107608,0.04665167020471925,1.059195773692452,3.0296281696587464,210496.34329337213,0.868989396686245,1.1411834166124804,26,Man Utd,MID,5.3,2.2110490615321763,1.8544271798922776,Parsimonious Ridge,28.0,2.3333333333333335,11
Carlos Mendes Gomes,0.0,0.0,0.0,0.0,0.0,726.2810609914037,0.0,0.0,23,Luton,MID,4.5,0.2502062715368185,0.16680418102454567,Parsimonious Ridge,0.0,0.0,0
Carlos Vinícius Alves Morais,0.0007265318980325711,0.0070018543980899725,0.0062753225000574024,0.007345214796185318,0.10322859708252,121351.43927022931,0.0005638662371657214,0.07010974681584731,26,Fulham,FWD,4.5,0.37673444591651883,0.27452621288296164,Parsimonious Ridge,0.0,0.0,0
Carlton Morris,0.04237711273581744,0.638180765053146,0.5958036523173287,2.9359231534774786,9.129554401277579,295579.59706587926,1.1534823187939347,7.36985994295971,23,Luton,FWD,5.0,5.129299454863842,5.876152950895798,Parsimonious Ridge,45.0,3.75,12
Carney Chukwuemeka,0.009392814592033522,0.01235815368267903,0.0029653390906455054,0.2284075052929875,0.6159972493942892,140603.07487573422,8.910478809532391e-05,0.6092614091146095,25,Chelsea,MID,4.2,0.41931658969274144,0.48263152950003074,Parsimonious Ridge,4.0,0.3333333333333333,4
Cauley Woodrow,0.023398888004387525,0.12323226130104636,0.09983337329665885,1.2935679434558636,2.071159901960722,62297.69717839172,0.6666666666666666,0.8485817130713702,23,Luton,FWD,4.3,2.3421013595535696,1.8442614773928363,Parsimonious Ridge,21.0,1.75,10
Cesare Casadei,0.016666666666666666,0.016666666666666666,0.0,0.1251851851851852,0.6296296296296297,118.14814814814815,0.0,0.6296296296296298,4,Chelsea,MID,4.5,0.35961037921129757,0.4496167960174083,Parsimonious Ridge,9.0,0.75,8
Charles Sagoe,0.0,0.0,0.0,0.0,0.0,409.2215023764529,0.0,0.0,15,Arsenal,MID,4.5,0.250120805510173,0.16674720367344867,Parsimonious Ridge,0.0,0.0,0
Charlie Goode,0.0,0.0,0.0,0.0,0.0,20232.784669945795,0.0,0.0,25,Brentford,DEF,3.9,0.2247466240656727,0.14983108271044845,Parsimonious Ridge,0.0,0.0,0
Charlie Taylor,0.01332970236766743,0.013405945044932345,7.624267726491362e-05,0.9498159403814923,0.8826239442805937,443764.1478893207,0.41247077072208754,0.4736882747814166,25,Burnley,DEF,4.0,1.1461235513783117,0.9219784591793465,Parsimonious Ridge,12.0,1.0,10
Cheick Doucouré,0.0004323811776023248,0.0004975444682504736,6.516329064814887e-05,0.002627978556709016,0.011931768279342284,5284.9394699063,0.0037708554610457606,0.005237913200458963,26,Crystal Palace,MID,4.9,0.25974856828334403,0.17491168325571566,Parsimonious Ridge,0.0,0.0,0
Cheikhou Kouyaté,8.955714644846154e-05,0.0010843132089831395,0.000994756062534678,0.019535186265847618,0.016339296534507886,2224.494210387931,0.014451274929860525,0.043449447196276345,26,Nott'm Forest,MID,4.8,0.28283541326965556,0.20304009124519581,Parsimonious Ridge,2.0,0.16666666666666666,2
Chiedozie Ogbene,0.18775429021046225,0.6418728419729061,0.45411855176244376,3.0342048896204945,10.539525973499769,16351.843788305527,1.218874847203379,5.920258549705494,23,Luton,FWD,4.9,5.204783581647969,5.443275237667144,Parsimonious Ridge,20.0,1.6666666666666667,5
Chris Basham,8.019430928579149e-06,1.7709576633945623e-05,9.690145705366474e-06,0.0005687886579247377,0.000889284348688852,41080.35896685466,0.00033197721398014774,0.0006494130215697392,26,Sheffield Utd,DEF,3.9,0.228842570771842,0.15277818485508457,Parsimonious Ridge,0.0,0.0,0
Chris Mepham,0.0004547758963186232,0.0005232856441342584,6.850974781563513e-05,0.07269641653085829,0.08298433155972947,5550.39169410785,0.04579879614988563,0.005442940746048415,25,Bournemouth,DEF,4.3,0.3102228954648728,0.20862957722526468,Parsimonious Ridge,12.0,1.0,3
Chris Richards,0.004893769957530564,0.0763478165967624,0.07145404663923183,1.0701889674403573,4.298660330791128,66985.5575333513,0.9949285975048991,5.42850946719286,26,Crystal Palace,DEF,3.9,2.289153894988333,3.335605752389842,Parsimonious Ridge,32.0,2.6666666666666665,8
Chris Wood,0.00480034399626096,0.07221760315846244,0.06741725916220147,0.206326938625605,1.192018517324758,109181.06035385208,0.17636429479942498,0.9836912919718306,26,Nott'm Forest,FWD,4.8,0.8488746107706668,0.893813504504388,Parsimonious Ridge,56.0,4.666666666666667,11
Christian Eriksen,0.21609227491766164,0.22404960837506788,0.007957333457406256,0.29025458260998205,2.807869276724354,40783.17265156722,0.09522041123276496,0.46444442109483286,26,Man Utd,MID,5.8,1.357695372410534,1.0599450553053003,Parsimonious Ridge,13.0,1.0833333333333333,5
Christian Nørgaard,0.062125023189245565,0.27127366976433154,0.20914864657508592,2.1390989438565073,4.798433740355165,20434.113317471587,1.172545964650827,3.2800146605640883,25,Brentford,MID,5.3,3.771616615034365,3.6077492968776057,Parsimonious Ridge,14.0,1.1666666666666667,7
Christian Pulisic,0.0,0.0,0.0,0.0,0.0,381.0923492342727,0.0,0.0,25,Chelsea,MID,5.5,0.25011322306426764,0.16674214870951176,Parsimonious Ridge,0.0,0.0,0
Christopher Nkunku,0.009861301630848961,0.21790733119951233,0.20804602956866336,0.7573967383020881,3.2787227556774887,177901.38151968375,0.17741197988111573,1.5846669714982475,25,Chelsea,FWD,7.3,1.537771044290333,1.5534030200263045,Parsimonious Ridge,10.0,0.8333333333333334,3
Clément Lenglet,0.018284306254127934,0.09680282477264646,0.07851851851851853,1.8329776964893565,2.573540618808109,24258.287918138925,0.9739877051262513,1.8182695727277352,23,Aston Villa,DEF,4.5,2.3968941595575957,2.2040192972809756,Parsimonious Ridge,1.0,0.08333333333333333,5
Cody Gakpo,0.03744134375598987,0.5715701554056823,0.5341288116496926,1.234145969923223,9.639157084701175,237090.740213556,0.5382072346007123,6.851602788517767,25,Liverpool,FWD,7.2,2.9594479518342953,4.256832897395452,Parsimonious Ridge,40.0,3.3333333333333335,11
Cole Palmer,0.23806336443654225,0.45015533903484983,0.21209197459830753,1.643691069323694,6.304043526139049,3738801.261700255,0.9664314019626707,6.019776780097418,25,Chelsea,MID,5.8,4.973289556730501,5.3221186311861395,Parsimonious Ridge,120.0,10.0,10
Connor Roberts,0.0006837985924782773,0.0006837985924782773,0.0,0.07614644353122321,0.10864557862865129,16320.850898414154,0.0009397770619428695,0.09237783805857427,25,Burnley,DEF,4.3,0.23643831863475784,0.18841815844269666,Parsimonious Ridge,0.0,0.0,0
Conor Bradley,0.13810699588477368,0.281440329218107,0.14333333333333334,0.6065020576131688,5.994650205761317,271516.0848786601,0.831275720164609,3.9341563786008242,11,Liverpool,DEF,4.1,2.6386180712444025,3.070464173696543,Parsimonious Ridge,17.0,1.4166666666666667,7
Conor Coventry,0.0,0.0,0.0,0.0,0.0,7812.125160302443,0.0,0.0,26,West Ham,MID,4.3,0.2521163194257483,0.1680775462838322,Parsimonious Ridge,0.0,0.0,0
Conor Gallagher,0.07968380871004971,0.2459973661889076,0.16631355747885795,1.822620530248471,6.059115450162287,50150.583524307345,0.9942194900280561,4.80183596904793,25,Chelsea,MID,5.4,3.308908718989884,3.8065511356758988,Parsimonious Ridge,53.0,4.416666666666667,11
Craig Dawson,0.008391273854789504,0.03661944600260477,0.028228172147815263,1.3411814895827272,4.159717206921574,102674.60849824322,0.9787780351492976,3.9335963034154484,26,Wolves,DEF,4.5,2.172634623895819,2.759621850402362,Parsimonious Ridge,1.0,0.08333333333333333,1
Cristian Romero,0.031326050595332104,0.04812296959547763,0.016796919000145523,1.4576445906651316,2.455760472623442,783906.0393718663,0.9187048881144748,1.2685255457730855,25,Spurs,DEF,4.9,2.2311127683364225,1.91025036081531,Parsimonious Ridge,39.0,3.25,11
Curtis Jones,0.06343102935090923,0.15262927885862237,0.08919824950771314,1.061825072345876,3.0033528872790676,16214.384638415995,0.9348298238019515,1.9887284052133332,25,Liverpool,MID,4.9,2.5781308396095683,2.38166336147749,Parsimonious Ridge,6.0,0.5,6
Cédric Alves Soares,0.0022222222222222222,0.0022222222222222222,0.0,0.05259259259259261,0.05925925925925927,40345.375070563234,0.0,0.3703703703703704,26,Arsenal,DEF,3.9,0.2409690016443573,0.284102791219695,Parsimonious Ridge,1.0,0.08333333333333333,1
César Azpilicueta,0.0,0.0,0.0,0.0,0.0,124.29283942587062,0.0,0.0,25,Chelsea,DEF,4.5,0.22145719079478732,0.14763812719652486,Parsimonious Ridge,0.0,0.0,0
Daiki Hashioka,0.0,0.0,0.0,0.0,0.0,252.7777777777778,0.0,0.0,3,Luton,DEF,4.0,0.22147820891163983,0.14765213927442655,Parsimonious Ridge,4.0,0.3333333333333333,9
Dan Burn,0.02456718192892257,0.05478140165229327,0.030214219723370687,1.5409706306400024,2.9489147563087696,512674.75267350615,0.6516087950113555,2.094546605332819,26,Newcastle,DEF,4.4,1.7619915980449594,1.8728432671409125,Parsimonious Ridge,32.0,2.6666666666666665,11
Dan Potts,0.0,0.0,0.0,0.0,0.0,8936.289540684804,0.0,0.0,23,Luton,DEF,3.9,0.22289869498000214,0.14859912998666808,Parsimonious Ridge,0.0,0.0,0
Dane Scarlett,0.0,0.0,0.0,0.0,0.0,14188.35535347883,0.0,0.0,25,Spurs,FWD,4.5,0.32597493171185266,0.2173166211412351,Parsimonious Ridge,4.0,0.3333333333333333,4
Dango Ouattara,0.014732484542281286,0.04119360939995977,0.026461124857678486,0.24666664982784714,1.7902511662444869,1426.7991998977814,0.06221776295406041,0.932032546683405,25,Bournemouth,MID,4.7,0.5880057146696198,0.7026813253408815,Parsimonious Ridge,36.0,3.0,11
Daniel Bentley,0.0,0.0,0.0,0.019120642429419906,0.02296147016633395,108814.77118710053,0.012524438272545789,0.05619940250501316,26,Wolves,GK,3.9,0.10024186503074062,0.08556104418883145,Parsimonious Ridge,2.0,0.16666666666666666,2
Daniel Castelo Podence,0.0,0.0,0.0,0.0,0.0,4237.029284706639,0.0,0.0,26,Wolves,MID,5.3,0.251152622760369,0.16743508184024597,Parsimonious Ridge,0.0,0.0,0
Daniel Gore,0.0,0.0,0.0,0.0,0.005852766346593511,634.1003275557368,0.0,0.019509221155311705,24,Man Utd,MID,4.5,0.2501814234576297,0.17329068935685704,Parsimonious Ridge,0.0,0.0,0
Daniel Jebbison,0.0,0.0,0.0,0.0,0.0,1342.2586689266852,0.0,0.0,26,Sheffield Utd,FWD,4.8,0.3220731088504105,0.21471540590027366,Parsimonious Ridge,1.0,0.08333333333333333,1
Daniel Muñoz,0.03308641975308642,0.12975308641975308,0.09666666666666665,0.7325925925925927,3.655555555555556,4677.2962962962965,0.8024691358024691,2.6790123456790123,5,Crystal Palace,DEF,4.5,2.0814930966767937,2.280666179677533,Parsimonious Ridge,48.0,4.0,11
Danilo dos Santos de Oliveira,0.03583520132413938,0.10069417188472138,0.064858970560582,1.5257330104358695,2.7672248120812633,7392.380838725592,0.715914378319997,2.196747417123415,26,Nott'm Forest,MID,5.3,2.232962595114513,2.22089086911748,Parsimonious Ridge,30.0,2.5,10
Danny Ings,0.003512105331896583,0.035999710810855644,0.03248760547895906,0.1491622147721818,0.6885000821666832,69322.44491060654,0.0456084912948422,0.7402462989161597,26,West Ham,FWD,5.6,0.5727351992599652,0.6285722324786966,Parsimonious Ridge,14.0,1.1666666666666667,7
Danny Welbeck,0.0895884900950938,0.42008763888484096,0.3304991487897472,0.5488987298695858,5.121569124481934,105957.18606225136,0.8629609859285956,3.526670347793718,26,Brighton,FWD,5.7,2.535694747832115,2.8660199478193156,Parsimonious Ridge,28.0,2.3333333333333335,10
Dara Costelloe,0.0,0.0,0.0,0.0,0.0,898.8446525474968,0.0,0.0,25,Burnley,MID,4.5,0.2502527874803163,0.1668351916535442,Parsimonious Ridge,0.0,0.0,0
Dara O'Shea,0.012213121645554412,0.028701418939535487,0.01648829729398107,2.218993241232228,3.005819781411958,25458.95429953371,0.9994570176975444,1.7155816558286785,25,Burnley,DEF,4.4,2.269085769293418,2.084584398138505,Parsimonious Ridge,27.0,2.25,11
Darko Churlinov,0.0,0.0,0.0,0.0,0.0,1833.1290310346758,0.0,0.0,25,Burnley,MID,4.4,0.25050463156265546,0.16700308770843697,Parsimonious Ridge,0.0,0.0,0
Darren Randolph,0.0,0.0,0.0,0.0,0.0,42337.37893041491,0.0,0.0,25,Bournemouth,GK,4.0,0.053561921113259525,0.03570794740883968,Parsimonious Ridge,0.0,0.0,0
Darwin Núñez Ribeiro,0.1923310797332428,0.8891635750622497,0.696832495329007,0.8510430047800608,9.08400901338234,1905093.1122291787,0.8255951945475304,4.477172308867441,25,Liverpool,FWD,7.6,4.066754689728781,4.203560562775001,Parsimonious Ridge,31.0,2.5833333333333335,11
David Brooks,0.003149338685898519,0.029992891645346274,0.02684355295944775,0.04637186194497429,0.24755599834475395,5882.2430287307325,0.0005668828055126984,0.1684454582787608,25,Bournemouth,MID,4.7,0.3835710265382968,0.3118625037851181,Parsimonious Ridge,0.0,0.0,0
David Datro Fofana,0.004814814814814815,0.25259259259259265,0.24777777777777782,1.8259670781893005,2.5345679012345688,14894.898711504602,0.7037037037037037,2.757201646090535,26,Burnley,FWD,5.0,2.997405781196785,2.917337736161368,Parsimonious Ridge,29.0,2.4166666666666665,10
David Ozoh,8.670764957916315e-05,8.670764957916315e-05,0.0,0.09015224643939783,0.07230597450410016,585.2320766605955,0.0,0.6800845192263438,20,Crystal Palace,MID,4.5,0.2837657953326873,0.4158720366305728,Parsimonious Ridge,1.0,0.08333333333333333,1
David Raya Martin,6.422788857715792e-05,6.422788857715792e-05,0.0,0.31870974515887973,1.18934168079831,700008.8423039308,0.9981535991224664,3.825841967158032,26,Arsenal,GK,5.0,3.285438574708833,3.465573038858566,Parsimonious Ridge,54.0,4.5,10
Davinson Sánchez,1.782095761906479e-06,8.910478809532393e-06,7.128383047625916e-06,0.00011999444796836961,0.0001544482993652282,7943.60970386166,0.0,0.0,25,Spurs,DEF,4.4,0.22277793058837536,0.14851862039225022,Parsimonious Ridge,0.0,0.0,0
Dean Henderson,0.0001300614743687447,0.0001300614743687447,0.0,0.6502348896679032,0.8432725363681014,35933.41029885276,0.42710291452861204,0.3513692018493118,26,Crystal Palace,GK,4.4,1.274539311405158,0.9668159415532093,Parsimonious Ridge,38.0,3.1666666666666665,9
Declan Rice,0.33317300766121166,0.394057321512548,0.06088431385133641,0.26588632956380565,7.7382924155806005,539671.5861164044,1.0,5.878284773919249,26,Arsenal,MID,5.4,3.43773142317404,4.2512492067557766,Parsimonious Ridge,61.0,5.083333333333333,11
Deivid Washington de Souza Eugênio,0.0,0.0003577731274816501,0.0003577731274816501,0.0012483998490849068,0.00030448776806948945,7094.043931223649,0.0,0.0007612194201737237,23,Chelsea,FWD,4.5,0.32537793105533364,0.21717236051028033,Parsimonious Ridge,1.0,0.08333333333333333,1
Dejan Kulusevski,0.20813210386182296,0.4380497428857373,0.22991793603987465,1.2717106757814354,7.325348986926804,317219.76131769334,0.7421124828532237,4.015346249507058,25,Spurs,MID,6.8,3.5433586086428868,3.7006878222642765,Parsimonious Ridge,38.0,3.1666666666666665,11
Dele Alli,0.0,0.0,0.0,0.0,0.0,1710.8181089009013,0.0,0.0,26,Everton,MID,4.8,0.2504716616418753,0.1669811077612502,Parsimonious Ridge,0.0,0.0,0
Demarai Gray,0.0,0.0,0.0,0.0,0.0,7918.320309562005,0.0,0.0,26,Everton,MID,5.3,0.25214494520664543,0.1680966301377636,Parsimonious Ridge,0.0,0.0,0
Denis Franchi,0.0,0.0,0.0,0.0,0.0,13763.815761259817,0.0,0.0,25,Burnley,GK,3.9,0.04888114368300622,0.032587429122004144,Parsimonious Ridge,0.0,0.0,0
Deniz Undav,0.0,0.0,0.0,0.0,0.0,1417.290732974769,0.0,0.0,26,Brighton,FWD,5.5,0.3220958987943159,0.21473059919621057,Parsimonious Ridge,0.0,0.0,0
Destiny Udogie,0.11590434886764113,0.17825763666969338,0.062353287802052244,1.1248011596068719,3.5588597855161606,1060852.612120951,0.6446834823957907,2.329216518613857,25,Spurs,DEF,4.9,2.182585464389944,2.2314624824645817,Parsimonious Ridge,15.0,1.25,7
Detlef Esapa Osong,0.0,0.0,0.0,0.0,0.0,366.98765432098764,0.0,0.0,6,Nott'm Forest,FWD,4.5,0.32177688386983205,0.21451792257988803,Parsimonious Ridge,0.0,0.0,0
Devan Tanton,0.0,0.0,0.0,0.0,0.0,2138.287192327611,0.0,0.0,17,Fulham,DEF,4.0,0.22178664862223885,0.14785776574815923,Parsimonious Ridge,0.0,0.0,0
Diego Carlos Santos Silva,0.005088759163178697,0.00724174581937748,0.002152986656198783,0.5113611671187558,0.820569902110519,63770.85154547684,0.3624689887025571,1.0724680917135958,26,Aston Villa,DEF,4.4,0.929946945909019,0.9774539945105446,Parsimonious Ridge,17.0,1.4166666666666667,10
Diego Manuel Jadon da Silva Moreira,0.0,0.0,0.0,0.0,0.0,238.06236855945554,0.0,0.0,23,Chelsea,MID,4.5,0.250074668149876,0.16671644543325065,Parsimonious Ridge,0.0,0.0,0
Diogo Dalot Teixeira,0.054179807169753125,0.0916860540774402,0.03750624690768708,1.5951184736436752,3.8820969285272566,529152.937353075,0.9869344493710623,2.6151550818482523,26,Man Utd,DEF,5.2,2.458626078380146,2.5108024128695146,Parsimonious Ridge,35.0,2.9166666666666665,11
Diogo Teixeira da Silva,0.0714820125707644,0.343845691737603,0.27236367916683857,1.0687935844258878,8.802553858949695,1637874.8935962059,0.8751944922787094,5.736189176400067,25,Liverpool,MID,8.3,3.658684510108331,4.35118606553891,Parsimonious Ridge,13.0,1.0833333333333333,2
Dion Pereira,0.0,0.0,0.0,0.0,0.0,4886.725355159693,0.0,0.0,23,Luton,MID,4.4,0.2513277537102492,0.16755183580683278,Parsimonious Ridge,0.0,0.0,0
Divin Mubama,8.670764957916315e-05,0.0010115892450902368,0.0009248815955110736,0.0736270379339695,0.008435931740306081,510848.66059358045,0.0,0.0893235979576703,26,West Ham,FWD,4.2,0.5344082603693645,0.38604670623213305,Parsimonious Ridge,0.0,0.0,0
Divock Origi,0.13583973679707878,0.149347504500322,0.013507767703243207,0.5882396542934402,2.2704611941677664,10756.68026082121,0.01685982075150395,1.726563609421937,22,Nott'm Forest,FWD,5.0,1.046605450941472,1.2732581704349601,Parsimonious Ridge,11.0,0.9166666666666666,8
Djed Spence,0.0,0.0,0.0,0.0,0.0,20843.829053027617,0.0,0.0,25,Spurs,DEF,4.0,0.22484658132455804,0.14989772088303868,Parsimonious Ridge,0.0,0.0,0
Djordje Petrovic,0.0,0.0,0.0,1.3192181069958848,2.3201646090534984,64208.49705133174,0.8024691358024691,2.2880658436213994,17,Chelsea,GK,4.5,2.3291046891493727,2.3154250739733815,Parsimonious Ridge,0.0,0.0,0
Dominic Calvert-Lewin,0.013974446829521018,0.2385249015917002,0.22463716241175835,0.8088683943538789,2.7803567039618997,95574.88100802357,0.9776407357058017,2.2892769020382886,26,Everton,FWD,5.8,2.5591061704029956,2.469163080948093,Parsimonious Ridge,41.0,3.4166666666666665,9
Dominic Sadi,0.0,0.0,0.0,0.0,0.0,70.77777777777777,0.0,0.0,3,Bournemouth,MID,4.5,0.25002957520470326,0.16668638346980216,Parsimonious Ridge,1.0,0.08333333333333333,1
Dominic Solanke,0.07144461766203214,0.8864764744604645,0.8150318567984325,1.582431577181823,8.960732695266998,2348954.1342570195,1.0,5.267838841133705,25,Bournemouth,FWD,7.0,4.963670628413569,5.065060032653614,Parsimonious Ridge,47.0,3.9166666666666665,11
Dominik Szoboszlai,0.03996116056182838,0.07866234139620377,0.0387011808343754,0.10692520049492628,1.5139584842280311,449057.0691887759,0.20118884316415192,1.1887438796352177,25,Liverpool,MID,7.1,1.0004929281108457,1.0632432452856362,Parsimonious Ridge,17.0,1.4166666666666667,11
Donny van de Beek,4.51092989732577e-06,1.0525503093760135e-05,6.014573196434361e-06,0.0,0.00024058292785737452,4017.1582482714193,0.0,0.00015036432991085907,26,Man Utd,MID,4.7,0.2511333762732193,0.16747237229211648,Parsimonious Ridge,0.0,0.0,0
Douglas Luiz Soares de Paulo,0.14955244230422352,0.47592969536313356,0.3263772530589101,1.7556795415513653,9.60668147543695,1007818.0124220472,0.9913292350420839,8.108522113993068,26,Aston Villa,MID,5.5,4.412456230682286,5.64447819178588,Parsimonious Ridge,18.0,1.5,10
Dovydas Sasnauskas,0.0,0.0,0.0,0.0,0.0,0.0,0.0,0.0,1,Sheffield Utd,DEF,4.0,0.22143685843944283,0.1476245722929619,Parsimonious Ridge,0.0,0.0,0
Dwight McNeil,0.2696668678401265,0.2836871500664735,0.014020282226347056,1.1389838408560031,5.765729110793797,38000.452191332864,0.9559705952184059,3.4871400547593074,26,Everton,MID,5.4,3.1413685234304376,3.2566257005400607,Parsimonious Ridge,44.0,3.6666666666666665,11
Eberechi Eze,0.031532983619317015,0.10693416275528873,0.07540117913597175,0.26218766978090113,2.082988445383003,305487.72264295706,0.1618180877022916,1.3471246053341246,26,Crystal Palace,MID,6.0,1.0696646632984377,1.1621513106436665,Parsimonious Ridge,71.0,5.916666666666667,10
Eddie Beach,0.0,0.0,0.0,0.0,0.0,1650.2680579843648,0.0,0.0,23,Chelsea,GK,4.0,0.04689676321375491,0.031264508809169936,Parsimonious Ridge,0.0,0.0,0
Eddie Nketiah,0.015802783910717454,0.09839759518156097,0.0825948112708435,0.1630367969202626,1.5254883659957348,413526.14431175846,0.03117946865515752,1.0812943003839992,26,Arsenal,FWD,5.1,0.7768021828622542,0.8782995553695025,Parsimonious Ridge,3.0,0.25,3
Ederson Santana de Moraes,0.0033342243812142865,0.0033342243812142865,0.0,1.0615303530405331,2.850121512887348,1653926.9550726176,1.2217147426087733,7.064624316767337,25,Man City,GK,5.5,4.018492675058404,5.033869888961382,Parsimonious Ridge,27.0,2.25,7
Edson Álvarez Velázquez,0.027784029118420123,0.05824105469548361,0.030457025577063482,1.7184449913938935,3.3928169686531007,16988.702837778495,0.9495031198163675,1.4004342872790916,26,West Ham,MID,5.0,2.4829626368913096,2.122119853687237,Parsimonious Ridge,20.0,1.6666666666666667,9
Elijah Adebayo,0.011404316428415351,0.2687414601003891,0.25733714367197363,1.0524147645552502,5.525705561493171,365723.10372754117,0.650133345024105,4.334396982407518,23,Luton,FWD,4.9,2.4796485234613077,3.097898009776711,Parsimonious Ridge,14.0,1.1666666666666667,4
Elijah Campbell,0.0,0.0,0.0,0.0,0.0,840.9343595996547,0.0,0.0,10,Everton,DEF,4.0,0.22157442208590683,0.14771628139060455,Parsimonious Ridge,0.0,0.0,0
Ellery Balcombe,0.0,0.0,0.0,0.0,0.0,20867.448319710857,0.0,0.0,25,Brentford,GK,3.9,0.05004482504663477,0.033363216697756506,Parsimonious Ridge,0.0,0.0,0
Elliot Anderson,3.070711881410034e-05,0.0001557601198566315,0.00012505300104253113,0.0006104637098568211,0.00287661504525864,163961.63680091442,0.0005429823024558799,0.0021761059967654885,26,Newcastle,MID,4.2,0.29581027610002975,0.19793221939894165,Parsimonious Ridge,23.0,1.9166666666666667,11
Elliot Thorpe,0.0,0.0,0.0,0.0,0.0,372.0875812851206,0.0,0.0,23,Luton,MID,4.5,0.2501107957545823,0.16674053050305485,Parsimonious Ridge,0.0,0.0,0
Ellis Simms,0.0,0.0,0.0,0.0,0.0,879.2716166039733,0.0,0.0,26,Everton,FWD,4.5,0.32193248298485266,0.2146216553232351,Parsimonious Ridge,0.0,0.0,0
Emerson Leite de Souza Junior,0.027945302634524424,0.04894417675624355,0.02099887412171913,0.7370843510365448,1.8784130710025435,83021.77191286441,0.43419706956623416,0.5584730884746222,25,Spurs,DEF,4.3,1.212309489878123,0.9943640227436228,Parsimonious Ridge,3.0,0.25,5
Emerson Palmieri dos Santos,0.05886054405470566,0.10325202263139285,0.04439147857668718,1.7794323678464463,6.621922953323911,254613.1020230454,0.9937120104146069,5.056524006511175,26,West Ham,DEF,4.4,2.4825068034080466,3.340512537775756,Parsimonious Ridge,11.0,0.9166666666666666,11
Emil Krafth,0.003179280484569317,0.003786234031623459,0.0006069535470541421,0.009937883073602759,0.07755517545691816,1821.7954514962348,0.0,0.2854631366695736,26,Newcastle,DEF,4.4,0.23479951231942586,0.25168738710280847,Parsimonious Ridge,21.0,1.75,10
Emile Smith Rowe,0.03404355431878432,0.13744941678524314,0.10340586246645883,0.06642485344096466,0.8071688038295395,10087.14409799925,0.06635110101262613,0.8287959581052783,26,Arsenal,MID,5.3,0.8958011150254419,0.8734660627187207,Parsimonious Ridge,8.0,0.6666666666666666,3
Emiliano Buendía Stati,0.0,0.0,0.0,0.0,0.0,3951.7142426390656,0.0,0.0,26,Aston Villa,MID,5.7,0.2510757137307399,0.16738380915382658,Parsimonious Ridge,0.0,0.0,0
Emiliano Marcondes,0.0,0.0,0.0,0.0,0.0,3891.72481422081,0.0,0.0,25,Bournemouth,MID,4.3,0.2510595430840954,0.16737302872273024,Parsimonious Ridge,0.0,0.0,0
Emiliano Martínez Romero,0.0,0.0,0.0,1.8629695544501823,2.289405178594339,1350339.216865839,0.9999702984039684,2.7290027031934905,26,Aston Villa,GK,5.3,3.0496517946370045,2.942768764155833,Parsimonious Ridge,30.0,2.5,9
Emmanuel Dennis,0.0,0.0,0.0,0.0,0.0,13820.839602308733,0.0,0.0,26,Nott'm Forest,FWD,4.8,0.32586330392365614,0.21724220261577076,Parsimonious Ridge,0.0,0.0,0
Enes Ünal,0.00962962962962963,0.06481481481481483,0.0551851851851852,0.006666666666666666,0.3666666666666667,761.9259259259259,0.0,0.7037037037037037,4,Bournemouth,FWD,5.0,0.4376029731431871,0.5263032166633592,Parsimonious Ridge,37.0,3.0833333333333335,11
Enock Agyei,0.0,0.0,0.0,0.0,0.0,44071.68027506095,0.0,0.0,25,Burnley,MID,4.2,0.26189038243501117,0.17459358829000743,Parsimonious Ridge,0.0,0.0,0
Enso González,0.0,0.0,0.0,0.0,0.0,1686.119158779646,0.0,0.0,23,Wolves,MID,5.0,0.2504650038355679,0.16697666922371193,Parsimonious Ridge,1.0,0.08333333333333333,1
Enzo Fernández,0.16261161989698492,0.3099912891065125,0.14737966920952766,1.8243087030868386,5.585378747904514,239208.53916145454,0.8935638326552215,3.1271442272023693,25,Chelsea,MID,4.8,3.458293698937734,3.3479105416926123,Parsimonious Ridge,17.0,1.4166666666666667,6
Eric Bailly,0.0,0.0,0.0,0.0,0.0,9001.922899304138,0.0,0.0,26,Man Utd,DEF,4.0,0.22290943156608445,0.14860628771072296,Parsimonious Ridge,0.0,0.0,0
Eric Dier,3.425487390781755e-05,3.425487390781755e-05,0.0,0.03782788473017495,0.06044914779920177,43296.10721910306,0.0017127436953908778,0.06397588331989333,25,Spurs,DEF,4.2,0.23580484366424725,0.1785285235494626,Parsimonious Ridge,0.0,0.0,0
Erling Haaland,0.08204341177509537,0.9984146944462372,0.9163712826711419,0.9015800794478522,9.932629949934858,7436097.817669269,1.042032887940524,6.480769016402556,25,Man City,FWD,14.4,6.23448866432193,6.316582115015471,Parsimonious Ridge,71.0,5.916666666666667,9
Ethan Ampadu,0.0,0.0,0.0,0.0,0.0,683.5945199175736,0.0,0.0,25,Chelsea,DEF,4.0,0.22154868376063364,0.14769912250708908,Parsimonious Ridge,0.0,0.0,0
Ethan Brierley,0.0,0.0,0.0,0.0,0.0,1185.4784389788324,0.0,0.0,23,Brentford,MID,4.5,0.25033005198839686,0.1668867013255979,Parsimonious Ridge,0.0,0.0,0
Ethan Horvath,0.0,0.0,0.0,0.0,0.0,9290.764308938884,0.0,0.0,26,Nott'm Forest,GK,4.3,0.04814839088775846,0.03209892725850564,Parsimonious Ridge,0.0,0.0,0
Ethan Nwaneri,0.0074074074074074086,0.0074074074074074086,0.0,0.019259259259259264,0.2666666666666667,125.23914037494285,0.0,0.14814814814814817,8,Arsenal,MID,4.5,0.28531678109382075,0.2395939034452632,Parsimonious Ridge,0.0,0.0,0
Ethan Pinnock,0.012910894427946308,0.027334106768820025,0.014423212340873712,0.7366496881434934,1.1510088587758927,307800.0684780513,0.44444444444444453,1.1950200187603448,25,Brentford,DEF,4.6,1.1983115277518104,1.1972143580879884,Parsimonious Ridge,18.0,1.5,6
Evan Ferguson,0.0035588218759865843,0.0593595124455919,0.055800690569605314,0.33038920253872744,1.7669670025733035,516270.83911126386,0.45265100633552324,1.4972318974970742,26,Brighton,FWD,5.8,1.3803101468143442,1.4192840637085875,Parsimonious Ridge,4.0,0.3333333333333333,3
Ezri Konsa Ngoyo,0.01259973201572727,0.032764174113103756,0.02016444209737648,0.3234258035129592,1.0032257248292258,225504.95586340385,0.2962962962962964,0.5407811511182894,26,Aston Villa,DEF,4.5,0.9030101054083836,0.7822671206450188,Parsimonious Ridge,32.0,2.6666666666666665,12
Fabian Mrozek,0.0,0.0,0.0,0.0,0.0,61.0,0.0,0.0,2,Liverpool,GK,4.0,0.0466364173124616,0.031090944874974397,Parsimonious Ridge,0.0,0.0,0
Fabian Schär,0.03711207593763291,0.14301557920458738,0.10738498474843591,2.388077366830199,4.990450828005562,815103.9725741827,1.0,2.9366673536207744,26,Newcastle,DEF,5.4,2.7788887297919045,2.8314816044015276,Parsimonious Ridge,39.0,3.25,10
Fabio Henrique Tavares,0.0,0.0,0.0,0.0,0.0,767.5807828334205,0.0,0.0,25,Liverpool,MID,5.0,0.25021740421845984,0.16681160281230656,Parsimonious Ridge,0.0,0.0,0
Facundo Buonanotte,0.08867441105563975,0.23410303898224882,0.14542862792660904,0.5176032568754171,6.4115588647202975,8460.526020614609,0.9686464185639605,3.7344734215854762,26,Brighton,MID,4.7,2.733895619405976,3.067421553465809,Parsimonious Ridge,15.0,1.25,8
Facundo Pellistri Rebollo,0.0016295041869471552,0.0034185969734022055,0.00178909278645505,0.009389582349501909,0.0345460163219262,19690.5036926985,0.00015036432991085907,0.032642004185777534,26,Man Utd,MID,4.2,0.27199923716611807,0.19221349283933786,Parsimonious Ridge,0.0,0.0,0
Felipe Augusto de Almeida Monteiro,0.0044444444444444444,0.004823388987049677,0.00037894454260523167,0.7736739920329819,0.6285810968040981,2608.104215732426,0.5594092288701851,1.0057805099719446,26,Nott'm Forest,DEF,4.4,1.2774364324482874,1.1868844582895064,Parsimonious Ridge,1.0,0.08333333333333333,2
Femi Seriki,0.0,0.0,0.0,0.0,0.0,7973.547360214218,0.0,0.0,26,Sheffield Utd,DEF,3.9,0.22274120548817866,0.1484941369921191,Parsimonious Ridge,0.0,0.0,0
Filip Marschall,0.0,0.0,0.0,0.0,0.0,3029.821832056527,0.0,0.0,25,Aston Villa,GK,4.0,0.047122754775649756,0.03141516985043317,Parsimonious Ridge,0.0,0.0,0
Flynn Downes,0.0,0.0,0.0,0.0,0.0,1102.1753277702505,0.0,0.0,26,West Ham,MID,5.0,0.2503075969457125,0.16687173129714164,Parsimonious Ridge,0.0,0.0,0
Fodé Ballo-Touré,0.0,0.0,0.0,0.041338699874492194,0.057980471962080476,3462.4104728599195,0.0,0.18451719005496384,22,Fulham,DEF,4.5,0.226657284710038,0.2126105864916799,Parsimonious Ridge,1.0,0.08333333333333333,1
Folarin Balogun,0.0,0.0,0.0,0.0,0.0,19786.558377686128,0.0,0.0,26,Arsenal,FWD,4.4,0.3276753078711816,0.2184502052474544,Parsimonious Ridge,0.0,0.0,0
Francisco Jorge Tomás Oliveira,0.0,0.0,0.0,0.0,0.0,491.90120584388364,0.0,0.0,26,Wolves,MID,4.5,0.25014309250814415,0.1667620616720961,Parsimonious Ridge,0.0,0.0,0
Franco Umeh-Chibueze,0.0,0.0,0.0,0.0,0.0,117.33333333333333,0.0,0.0,2,Crystal Palace,FWD,4.5,0.3217010548486898,0.21446736989912654,Parsimonious Ridge,0.0,0.0,0
Frank Onyeka,0.012074144441190232,0.10438828245909536,0.09231413801790511,1.2286112926204644,3.582265252638557,1573.6934635688158,0.5780789280868416,1.1739186970209274,25,Brentford,MID,4.9,1.9365158444990072,1.6823167953396472,Parsimonious Ridge,15.0,1.25,7
Fraser Forster,0.0,0.0,0.0,0.0,0.0,227955.69403143876,0.0,0.0,25,Spurs,GK,3.8,0.08396898007272535,0.05597932004848356,Parsimonious Ridge,0.0,0.0,0
Fred Onyedinma,0.0,0.0,0.0,0.0,0.0,118.46173409937518,0.0,0.0,23,Luton,MID,5.0,0.25004242880955696,0.16669495253970462,Parsimonious Ridge,11.0,0.9166666666666666,8
Frederico Rodrigues de Paula Santos,0.0,0.0,0.0,0.0,0.0,3742.6197627155016,0.0,0.0,26,Man Utd,MID,5.0,0.2510193505841102,0.1673462337227401,Parsimonious Ridge,0.0,0.0,0
Fábio Ferreira Vieira,3.32623068998026e-05,0.0004600858440623538,0.0004268235371625512,0.00019361089792985844,0.004032339726891903,8585.72702797347,0.00016707147767873232,0.002359652578493097,26,Arsenal,MID,5.4,0.2543872505326359,0.17037805121458827,Parsimonious Ridge,3.0,0.25,3
Fábio Silva,3.8117048240777458e-06,3.648346045902986e-05,3.267175563495213e-05,0.0010493825258721555,0.0005861114950270198,18091.549358750643,9.405505410061973e-05,0.0005002862581602041,26,Wolves,FWD,5.2,0.32813306226588546,0.21892213692997703,Parsimonious Ridge,0.0,0.0,0
Gabriel Fernando de Jesus,0.039464266591358536,0.09663123193489366,0.0571669653435351,0.07545586216430901,2.093042348674351,347826.49773864174,0.16565601852746553,1.0954706672076917,26,Arsenal,FWD,7.8,0.8507520140822034,0.932324898457366,Parsimonious Ridge,22.0,1.8333333333333333,9
Gabriel Martinelli Silva,0.37761533246008316,0.6425252458736896,0.2663913948950878,0.2024273505550394,6.349727148436941,631379.6739564135,0.9556280986891645,5.205833382558572,26,Arsenal,MID,7.7,4.319642291313809,4.615039321728729,Parsimonious Ridge,22.0,1.8333333333333333,10
Gabriel Osho,0.007259451190254422,0.18642455136129882,0.1791651001710444,3.1671030790010697,4.644186661743644,16160.271928146829,1.318043527635938,2.0464456282279904,23,Luton,DEF,4.4,3.4148140453198215,2.9586912396225444,Parsimonious Ridge,6.0,0.5,6
Gabriel Słonina,0.0,0.0,0.0,0.0,0.0,2707.4321613951606,0.0,0.0,25,Chelsea,GK,4.0,0.0470699425210056,0.0313799616806704,Parsimonious Ridge,0.0,0.0,0
Gabriel dos Santos Magalhães,0.020991881128654,0.25305415484172644,0.23206227371307248,0.3184588960099697,5.973868541076394,2311053.2062951988,0.9994034155984557,4.826049669793285,26,Arsenal,DEF,5.2,3.136760758349081,3.6998570621638156,Parsimonious Ridge,53.0,4.416666666666667,11
Garang Kuol,0.0,0.0,0.0,0.0,0.0,311.5011644267096,0.0,0.0,26,Newcastle,MID,4.5,0.25009446418476555,0.1667296427898437,Parsimonious Ridge,0.0,0.0,0
Gavin Kilkenny,0.0,0.0,0.0,0.0,0.0,7007.42855252687,0.0,0.0,25,Bournemouth,MID,4.3,0.2518994067989153,0.16793293786594354,Parsimonious Ridge,0.0,0.0,0
George Baldock,0.0020444234417110194,0.002078678315618837,3.425487390781755e-05,0.09900522178947498,0.197313763425551,594024.4067820441,0.06807796423218704,0.07189095481413742,26,Sheffield Utd,DEF,3.8,0.45232173918028307,0.3255114777249012,Parsimonious Ridge,2.0,0.16666666666666666,2
George Earthy,0.0,0.0,0.0,0.0,0.0,0.0,0.0,0.0,1,West Ham,MID,4.5,0.2500104964692509,0.16667366431283392,Parsimonious Ridge,8.0,0.6666666666666666,3
George Shelvey,0.0,0.0,0.0,0.0,0.0,4761.524269708325,0.0,0.0,26,Nott'm Forest,GK,3.9,0.04740643356075924,0.03160428904050616,Parsimonious Ridge,0.0,0.0,0
Gianluca Scamacca,0.0,0.0,0.0,0.0,0.0,2052.9689256919673,0.0,0.0,26,West Ham,FWD,6.0,0.3222889771873695,0.214859318124913,Parsimonious Ridge,0.0,0.0,0
Giovani Lo Celso,0.07495675632737576,0.07660313120457025,0.0016463748771944813,0.1589997706632253,1.2992760041444402,9138.48707781966,0.05609904642911133,0.9401230390535389,25,Spurs,MID,4.8,0.6835265140292162,0.7690586890373237,Parsimonious Ridge,10.0,0.8333333333333334,9
Giovanni Reyna,0.004444444444444446,0.013333333333333338,0.008888888888888889,0.11,0.7000000000000001,923.962962962963,0.0,0.7777777777777779,4,Nott'm Forest,MID,4.9,0.3415495024967985,0.4869589275904583,Parsimonious Ridge,10.0,0.8333333333333334,6
Giulian Biancone,0.0,0.0,0.0,0.0,0.0,6551.663959794529,0.0,0.0,26,Nott'm Forest,DEF,3.9,0.2225086077078936,0.1483390718052624,Parsimonious Ridge,0.0,0.0,0
Glen Rea,0.0,0.0,0.0,0.0,0.0,2127.394647154536,0.0,0.0,23,Luton,MID,4.4,0.25058395329355676,0.16705596886237117,Parsimonious Ridge,0.0,0.0,0
Gonzalo Montiel,0.008751508054279869,0.008771807238817835,2.0299184537965973e-05,0.17624570636360729,0.6775993062017241,7139.843968599861,0.15857925047797908,0.73308521853531,24,Nott'm Forest,DEF,4.4,0.540347112820942,0.6045931480590647,Parsimonious Ridge,8.0,0.6666666666666666,5
Gonçalo Manuel Ganchinho Guedes,0.0,0.0,0.0,0.0,0.0,3470.403230575641,0.0,0.0,26,Wolves,MID,5.4,0.250945972366179,0.16729731491078598,Parsimonious Ridge,0.0,0.0,0
Granit Xhaka,0.0,0.0,0.0,0.0,0.0,972.6049826017313,0.0,0.0,26,Arsenal,MID,6.0,0.2502726701874055,0.16684844679160366,Parsimonious Ridge,0.0,0.0,0
Guglielmo Vicario,0.0,0.0,0.0,1.6675864816519792,2.8674007697547625,909047.7331570551,1.0,2.262565906990358,25,Spurs,GK,5.3,3.0214333238091307,2.768477518202873,Parsimonious Ridge,33.0,2.75,11
Gustavo Hamer,0.08821442595075774,0.13332589473974227,0.04844480212231788,1.490164284786245,4.018912865025218,15751.830901311881,0.8589645887313928,1.7314481273558213,25,Sheffield Utd,MID,4.9,2.552987994007441,2.2791413717902342,Parsimonious Ridge,46.0,3.8333333333333335,11
Gustavo Henrique Furtado Scarpa,0.0,0.0,0.0,0.0,0.0,1594.8262425162618,0.0,0.0,26,Nott'm Forest,MID,4.5,0.2504403950748417,0.1669602633832278,Parsimonious Ridge,0.0,0.0,0
Hakim Ziyech,0.0,0.0,0.0,0.0,0.0,7524.335184642092,0.0,0.0,25,Chelsea,MID,5.4,0.25203874325729736,0.16802582883819822,Parsimonious Ridge,0.0,0.0,0
Halil Dervişoğlu,0.0,0.0,0.0,0.0,0.0,595.0287546938405,0.0,0.0,25,Brentford,FWD,4.5,0.32184614817638624,0.21456409878425747,Parsimonious Ridge,0.0,0.0,0
Hamed Traorè,4.4552394047661944e-07,7.908049943459996e-06,7.462526002983378e-06,5.0121443303619694e-05,0.0002216481603871182,1497.818870173257,0.0,0.00022461831999029568,25,Bournemouth,MID,4.7,0.250462810793899,0.16705007996926274,Parsimonious Ridge,0.0,0.0,0
Han-Noah Massengo,0.0,0.0,0.0,0.10666666666666669,0.027983539094650213,863.6128119839361,0.0,0.3127572016460906,23,Burnley,MID,4.9,0.2896052706050246,0.29732258095204656,Parsimonious Ridge,0.0,0.0,0
Hannes Delcroix,0.011288090601793251,0.011306357083352791,1.826648155954141e-05,1.0601381766256683,1.102593974092895,5014.107243543907,0.37935578661124836,0.19968895733323597,24,Burnley,DEF,4.0,1.0237179453587049,0.7490416160168819,Parsimonious Ridge,0.0,0.0,1
Hannibal Mejbri,4.8116585571474886e-05,5.0121443303619694e-05,2.004857732144787e-06,0.004542717366978767,0.0009230960190933833,12232.924728501086,0.00010024288660723939,0.030527601423798085,26,Man Utd,MID,4.3,0.2553198386244355,0.1803890928908897,Parsimonious Ridge,0.0,0.0,0
Harrison Ashby,0.0,0.0,0.0,0.0,0.0,1258.8359455620616,0.0,0.0,26,Newcastle,DEF,4.0,0.22164278421830375,0.14776185614553583,Parsimonious Ridge,0.0,0.0,0
Harrison Reed,0.01301854076872499,0.03508556382047041,0.022067023051745415,0.4352688927743816,0.6250070853020544,32170.32220256718,0.4373094956777259,1.314418360387414,26,Fulham,MID,4.5,1.1849696201326907,1.2281192002175985,Parsimonious Ridge,13.0,1.0833333333333333,7
Harry Arter,0.0,0.0,0.0,0.0,0.0,14509.474689760018,0.0,0.0,26,Nott'm Forest,MID,4.3,0.2539216453898645,0.16928109692657634,Parsimonious Ridge,0.0,0.0,0
Harry Kane,0.0,0.0,0.0,0.0,0.0,62514.11973046255,0.0,0.0,25,Spurs,FWD,12.5,0.3406532092363813,0.22710213949092087,Parsimonious Ridge,0.0,0.0,0
Harry Maguire,0.14246433228780525,0.5112871320545982,0.36882279976679294,1.1948899777187891,6.104620836325268,191770.5661895618,0.8193595727285693,3.7482349784092666,26,Man Utd,DEF,4.2,3.3966906444245213,3.513872089086103,Parsimonious Ridge,17.0,1.4166666666666667,6
Harry Toffolo,0.02786031492286696,0.03311047786232196,0.005250162939455007,0.7015255407814933,1.022379075281403,14051.970953539692,0.10390349110661869,0.5081899008415348,26,Nott'm Forest,DEF,4.4,0.5842359957729044,0.5588872974624479,Parsimonious Ridge,10.0,0.8333333333333334,8
Harry Wilson,0.10909264931411579,0.148314409567681,0.03922176025356523,0.4796328768121592,2.051867069424892,17076.312241932283,0.4025871783939608,0.9004719410633444,26,Fulham,MID,5.3,1.577605728882372,1.3518944662760295,Parsimonious Ridge,39.0,3.25,11
Harvey Barnes,0.048912105636453734,0.098575050556299,0.049662944919845284,0.7204491291025146,1.3314510515657922,108416.3602487553,0.22238929369990096,1.519329124576886,26,Newcastle,MID,6.2,1.2414384699974446,1.3340686881905917,Parsimonious Ridge,37.0,3.0833333333333335,10
Harvey Elliott,0.23798163684353763,0.39655645653072324,0.15857481968718568,1.138282169133565,9.260097255573486,26392.635755997275,0.42877910620777726,6.522402705812342,25,Liverpool,MID,4.8,2.804940190203078,4.0440943620728325,Parsimonious Ridge,42.0,3.5,11
Harvey Griffiths,0.0,0.0,0.0,0.0,0.0,152.6460905349794,0.0,0.0,6,Wolves,MID,4.5,0.25005164348559683,0.16670109565706454,Parsimonious Ridge,0.0,0.0,0
Hjalmar Ekdal,3.8536733146294737e-05,0.0031112390651078883,0.003072702331961593,0.22247662487463338,0.31631532631718934,13993.069015908273,0.21235847441202327,0.09999479402856266,25,Burnley,DEF,3.9,0.6204551924753627,0.44696839299309604,Parsimonious Ridge,10.0,0.8333333333333334,2
Hugo Bueno López,0.0004648619005263491,0.0008750418964883751,0.00041017999596202606,0.039309485578822315,0.15337410312340852,10142.340652829202,0.012233000425691776,0.18503941122856243,26,Wolves,DEF,4.4,0.2511278220130928,0.22909835175158266,Parsimonious Ridge,9.0,0.75,9
Hugo Lloris,0.0,0.0,0.0,0.0,0.0,61374.74156998189,0.0,0.0,25,Spurs,GK,4.7,0.05668052612752761,0.037787017418351734,Parsimonious Ridge,0.0,0.0,0
Hwang Hee-chan,0.04733041296450692,0.15400434516309675,0.10667393219858981,0.4904479544788636,1.6483314598610275,656712.8371746086,0.643243095168347,2.0165570393613845,26,Wolves,MID,5.6,2.1235890197527616,2.087911692955636,Parsimonious Ridge,20.0,1.6666666666666667,6
Hwang Ui-jo,0.0,0.0,0.0,0.0,0.0,29403.606980612643,0.0,0.0,26,Nott'm Forest,FWD,4.4,0.33059635237364304,0.22039756824909534,Parsimonious Ridge,0.0,0.0,0
Hákon Valdimarsson,0.0,0.0,0.0,0.0,0.0,276.90123456790127,0.0,0.0,5,Brentford,GK,4.0,0.0466717851670041,0.031114523444669397,Parsimonious Ridge,0.0,0.0,0
Ian Maatsen,0.0005408267726639697,0.010546164363939957,0.010005337591275988,0.033728305877246116,0.06075452732669251,5014.7272962348225,0.029263831732967552,0.07585519892478126,25,Chelsea,MID,5.1,0.34621811554408044,0.2560971433376474,Parsimonious Ridge,0.0,0.0,0
Ibrahim Sangaré,0.0005404837762436698,0.0007412201566746667,0.00020073638043099684,0.042339774380943565,0.0738447496188242,976.69869761328,0.029357497403809253,0.038049652079229175,22,Nott'm Forest,MID,4.9,0.31116108653287755,0.22012394171499475,Parsimonious Ridge,6.0,0.5,6
Ibrahima Konaté,0.02343082890353144,0.03050737273171018,0.007076543828178736,1.3029239499622434,1.7904375619797062,218908.71480492267,0.7307817940949844,1.076806285076559,25,Liverpool,DEF,4.9,1.745463541412966,1.52257778930083,Parsimonious Ridge,13.0,1.0833333333333333,4
Idrissa Gueye,0.008447346447316427,0.027008480567127804,0.01856113411981138,0.6215914753580914,1.4850301304640008,3741.617665678504,0.8306036381743008,1.3734145212833582,26,Everton,MID,4.8,1.7839718318616755,1.6471193950022363,Parsimonious Ridge,40.0,3.3333333333333335,6
Igor Julio dos Santos de Paulo,0.012309751046749622,0.012561270630165357,0.00025151958341573436,0.36916708554186295,1.068934116181966,11994.165004960529,0.5390937192620532,0.7473440010379353,26,Brighton,DEF,4.3,1.2232264594855542,1.064598973336348,Parsimonious Ridge,21.0,1.75,8
Iliman Ndiaye,0.0,0.0,0.0,0.0,0.0,965.3277128485438,0.0,0.0,26,Sheffield Utd,FWD,5.5,0.32195862132492115,0.21463908088328076,Parsimonious Ridge,0.0,0.0,0
Illia Zabarnyi,0.015382520971960275,0.023786748440568824,0.00840422746860855,1.6011257707147828,2.4880842949500566,20718.56388533309,1.0,1.4246432309853978,25,Bournemouth,DEF,4.4,2.184168182791932,1.9309931988564204,Parsimonious Ridge,35.0,2.9166666666666665,10
Ionuț Radu,0.0,0.0,0.0,0.002816511854642778,0.00308293865170358,9919.498664694813,0.0019030485504343089,0.001141829130260586,25,Bournemouth,GK,4.3,0.05370954531782035,0.036186973255300424,Parsimonious Ridge,0.0,0.0,0
Isaac Hayden,0.0,0.0,0.0,0.0,0.0,2229.2969125589225,0.0,0.0,26,Newcastle,MID,4.4,0.2506114218921013,0.16707428126140084,Parsimonious Ridge,0.0,0.0,0
Ishé Samuels-Smith,0.0,0.0,0.0,0.0,0.0,0.0,0.0,0.0,1,Chelsea,DEF,4.0,0.22143685843944283,0.1476245722929619,Parsimonious Ridge,0.0,0.0,0
Ismaila Coulibaly,0.0,0.0,0.0,0.0,0.0,3788.1272036682453,0.0,0.0,26,Sheffield Utd,MID,4.4,0.2510316174912428,0.16735441166082854,Parsimonious Ridge,0.0,0.0,0
Issa Diop,0.0065414782869837075,0.013217287476178903,0.006675809189195197,1.1523266272748032,1.6260961170371875,45577.839994123635,0.4894571438115139,1.4403421184208658,26,Fulham,DEF,4.4,1.2343779437283198,1.303032668625835,Parsimonious Ridge,5.0,0.4166666666666667,3
Issa Kaboré,0.07781578792035619,0.07799040110895701,0.00017461318860082368,0.28031175460204016,0.21267021774452674,347798.2786225891,0.08453296813595183,0.045066164674516164,23,Luton,DEF,4.0,0.7000010676627666,0.48168943333334974,Parsimonious Ridge,9.0,0.75,7
Ivan Neves Abreu Cavaleiro,0.0,0.0,0.0,0.0,0.0,356.22872407958187,0.0,0.0,26,Fulham,MID,5.0,0.25010652086844276,0.16673768057896182,Parsimonious Ridge,0.0,0.0,0
Ivan Perišić,4.050555158833267e-05,5.0307078278818294e-05,9.80152669048563e-06,7.778105460820989e-05,0.0009047848691179348,81057.68897383445,0.0,0.0004566620389885352,25,Spurs,DEF,4.7,0.23486410132491287,0.15672828822960475,Parsimonious Ridge,0.0,0.0,0
Ivan Toney,0.07567901234567903,0.5205898491083676,0.4449108367626887,2.292578875171468,7.946227709190673,852667.653209093,1.1344307270233198,4.3182441700960235,25,Brentford,FWD,8.2,4.58658340041565,4.497136990309108,Parsimonious Ridge,22.0,1.8333333333333333,10
Ivo Grbic,0.0,0.0,0.0,0.5950617283950618,0.28641975308641976,220.41975308641977,0.5308641975308642,0.6666666666666666,5,Sheffield Utd,GK,4.5,1.6121449716351064,1.2969855366456264,Parsimonious Ridge,13.0,1.0833333333333333,7
Jack Cork,4.4552394047661944e-07,4.4552394047661944e-07,0.0,5.791811226196055e-06,0.07107851762363562,1969.9786196848881,0.0,0.3772736333268323,25,Burnley,MID,4.8,0.2505453518218008,0.29278811232347796,Parsimonious Ridge,1.0,0.08333333333333333,1
Jack Grealish,0.017060097304532968,0.028898587907957993,0.011838490603425022,0.12199236210833733,0.8170886658702031,175452.1292737369,0.07128543869332322,0.4757001943847272,25,Man City,MID,7.2,0.555268625724272,0.5287458152777571,Parsimonious Ridge,9.0,0.75,6
Jack Harrison,0.03974810462334635,0.17958032515587138,0.13983222053252503,1.081390887331207,3.182339118821819,17276.513556732905,0.7773266847880455,2.70436716342302,25,Everton,MID,5.5,2.4603979389865214,2.5417210137986874,Parsimonious Ridge,18.0,1.5,8
Jack Hinshelwood,0.006516735475093694,0.04061557241089657,0.03409883693580287,0.2992581554571434,1.5335016979158504,11705.191086324388,0.21101353321099717,1.3077915361478072,26,Brighton,MID,4.5,0.8231131287260272,0.9846725978666204,Parsimonious Ridge,0.0,0.0,0
Jack Robinson,0.05450969731639836,0.08850447561399062,0.033994778297592246,1.6694230552317337,3.1655098333993767,9410.632437051878,0.8923382564484521,0.7192000841255195,26,Sheffield Utd,DEF,4.3,2.2107366178637546,1.7135577732843428,Parsimonious Ridge,11.0,0.9166666666666666,9
Jack Walton,0.0,0.0,0.0,0.0,0.0,839.4336174159685,0.0,0.0,23,Luton,GK,4.0,0.04676393639315102,0.031175957595434012,Parsimonious Ridge,0.0,0.0,0
Jacob Brown,0.002428202580455449,0.022922152609330667,0.020493950028875215,0.21562278695839193,0.5450266096271258,14744.321880072755,0.11780879135578085,0.3498297101749726,23,Luton,FWD,4.9,0.6719558587677807,0.5645804759035113,Parsimonious Ridge,0.0,0.0,0
Jacob Bruun Larsen,0.0028744893084318604,0.013650317885783018,0.01077582857735116,0.18696385604616936,0.15873785907592589,2364.2105518095736,0.02809970125250658,0.5954095643297309,25,Burnley,MID,4.8,0.41217037662137734,0.47325010585749516,Parsimonious Ridge,48.0,4.0,12
Jacob Murphy,0.025980284320960036,0.09163196909801376,0.06565168477705371,0.48945242896775765,1.5349531843656783,11016.81289349133,0.16494737324024186,0.9905860690264165,26,Newcastle,MID,4.8,1.020492614986782,1.0105237663333266,Parsimonious Ridge,50.0,4.166666666666667,11
Jacob Ramsey,0.16886669086024741,0.31846451350749866,0.14959782264725124,1.654460759548408,4.464636019107471,12645.680535893967,0.7741536689867738,2.6790618099743337,26,Aston Villa,MID,5.9,3.19412084046529,3.0224344969683044,Parsimonious Ridge,1.0,0.08333333333333333,1
Jacob Wright,0.0,0.0,0.0,0.0,0.0,23.11111111111111,0.0,0.0,3,Man City,MID,4.5,0.25001672626041893,0.16667781750694594,Parsimonious Ridge,0.0,0.0,0
Jadan Raymond,0.0,0.0,0.0,0.0,0.0,496.7107674808599,0.0,0.0,19,Crystal Palace,MID,4.5,0.2501443889652666,0.1667629259768444,Parsimonious Ridge,0.0,0.0,0
Jaden Philogene-Bidace,0.0,0.0,0.0,2.5741383227538038e-05,1.188063841270986e-05,5612.170458301598,0.0,3.960212804236619e-05,26,Aston Villa,MID,4.5,0.25153280248673726,0.16770173570050562,Parsimonious Ridge,0.0,0.0,0
Jadon Sancho,2.4751330026478886e-06,2.4751330026478886e-06,0.0,6.049225058471435e-05,0.0001227665969313353,39214.67484086845,0.0,8.910478809532391e-05,26,Man Utd,MID,6.7,0.2606128705117913,0.1737716152705593,Parsimonious Ridge,0.0,0.0,0
Jaidon Anthony,8.910478809532389e-07,4.009715464289577e-06,3.118667583336337e-06,0.00016751700161920908,0.00014108258115092957,4443.733750269605,8.910478809532391e-05,0.00013365718214298586,25,Bournemouth,MID,4.9,0.2514142316687622,0.16765404017322244,Parsimonious Ridge,0.0,0.0,0
Jairo Riedewald,3.245755027685182e-05,3.245755027685182e-05,0.0,0.014472129170225698,0.0028657620462952194,6453.115693027894,0.008896311452782605,0.02073764927342867,26,Crystal Palace,MID,4.3,0.27007608464762434,0.18696327285622577,Parsimonious Ridge,5.0,0.4166666666666667,4
Jake O'Brien,0.0,0.0,0.0,0.0,0.0,4588.128281233977,0.0,0.0,26,Crystal Palace,DEF,4.0,0.22218740412663718,0.14812493608442479,Parsimonious Ridge,0.0,0.0,0
Jakub Kiwior,0.052232604275624046,0.09478047146443137,0.042547867188807334,0.20312232867346014,4.67867505055417,23923.692750020757,0.7373583899607817,6.010184815870089,26,Arsenal,DEF,4.3,1.803740532039554,3.205888626649732,Parsimonious Ridge,26.0,2.1666666666666665,6
Jakub Moder,0.007343392775491544,0.034897119341563795,0.02755372656607226,0.13847123826225932,0.5057996403489131,6562.648485808559,0.0,0.33590223980126155,26,Brighton,MID,4.4,0.43556877572336716,0.4023465970826653,Parsimonious Ridge,15.0,1.25,10
Jamaal Lascelles,0.0003583311201121785,0.001603535727186479,0.0012452046070743012,0.19258821169920093,0.16787551411284374,387460.9500717704,0.03871771365080172,0.46315814282335177,26,Newcastle,DEF,4.0,0.3775370757797817,0.4060774314609717,Parsimonious Ridge,1.0,0.08333333333333333,1
Jamal Lewis,0.0,0.0,0.0,0.0,0.0,592.1607929857852,0.0,0.0,26,Newcastle,DEF,4.0,0.22153372663973248,0.14768915109315497,Parsimonious Ridge,0.0,0.0,0
Jamal Lowe,0.0,0.0,0.0,0.0,0.0,892.0461143139607,0.0,0.0,25,Bournemouth,MID,4.9,0.2502509548781,0.16683396991873334,Parsimonious Ridge,0.0,0.0,0
James Garner,0.049145668443665434,0.10769100481329957,0.058545336369634146,1.2047157967872564,3.3681925764782603,10335.136049455705,0.9960794980942993,2.086813903558028,26,Everton,MID,4.9,2.5469588215110877,2.3935771821934013,Parsimonious Ridge,25.0,2.0833333333333335,11
James Hill,5.94031920635493e-07,5.94031920635493e-07,0.0,0.042151204301965346,0.10097210011715077,11250.401320157229,0.04389574759945132,0.043955150791514866,25,Bournemouth,DEF,4.0,0.30282447543558055,0.21653470055422533,Parsimonious Ridge,3.0,0.25,3
James Maddison,0.1831770883463542,0.2743653564752174,0.0911882681288633,1.0995478926139917,5.562238701240027,1077851.5562011153,0.805894623193251,2.336735707387312,25,Spurs,MID,8.0,3.1546933951483274,2.882040832561322,Parsimonious Ridge,39.0,3.25,11
James McAtee,0.06093572426539666,0.2641631162624137,0.20322739199701706,1.6764060010845636,4.510378920248653,86944.24035866885,0.9540404821898889,3.082396483227711,26,Sheffield Utd,MID,4.4,3.275852875403809,3.2113674113451096,Parsimonious Ridge,14.0,1.1666666666666667,8
James McConnell,0.0,0.0,0.0,1.7127436953908776e-05,0.0001712743695390878,1680.9255303384025,0.0,0.5572682992509465,25,Liverpool,MID,4.4,0.2504699241922509,0.35273604921181606,Parsimonious Ridge,0.0,0.0,0
James Milner,0.0379649624008359,0.0471242607362422,0.00915929833540632,0.19453311575789392,0.6771174577025824,12195.464317778413,0.1741523407673366,0.43049577795196187,26,Brighton,MID,4.8,0.7560545208728775,0.6475349398992389,Parsimonious Ridge,0.0,0.0,0
James Shea,0.0,0.0,0.0,0.0,0.0,12258.751013661353,0.0,0.0,23,Luton,GK,4.3,0.04863459154458638,0.032423061029724254,Parsimonious Ridge,1.0,0.08333333333333333,1
James Sweet,0.0,0.0,0.0,0.0,0.0,61.666666666666664,0.0,0.0,2,Arsenal,DEF,4.0,0.22144694613705573,0.14763129742470382,Parsimonious Ridge,0.0,0.0,0
James Tarkowski,0.09017556542485305,0.19296646580569796,0.10279090038084489,1.2108843989123763,5.2514213181100615,602897.8094748431,1.0,1.8122398839781617,26,Everton,DEF,4.6,2.769241467532601,2.4502409396811213,Parsimonious Ridge,35.0,2.9166666666666665,11
James Tomkins,0.0,0.0,0.0,0.034238683127572035,0.008779149519890266,44204.78962237179,0.0,0.3333729354613757,26,Crystal Palace,DEF,4.0,0.23252275728854344,0.26613948334615417,Parsimonious Ridge,1.0,0.08333333333333333,1
James Trafford,0.004435299497027893,0.004435299497027893,0.0,2.219958466673861,3.0716802864046837,111098.39268944752,1.000150364329911,1.9400823316751845,25,Burnley,GK,4.5,2.805270887700083,2.51687470235845,Parsimonious Ridge,2.0,0.16666666666666666,2
James Ward-Prowse,0.10052924710270189,0.2552979240742431,0.15476867697154126,1.9619304824675685,5.509713855560164,844642.1397512981,1.0,2.995218481969606,25,West Ham,MID,6.0,3.6181997599811626,3.4105393339773102,Parsimonious Ridge,37.0,3.0833333333333335,12
James Wright,0.0,0.0,0.0,0.0,0.0,328.320987654321,0.0,0.0,6,Aston Villa,GK,4.0,0.04668020849237986,0.031120138994919905,Parsimonious Ridge,0.0,0.0,0
Jamie Donley,0.0,0.0,0.0,0.021626784534877822,0.0011561019943888422,4878.522570622228,0.0,0.012524438272545789,19,Spurs,FWD,4.5,0.3395530647127589,0.2305435225660212,Parsimonious Ridge,0.0,0.0,0
Jamie McDonnell,0.0,0.0,0.0,0.0,0.0,89.76954732510288,0.0,0.0,6,Nott'm Forest,MID,4.5,0.2500346945932789,0.16668979639551923,Parsimonious Ridge,0.0,0.0,0
Jan Paul van Hecke,0.09032871994737793,0.14565968940345186,0.055330969456073964,0.8680063049137882,5.212696378135984,336381.2370166712,0.9986285442728142,2.589085972350226,26,Brighton,DEF,4.1,2.5354485419357644,2.5533276854072513,Parsimonious Ridge,16.0,1.3333333333333333,7
Japhet Tanganga,0.0,0.0,0.0,0.0,0.0,32755.68789837451,0.0,0.0,25,Spurs,DEF,4.0,0.22679517424411766,0.15119678282941176,Parsimonious Ridge,0.0,0.0,0
Jarell Quansah,0.005935903951330467,0.01658062274419741,0.010644718792866941,0.6658163249876683,1.0327450515747392,16686.46276556408,0.5935903951330467,1.075167254698335,25,Liverpool,DEF,4.0,1.3629371700623052,1.267013864940982,Parsimonious Ridge,34.0,2.8333333333333335,8
Jarrad Branthwaite,0.00793342837161345,0.12163611279945252,0.11370268442783907,1.204103409779409,4.8859121134741255,492582.87488044234,0.9912698318500204,5.102506444640035,26,Everton,DEF,4.2,2.5105041008922964,3.3745048821415424,Parsimonious Ridge,48.0,4.0,11
Jarrod Bowen,0.052536701623479815,0.36926107662230756,0.3167243749988278,1.9570235429252407,9.164485650170512,2103364.40717813,0.9982872563046095,8.20239919641164,26,West Ham,MID,7.7,4.3865386959600485,5.658492196110579,Parsimonious Ridge,42.0,3.5,9
Jason Steele,0.0,0.0,0.0,0.5687884962685564,0.9482546425329359,231483.02902181383,0.3153475834918266,1.0698155606882143,26,Brighton,GK,4.2,0.9660246052138793,1.0006215903719908,Parsimonious Ridge,2.0,0.16666666666666666,3
Javier Manquillo Gaitán,0.0,0.0,0.0,0.0,0.0,3904.551643418366,0.0,0.0,26,Newcastle,DEF,4.0,0.2220755817306772,0.14805038782045146,Parsimonious Ridge,0.0,0.0,0
Jay Rodriguez,0.00014915143014028896,0.009763200808940548,0.009614049378800258,0.34215283329221097,0.49512077801858145,23971.289385629887,0.024489856033401505,0.6494160008131407,25,Burnley,FWD,5.3,0.6349170553207247,0.63975003715153,Parsimonious Ridge,6.0,0.5,6
Jay Stansfield,0.0,0.0,0.0,0.0,0.0,1390.7361144287413,0.0,0.0,26,Fulham,FWD,4.5,0.32208783319896317,0.2147252221326421,Parsimonious Ridge,0.0,0.0,0
Jayden Bogle,0.03754235491118085,0.05651276169333567,0.018970406782154812,1.864213214697253,4.2873689776829,10269.255767289362,0.9777880061194593,1.0326058702490544,26,Sheffield Utd,DEF,4.5,2.2774805747502342,1.8625223399165076,Parsimonious Ridge,26.0,2.1666666666666665,11
Jayden Danns,0.0,0.0,0.0,0.0,0.2,0.0,0.0,1.0,1,Liverpool,FWD,4.5,0.3216654164836945,0.5477769443224629,Parsimonious Ridge,0.0,0.0,1
Jayden Luker,0.0,0.0,0.0,0.0,0.0,340.01966965149336,0.0,0.0,16,Luton,MID,4.5,0.25010215158374527,0.16673476772249685,Parsimonious Ridge,0.0,0.0,0
Jean-Philippe Gbamin,0.0,0.0,0.0,0.0,0.0,1240.2700736251259,0.0,0.0,26,Everton,MID,4.4,0.25034482152673565,0.16689654768449041,Parsimonious Ridge,0.0,0.0,0
Jean-Philippe Mateta,0.02435944375694867,0.38534309371793174,0.3609836499609831,1.0000889923480853,5.545472415733558,86118.0637666471,0.9833727006512443,4.486194677394296,26,Crystal Palace,FWD,4.9,2.9588961451167872,3.4679956558759564,Parsimonious Ridge,94.0,7.833333333333333,11
Jean-Ricner Bellegarde,0.024186437657520092,0.08652590807167224,0.062339470414152144,0.5616630777032474,1.844140543014129,1736.78439206103,0.0802388033856528,1.3210097757537456,22,Wolves,MID,4.9,0.9027523769279935,1.042171509869911,Parsimonious Ridge,10.0,0.8333333333333334,5
Jeff Hendrick,0.0,0.0,0.0,0.0,0.0,2348.909767531466,0.0,0.0,26,Newcastle,MID,4.4,0.2506436645265605,0.16709577635104034,Parsimonious Ridge,0.0,0.0,0
Jefferson Lerma Solís,0.03230309040117136,0.15069670443867772,0.11839361403750637,1.0551583491687722,3.5081212912500073,11374.850552052772,0.9907862527396281,2.624610420997998,26,Crystal Palace,MID,4.7,2.6479190955311926,2.640149537353461,Parsimonious Ridge,13.0,1.0833333333333333,7
Jeffrey Schlupp,0.007750957435669163,0.020314885997152022,0.01256392856148286,0.28087568245437394,0.609896182476609,10615.064409011035,0.16576603928658,0.3782813348130608,26,Crystal Palace,MID,4.9,0.673427260648353,0.5750452853699222,Parsimonious Ridge,19.0,1.5833333333333333,8
Jenson Metcalfe,0.0,0.0,0.0,0.0,0.0,130.40669613371946,0.0,0.0,10,Everton,MID,4.5,0.2500456486728785,0.16669709911525232,Parsimonious Ridge,0.0,0.0,0
Jeremy Sarmiento Morante,0.0,0.0,0.0,0.0,0.0,847.897374348325,0.0,0.0,26,Brighton,MID,4.5,0.2502390542200572,0.1668260361467048,Parsimonious Ridge,0.0,0.0,0
Jesurun Rak-Sakyi,1.7372339762334853e-05,0.0001327970734245657,0.00011880793108522516,0.0009692025259490358,0.002398303327287569,1491.728614469222,0.0,0.0017093113820473632,26,Crystal Palace,MID,4.5,0.25127519795811515,0.16808656909942588,Parsimonious Ridge,0.0,0.0,0
Jhon Durán,0.0005206914214154556,0.018919100580447965,0.018837366635027022,0.01354046458783631,0.19531735433949932,17006.33379293439,0.0,0.1996801074137205,26,Aston Villa,FWD,5.0,0.3694003326092201,0.3128269242107202,Parsimonious Ridge,26.0,2.1666666666666665,9
Ji-Soo Kim,0.0,0.0,0.0,0.0,0.0,2741.7600945958234,0.0,0.0,18,Brentford,DEF,4.0,0.2218853673058443,0.14792357820389618,Parsimonious Ridge,0.0,0.0,0
Jili Buyabu,0.0,0.0,0.0,0.0,0.0,1812.6601484233843,0.0,0.0,18,Sheffield Utd,DEF,4.0,0.22173338115488495,0.1478222541032566,Parsimonious Ridge,0.0,0.0,0
Joachim Andersen,0.11394499333027427,0.12057343667159577,0.006628443341321498,1.0760446990730317,2.489186949204802,1599255.7540482841,1.0,3.0810010240101278,26,Crystal Palace,DEF,4.7,2.6886448688724576,2.8194302539183473,Parsimonious Ridge,39.0,3.25,11
Joe Gardner,0.0,0.0,0.0,0.0,0.0,462.39094650205755,0.0,0.0,6,Nott'm Forest,FWD,4.5,0.3218058612904159,0.21453724086027726,Parsimonious Ridge,0.0,0.0,0
Joe Gauci,0.0,0.0,0.0,0.0,0.0,53.0,0.0,0.0,2,Aston Villa,GK,4.0,0.04663510679269123,0.031090071195127484,Parsimonious Ridge,0.0,0.0,0
Joe Gomez,0.028931080943793895,0.046804838527571266,0.017873757583777367,1.380027943784699,2.4366599420262713,201874.19321251215,0.7267154357165035,2.218915348891491,25,Liverpool,DEF,4.6,1.7958478452959294,1.9368703464944497,Parsimonious Ridge,19.0,1.5833333333333333,9
Joe Hodge,0.0,0.0,0.0,0.0,0.0,5027.200894064526,0.0,0.0,26,Wolves,MID,4.4,0.2513656200537322,0.16757708003582145,Parsimonious Ridge,0.0,0.0,0
Joe Hugill,0.0,0.0,0.0,0.0,0.0,785.4513627414273,0.0,0.0,14,Man Utd,FWD,4.5,0.321903986390099,0.2146026575933993,Parsimonious Ridge,0.0,0.0,0
Joe Rodon,0.0,0.0,0.0,0.0,0.0,6182.653891951456,0.0,0.0,25,Spurs,DEF,4.0,0.22244824345956082,0.14829882897304053,Parsimonious Ridge,0.0,0.0,0
Joe Rothwell,0.0003868919130820125,0.00040389839724739343,1.7006484165380954e-05,0.006559720539302151,0.012562857461045683,1718.623953815875,0.00013365718214298586,0.02658681246146915,25,Bournemouth,MID,4.8,0.25462342475309807,0.17861122065588841,Parsimonious Ridge,0.0,0.0,0
Joe Taylor,0.0,0.0,0.0,0.0,0.0,7365.134348035108,0.0,0.0,23,Luton,FWD,4.5,0.32390247341098,0.21593498227398666,Parsimonious Ridge,0.0,0.0,0
Joe White,0.0,0.0,0.0,0.024444444444444446,0.0,188.6172839506173,0.0,0.22222222222222224,5,Newcastle,MID,4.5,0.2590817936047073,0.2467952698105456,Parsimonious Ridge,2.0,0.16666666666666666,3
Joe Whitworth,0.0,0.0,0.0,0.0,0.0,106555.81124871674,0.0,0.0,26,Crystal Palace,GK,3.9,0.06408186175987252,0.04272124117324834,Parsimonious Ridge,0.0,0.0,0
Joe Willock,0.0003666540207170102,0.023871261723589433,0.023504607702872424,0.09937407040441786,1.7766893890322872,8665.650818984668,0.0011418291302605853,2.003552357294144,26,Newcastle,MID,5.3,0.3814348330519427,0.9221406744660098,Parsimonious Ridge,8.0,0.6666666666666666,5
Joe Worrall,6.138329846566761e-06,8.118436248685072e-06,1.9801064021183102e-06,0.003194228328525729,0.01635483615188649,7504.664069588964,0.00020048577321447877,0.02006365094790483,26,Nott'm Forest,DEF,4.3,0.2233913677625481,0.155615462157667,Parsimonious Ridge,0.0,0.0,0
Joel Matip,3.283911716727955e-05,0.00022884637409143006,0.0001960072569241504,0.011237757953596763,0.030018591681434725,32245.902222247045,0.009061386991909644,0.016936370705412387,25,Liverpool,DEF,4.8,0.24413989714316198,0.16840538833057878,Parsimonious Ridge,0.0,0.0,0
Joel Ward,0.00690711364349305,0.007094046178162815,0.0001869325346697647,0.4323252969911931,0.9864261210013664,21817.37576802183,0.5813423039344382,2.4797033249947678,26,Crystal Palace,DEF,4.5,1.2866875148633476,1.684359451573821,Parsimonious Ridge,10.0,0.8333333333333334,8
Joelinton Cássio Apolinário de Lira,0.0015787209144701585,0.0066198721358089255,0.005041151221338768,0.22059224809283112,0.19489526874456256,46676.18622889274,0.05473314430426063,0.1267469932336258,26,Newcastle,MID,5.8,0.44829873981132407,0.3411148242854246,Parsimonious Ridge,4.0,0.3333333333333333,3
John Egan,0.0,1.4782731858314503e-05,1.4782731858314503e-05,0.0009470292016406274,0.0005952076088117506,6062.3508325357925,0.00038426439866108433,-0.0001571709456681407,26,Sheffield Utd,DEF,4.3,0.2232366231102757,0.14877202509162774,Parsimonious Ridge,0.0,0.0,0
John Fleck,0.00121255910138506,0.00121255910138506,0.0,0.006523174668751202,0.010233643579960495,635.4061478770644,0.0025691155430863162,0.006073896623469502,26,Sheffield Utd,MID,4.9,0.26091391484098836,0.1759672421018154,Parsimonious Ridge,0.0,0.0,0
John McAtee,0.0,0.0,0.0,0.0,0.0,44742.169614549784,0.0,0.0,23,Luton,FWD,4.5,0.3352552270354482,0.2235034846902988,Parsimonious Ridge,0.0,0.0,0
John McGinn,0.11000574308678977,0.28161108401248003,0.17160534092569027,1.7503078132830578,5.425073169405719,167895.04065496463,1.0,3.806254442622667,26,Aston Villa,MID,5.5,3.4577359386272835,3.573908773292411,Parsimonious Ridge,20.0,1.6666666666666667,9
John Stones,0.04243975687098986,0.08688420131543431,0.044444444444444446,0.5552612183864133,2.0862336232816023,293165.9059553879,0.7972475843940201,4.339573604740353,25,Man City,DEF,5.3,1.9645691512510215,2.7562373024141316,Parsimonious Ridge,14.0,1.1666666666666667,4
John-Kymani Gordon,0.0,0.0,0.0,0.0,0.0,4174.911200231134,0.0,0.0,26,Crystal Palace,FWD,4.5,0.3229334875846338,0.21528899172308918,Parsimonious Ridge,0.0,0.0,0
Jonathan Castro Otto,0.0,0.0,0.0,1.0525503093760135e-05,7.518216495542954e-05,4532.801008494134,0.0,0.00015036432991085907,26,Wolves,DEF,4.3,0.22217953844581473,0.14816981374051344,Parsimonious Ridge,0.0,0.0,0
Jonathan Panzo,0.0,0.0,0.0,0.0,0.0,6208.889245622136,0.0,0.0,26,Nott'm Forest,DEF,4.0,0.22245253515114893,0.14830169010076594,Parsimonious Ridge,0.0,0.0,0
Jonjo Shelvey,0.0,0.0,0.0,0.0,0.0,1570.2689112627695,0.0,0.0,26,Nott'm Forest,MID,4.8,0.25043377544307155,0.16695585029538101,Parsimonious Ridge,0.0,0.0,0
Jonny Evans,0.004174972344860697,0.004220645510071121,4.567316521042341e-05,0.2992585484655425,0.9038803930975321,91519.86900287808,0.11627852103991722,0.59760868879716,23,Man Utd,DEF,4.0,0.48155842098879287,0.5202418435915819,Parsimonious Ridge,13.0,1.0833333333333333,6
Jordan Amissah,0.0,0.0,0.0,0.0,0.0,35127.77666366056,0.0,0.0,26,Sheffield Utd,GK,3.9,0.0523808803249074,0.0349205868832716,Parsimonious Ridge,0.0,0.0,0
Jordan Ayew,0.1588621180917754,0.33657643125911146,0.17771431316733607,0.894627292913577,9.50385883773777,41452.613199992185,0.9457207437472417,6.6605746712999485,26,Crystal Palace,MID,5.4,3.238411016604467,4.379132234836294,Parsimonious Ridge,24.0,2.0,10
Jordan Beyer,0.0014352183922777125,0.007020279331065598,0.005585060938787888,0.08856088638761293,0.20265827360535488,125761.6963019458,0.08298713876753744,0.1655764220366732,25,Burnley,DEF,4.0,0.4155422611637237,0.3322203147880402,Parsimonious Ridge,0.0,0.0,0
Jordan Clark,0.011474594545772723,0.04011656985441471,0.02864197530864198,1.3587441503384197,1.408601895600829,921.4503335465113,0.5349794238683129,1.5444298300908914,23,Luton,MID,4.8,1.6776655590533762,1.6332536493992145,Parsimonious Ridge,31.0,2.5833333333333335,11
Jordan Henderson,0.0,0.0,0.0,0.0,0.0,576.037038929272,0.0,0.0,25,Liverpool,MID,5.0,0.25016577201789847,0.16677718134526565,Parsimonious Ridge,0.0,0.0,0
Jordan Pickford,0.013965829761229728,0.013965829761229728,0.0,1.210900883298174,3.2545096662804927,1147585.975396262,1.0,3.689021859374206,26,Everton,GK,4.6,3.284211777924343,3.419148471740964,Parsimonious Ridge,56.0,4.666666666666667,11
Jorge Luiz Frello Filho,0.06503872073379645,0.06552927197049163,0.0004905512366951767,0.14104722231998765,1.6949563260127984,18873.246846081456,0.4345656802196988,1.3374067159676981,26,Arsenal,MID,5.3,1.1846024543374567,1.2355372082142038,Parsimonious Ridge,19.0,1.5833333333333333,8
Joseph Anang,0.0,0.0,0.0,0.0,0.0,5904.278694125642,0.0,0.0,26,West Ham,GK,4.0,0.047593633843988514,0.03172908922932567,Parsimonious Ridge,0.0,0.0,0
Joseph Johnson,0.0,0.0,0.0,0.0,0.0,4767.3237653165515,0.0,0.0,22,Luton,DEF,4.0,0.22221671769188622,0.14814447846125747,Parsimonious Ridge,0.0,0.0,2
Josh Bowler,0.0,0.0,0.0,0.0,0.0,208.72181531178035,0.0,0.0,26,Nott'm Forest,MID,4.5,0.2500667591610519,0.1667111727740346,Parsimonious Ridge,0.0,0.0,0
Josh Brooking,0.0,0.0,0.0,0.0,0.0,2285.764974182871,0.0,0.0,19,Chelsea,DEF,4.0,0.2218107736698277,0.14787384911321846,Parsimonious Ridge,0.0,0.0,0
Josh Brownhill,0.04096540078551008,0.08025167959553972,0.03928627881002965,2.9087525865158455,2.9280359622692402,24479.076570778976,0.9996783874054687,0.9932165357105674,25,Burnley,MID,4.7,3.0804621682624065,2.38471362407846,Parsimonious Ridge,18.0,1.5,8
Josh Cullen,0.004300283750356633,0.02097580520534027,0.01667552145498364,0.7309952680341523,0.9457214364782585,5490.577686692957,0.045568550769709636,0.4246414800991192,25,Burnley,MID,5.0,0.6668811065859459,0.5861345644236703,Parsimonious Ridge,44.0,3.6666666666666665,12
Josh Dasilva,0.015144032921810708,0.015144032921810708,0.0,0.001977387753697534,0.2128973460169421,2676.7136461135774,0.0,0.10976907059466008,25,Brentford,MID,4.7,0.30904452198144294,0.24261937151918198,Parsimonious Ridge,0.0,0.0,0
Josh Powell,0.0,0.0,0.0,0.0,0.0,15478.923944710648,0.0,0.0,26,Nott'm Forest,DEF,3.9,0.22396896715502312,0.1493126447700154,Parsimonious Ridge,0.0,0.0,0
Joshua Duffus,0.0,0.0,0.0,0.0,0.0,371.2906506398014,0.0,0.0,14,Brighton,MID,4.4,0.2501105809353348,0.16674038729022317,Parsimonious Ridge,0.0,0.0,0
Joshua King,0.0,0.0,0.0,0.0,0.0,123.85185185185185,0.0,0.0,4,Fulham,MID,4.5,0.2500438817603826,0.1666959211735884,Parsimonious Ridge,0.0,0.0,0
José Malheiro de Sá,0.0,0.0,0.0,1.3787952624403972,2.489412076711975,184588.49606080924,0.9874755617274544,4.10702611332473,26,Wolves,GK,5.0,2.92766324884721,3.3207842036730497,Parsimonious Ridge,33.0,2.75,10
João Cancelo,0.0,0.0,0.0,0.0,0.0,106618.49962429449,0.0,0.0,25,Man City,DEF,5.8,0.23887796953379814,0.15925197968919874,Parsimonious Ridge,0.0,0.0,0
João Neves Virgínia,0.0,0.0,0.0,0.0,0.0,51436.38991880537,0.0,0.0,26,Everton,GK,3.9,0.055052475337104445,0.036701650224736294,Parsimonious Ridge,0.0,0.0,0
João Palhinha Gonçalves,0.008996794941821793,0.06554440313525313,0.056547608193431326,1.1644015096548412,3.053696037800519,36035.8539205011,0.6648499673851649,1.7018242791979898,26,Fulham,MID,5.0,1.8998657671987766,1.833851937865181,Parsimonious Ridge,28.0,2.3333333333333335,11
João Pedro Junqueira de Jesus,0.042073172539773405,0.18832812854059125,0.1462549560008178,0.3570183578329696,2.4165628336550244,966027.5727228422,0.28056620546837696,1.4718747356179318,26,Brighton,FWD,5.3,1.548243170419208,1.522787025485449,Parsimonious Ridge,21.0,1.75,8
João Victor Gomes da Silva,0.034845899564280906,0.18494152652433563,0.15009562696005468,1.1485161872964205,5.65650188303484,14719.154408787104,0.8864228164246626,5.16555377495304,26,Wolves,MID,4.9,2.662594287707178,3.4969141167891316,Parsimonious Ridge,16.0,1.3333333333333333,10
Joël Veltman,0.003477678884255351,0.003741744346420698,0.00026406546216534746,0.14301199557190752,0.4974708253269111,49672.74519304162,0.014301378313070776,0.5023742429168527,26,Brighton,DEF,4.3,0.2818387122245334,0.35535055578863983,Parsimonious Ridge,27.0,2.25,9
Joško Gvardiol,0.02691395949442904,0.06428043035201927,0.03736647085759024,0.31129430496797433,1.3528212242011868,318994.8338230272,0.2727243521896366,0.6178531894299211,25,Man City,DEF,4.8,0.976206111479473,0.8567551374629556,Parsimonious Ridge,79.0,6.583333333333333,9
Julio Enciso,0.0033448179504656193,0.03668211149660319,0.03333729354613757,0.06671161508199475,1.3668527966684656,46744.95682775654,1.9801064021183095e-05,0.33351154290952395,26,Brighton,MID,5.0,0.4267353962138364,0.3956607784457322,Parsimonious Ridge,11.0,0.9166666666666666,8
Julián Álvarez,0.14034494222939234,0.4382675318317039,0.29792258960231155,0.727492661158591,8.064820791173632,3014502.1529608024,0.8888888888888891,3.8147292774581327,25,Man City,FWD,6.7,3.617136770689081,3.683000939612098,Parsimonious Ridge,34.0,2.8333333333333335,9
Jurriën Timber,3.9602128042366206e-07,3.9602128042366206e-07,0.0,1.1088595851862535e-05,0.0,46081.70644339186,3.960212804236619e-05,0.0,26,Arsenal,DEF,4.6,0.2290450827010435,0.15269672180069566,Parsimonious Ridge,0.0,0.0,1
Justin Hubner,0.0,0.0,0.0,0.0,0.0,2483.5306383963607,0.0,0.0,13,Wolves,DEF,4.0,0.22184312502472714,0.14789541668315143,Parsimonious Ridge,0.0,0.0,0
Justin Kluivert,0.03059818960504284,0.14426425168183865,0.1136660620767958,0.9735329639236127,2.4701747618890897,34484.08891458812,0.7700638874349152,2.023983535335568,25,Bournemouth,MID,4.6,2.280450514494105,2.1949615214412592,Parsimonious Ridge,49.0,4.083333333333333,11
Jérémy Doku,0.1967082934643681,0.24319543049340642,0.04648713702903825,0.7016363145636191,6.278034721106031,275663.99572479114,0.490437562968271,1.7442206558666369,23,Man City,MID,6.5,2.217016931440007,2.0594181729155503,Parsimonious Ridge,38.0,3.1666666666666665,10
Jóhann Berg Gudmundsson,0.04136670564969741,0.05767390637701879,0.01630720072732138,1.3658949197650299,2.032732089683623,2637.344819869747,0.48245193976787415,1.3723870285715511,25,Burnley,MID,4.8,1.6715821560455404,1.5718504468875438,Parsimonious Ridge,16.0,1.3333333333333333,8
Kacper Kozłowski,0.0,0.0,0.0,0.0,0.0,119.11099981966811,0.0,0.0,26,Brighton,MID,4.5,0.2500426038245024,0.16669506921633492,Parsimonious Ridge,0.0,0.0,0
Kaden Rodney,0.0,0.0,0.0,0.0,0.0,0.0,0.0,0.0,1,Crystal Palace,MID,4.5,0.2500104964692509,0.16667366431283392,Parsimonious Ridge,0.0,0.0,0
Kaelan Casey,0.0,0.0,0.0,0.0,0.0,908.4938271604939,0.0,0.0,7,West Ham,DEF,4.0,0.2215854737531442,0.1477236491687628,Parsimonious Ridge,1.0,0.08333333333333333,1
Kai Havertz,0.07136111094110913,0.7413219407804813,0.6699608298393722,0.23401412968546334,7.541538604094935,169249.21519648063,0.9096343604921899,8.568675596579485,26,Arsenal,MID,7.1,4.515888910927053,5.86681780614453,Parsimonious Ridge,91.0,7.583333333333333,11
Kaide Gordon,0.0,0.0,0.0,0.08691358024691363,0.05925925925925929,143.79012345679013,0.0,0.19753086419753094,5,Liverpool,MID,4.5,0.282121980860221,0.25392494197265764,Parsimonious Ridge,0.0,0.0,0
Kaine Kesler-Hayden,0.0,0.0,0.0,0.0,0.0,555.8024691358025,0.0,0.0,5,Aston Villa,DEF,4.0,0.22152777898929932,0.1476851859928662,Parsimonious Ridge,3.0,0.25,3
Kalvin Phillips,0.003882513832804339,0.03163492760184827,0.027752413769043936,1.1117396069651628,0.7087451325455338,5329.2742207191895,0.28806584362139925,0.009815021221006416,25,West Ham,MID,4.7,1.198469159500348,0.8022511134072341,Parsimonious Ridge,4.0,0.3333333333333333,4
Kaoru Mitoma,0.04614032980358389,0.106602600388264,0.0604622705846801,0.3347621301299478,3.1037615112545835,1521022.5754943255,0.3980843714537046,2.3688246944679636,26,Brighton,MID,6.4,1.7644341845833278,1.9658976878782062,Parsimonious Ridge,0.0,0.0,0
Karl Darlow,0.0,0.0,0.0,0.0,0.0,748.8803086289599,0.0,0.0,26,Newcastle,GK,4.0,0.0467491024054717,0.031166068270314463,Parsimonious Ridge,0.0,0.0,0
Karl Hein,0.0,0.0,0.0,0.0,0.0,5530.8668314475635,0.0,0.0,26,Arsenal,GK,4.0,0.04753246339042394,0.03168830892694929,Parsimonious Ridge,0.0,0.0,0
Keane Lewis-Potter,0.1036382954067877,0.17179194846599927,0.06815432134512228,1.1255216433429052,4.448291173227619,8188.825616546193,0.5138985784398088,2.9805230165352414,25,Brentford,MID,4.7,2.063757538711407,2.3693460313193517,Parsimonious Ridge,26.0,2.1666666666666665,10
Keinan Davis,0.0,0.0,0.0,0.0,0.0,12017.673098415598,0.0,0.0,26,Aston Villa,FWD,4.9,0.32531561722468105,0.21687707814978735,Parsimonious Ridge,0.0,0.0,0
Kell Watts,0.0,0.0,0.0,0.0,0.0,5363.34218501684,0.0,0.0,26,Newcastle,DEF,4.0,0.2223142169392861,0.14820947795952405,Parsimonious Ridge,0.0,0.0,0
Kenny Tete,0.0009564207810284702,0.003162500608241996,0.002206079827213526,0.15266142930191465,0.21460596048226782,29727.769370309925,0.06617457007106382,0.22466874050524602,26,Fulham,DEF,4.4,0.3662285252875419,0.3190419303601099,Parsimonious Ridge,4.0,0.3333333333333333,4
Kepa Arrizabalaga,0.0,0.0,0.0,0.0,0.0,19287.557120461483,0.0,0.0,25,Chelsea,GK,5.0,0.049786015215185886,0.03319067681012392,Parsimonious Ridge,0.0,0.0,0
Kevin De Bruyne,0.20474201479879606,0.26781590519459897,0.06307389039580287,0.5627357071230472,6.6901169696014176,2866925.733465366,0.3868906789122283,2.5185779217105826,25,Man City,MID,10.8,2.8081644928164984,2.7116356357811933,Parsimonious Ridge,67.0,5.583333333333333,10
Kevin Mbabu,0.0,0.0,0.0,0.0,0.0,19222.573859969772,0.0,0.0,26,Fulham,DEF,4.0,0.22458136945200247,0.14972091296800163,Parsimonious Ridge,0.0,0.0,0
Kevin Schade,1.9083275450415207e-05,6.809090890284336e-05,4.900763345242819e-05,0.0001256377512144068,0.0008342435785424701,5507.0550265802685,0.00014108258115092957,0.0009838653685525353,25,Brentford,MID,5.2,0.25200421212395796,0.16833076320548945,Parsimonious Ridge,14.0,1.1666666666666667,6
Ki-Jana Hoever,0.0,0.0,0.0,0.0,0.0,4358.03951256433,0.0,0.0,26,Wolves,DEF,4.0,0.22214976521978647,0.14809984347985763,Parsimonious Ridge,0.0,0.0,0
Kieffer Moore,0.0005864497935439649,0.021897663336837504,0.021311213543293538,0.019296293805186458,0.08473611942074624,20391.336114664897,0.0,0.09834492137782683,25,Bournemouth,FWD,4.6,0.3798796601161155,0.2860347472033526,Parsimonious Ridge,0.0,0.0,0
Kieran Tierney,0.0,0.0,0.0,0.0,0.0,10154.05551570897,0.0,0.0,26,Arsenal,DEF,4.4,0.2230979023570724,0.14873193490471492,Parsimonious Ridge,0.0,0.0,0
Kieran Trippier,0.1612277945783833,0.19437514801260813,0.033147353434224834,2.171186797805309,5.469615835622266,4376784.068432864,0.9620654033091163,2.3016776224101902,26,Newcastle,DEF,6.9,3.4345062088728664,3.056896680051974,Parsimonious Ridge,4.0,0.3333333333333333,3
Kjell Scherpen,0.0,0.0,0.0,0.0,0.0,71.9522747743516,0.0,0.0,26,Brighton,GK,4.0,0.04663821145903935,0.031092140972692896,Parsimonious Ridge,0.0,0.0,0
Kobbie Mainoo,0.15113067845516037,0.186129916376209,0.03499923792104862,1.4689830375233464,3.0775063145924637,55964.61904906676,0.9869403293226449,2.2014736035295237,26,Man Utd,MID,4.4,2.941816444285685,2.6950354973669643,Parsimonious Ridge,46.0,3.8333333333333335,11
Konstantinos Mavropanos,0.0005816638159268862,0.007646084820258439,0.007064421004331555,0.8256513315977752,1.4411771526105324,18484.438684618588,0.5081822376203754,1.0589406726556025,24,West Ham,DEF,4.5,1.2074985508570715,1.1579792581232484,Parsimonious Ridge,8.0,0.6666666666666666,8
Konstantinos Tsimikas,0.004392533405738388,0.004600203578804532,0.00020767017306614385,0.04480984577436857,0.20307797479623227,290481.05708441394,0.05059036513683203,0.40514381005507116,25,Liverpool,DEF,4.5,0.3747214476327696,0.3848622351068701,Parsimonious Ridge,2.0,0.16666666666666666,2
Kortney Hause,0.0,0.0,0.0,0.0,0.0,20128.905052042603,0.0,0.0,26,Aston Villa,DEF,3.9,0.22472963099258803,0.14981975399505867,Parsimonious Ridge,0.0,0.0,0
Kristian Sekularac,0.0,0.0,0.0,0.0,0.0,50.66666666666667,0.0,0.0,5,Fulham,MID,4.5,0.2500241540883502,0.16668276939223348,Parsimonious Ridge,0.0,0.0,0
Kristoffer Ajer,0.03595997904235926,0.036298650330892974,0.0003386712885337151,1.7153433919391836,2.798764057519092,23905.40427246688,0.7850934346093676,0.8125668941408287,25,Brentford,DEF,4.4,1.8708161599186146,1.5180664046593524,Parsimonious Ridge,40.0,3.3333333333333335,10
Kurt Zouma,0.0009990726122902603,0.027549535584793353,0.026550462972503092,1.6187557103452472,2.145805088964212,155760.9883136599,0.9478966121484609,0.8184493729980349,26,West Ham,DEF,4.5,2.131329707544925,1.6937029293626282,Parsimonious Ridge,27.0,2.25,11
Kyle Walker,0.10959620758023067,0.1275310382986912,0.017934830718460505,0.6608495949560014,3.1452944725062806,1860371.710220688,0.6748971193415639,3.5538990954493324,25,Man City,DEF,5.5,2.152580746579527,2.619686862869462,Parsimonious Ridge,43.0,3.5833333333333335,7
Lawrence Vigouroux,0.0,0.0,0.0,0.0,0.0,27803.279440925384,0.0,0.0,25,Burnley,GK,3.9,0.051181018022639746,0.03412067868175983,Parsimonious Ridge,0.0,0.0,0
Leander Dendoncker,0.00019509221155311702,0.014024962319429637,0.013829870107876518,0.01940886091893853,0.16656191375070542,2390.334006091343,0.019509221155311705,0.2987707521931819,26,Aston Villa,MID,4.9,0.33935101074824825,0.32582425789655944,Parsimonious Ridge,0.0,0.0,0
Leandro Trossard,0.018481697448445945,0.2507598841317757,0.23227818668332978,0.13517394266242047,4.650385856850791,220118.0972181477,0.4394542755847693,5.2991382147467085,26,Arsenal,MID,6.5,1.9480604601163969,3.0650863783265008,Parsimonious Ridge,54.0,4.5,11
Leigh Kavanagh,0.0,0.0,0.0,0.0,0.0,1299.0846340421608,0.0,0.0,13,Brighton,DEF,4.0,0.2216493682712557,0.14776624551417045,Parsimonious Ridge,0.0,0.0,0
Leo Castledine,0.0,0.0,0.0,0.0,0.0,188.56390455384513,0.0,0.0,11,Chelsea,MID,4.5,0.2500613254294669,0.16670755028631126,Parsimonious Ridge,0.0,0.0,0
Leon Bailey,0.37253564292264285,0.7816930850514007,0.4091574421287579,1.4399590470408865,8.133967386735579,384870.0149018378,0.9204067857487979,6.684669951013932,26,Aston Villa,MID,5.6,5.188106931819506,5.686961271550981,Parsimonious Ridge,41.0,3.4166666666666665,11
Lesley Ugochukwu,0.00023468858684494974,0.00023468858684494974,0.0,0.02448156400095624,0.02564051963908943,17702.823845387597,0.022178579585005263,0.025332894884672698,25,Chelsea,MID,4.4,0.2967745263564735,0.2062939825325399,Parsimonious Ridge,2.0,0.16666666666666666,2
Levi Colwill,0.008342274400037845,0.016707161692195882,0.008364887292158035,1.2662107661447373,1.744189629802546,515306.70033154706,0.5179115733344708,1.5875396950423537,25,Chelsea,DEF,4.7,1.3835376944509905,1.451538361314778,Parsimonious Ridge,1.0,0.08333333333333333,1
Lewis Cook,0.06996769936836755,0.0790676958614146,0.009099996493047036,1.5697771216773067,2.5537678975914115,2599.6087978398523,0.9784540731121112,1.5567492730016868,25,Bournemouth,MID,5.0,2.5452697596086415,2.2157629307396567,Parsimonious Ridge,38.0,3.1666666666666665,11
Lewis Dobbin,0.0079879422174804,0.01189879012950219,0.00391084791202179,0.05858257144638178,0.2798842337369502,5772.486592636431,2.970159603177464e-05,0.2592068460124565,26,Everton,MID,4.5,0.31847079394820244,0.29871614463628715,Parsimonious Ridge,3.0,0.25,3
Lewis Dunk,0.12050857375823013,0.24457384840657503,0.124260366859898,0.8396069570835625,7.960948731301544,414212.8170462479,0.9631715502790563,7.199171621395854,26,Brighton,DEF,5.1,2.796643612313872,4.264152948674532,Parsimonious Ridge,29.0,2.4166666666666665,10
Lewis Hall,0.00028179986113228023,0.0003046364437374919,2.2836582605211704e-05,0.08505448490447122,0.030181967001788657,15523.2420461659,0.0011418291302605853,0.10836214743445893,26,Newcastle,DEF,4.3,0.2364587591244106,0.19375988856109339,Parsimonious Ridge,31.0,2.5833333333333335,9
Lewis Koumas,0.0,0.0,0.0,0.0,0.0,98.66666666666666,0.0,0.0,2,Liverpool,FWD,4.5,0.32169538510880424,0.21446359007253615,Parsimonious Ridge,0.0,0.0,0
Lewis Miley,0.023430050107649324,0.03757798207208398,0.01414793196443466,2.2333599472071293,2.8752649801131205,18858.531675252278,0.9890455767815627,2.26429831902876,26,Newcastle,MID,4.5,2.652081849863933,2.522820672918875,Parsimonious Ridge,5.0,0.4166666666666667,2
Lewis O'Brien,0.0,0.0,0.0,0.0,0.0,830.7305519750821,0.0,0.0,26,Nott'm Forest,MID,4.9,0.25023442676108776,0.1668229511740585,Parsimonious Ridge,0.0,0.0,0
Lewis Orford,0.0,0.0,0.0,0.0,0.0,128.0713305898491,0.0,0.0,7,West Ham,MID,4.5,0.2500450191557787,0.1666966794371858,Parsimonious Ridge,0.0,0.0,0
Lisandro Martínez,2.84640295304507e-06,2.84640295304507e-06,0.0,0.27872568715084023,0.47346650920531197,233630.94473179584,0.1648095392711569,0.6368101074823884,26,Man Utd,DEF,4.7,0.5718850039815884,0.5935267051485217,Parsimonious Ridge,3.0,0.25,3
Lloyd Kelly,0.004035047916515156,0.008735447744878392,0.004700399828363236,0.8095626779149627,0.778025128489996,4964.851815738937,0.5419669708812392,0.5678687489712663,25,Bournemouth,DEF,4.5,1.2644829953388284,1.032278246549641,Parsimonious Ridge,23.0,1.9166666666666667,8
Lorenz Assignon,0.06740740740740743,0.07185185185185186,0.0044444444444444444,2.0951851851851853,2.8962962962962964,3747.851851851852,1.0,1.4444444444444449,4,Burnley,DEF,4.0,2.3886630345959974,2.07392350454548,Parsimonious Ridge,20.0,1.6666666666666667,11
Loris Karius,0.0,0.0,0.0,0.7999999999999999,1.0666666666666667,26606.69974226593,0.3333333333333333,0.3333333333333333,26,Newcastle,GK,3.9,0.9379984907517482,0.7364434382789433,Parsimonious Ridge,0.0,0.0,0
Louie Marsh,0.0,0.0,0.0,0.0,0.0,2341.125097547064,0.0,0.0,26,Sheffield Utd,FWD,4.5,0.322376500609201,0.21491766707280063,Parsimonious Ridge,0.0,0.0,0
Louie Watson,0.0,0.0,0.0,0.0,0.0,12707.004957509722,0.0,0.0,23,Luton,MID,4.4,0.25343577476405166,0.16895718317603442,Parsimonious Ridge,0.0,0.0,0
Loïc Mbe Soh,0.0,0.0,0.0,0.0,0.0,4983.53577134557,0.0,0.0,26,Nott'm Forest,DEF,4.0,0.22225208657843387,0.14816805771895591,Parsimonious Ridge,0.0,0.0,0
Luc De Fougerolles,0.0,0.0,0.0,0.0,0.0,8061.386558291075,0.0,0.0,26,Fulham,DEF,3.9,0.2227555746006451,0.14850371640043006,Parsimonious Ridge,0.0,0.0,0
Luca Barrington,0.0,0.0,0.0,0.0,0.0,246.4880805206975,0.0,0.0,12,Brighton,MID,4.5,0.2500769393702301,0.1667179595801534,Parsimonious Ridge,0.0,0.0,0
Luca Koleosho,0.0003995144569009728,0.002047117316707759,0.0016476028598067867,0.007185937141303688,0.036584623302297996,5697.443407938634,0.011147518036633565,0.04140455421802778,25,Burnley,MID,4.8,0.2780988456248057,0.19920074848921304,Parsimonious Ridge,0.0,0.0,0
Lucas Bergström,0.0,0.0,0.0,0.0,0.0,2946.4386187502682,0.0,0.0,25,Chelsea,GK,3.9,0.04710909535695573,0.03140606357130382,Parsimonious Ridge,0.0,0.0,0
Lucas Digne,0.01069551596353621,0.03161531277113442,0.02091979680759821,0.3995783903652088,0.5476190288442847,301324.9512411308,0.04985689850801882,0.8657937621482334,26,Aston Villa,DEF,4.6,0.5004206849884336,0.6222117107083669,Parsimonious Ridge,26.0,2.1666666666666665,12
Lucas Tolentino Coelho de Lima,0.07385855422772557,0.11700373386949116,0.04314517964176559,0.15530546404257126,1.6206776766971027,145702.5813354078,0.39109977737909474,0.9134193235416852,26,West Ham,MID,6.0,1.3569328797688027,1.2090950276930967,Parsimonious Ridge,35.0,2.9166666666666665,12
Luis Díaz,0.13978903039011997,1.1033835863138,0.96359455592368,1.873102166490469,14.32363725527889,940103.7862121507,1.2977843509248472,8.412798981376522,25,Liverpool,MID,7.5,7.2663988774416035,7.64853224541991,Parsimonious Ridge,45.0,3.75,11
Luis Sinisterra,0.03488274963175735,0.08688083143687327,0.051998081805115906,0.36809162672401213,2.589215709612211,5383.906926409358,0.3258536695512767,1.6785210881755352,21,Bournemouth,MID,5.5,1.188761095372354,1.3520144263067477,Parsimonious Ridge,3.0,0.25,2
Lukasz Fabianski,0.0,0.0,0.0,0.12276764495023912,0.0655154570309781,133943.1890860077,0.018304948244490003,0.1306033971786145,26,West Ham,GK,4.2,0.09953426733086246,0.10989064394677979,Parsimonious Ridge,11.0,0.9166666666666666,5
Luke Berry,0.03111111111111111,0.08222222222222222,0.051111111111111114,0.04571861731777,0.7655335946881219,3051.54765880777,0.0,0.7208057458490902,23,Luton,MID,4.6,0.5803411480237112,0.6271626806321708,Parsimonious Ridge,25.0,2.0833333333333335,10
Luke Chambers,0.0,0.0,0.0,0.0,0.0,1874.4992124022642,0.0,0.0,18,Liverpool,DEF,4.0,0.221743497053989,0.14782899803599264,Parsimonious Ridge,0.0,0.0,0
Luke Cundle,0.0,0.0,0.0,0.0,0.0,1010.9960604317966,0.0,0.0,26,Wolves,MID,4.5,0.25028301881999404,0.166855345879996,Parsimonious Ridge,0.0,0.0,0
Luke Freeman,0.0,0.0,0.0,0.0,0.0,853.1202204438285,0.0,0.0,23,Luton,MID,4.9,0.25024046208142403,0.16682697472094934,Parsimonious Ridge,0.0,0.0,0
Luke Harris,4.4552394047661944e-07,1.2920194273821966e-05,1.2474670333345348e-05,0.00010068841054771606,9.356002750009007e-05,1807.3649717922544,0.0,8.910478809532391e-05,24,Fulham,MID,4.5,0.2505839695459038,0.16708568129330095,Parsimonious Ridge,0.0,0.0,0
Luke McNally,0.0,0.0,0.0,0.0,0.0,1043.2380959726554,0.0,0.0,25,Burnley,DEF,4.0,0.22160751579809856,0.14773834386539902,Parsimonious Ridge,0.0,0.0,0
Luke Plange,0.0,0.0,0.0,0.0,0.0,1012.7391223218071,0.0,0.0,26,Crystal Palace,FWD,4.5,0.32197302187988497,0.21464868125325665,Parsimonious Ridge,0.0,0.0,0
Luke Shaw,0.013969760065653616,0.014119625139000317,0.00014986507334670176,0.7345356133250942,0.9534606328479712,345299.40905292134,0.5706317819802181,1.0068921179771781,26,Man Utd,DEF,5.2,1.3775428424409086,1.2539926009529985,Parsimonious Ridge,0.0,0.0,0
Luke Thomas,0.00010444838895943369,0.00021901243379394685,0.00011456404483451319,0.0775578324073538,0.03480269051484728,6794.657465335178,0.03683752118008352,0.031102270610393293,23,Sheffield Utd,DEF,4.0,0.2947434314846735,0.2068630445265801,Parsimonious Ridge,0.0,0.0,0
Lyle Foster,0.004448838591513705,0.018147225774542173,0.01369838718302847,0.3897377398739776,0.8624198485627798,50093.22080884667,0.2711987177628386,0.6433542556772346,25,Burnley,FWD,4.7,0.992957095584123,0.8764228156151601,Parsimonious Ridge,23.0,1.9166666666666667,10
Mackenzie Hunt,0.0,0.0,0.0,0.0,0.0,723.0470424575013,0.0,0.0,21,Everton,MID,4.5,0.2502053997803718,0.1668035998535812,Parsimonious Ridge,0.0,0.0,0
Mads Bech Sørensen,0.0,0.0,0.0,0.0,0.0,7896.777802075125,0.0,0.0,25,Brentford,DEF,4.0,0.22272864719485352,0.148485764796569,Parsimonious Ridge,0.0,0.0,0
Mads Bidstrup,0.0,0.0,0.0,0.0,0.0,128.86867539538136,0.0,0.0,25,Brentford,MID,4.5,0.25004523408666635,0.16669682272444422,Parsimonious Ridge,0.0,0.0,0
Mads Juel Andersen,0.0,3.796699330249191e-05,3.796699330249191e-05,0.014174641905094518,0.03166360467047546,68486.68508401852,0.0008917440121102337,0.050788352587778966,23,Luton,DEF,3.9,0.23587537643036316,0.1741797018161684,Parsimonious Ridge,0.0,0.0,0
Mads Roerslev Rasmussen,0.041324356294778555,0.1213775207014022,0.08005316440662363,1.6244830799080578,2.7007485481806697,9043.833774674811,0.8716197511748592,2.3972691231271,25,Brentford,DEF,4.4,2.274028582619066,2.3151087627884106,Parsimonious Ridge,35.0,2.9166666666666665,12
Mahamadou Susoho,0.0,0.0,0.0,0.0,0.0,108.99573235787227,0.0,0.0,9,Man City,MID,4.5,0.2500398771704877,0.1666932514469918,Parsimonious Ridge,0.0,0.0,0
Mahmoud Dahoud,0.0003061388679006553,0.0008114356267482111,0.000505296758847556,0.004037326684810264,0.007427924417085418,6875.84361317094,0.007636492321375044,0.007188338552083113,26,Brighton,MID,4.8,0.2674799062563573,0.18071605035493257,Parsimonious Ridge,0.0,0.0,0
Malang Sarr,0.0,0.0,0.0,0.0,0.0,9501.797250420608,0.0,0.0,25,Chelsea,DEF,4.3,0.22299120315470888,0.14866080210313926,Parsimonious Ridge,0.0,0.0,0
Malcolm Ebiowei,0.0,0.0,0.0,0.0,0.0,2669.831868769221,0.0,0.0,26,Crystal Palace,MID,4.4,0.25073017173351975,0.16715344782234648,Parsimonious Ridge,0.0,0.0,0
Malo Gusto,0.17672422160345744,0.18190311909436627,0.005178897490908851,1.5308136676388857,6.035080156903018,703774.8290426675,0.8631152950017296,2.599211576907379,25,Chelsea,DEF,4.2,2.553600184292137,2.568803981830551,Parsimonious Ridge,27.0,2.25,8
Manor Solomon,7.484802200007208e-05,0.00011444396220993162,3.959594020985957e-05,0.00015198863594384677,0.0031511537039960896,8098.560514843206,0.00016707147767873232,0.001174141218131091,25,Spurs,MID,5.1,0.25292632250963076,0.16900892874579754,Parsimonious Ridge,0.0,0.0,0
Manuel Akanji,0.0787530368800372,0.12231157922876784,0.043558542348730626,0.8309520701957394,3.873736413439184,435065.82746953063,0.9908964171735171,5.504354617140346,25,Man City,DEF,4.9,2.460579586111464,3.475171263121091,Parsimonious Ridge,43.0,3.5833333333333335,10
Manuel Benson Hedilazio,8.771007844523554e-05,9.071736504345272e-05,3.0072865982171804e-06,0.002479812992105793,0.03968132126667264,6407.023470458185,2.970159603177464e-05,0.3421934459659522,25,Burnley,MID,5.2,0.25304054045051505,0.2827581756223274,Parsimonious Ridge,3.0,0.25,3
Marc Cucurella Saseta,0.0005939229507296407,0.0014904966990530043,0.0008965737483233637,0.03828160570000214,0.07296728662862924,40372.35223245582,0.020565699439126315,0.02297050083653856,25,Chelsea,DEF,4.8,0.27209825594348946,0.18905567090783917,Parsimonious Ridge,34.0,2.8333333333333335,10
Marc Guéhi,0.0031419558136985604,0.00333262304368316,0.0001906672299845999,0.3435668048100952,0.5209234658888602,268278.67749083915,0.296229467705225,0.3364569549015969,26,Crystal Palace,DEF,4.3,0.8193025148082285,0.6583539948393512,Parsimonious Ridge,8.0,0.6666666666666666,3
Marcelo de Araújo Pitaluga Filho,0.0,0.0,0.0,0.0,0.0,198.02552117732733,0.0,0.0,11,Liverpool,GK,4.0,0.046658864144279444,0.03110590942951963,Parsimonious Ridge,0.0,0.0,0
Marcos Senesi,0.11726167198924672,0.1454544158686237,0.02819274387937703,1.5208522952391568,3.2173471881692866,349799.42171092867,0.9533985646260996,2.1570502824657085,25,Bournemouth,DEF,4.5,2.533421757828675,2.4079645993743526,Parsimonious Ridge,34.0,2.8333333333333335,8
Marcus Bettinelli,0.0,0.0,0.0,0.0,0.0,2910.9792365498206,0.0,-0.019509221155311705,25,Chelsea,GK,4.0,0.04710328657927865,0.024899117334415192,Parsimonious Ridge,0.0,0.0,0
Marcus Oliveira Alencar,0.0,0.0,0.0,0.0,0.0,4397.308095600498,0.0,0.0,26,Arsenal,MID,4.5,0.2511958272396233,0.16746388482641553,Parsimonious Ridge,0.0,0.0,0
Marcus Rashford,0.08382417793176762,0.2383255139362104,0.15450133600444277,1.4725519357701287,5.198825417556535,1188280.8529546247,0.9679276848984619,2.822734206010704,26,Man Utd,MID,8.4,3.419335896494806,3.2204686663334385,Parsimonious Ridge,25.0,2.0833333333333335,8
Marcus Tavernier,0.15384726856404096,0.3188577314387524,0.1650104628747114,1.492498863923878,5.132997655997029,54701.587546097784,0.8952535721560761,2.130135361230084,25,Bournemouth,MID,5.4,3.322270594024301,2.9248921830928953,Parsimonious Ridge,18.0,1.5,7
Marek Rodák,0.0,0.0,0.0,0.0,0.0,37829.92315071392,0.0,-2.970159603177464e-05,26,Fulham,GK,3.9,0.05282353237410975,0.03520578771739591,Parsimonious Ridge,0.0,0.0,0
Mario Lemina,0.03194928757080277,0.22581785796344006,0.1938685703926373,1.3733347200860258,4.332847005360778,13748.65661533731,0.9678287329816468,2.402353376704912,26,Wolves,MID,4.9,3.018416575568483,2.8130621759472922,Parsimonious Ridge,26.0,2.1666666666666665,11
Mark Flekken,0.0032555497084203002,0.0032555497084203002,0.0,2.412547100296107,4.43514132220717,335561.635642127,1.221883902479923,3.619503399315216,25,Brentford,GK,4.5,3.4982997663282087,3.5387009773238773,Parsimonious Ridge,46.0,3.8333333333333335,12
Mark Gillespie,0.0,0.0,0.0,0.0,0.0,9136.836437077069,0.0,0.0,26,Newcastle,GK,3.9,0.04812317519784848,0.03208211679856565,Parsimonious Ridge,0.0,0.0,0
Mark O’Mahony,0.0,0.0,0.0,0.0,0.0,2563.242900382587,0.0,0.0,15,Brighton,FWD,4.5,0.32244396579666745,0.21496264386444497,Parsimonious Ridge,2.0,0.16666666666666666,3
Mark Travers,0.0,0.0,0.0,0.0,0.0,9362.206833935245,0.0,0.0,25,Bournemouth,GK,4.0,0.048160094242939766,0.032106729495293175,Parsimonious Ridge,19.0,1.5833333333333333,4
Martin Dubravka,0.0,0.0,0.0,1.5840082718495565,1.8639085053656008,906375.8116207107,0.6589593200374079,1.415256506993878,26,Newcastle,GK,4.2,1.9480577456881067,1.7704573327900304,Parsimonious Ridge,40.0,3.3333333333333335,10
Martin Ødegaard,0.33493204219571326,0.42664310891342005,0.09171106671770683,0.2863207005506786,9.209105332427486,1683467.5155623183,0.9975894718361169,6.014309449381092,26,Arsenal,MID,8.4,3.874008951273172,4.587442450642478,Parsimonious Ridge,70.0,5.833333333333333,11
Marvelous Nakamba,0.0002603720059744785,0.00032373386388413766,6.336185790965921e-05,0.03806744959680693,0.033796272490933824,64828.61098253031,0.021051813808432858,0.026879345264622198,23,Luton,MID,4.4,0.3132006300109247,0.21776020176215716,Parsimonious Ridge,0.0,0.0,0
Mason Burstow,0.0,0.0,0.0,2.6731436428597175e-05,1.188063841270986e-05,6427.352703171045,0.0,7.42539900794366e-05,25,Chelsea,FWD,4.5,0.32363791350750637,0.2157833603350307,Parsimonious Ridge,0.0,0.0,0
Mason Holgate,0.0009876543209876546,0.03456790123456791,0.03358024691358026,1.7449382716049384,0.5975308641975311,39939.719981839124,0.4691358024691359,-0.7407407407407407,26,Sheffield Utd,DEF,4.0,1.332907808976886,0.641691625737677,Parsimonious Ridge,4.0,0.3333333333333333,7
Mason Mount,0.00013647902713577023,0.00017331828796393066,3.683926082816047e-05,0.0018803136803259251,0.006553494733807772,84466.41929383206,0.00043531401684069693,0.0035087137379957905,26,Man Utd,MID,6.8,0.27476137731077177,0.1843438227865131,Parsimonious Ridge,11.0,0.9166666666666666,6
Mateo Kovačić,0.06590985396317531,0.08317125232165742,0.017261398358482123,0.37762247255514947,1.439929369784094,37286.72807843721,0.41701045557224575,1.5857852524327956,25,Man City,MID,4.7,1.3185663053317025,1.4076392876987334,Parsimonious Ridge,27.0,2.25,10
Matheus França de Oliveira,0.10207993692352188,0.1285765332870663,0.026496596363544428,0.20698639474898817,1.8806762752292125,750.8021252740632,0.14814814814814817,2.731814994431025,26,Crystal Palace,MID,4.8,1.029677856834394,1.5970569026999377,Parsimonious Ridge,1.0,0.08333333333333333,1
Matheus Luiz Nunes,0.11228889419185623,0.12533717091927252,0.013048276727416288,0.32042858661023277,2.74285062362383,9655.379360331453,0.5672993396488426,1.599476822805288,25,Man City,MID,4.8,1.6676278825323436,1.644910862623325,Parsimonious Ridge,7.0,0.5833333333333334,6
Matheus Santos Carneiro Da Cunha,0.04017888778840028,0.26547289454547074,0.22529400675707048,0.6112496909278012,3.983323771121994,523713.85423193546,0.44444444444444453,2.7222155943017747,26,Wolves,FWD,5.6,1.9375269951883385,2.199089861559484,Parsimonious Ridge,27.0,2.25,8
Mathias Jensen,0.08356842205839121,0.09733849460638633,0.013770072547995105,1.6168280020663837,2.3916956192644614,103464.08000311331,0.9466105676202377,2.2103050615670856,25,Brentford,MID,5.4,2.6132540751546163,2.4789377372921058,Parsimonious Ridge,22.0,1.8333333333333333,11
Mathias Jorgensen,0.012677147520478495,0.04934381418714517,0.03666666666666667,1.1000807960150143,1.119321938693431,6895.310291940412,0.5978255347253976,0.156009609016103,25,Brentford,DEF,4.3,1.5208129464626825,1.0658785006471558,Parsimonious Ridge,24.0,2.0,8
Matija Šarkić,0.0,0.0,0.0,0.0,0.0,28864.984263649683,0.0,0.0,26,Wolves,GK,4.0,0.05135494116769446,0.03423662744512963,Parsimonious Ridge,0.0,0.0,0
Matt Doherty,0.005852195644385771,0.015910641912703433,0.010058446268317662,0.3167325698202176,0.5472278989609056,23322.24723564175,0.11007768874092774,1.2424054544614025,26,Wolves,DEF,4.3,0.49868586549634153,0.7465923951513618,Parsimonious Ridge,11.0,0.9166666666666666,9
Matt Macey,0.0,0.0,0.0,0.0,0.0,20466.259641620414,0.0,0.0,23,Luton,GK,4.0,0.049979104334850866,0.033319402889900575,Parsimonious Ridge,0.0,0.0,0
Matt Ritchie,0.00012702849074149006,0.1349276122564597,0.13480058376571818,0.03739813910564758,1.5723815107775574,20113.133524183744,0.0,1.356110445671344,26,Newcastle,MID,4.3,0.7822737816241139,0.9735526696398571,Parsimonious Ridge,5.0,0.4166666666666667,5
Matt Targett,4.4552394047661944e-07,4.4552394047661944e-07,0.0,7.217487835721238e-05,9.504510730167888e-05,8874.109875680333,4.4552394047661955e-05,0.00025524809089806324,26,Newcastle,DEF,4.2,0.22297397347320747,0.14873439834577099,Parsimonious Ridge,0.0,0.0,0
Matt Turner,0.0,0.0,0.0,0.25091179233833677,0.4081303411078886,1248973.811244957,0.18749228309399005,0.3205761065082193,26,Nott'm Forest,GK,3.9,0.7949579651978416,0.6368306789679674,Parsimonious Ridge,-1.0,-0.08333333333333333,0
Matthew Cox,0.0,0.0,0.0,0.0,0.0,546.5358240952509,0.0,0.0,25,Brentford,GK,4.0,0.046715955349546756,0.03114397023303117,Parsimonious Ridge,0.0,0.0,0
Matthew Dibley-Dias,0.0,0.0,0.0,0.0,0.0,799.3296708076941,0.0,0.0,26,Fulham,MID,4.5,0.25022596239383044,0.16681730826255362,Parsimonious Ridge,0.0,0.0,0
Matthew Whittingham,0.0,0.0,0.0,0.0,0.0,289.1888713892982,0.0,0.0,13,Wolves,MID,4.5,0.2500884497216167,0.16672563314774447,Parsimonious Ridge,0.0,0.0,0
Matty Cash,0.09172198033509403,0.14686646804964676,0.05514448771455276,1.7268610084094507,2.7739953249723444,1701337.3338625948,0.7963624685838442,1.033038721429765,26,Aston Villa,DEF,4.6,2.5145654314392942,2.020723194769451,Parsimonious Ridge,8.0,0.6666666666666666,6
Matz Sels,0.0044444444444444444,0.0044444444444444444,0.0,1.67,1.4185185185185185,1988.2592592592594,1.0,2.5185185185185186,4,Nott'm Forest,GK,4.5,2.91077886251153,2.780025414513859,Parsimonious Ridge,23.0,1.9166666666666667,12
Mauro Bandeira,0.0,0.0,0.0,0.0,0.0,31.444444444444443,0.0,0.0,3,Arsenal,MID,4.5,0.2500189725793498,0.16667931505289985,Parsimonious Ridge,0.0,0.0,0
Max Aarons,0.004289547080290953,0.004290141112211589,5.940319206354926e-07,0.11745500558236288,0.16574359804732805,13748.88090688327,0.04869565894332452,0.015873240652723303,25,Bournemouth,DEF,4.4,0.3334241043121562,0.22757381642567856,Parsimonious Ridge,5.0,0.4166666666666667,6
Max Kilman,0.06163955351711058,0.1381324391089593,0.07649288559184876,1.3979415960252477,3.2272234247634515,162205.58097616193,1.0,3.780883211759394,26,Wolves,DEF,4.5,2.5452058583814376,2.9570983095074226,Parsimonious Ridge,13.0,1.0833333333333333,11
Max Kinsey,0.0,0.0,0.0,0.0,0.0,642.0,0.0,0.0,1,Bournemouth,DEF,4.0,0.2215418795508074,0.14769458636720492,Parsimonious Ridge,0.0,0.0,0
Max Kinsey-Wellings,0.0,0.0,0.0,0.0,0.0,246.48148148148147,0.0,0.0,4,Bournemouth,DEF,4.0,0.2214771789365082,0.1476514526243388,Parsimonious Ridge,0.0,0.0,0
Max Lowe,0.003375220319744412,0.014690568589825204,0.011315348270080789,0.313886418416925,0.7056222323420961,3500.9166521971592,0.008730168149979865,0.763480076784295,26,Sheffield Utd,DEF,4.3,0.3185739448440036,0.4668759888241007,Parsimonious Ridge,2.0,0.16666666666666666,2
Maxime Esteve,0.0,0.0,0.0,1.538148148148148,1.2703703703703706,501.55555555555554,0.7037037037037037,0.6666666666666667,4,Burnley,DEF,4.0,1.5938231571175239,1.284770993633905,Parsimonious Ridge,12.0,1.0,12
Maxwel Cornet,0.001426611796982168,0.034897119341563795,0.033470507544581626,0.34395061728395065,1.1648913223460478,5662.218860067408,0.04389574759945132,0.6941411110443662,26,West Ham,MID,5.2,0.5746157971364065,0.6144575684390596,Parsimonious Ridge,2.0,0.16666666666666666,2
Micah Hamilton,0.0,0.0,0.0,0.0,0.0,94.11339734796525,0.0,0.0,8,Man City,MID,4.5,0.2500358655139836,0.16669057700932238,Parsimonious Ridge,0.0,0.0,0
Michael Keane,9.446409762621096e-05,0.005634499299616952,0.0055400352019907406,0.06903345557577091,0.14159612827708043,22736.25988204613,0.037993999882947424,0.17025286708720302,26,Everton,DEF,4.3,0.3154484012927171,0.2670498898908791,Parsimonious Ridge,0.0,0.0,2
Michael Ndiweni,0.0,0.0,0.0,0.0,0.0,1416.2155422709202,0.0,0.0051382310861726324,14,Newcastle,FWD,4.4,0.3220955722201221,0.21644312517547226,Parsimonious Ridge,0.0,0.0,0
Michael Obafemi,2.5691155430863162e-05,0.00023692954452907145,0.00021123838909820828,7.707346629258947e-05,0.00436749642324674,2968.9299306749167,0.0,0.0037109446733469015,25,Burnley,FWD,4.9,0.32303012994813585,0.2165904015232062,Parsimonious Ridge,0.0,0.0,0
Michael Olakigbe,0.00019509221155311702,0.0006033203542486541,0.00040822814269553714,0.0064966850699180985,0.022220723936294814,2208.5463714998996,0.0,0.07133335572129636,21,Brentford,MID,4.5,0.2552972565277313,0.1939759562589196,Parsimonious Ridge,0.0,0.0,0
Michael Olise,0.059925645904597515,0.11135257061739973,0.051426924712802205,0.1537510278657463,2.100322651753198,98434.23506759488,0.1444291192353537,1.9597729638919543,26,Crystal Palace,MID,5.7,0.9654960525952894,1.2969216896941775,Parsimonious Ridge,53.0,4.416666666666667,7
Michail Antonio,0.00015465056414028816,0.013982501162039997,0.013827850597899708,0.6296733134043287,0.030059773416455236,180706.14839288304,0.2245058804827434,0.5635139396490616,26,West Ham,FWD,5.7,1.1508106179273232,0.955045058501236,Parsimonious Ridge,38.0,3.1666666666666665,12
Michale Olakigbe,0.003333333333333333,0.016666666666666666,0.013333333333333332,0.0,0.26666666666666666,1299.1111111111113,0.0,0.3333333333333333,4,Brentford,MID,4.5,0.31373306027687775,0.3202664846290296,Parsimonious Ridge,0.0,0.0,0
Michał Karbownik,0.0,0.0,0.0,0.0,0.0,1280.568143618215,0.0,0.0,26,Brighton,DEF,4.0,0.22164633926439758,0.14776422617626506,Parsimonious Ridge,0.0,0.0,0
Micky van de Ven,0.023234207487365433,0.023354995524852776,0.00012078803748734343,1.3561597796907372,2.360165213957157,152966.70929395972,0.871738244592428,1.102622078735557,25,Spurs,DEF,4.4,1.9582983135294567,1.67307290193149,Parsimonious Ridge,32.0,2.6666666666666665,9
Miguel Almirón Rejala,0.11479050609020738,0.1976372205238472,0.08284671443363985,2.0222197770221726,2.2747413488432606,379947.7719004096,0.9044873985344848,1.8080991376210185,26,Newcastle,MID,6.1,3.157848498265772,2.707932044717521,Parsimonious Ridge,7.0,0.5833333333333334,6
Mike Trésor,0.002268864603271085,0.002657714494002639,0.0003888498907315536,0.08051250375737438,0.11984407773539318,2398.4542144716147,0.020073087392477422,0.1488556359218764,22,Burnley,MID,5.3,0.3194946390068264,0.2626149713118431,Parsimonious Ridge,2.0,0.16666666666666666,2
Mikkel Damsgaard,0.05683209555325604,0.07249392791174086,0.015661832358484843,0.29974366884461867,3.0972008734945002,4605.527067398693,0.05690189503632581,2.2641974441898354,25,Brentford,MID,4.8,0.7197778798952899,1.234584401326805,Parsimonious Ridge,23.0,1.9166666666666667,10
Milos Kerkez,0.008299825440345531,0.04853552152748081,0.040235696087135266,0.6702992663700232,2.0841713558209918,19353.322038293863,0.3543025495484313,1.0897779548305346,25,Bournemouth,DEF,4.4,1.0569431574990025,1.0678880899428465,Parsimonious Ridge,23.0,1.9166666666666667,8
Mohamed Dräger,0.0,0.0,0.0,0.0,0.0,5534.28025126673,0.0,0.0,26,Nott'm Forest,DEF,4.0,0.222342179720738,0.14822811981382533,Parsimonious Ridge,0.0,0.0,0
Mohamed Elneny,0.0014814814814814816,0.013333333333333336,0.011851851851851853,0.019259259259259264,0.196499288141676,7557.660422507783,0.0,0.48351139993527814,26,Arsenal,MID,4.4,0.30985265267557005,0.3677389017621394,Parsimonious Ridge,0.0,0.0,0
Mohamed Salah,0.1337252220225231,0.44247118520554235,0.3087459631830193,0.5355699717011568,5.659563283504989,2662828.960965259,0.13168724279835398,4.847454848509097,25,Liverpool,MID,13.0,3.038252496956825,3.6413199474742486,Parsimonious Ridge,44.0,3.6666666666666665,10
Mohammed Kudus,0.1954849163958962,0.3044774995596294,0.10899258316373317,1.6545292326126315,5.1273280788725835,358634.72586370964,0.9258254614406831,2.9500100419314688,23,West Ham,MID,6.8,3.4535124631087735,3.285678322716338,Parsimonious Ridge,47.0,3.9166666666666665,12
Moisés Caicedo Corozo,0.05983463482151365,0.06049408476120694,0.0006594499396932932,1.6596108838110943,3.1496287094081716,127096.67193727393,0.9777323156268998,1.8693047323912484,25,Chelsea,MID,4.5,2.540312555072063,2.316643280845125,Parsimonious Ridge,42.0,3.5,11
Morgan Gibbs-White,0.14289746621304625,0.4511949264985937,0.30829746028554744,1.5741297922974917,5.945494603313199,134240.357481202,0.9521002147560087,4.077828920696043,26,Nott'm Forest,MID,5.7,3.959213926765977,3.998752258075999,Parsimonious Ridge,59.0,4.916666666666667,12
Morgan Rogers,0.0,0.08740740740740743,0.08740740740740743,0.04444444444444446,0.2888888888888889,366.4074074074074,0.0,0.6296296296296298,4,Aston Villa,MID,5.0,0.5988630036423973,0.6091185456381414,Parsimonious Ridge,33.0,2.75,9
Morgan Sanson,0.0,0.0,0.0,0.0,0.0,408.51877980833126,0.0,0.0,26,Aston Villa,MID,4.5,0.2501206160854921,0.16674707739032804,Parsimonious Ridge,0.0,0.0,0
Moussa Diaby,0.047808132229547065,0.1565265293857135,0.10871839715616641,0.4939916210163305,1.8423419618870898,806364.7593978846,0.16581834421255928,1.2387531872722635,26,Aston Villa,MID,6.4,1.4845708750903155,1.4026316458176313,Parsimonious Ridge,49.0,4.083333333333333,12
Moussa Niakhaté,0.004718261468235802,0.31736980280166277,0.312651541333427,1.3778624126333523,3.2371873621651934,6102.454136794666,0.5490796883754137,2.288470892019519,26,Nott'm Forest,DEF,4.5,2.314530595860575,2.3058440279135564,Parsimonious Ridge,4.0,0.3333333333333333,5
Murillo Santiago Costa dos Santos,0.029373332469488703,0.0858014059986613,0.05642807352917259,1.1969847689128743,2.1380604889886343,10045.998025500772,0.9996992713401784,1.6510064721377653,23,Nott'm Forest,DEF,4.5,2.3320705622564124,2.10504919888353,Parsimonious Ridge,18.0,1.5,12
Mykhailo Mudryk,0.023467923365890216,0.08560144858201273,0.06213352521612251,0.3259481421001909,1.1712565354277455,100022.17053528903,0.06155856073916556,1.054723708092195,25,Chelsea,MID,6.3,0.8117400083498449,0.8927345749306282,Parsimonious Ridge,35.0,2.9166666666666665,10
Myles Lewis-Skelly,0.0,0.0,0.0,0.0,0.0,190.32876085962505,0.0,0.0,10,Arsenal,MID,4.5,0.25006180116108256,0.1667078674407217,Parsimonious Ridge,0.0,0.0,0
Myles Peart-Harris,0.0,0.0,0.0,0.0008959790456513524,0.02769827694889933,149.58040685607625,0.0,0.02914340444188539,14,Brentford,MID,4.5,0.25038145000599277,0.17663543481795696,Parsimonious Ridge,0.0,0.0,0
Máximo Perrone,0.0,0.0,0.0,0.0,0.0,986.2195754125178,0.0,0.0,25,Man City,MID,4.4,0.2502763401135135,0.166850893409009,Parsimonious Ridge,0.0,0.0,0
Naouirou Ahamada,8.079982253627321e-05,0.013530824273876016,0.013450024451339741,0.4154986129751499,0.8969301502025269,57944.71528118932,0.0,0.8631289247848652,26,Crystal Palace,MID,4.3,0.47040550563126327,0.6013133120157972,Parsimonious Ridge,2.0,0.16666666666666666,5
Nathan Aké,0.05446843446115596,0.08533198989901439,0.03086355543785843,1.0171983989554039,4.026364153977929,891996.9111948109,0.987104065171863,4.785478475155605,25,Man City,DEF,5.1,2.433159306003433,3.2172656957208234,Parsimonious Ridge,21.0,1.75,8
Nathan Collins,0.022347561822432138,0.04305401192983238,0.02070645010740024,1.4552626143530496,2.7079818900912005,50001.50652115914,0.6327196268511447,1.444992779342167,25,Brentford,DEF,4.5,1.6074678476073108,1.5533094915189294,Parsimonious Ridge,32.0,2.6666666666666665,11
Nathan Fraser,0.0044444444444444444,0.0044444444444444444,0.0,0.10699588477366258,0.26172839506172846,7831.2650691568,0.0,0.06584362139917697,23,Wolves,FWD,4.5,0.41279742544631237,0.2971461574306006,Parsimonious Ridge,6.0,0.5,5
Nathan Patterson,0.003948416903325623,0.003961287594939392,1.2870691613769019e-05,0.15321206520387337,0.1839435042150002,18283.239367338865,0.07109110207866219,0.15522370942583505,26,Everton,DEF,4.4,0.3753165323158242,0.3019522580191611,Parsimonious Ridge,0.0,0.0,1
Nathan Redmond,0.0006829733717067396,0.000760046837999329,7.707346629258947e-05,0.01887220377022634,0.024426052304427102,2225.0085015218488,0.0,0.049349598365883575,25,Burnley,MID,4.7,0.26046441796551834,0.19009281143230675,Parsimonious Ridge,0.0,0.0,0
Nathaniel Clyne,0.0013992120415018468,0.0018449359123423484,0.00044572387084050184,0.24236960759536233,0.2570024034015405,11409.171289696806,0.12035176934933187,0.17272552665638716,26,Crystal Palace,DEF,4.4,0.46149429237267203,0.3652380371339104,Parsimonious Ridge,34.0,2.8333333333333335,8
Nathaniel Phillips,0.0,0.0,0.0,0.0,0.0,10490.973377340011,0.0,0.0,25,Liverpool,DEF,4.0,0.22315301682477817,0.14876867788318543,Parsimonious Ridge,0.0,0.0,0
Nayef Aguerd,0.004972695803699985,0.029769827119335172,0.024797131315635188,1.2769419536401851,1.3507966383617431,62020.43705740009,0.49511839574685307,0.24390254342478862,26,West Ham,DEF,4.4,1.3129684943868858,0.95661317739952,Parsimonious Ridge,2.0,0.16666666666666666,2
Neal Maupay,0.08326324629400794,0.2812371375450086,0.19797389125100068,1.7249834574386123,5.8797053386267,143274.0282160343,0.9517313861366725,4.41924548940357,25,Brentford,FWD,4.9,3.3099922997631106,3.679743362976597,Parsimonious Ridge,6.0,0.5,8
Neco Williams,0.02889501059313724,0.03738733704507695,0.008492326451939711,1.6337720878856392,2.271687567073669,19608.631357819115,0.8957899806324023,1.6613327731141843,26,Nott'm Forest,DEF,4.3,2.052995301727078,1.92244112552278,Parsimonious Ridge,12.0,1.0,9
Nick Pope,0.0,5.940319206354926e-07,5.940319206354926e-07,0.0062978027142697995,0.01574199430813582,570819.9185606319,0.007707346629258948,0.03549793211049113,26,Newcastle,GK,5.3,0.16339590107720126,0.12076324475496454,Parsimonious Ridge,1.0,0.08333333333333333,1
Nicolas Jackson,0.0907695936253984,0.3804250696832415,0.28965547605784303,1.3549114007609235,3.6580920970282578,470778.202941702,0.6775006875453784,2.4888391556606475,25,Chelsea,FWD,6.8,2.964934762239158,2.8062362267129877,Parsimonious Ridge,69.0,5.75,11
Nicolas Pépé,0.0,0.0,0.0,0.0,0.0,4476.9391438590965,0.0,0.0,26,Arsenal,MID,4.9,0.25121729244736535,0.16747819496491023,Parsimonious Ridge,0.0,0.0,0
Nicolás Domínguez,0.07942564593820056,0.12469077643725528,0.04526513049905473,1.472711575485029,3.304550847077167,3399.4352001139596,0.9502637551616526,3.4470114525061133,22,Nott'm Forest,MID,5.0,2.642383675834557,2.9105929347250754,Parsimonious Ridge,11.0,0.9166666666666666,9
Nicolò Zaniolo,0.014082917480366205,0.017059680086980333,0.0029767626066141257,0.07422918014104508,0.8074420654510455,5496.964038309709,0.004493570126598214,0.6208361079500476,24,Aston Villa,MID,5.4,0.35024770230584323,0.44044383752057803,Parsimonious Ridge,14.0,1.1666666666666667,8
Nikola Vlašić,0.0,0.0,0.0,0.0,0.0,4906.332849235495,0.0,0.0,26,West Ham,MID,4.5,0.2513330390724645,0.167555359381643,Parsimonious Ridge,0.0,0.0,0
Noha Lemina,0.0,0.0,0.0,0.0,0.0,371.0,0.0,0.0,5,Wolves,MID,5.0,0.2501105025880507,0.16674033505870045,Parsimonious Ridge,0.0,0.0,0
Noni Madueke,0.02610144251904733,0.05872723677757345,0.032625794258526124,0.3338295259337466,1.4632233307772373,12647.903419676248,0.3656446213406127,0.8941148311482935,25,Chelsea,MID,5.3,1.1285555619113086,1.0504086516569702,Parsimonious Ridge,52.0,4.333333333333333,9
Norberto Bercique Gomes Betuncal,0.0013809939390182692,0.07271192373203336,0.07133092979301509,0.4104203002713847,1.2261079001922879,14152.453278704488,0.02237906535821974,0.698386528659935,23,Everton,FWD,5.7,0.788620770647761,0.7585426899851523,Parsimonious Ridge,22.0,1.8333333333333333,9
Norberto Murara Neto,5.94031920635493e-07,5.94031920635493e-07,0.0,1.5983092588601402,2.9259819923016224,353294.5683869616,0.9980969514495659,2.594386235259404,25,Bournemouth,GK,4.6,2.9398985207488475,2.8247277589190327,Parsimonious Ridge,28.0,2.3333333333333335,8
Nuno Varela Tavares,0.05978286026269025,0.08282812775240218,0.02304526748971194,0.3471190721432044,1.6069867986953017,30765.517659471043,0.5131317929551945,1.7228746789829281,26,Nott'm Forest,DEF,4.0,1.4012711763635246,1.5084723439033256,Parsimonious Ridge,1.0,0.08333333333333333,1
Nélson Cabral Semedo,0.03033567720551204,0.04128663199658339,0.010953210256020012,1.3939104274574496,3.4324951915356214,76182.16425968138,0.999661680257701,2.8230973335537524,26,Wolves,DEF,4.5,2.2245489541545704,2.4240650806209643,Parsimonious Ridge,9.0,0.75,11
Odsonne Edouard,0.018334392044444286,0.21085288376839512,0.19251849172395083,0.36078824448071967,3.7394491462833113,175266.94260376605,0.5727467211414774,1.47115710532381,26,Crystal Palace,FWD,5.4,1.7043070782532321,1.6265904206100914,Parsimonious Ridge,13.0,1.0833333333333333,10
Odysseas Vlachodimos,7.612194201737236e-06,7.612194201737236e-06,0.0,0.016727796758317568,0.017998081665732482,7386.868217541202,0.01003858110354098,0.014463168983300752,22,Nott'm Forest,GK,4.5,0.07627313924452384,0.055669815824116134,Parsimonious Ridge,0.0,0.0,0
Oleksandr Zinchenko,0.025964234197910545,0.029639920732310393,0.003675686534399842,0.07808011367986013,1.3602504756513372,954269.7768035965,0.2623284670404304,0.9952543669887844,26,Arsenal,DEF,5.1,0.9268633011578402,0.9496603231014882,Parsimonious Ridge,19.0,1.5833333333333333,6
Oliver Arblaster,0.0,0.0,0.0,0.0,0.0,31.0,0.0,0.0,2,Sheffield Utd,MID,4.5,0.2500188527756735,0.1666792351837823,Parsimonious Ridge,19.0,1.5833333333333333,11
Oliver McBurnie,0.010625033576691359,0.09122041201920536,0.08059763390746266,0.1832348969721922,1.218373048497175,4779.360927938406,0.09741833460768705,1.1380239096509035,26,Sheffield Utd,FWD,5.4,0.7361858438095537,0.8701318657566702,Parsimonious Ridge,25.0,2.0833333333333335,7
Oliver Norwood,0.06241900435346037,0.06385554700534396,0.0014365426518835839,0.6187770857942477,0.8808050196761273,3613.267775169817,0.38309346621145196,1.1928148284353757,26,Sheffield Utd,MID,4.8,1.2759980992145747,1.248270342288175,Parsimonious Ridge,3.0,0.25,4
Oliver Scarles,0.0,0.0,0.0,0.0,0.0,521.0411522633746,0.0,0.0,6,West Ham,DEF,4.0,0.2215220925841117,0.14768139505607447,Parsimonious Ridge,0.0,0.0,0
Oliver Skipp,0.020673989767330186,0.04575011298702909,0.025076123219698907,0.3907546378030627,0.6596601381602792,9276.933902917035,0.18417767784531766,0.45388343573839995,25,Spurs,MID,4.5,0.8369467429461659,0.7092589738769105,Parsimonious Ridge,4.0,0.3333333333333333,3
Oliwier Zych,0.0,0.0,0.0,0.0,0.0,5286.946453711222,0.0,0.0,24,Aston Villa,GK,4.0,0.04749250558074758,0.03166167038716505,Parsimonious Ridge,0.0,0.0,0
Ollie Harrison,0.0,0.0,0.0,0.0,0.0,0.0,0.0,0.0,1,Chelsea,MID,4.5,0.2500104964692509,0.16667366431283392,Parsimonious Ridge,0.0,0.0,0
Ollie Watkins,0.1293976120535534,1.0595488103124728,0.9301511982589195,1.862904571283471,10.950195527305816,5520925.2732714955,1.0,8.916647978475215,26,Aston Villa,FWD,8.8,6.435337818097464,7.262441204890047,Parsimonious Ridge,58.0,4.833333333333333,11
Olu Aina,0.001183329721119603,0.002046423506743304,0.0008630937856237014,0.07729262531803899,0.13757056968796844,23622.893419128683,0.0570309256579836,0.12879184670703545,26,Nott'm Forest,DEF,4.5,0.337642252204847,0.2680254503722431,Parsimonious Ridge,11.0,0.9166666666666666,8
Omar Richards,0.0,0.0,0.0,0.0,0.0,1972.235002383031,0.0,0.0,26,Nott'm Forest,DEF,4.4,0.22175948509337196,0.14783965672891464,Parsimonious Ridge,0.0,0.0,0
Omari Forson,0.003991769547325103,0.013991769547325103,0.009999999999999998,0.1952263374485597,0.7843621399176955,2169.4143470618037,0.3333333333333333,0.5967078189300412,26,Man Utd,MID,4.4,0.8577689353805653,0.7707485632303905,Parsimonious Ridge,2.0,0.16666666666666666,2
Omari Kellyman,0.0,0.0,0.0,0.0,0.0,5416.857359363112,0.0,0.0,26,Aston Villa,MID,4.5,0.2514706551770739,0.1676471034513826,Parsimonious Ridge,2.0,0.16666666666666666,2
Orel Mangala,0.004488590134145845,0.024746780412431092,0.020258190278285248,0.17977056451974766,0.312538768385526,2935.623693230386,0.14872810971322,0.24467758658090016,26,Nott'm Forest,MID,5.0,0.6262658509185348,0.4990697628059899,Parsimonious Ridge,0.0,0.0,0
Oscar Bobb,0.03609380471955625,0.15393559712924992,0.1178417924096937,0.08402142716824665,1.8469923284036294,7364.758313791206,0.22222222222222224,1.0585135631453755,25,Man City,MID,4.4,1.189603755799435,1.1459070249147485,Parsimonious Ridge,7.0,0.5833333333333334,6
Owen Beck,0.0,0.0,0.0,0.18765432098765442,0.09876543209876547,67.22222222222223,0.0,0.19753086419753094,5,Liverpool,DEF,4.5,0.24257452083523745,0.22755996862266858,Parsimonious Ridge,0.0,0.0,0
Owen Dodgson,0.0,0.0,0.0,0.0,0.0,2810.484906750454,0.0,0.0,25,Burnley,DEF,4.0,0.22189660960514457,0.14793107307009637,Parsimonious Ridge,0.0,0.0,0
Owen Hesketh,0.0,0.0,0.0,0.0,0.0,59.655387898186255,0.0,0.0,9,Wolves,MID,4.5,0.2500265770725101,0.1666843847150067,Parsimonious Ridge,0.0,0.0,0
Pablo Fornals Malla,0.002406498823276311,0.003039588452974781,0.0006330896296984699,0.18074523356629943,0.22098538488401132,4945.019059976888,0.07897969143240545,0.21098660731143273,26,West Ham,MID,4.6,0.4437874211811049,0.3661871498912142,Parsimonious Ridge,0.0,0.0,0
Pablo Sarabia,0.17378456285332106,0.5186672169422266,0.3448826540889056,1.0767261100998593,7.946296324542104,33472.85939922954,0.9265331864936543,5.8203883194629,26,Wolves,MID,4.7,3.968088235325648,4.585521596704732,Parsimonious Ridge,24.0,2.0,10
Pape Matar Sarr,0.0384396547488947,0.1043053796964391,0.0658657249475444,1.0126228026306303,2.78676460570316,185919.36285045126,0.674980096332186,3.0459962897679222,25,Spurs,MID,4.4,2.0462875004685905,2.3795237635683675,Parsimonious Ridge,22.0,1.8333333333333333,11
Pascal Groß,0.386960817127575,0.7633594623452229,0.376398645217648,0.8663746021488604,12.683097042100668,764525.8464684731,0.9971802772403957,7.281351409398403,26,Brighton,MID,6.5,5.1200706263720175,5.840497554047479,Parsimonious Ridge,30.0,2.5,11
Pau Torres,0.004099258194375218,0.005058955919539437,0.000959697725164219,0.6844152142720876,0.8207918639515066,411966.06042022625,0.5815282483012622,0.904341220955063,26,Aston Villa,DEF,4.6,1.3727867409540713,1.216638234287735,Parsimonious Ridge,21.0,1.75,9
Paul Dummett,0.0,0.0,0.0,0.0,0.0005138231086172634,35388.49797085513,0.0,0.0017127436953908778,26,Newcastle,DEF,3.9,0.22722586059898375,0.15205482163111944,Parsimonious Ridge,4.0,0.3333333333333333,4
Pedro Lomba Neto,0.12922961741156996,0.2536281684820488,0.1243985510704788,1.1299744959682343,6.5802696284547135,454792.41990809224,0.9137309436414451,3.8269761236571163,26,Wolves,MID,5.8,3.0750294152359943,3.3256783180430345,Parsimonious Ridge,3.0,0.25,3
Pedro Porro,0.08324351695093209,0.11416286441864099,0.030919347467708903,1.1641244290268433,3.064731043656372,3056765.94022814,0.6666072634746033,1.566503448444259,25,Spurs,DEF,5.8,2.3486485702225277,2.0879335296297716,Parsimonious Ridge,49.0,4.083333333333333,10
Pelly Ruddock Mpanzu,0.002289022855665423,0.012922922703467088,0.010633899847801666,0.9256513732831104,0.8267968050147941,3558.6683243277103,0.02038394394485473,0.6721149446767237,23,Luton,MID,4.7,0.6711605887103914,0.6714787073658355,Parsimonious Ridge,8.0,0.6666666666666666,8
Pervis Estupiñán,0.08534545640151757,0.08601705948747677,0.0006716030859592029,0.6429536448722653,2.5108303117502464,2754000.224617138,0.2875356132784051,1.2990398474240856,26,Brighton,DEF,5.0,1.5056931909450648,1.4368087431047383,Parsimonious Ridge,9.0,0.75,5
Phil Foden,0.2627218400286959,0.8333783469021634,0.5706565068734675,1.0435362531362482,16.273157289176414,3162741.967953202,1.2210358406979143,8.347718985452525,25,Man City,MID,8.1,6.421789491087529,7.063765989209195,Parsimonious Ridge,87.0,7.25,8
Philip Billing,0.008308871593385454,0.012581370306072958,0.004272498712687505,0.08693064398939628,0.23941378864299104,31496.500108708813,0.016431634827656225,0.05157559993722537,25,Bournemouth,MID,5.1,0.3621750348769619,0.2586418898970497,Parsimonious Ridge,11.0,0.9166666666666666,8
Philippe Coutinho Correia,5.94031920635493e-07,5.148276645507606e-06,4.554244724872113e-06,2.633541514817352e-05,4.554244724872112e-05,17997.10510872485,0.0,5.940319206354928e-05,26,Aston Villa,MID,5.8,0.2548910587869143,0.16994717358863073,Parsimonious Ridge,0.0,0.0,0
Pierre-Emerick Aubameyang,0.0,0.0,0.0,0.0,0.0,1781.8390640305288,0.0,0.0,25,Chelsea,FWD,6.5,0.32220662527000277,0.2148044168466685,Parsimonious Ridge,0.0,0.0,0
Pierre-Emile Højbjerg,0.034997904966448036,0.057080138034233285,0.022085616265208257,0.6428986552905213,1.1395028623879453,28515.21402998675,0.251256334561077,1.2507917830356425,25,Spurs,MID,5.2,1.0752406944969441,1.1337577240098435,Parsimonious Ridge,11.0,0.9166666666666666,10
Radek Vítek,0.0,0.0,0.0,0.0,0.0,2954.027825106241,0.0,0.0,25,Man Utd,GK,4.0,0.04711033858257707,0.03140689238838471,Parsimonious Ridge,0.0,0.0,0
Radu Dragusin,0.0,0.0,0.0,0.23506172839506181,0.11851851851851858,4478.530864197532,0.0,0.44444444444444453,5,Spurs,DEF,4.3,0.24863340457141136,0.31390375119575575,Parsimonious Ridge,11.0,0.9166666666666666,5
Raheem Sterling,0.07682150990740877,0.3357533693681479,0.25893185946073916,1.2045091019338756,4.317797468155878,760626.9528655848,0.6957218869925765,4.002801070255813,25,Chelsea,MID,6.9,3.1820471305804077,3.4556317771388763,Parsimonious Ridge,23.0,1.9166666666666667,7
Raphaël Varane,0.008732784537389408,0.01722012758561881,0.008487343048229401,1.4273145830831413,1.8770940501550488,246261.2678675232,0.8711263596665337,1.3573292567700546,26,Man Utd,DEF,4.9,1.9611720923768599,1.7598911471745913,Parsimonious Ridge,8.0,0.6666666666666666,5
Rasmus Højlund,0.03026670228202237,0.481401716217619,0.4511350139355966,1.155187033212968,7.1102244360206805,710074.1244633491,0.627206808541135,5.893007572577195,26,Man Utd,FWD,7.2,2.9973955941140398,3.9625995869350916,Parsimonious Ridge,34.0,2.8333333333333335,9
Rayan Aït-Nouri,0.14696158785617053,0.20534379522473048,0.05838220736855993,1.1690187514004746,4.198202264230366,78801.1779651088,0.8693568656177639,5.277827629657089,26,Wolves,DEF,4.5,2.495225022014762,3.4227592245622045,Parsimonious Ridge,30.0,2.5,10
Raúl Jiménez,0.0028437307628435605,0.06228428683649174,0.059440556073648176,0.2782979357054406,0.712354417446473,101647.03433020806,0.16369040994800538,0.46248942045096875,26,Fulham,FWD,5.0,0.8688291317688153,0.7333825613295331,Parsimonious Ridge,17.0,1.4166666666666667,5
Reece Burke,0.0022932484841703933,0.024325069053470535,0.02203182056930014,0.49735429959808664,0.8723634625947663,12315.223676014528,0.32313765539936584,0.967011313706466,23,Luton,DEF,4.0,0.9068296833089549,0.9268902267747918,Parsimonious Ridge,19.0,1.5833333333333333,10
Reece James,0.0013792062653695055,0.0018838689405836777,0.0005046626752141726,0.02105786335134289,0.07489096857907053,314008.7535520181,0.014153856518717645,0.017266066760436228,25,Chelsea,DEF,5.3,0.3052368872819461,0.20924661377477613,Parsimonious Ridge,2.0,0.16666666666666666,1
Reiss Nelson,0.017621531106130645,0.02801372038696902,0.010392189280838378,0.10064769567322615,1.3029965643737016,4173.193592850997,0.0,0.8481287108195728,26,Arsenal,MID,4.8,0.39479404753213,0.5459056019612776,Parsimonious Ridge,4.0,0.3333333333333333,2
Remi Matthews,0.0,0.0,0.0,0.0004046356980360948,0.0005780509971944211,12847.975583551784,0.0,0.0057805099719442105,26,Crystal Palace,GK,3.9,0.04864004040898706,0.03435353026330611,Parsimonious Ridge,0.0,0.0,0
Remo Freuler,0.0,0.0,0.0,0.0,0.0,1190.71329562807,0.0,0.0,26,Nott'm Forest,MID,4.9,0.2503314630873078,0.1668876420582052,Parsimonious Ridge,0.0,0.0,0
Reuell Walters,0.0,0.0,0.0,0.0,0.0,3060.5646570153394,0.0,0.0,15,Arsenal,DEF,4.0,0.2219375187224384,0.14795834581495892,Parsimonious Ridge,0.0,0.0,0
Rhian Brewster,0.003350719208979276,0.0815090169493964,0.07815829774041713,0.5388408027238963,2.3682253270468268,3453.3959764965875,0.3346020323669562,1.0000015243271132,26,Sheffield Utd,FWD,4.9,1.27708806098189,1.1847258820969644,Parsimonious Ridge,2.0,0.16666666666666666,2
Rhys Bennett,0.0,0.0,0.0,0.0,0.0,676.1216278006402,0.0,0.0,9,Man Utd,DEF,4.0,0.22154746131291525,0.1476983075419435,Parsimonious Ridge,0.0,0.0,0
Rhys Norrington-Davies,0.0,0.0,0.0,0.22189300411522642,0.12949245541838142,18114.691252270986,0.24691358024691362,0.12254229538180159,26,Sheffield Utd,DEF,3.9,0.6701306465308587,0.48760119614783964,Parsimonious Ridge,0.0,0.0,0
Richarlison de Andrade,0.04888906001567897,0.5743245725960472,0.5254355125803682,1.4783061661509609,7.437686940180269,1479454.2681256097,0.9846246925370992,5.352716530920279,25,Spurs,MID,7.2,4.8016714384427415,4.985353135935254,Parsimonious Ridge,15.0,1.25,5
Richie Laryea,0.0,0.0,0.0,0.0,0.0,363.2799697808035,0.0,0.0,26,Nott'm Forest,DEF,4.5,0.22149628533377752,0.14766419022251834,Parsimonious Ridge,0.0,0.0,0
Rico Henry,5.0752602219294924e-05,5.4316793743107896e-05,3.5641915238129555e-06,0.00031728729960943256,0.0008606037450206703,91654.19198017256,0.00030072865982171815,0.0006422970141871267,25,Brentford,DEF,4.3,0.23714958978603984,0.1583138255287556,Parsimonious Ridge,0.0,0.0,0
Rico Lewis,0.004326000444936448,0.008357906150367534,0.0040319057054310865,0.13145281705314,0.29306022907688406,31550.056070347655,0.08502800174235865,0.30145171541478505,25,Man City,DEF,4.2,0.4126576097432251,0.3755889783004117,Parsimonious Ridge,20.0,1.6666666666666667,6
Riyad Mahrez,0.0,0.0,0.0,0.0,0.0,4224.161913473938,0.0,0.0,25,Man City,MID,7.5,0.2511491542540183,0.16743276950267885,Parsimonious Ridge,0.0,0.0,0
Rob Holding,0.0,0.0,0.0,0.0,0.0,11572.955439939193,0.0,0.0,26,Crystal Palace,DEF,4.3,0.22333001208753644,0.1488866747250243,Parsimonious Ridge,0.0,0.0,0
Robert Sánchez,0.0,0.0,0.0,0.05126401959652698,0.10041616017844489,358720.81196747115,0.026012294873748943,0.11062467668675265,25,Chelsea,GK,4.5,0.17712314885323888,0.1549569914644101,Parsimonious Ridge,0.0,0.0,0
Robin Olsen,0.0,0.0,0.0,2.16821651031955e-05,3.5641915238129574e-05,63665.36152873392,2.970159603177464e-05,5.940319206354928e-05,26,Aston Villa,GK,3.9,0.057145965405702825,0.03811711133448973,Parsimonious Ridge,15.0,1.25,4
Rodrigo Bentancur,0.05128517663401122,0.08761574638867384,0.03633056975466263,0.6874958157672452,2.4533292675184253,4088.859211922643,0.5814442870108506,1.6162691462608734,25,Spurs,MID,5.4,1.6786028449825923,1.6578249454086857,Parsimonious Ridge,16.0,1.3333333333333333,11
Rodrigo Duarte Ribeiro,0.0,0.0,0.0,0.0,0.05925925925925929,424.5555555555556,0.0,0.2962962962962964,4,Nott'm Forest,FWD,4.5,0.3217943693176407,0.31329501164385926,Parsimonious Ridge,3.0,0.25,3
Rodrigo Hernandez,0.18151240258548082,0.343663565670369,0.1621511630848882,1.0368001852747057,9.73408553187017,576049.5706358629,1.2158778460131126,5.763590571924861,25,Man City,MID,5.6,3.852518643901179,4.489542619909073,Parsimonious Ridge,61.0,5.083333333333333,10
Rodrigo Muniz Carvalho,0.06879521102279297,0.4795653055887863,0.4107700945659932,1.4282970137719324,8.068999752329768,102442.85145673866,0.8357457238148291,5.345747037094695,26,Fulham,FWD,4.4,3.2702072915973313,3.9620538734297854,Parsimonious Ridge,54.0,4.5,12
Romain Faivre,0.005308641975308643,0.026049382716049393,0.020740740740740747,0.006666666666666666,0.1827160493827161,72.25925925925927,0.0,0.4814814814814815,5,Bournemouth,MID,5.0,0.35153877747046547,0.39485301214080415,Parsimonious Ridge,2.0,0.16666666666666666,2
Romelu Lukaku Bolingoli,0.0,0.0,0.0,0.0,0.0,28298.066770274414,0.0,0.0,25,Chelsea,FWD,6.8,0.33026055994012293,0.22017370662674862,Parsimonious Ridge,0.0,0.0,0
Roméo Lavia,0.0002926383173296755,0.0002926383173296755,0.0,0.009657064471879294,0.017558299039780532,610.1402813389941,0.0,0.029263831732967552,24,Chelsea,MID,4.9,0.25485131205058487,0.17965548527804576,Parsimonious Ridge,0.0,0.0,0
Ronnie Stutter,0.0,0.0,0.0,0.0,0.0,3688.8279240988268,0.0,0.0,21,Chelsea,FWD,4.5,0.32278584656293285,0.21519056437528855,Parsimonious Ridge,0.0,0.0,0
Ross Barkley,0.21576369317491523,0.4292655266954915,0.21350183352057633,3.188689807713242,11.076524160443306,153273.20404191734,1.3312167465504912,4.725133282321475,23,Luton,MID,5.0,5.0248868163069496,4.924968971645125,Parsimonious Ridge,34.0,2.8333333333333335,11
Ryan Christie,0.16888893953961112,0.22173137404278856,0.052842434503177424,1.5461127865416309,4.295219702271505,7041.133831273632,0.9994925203865512,1.6547651673232153,25,Bournemouth,MID,5.0,3.1106077973316157,2.6253269206621486,Parsimonious Ridge,34.0,2.8333333333333335,10
Ryan Fraser,0.0,0.0,0.0,0.0,0.0,1858.7555232440727,0.0,0.0,26,Newcastle,MID,4.9,0.2505115393956051,0.1670076929304034,Parsimonious Ridge,0.0,0.0,0
Ryan Fredericks,0.0,0.0,0.0,0.0,0.0,1143.592213192951,0.0,0.0,25,Bournemouth,DEF,4.3,0.22162393215467258,0.14774928810311505,Parsimonious Ridge,0.0,0.0,0
Ryan Giles,0.0020355218133450274,0.003210084798128018,0.001174562984782992,0.11927691646608743,0.16067362636008445,9245.759032212674,0.04257070782966375,0.08043428078751343,23,Luton,DEF,4.2,0.31904781086822065,0.23950996750798492,Parsimonious Ridge,0.0,0.0,0
Ryan Gravenberch,0.07977919554481797,0.11331067614237617,0.033531480597558186,1.1736190939871078,2.9066342899759925,8074.541064878133,0.5386864270877527,1.4345166886617606,21,Liverpool,MID,5.0,1.8949477724532375,1.741470744522745,Parsimonious Ridge,17.0,1.4166666666666667,7
Ryan Oné,0.0,0.0,0.0,0.0006495739052149108,0.0,378.76018142396185,0.0,0.0005074796134491491,18,Sheffield Utd,MID,4.4,0.25035229923885005,0.16707069269704974,Parsimonious Ridge,0.0,0.0,0
Ryan Sessegnon,0.0,0.0,0.0,0.0,0.0,712.1305808758586,0.0,0.0,25,Spurs,DEF,4.4,0.22155335181177982,0.14770223454118653,Parsimonious Ridge,0.0,0.0,0
Ryan Trevitt,0.0,0.0,0.0,0.0,0.0,1173.6331160999484,0.0,0.0,25,Brentford,MID,4.5,0.25032685898363394,0.16688457265575596,Parsimonious Ridge,0.0,0.0,0
Ryan Yates,0.007106040779042301,0.1750305057915413,0.16792446501249902,0.46608752342533066,1.6481081361963505,2844.949811195548,0.35021355360727563,1.248545580895322,26,Nott'm Forest,MID,4.8,1.5946335483250285,1.4792708925151261,Parsimonious Ridge,27.0,2.25,12
Rúben Gato Alves Dias,0.02872304958499176,0.09462405943957586,0.06590100985458411,0.9907415388637093,4.775542270732493,705802.5758728188,1.105896835998993,4.995316945913379,25,Man City,DEF,5.5,2.631466228552335,3.419416467672683,Parsimonious Ridge,29.0,2.4166666666666665,7
Rúnar Alex Rúnarsson,0.0,0.0,0.0,0.0,0.0,8133.08692069748,0.0,0.0,26,Arsenal,GK,4.0,0.047958745999638785,0.03197249733309252,Parsimonious Ridge,0.0,0.0,0
Sam Curtis,0.0,0.0,0.0,0.0,0.0,0.0,0.0,0.0,1,Sheffield Utd,DEF,4.0,0.22143685843944283,0.1476245722929619,Parsimonious Ridge,1.0,0.08333333333333333,1
Sam Johnstone,0.0,0.0,0.0,0.42540517370709213,0.6743829249744444,244339.90934329253,0.5728970854713882,2.7024040775636524,26,Crystal Palace,GK,4.4,1.8248784334466315,2.1173869814856383,Parsimonious Ridge,3.0,0.25,2
Sam Proctor,0.0,0.0,0.0,0.0,0.0,620.7010618300055,0.0,0.0,10,Aston Villa,GK,4.0,0.046728104725837105,0.031152069817224737,Parsimonious Ridge,0.0,0.0,0
Sam Surridge,0.0,0.0,0.0,0.0,0.0,12895.441802777304,0.0,0.0,26,Nott'm Forest,FWD,4.5,0.3255822272371882,0.21705481815812547,Parsimonious Ridge,0.0,0.0,0
Saman Ghoddos,0.00860587959249621,0.011145190620003588,0.002539311027507377,0.3220627853095642,0.3408262066502233,3590.7751421679227,0.08265326411273005,0.5734368306301255,22,Brentford,MID,4.5,0.5317026652041831,0.5456140536794972,Parsimonious Ridge,3.0,0.25,3
Samuel Bastien,0.0,0.0,0.0,0.0,0.0,1399.779002322446,0.0,0.0,25,Burnley,MID,4.9,0.2503878184778756,0.16692521231858373,Parsimonious Ridge,0.0,0.0,0
Sander Berge,0.0163575199155234,0.03919917669738763,0.022841656781864225,2.243309014132638,2.8277616737314144,10179.958507342268,0.9555800656393321,1.7666024243875977,25,Burnley,MID,4.7,2.611194094155217,2.3296635375660104,Parsimonious Ridge,24.0,2.0,12
Sandro Tonali,4.006466852223601e-05,6.432097194818531e-05,2.42563034259493e-05,0.0007676532190224822,0.0014521141239097152,118101.45021978332,0.0003592036770092745,0.0014310909629684742,26,Newcastle,MID,5.2,0.282892901034955,0.18907229767762618,Parsimonious Ridge,0.0,0.0,0
Santiago Bueno,0.0,0.0,0.0,0.05675872036803923,0.051754297383069005,3802.900744916463,0.021221964850702584,0.053737333442888766,23,Wolves,DEF,4.5,0.2646119652178587,0.1943204212928687,Parsimonious Ridge,9.0,0.75,8
Sasa Kalajdzic,8.875353191569025e-05,0.0004846978511725506,0.00039594431925686055,0.0024096110110841174,0.007975624941827596,12382.518528903884,0.0007612194201737237,0.016428585326021015,26,Wolves,FWD,4.9,0.3290065047255867,0.22481386492573144,Parsimonious Ridge,0.0,0.0,0
Saïd Benrahma,0.0004326050582468722,0.020739960323876146,0.02030735526562927,0.09324749167783444,0.20264162371316605,39647.06257935485,0.030129006739252485,0.07811197591751934,26,West Ham,MID,5.6,0.41752839910387407,0.30438959137508914,Parsimonious Ridge,0.0,0.0,0
Saša Lukić,0.0054190861951377255,0.028924856775439416,0.023505770580301694,0.5785953083751564,1.3820922440067092,33347.04513204438,0.33376075786372805,0.7465926303457002,26,Fulham,MID,4.3,1.0650420715133329,0.9588922577907886,Parsimonious Ridge,25.0,2.0833333333333335,10
Scott Carson,0.0,0.0,0.0,0.0,0.0,8060.332218855016,0.0,0.0,25,Man City,GK,3.8,0.047946827690245164,0.031964551793496776,Parsimonious Ridge,0.0,0.0,0
Scott McKenna,8.588711519188167e-06,1.3687485504642817e-05,5.098773985454648e-06,0.00022310848885868055,0.0005952694871368167,8040.707604081032,0.00020048577321447877,0.0005247281965613521,26,Nott'm Forest,DEF,4.4,0.223162129494049,0.14894966239488644,Parsimonious Ridge,0.0,0.0,0
Scott McTominay,0.013053772484231733,0.15425336198914463,0.14123812623805918,0.5676568270885584,3.0879850262418946,163825.66444153996,0.0385088743037033,2.4678038835593075,26,Man Utd,MID,4.6,1.1458468518813654,1.5864991957740127,Parsimonious Ridge,15.0,1.25,8
Scott Twine,0.0,0.0,0.0,0.0,0.0,863.4681012044466,0.0,0.0,25,Burnley,MID,4.9,0.25024325143827764,0.1668288342921851,Parsimonious Ridge,0.0,0.0,0
Seamus Coleman,0.00048532198306114923,0.00048532198306114923,0.0,0.19781281459277705,0.27573935770856983,4142.989723264179,0.047749420914080805,0.4145257893162178,26,Everton,DEF,4.4,0.3272827857522502,0.3563637869402394,Parsimonious Ridge,16.0,1.3333333333333333,7
Sean Longstaff,0.050337764747301575,0.2016875353473594,0.15134977060005786,2.361360507252066,3.8124421999977445,48022.60300009823,0.9859503002928065,3.1336445579357433,26,Newcastle,MID,4.8,3.3267034847761288,3.2623505091626663,Parsimonious Ridge,38.0,3.1666666666666665,11
Sepp van den Berg,0.0,0.0,0.0,0.0,0.0,1637.584014874879,0.0,0.0,25,Liverpool,DEF,4.0,0.22170474145065022,0.14780316096710014,Parsimonious Ridge,0.0,0.0,0
Serge Aurier,0.00021672453106706563,0.00034795095856866187,0.0001312264275015963,0.0048453256836520605,0.016275676491704017,76213.75016876284,0.004024725792362272,0.009256601021883132,26,Nott'm Forest,DEF,4.5,0.24240580763317043,0.164689405429408,Parsimonious Ridge,0.0,0.0,0
Sergi Canós Tenés,0.0,0.0,0.0,0.0,0.0,1151.5983831120243,0.0,0.0,25,Brentford,MID,5.0,0.2503209193390924,0.16688061289272826,Parsimonious Ridge,0.0,0.0,0
Sergio Gómez,5.346287285719433e-06,5.346287285719433e-06,0.0,0.06321188140094204,0.006844993645096522,93226.47971575604,0.0,0.06621117865007019,25,Man City,DEF,3.8,0.24382068971970783,0.18461751936316195,Parsimonious Ridge,3.0,0.25,3
Sergio Reguilón,0.12715099599204233,0.18539138322153653,0.058240387229494206,1.818019017956227,4.744916125078701,124424.89216797202,1.031780768604575,2.753265985646343,26,Brentford,DEF,4.4,2.7895794487911934,2.7774749610762433,Parsimonious Ridge,38.0,3.1666666666666665,10
Shandon Baptiste,0.0017284245907220844,0.016936283976806344,0.015207859386084255,0.03362834876627341,0.23255396903580788,97839.73397789162,0.014451274929860525,0.4113060577281898,25,Brentford,MID,4.3,0.37408455532822205,0.3864917227948779,Parsimonious Ridge,3.0,0.25,1
Shea Charles,0.0,0.0,0.0,0.0,0.0,36.00654247265716,0.0,0.0,25,Man City,MID,4.5,0.2500202023306096,0.16668013488707306,Parsimonious Ridge,0.0,0.0,0
Shola Shoretire,0.0,0.0,0.0,0.0,0.0,23253.903846670517,0.0,0.0,26,Man Utd,FWD,4.4,0.32872846574097025,0.21915231049398015,Parsimonious Ridge,0.0,0.0,0
Simon Adingra,0.06446097456255757,0.24247462867085914,0.17801365410830156,0.27301167162748424,5.530229933043757,87123.09110302944,0.5942899763541252,4.1187772834880425,26,Brighton,MID,5.0,2.1554317692887768,2.8098802740218654,Parsimonious Ridge,24.0,2.0,11
Siriki Dembélé,0.0,0.0,0.0,0.0,0.0,249.00824552814493,0.0,0.0,25,Bournemouth,MID,4.5,0.25007761870155387,0.16671841246770258,Parsimonious Ridge,0.0,0.0,0
Sofyan Amrabat,0.00029033531287729354,0.00037417517401587157,8.383986113857812e-05,0.05860533015885014,0.14501330430840143,10308.346502650596,0.019526658425015733,0.41264046578867714,22,Man Utd,MID,5.0,0.30406984163355955,0.34026004968526535,Parsimonious Ridge,10.0,0.8333333333333334,8
Solly March,0.0001383259017692304,0.0002721470614736417,0.00013382115970441127,0.0011658851026091338,0.0036271991283116107,229506.3964017589,0.0008478877492195665,0.0030643693530907493,26,Brighton,MID,6.1,0.31456674131016826,0.21073261732447574,Parsimonious Ridge,0.0,0.0,0
Son Heung-min,0.16920816525425614,0.20859577212981528,0.03938760687555912,0.835866695751319,3.767619063282657,2099832.9008250833,0.4650205761316873,2.4891558397373714,25,Spurs,MID,9.6,2.589962868094701,2.556360525308924,Parsimonious Ridge,71.0,5.916666666666667,11
Stefan Bajcetic,0.0,0.0,0.0,0.0,0.0,2412.9291770236637,0.0,0.0,25,Liverpool,MID,4.7,0.2506609214879384,0.16710728099195893,Parsimonious Ridge,1.0,0.08333333333333333,1
Stefan Ortega Moreno,0.0,0.0,0.0,0.05090131781853181,0.10631400550423656,78242.57909089336,0.0005074796134491491,0.08880645442580096,25,Man City,GK,3.7,0.049611478691815036,0.06267647060314367,Parsimonious Ridge,18.0,1.5,7
Steve Cook,0.0,0.0,0.0,0.0,0.0,1032.6623958658445,0.0,0.0,26,Nott'm Forest,DEF,4.5,0.22160578577975165,0.14773719051983442,Parsimonious Ridge,0.0,0.0,0
Steven Alzate,0.0,0.0,0.0,0.0,0.0,4840.55441811645,0.0,0.0,26,Brighton,MID,4.4,0.2513153079522571,0.16754353863483806,Parsimonious Ridge,0.0,0.0,0
Steven Benda,0.0,0.0,0.0,0.0,0.0,2823.8926180539484,0.0,0.0,23,Fulham,GK,4.0,0.04708902048736985,0.03139268032491323,Parsimonious Ridge,0.0,0.0,0
Sven Botman,0.011991071974918947,0.022273603332123634,0.010282531357204689,2.2333434440491096,2.883426973675321,626725.544657324,0.961237733955151,0.39445350226496123,26,Newcastle,DEF,4.5,2.28365200711059,1.653919172162047,Parsimonious Ridge,7.0,0.5833333333333334,2
Sydie Peck,0.0,0.0,0.0,0.002080983589899916,0.0,237.32244407187255,0.0,0.01734152991583263,11,Sheffield Utd,MID,4.4,0.25084239027313815,0.1730087701540363,Parsimonious Ridge,0.0,0.0,0
Tahith Chong,0.14762735596797227,0.22686368483453714,0.07923632886656487,1.6012062095124138,4.142010884923144,7838.9735133236645,0.6736594890485171,3.8121405992833566,23,Luton,MID,4.7,2.679582013172567,3.0571015418761633,Parsimonious Ridge,42.0,3.5,12
Taiwo Awoniyi,0.13707688339109364,0.3287408016906407,0.19166391829954707,0.9397158422134835,4.436794267248434,156112.92980090814,0.8047836752145937,3.7223669580066217,26,Nott'm Forest,FWD,6.3,2.6207834367077094,2.987977943807347,Parsimonious Ridge,5.0,0.4166666666666667,5
Takehiro Tomiyasu,0.0013740684148289886,0.0017207655154935558,0.00034669710066456667,0.027875904384654593,0.112476777296758,27371.30546318326,0.006204708852932688,0.07779637984196751,26,Arsenal,DEF,4.5,0.24505488007755005,0.1893020466656892,Parsimonious Ridge,31.0,2.5833333333333335,9
Tanguy Ndombélé Alvaro,0.0,0.0,0.0,0.0,0.0,18654.436287279488,0.0,0.0,25,Spurs,MID,4.4,0.2550389540743453,0.17002596938289685,Parsimonious Ridge,0.0,0.0,0
Tariq Lamptey,0.04088667125510383,0.06578512716848905,0.024898455913385225,0.33820221045795557,2.219440588611983,479329.9429849697,0.8042487080889316,2.9021436125082505,26,Brighton,DEF,3.9,1.9159468087932279,2.244679076698235,Parsimonious Ridge,7.0,0.5833333333333334,7
Tawanda Chirewa,0.0,0.0,0.0,0.0013168724279835396,0.026337448559670795,475.36107300716367,0.0,0.04389574759945132,13,Wolves,MID,4.4,0.25062458435085333,0.18171497210038598,Parsimonious Ridge,7.0,0.5833333333333334,6
Tayo Adaramola,0.0,0.0,0.0,0.0,0.0,766.2330437433319,0.0,0.0,10,Crystal Palace,DEF,4.0,0.22156220212451794,0.14770813474967862,Parsimonious Ridge,0.0,0.0,0
Teden Mengi,0.027803507650830526,0.031709202581694136,0.0039056949308636105,2.6922028990573086,3.9918783802371385,196633.83698178135,1.0111615599142978,0.656951117007134,24,Luton,DEF,3.9,2.379797282400884,1.805515227269634,Parsimonious Ridge,13.0,1.0833333333333333,11
Terence Kongolo,0.0,0.0,0.0,0.0,0.0,6469.774137522739,0.0,0.0,26,Fulham,DEF,4.0,0.22249521181981813,0.14833014121321209,Parsimonious Ridge,0.0,0.0,0
Thiago Alcántara do Nascimento,0.0,0.0,0.0,0.0044444444444444444,0.014814814814814817,9419.76650373531,0.0,0.14814814814814817,25,Liverpool,MID,4.7,0.2541897549544089,0.21884255268565528,Parsimonious Ridge,0.0,0.0,0
Thiago Emiliano da Silva,0.0072175223021588375,0.029599089236271806,0.022381566934112966,0.9055233635312256,2.8678785652593737,399738.9009666821,0.628732069975783,2.185969270269767,25,Chelsea,DEF,5.0,1.5535421143163095,1.7643511663007954,Parsimonious Ridge,32.0,2.6666666666666665,7
Thilo Kehrer,0.0,0.0,0.0,0.00018697902801283675,3.044413593256902e-05,9365.378384671676,0.0,0.00010643071911385915,26,West Ham,DEF,4.2,0.22298993781147247,0.14869543544735292,Parsimonious Ridge,0.0,0.0,0
Thomas Cannon,0.0,0.0,0.0,8.3164468888969e-06,0.0,2236.831569992117,0.0,2.970159603177464e-05,26,Everton,FWD,4.5,0.3223511316779114,0.2149106549839515,Parsimonious Ridge,0.0,0.0,0
Thomas Kaminski,4.886840722102919e-06,4.886840722102919e-06,0.0,3.1940705221653314,4.984526173948545,59887.97241780447,1.333671653075633,3.785026439736113,23,Luton,GK,4.5,3.6069508808330535,3.6663094004674064,Parsimonious Ridge,24.0,2.0,12
Thomas Partey,1.0253238463468869e-05,1.1639312944951687e-05,1.3860744814828169e-06,7.633310180166085e-05,0.00046445870794687615,15293.589063245228,8.910478809532391e-05,0.00039385553904634497,26,Arsenal,MID,4.8,0.2543342617073059,0.16968745965121937,Parsimonious Ridge,17.0,1.4166666666666667,9
Thomas Strakosha,3.3831974229943276e-06,3.3831974229943276e-06,0.0,0.000769254514053335,0.0016958277082759071,186334.4032831161,0.0003383197422994328,0.002156788357158884,25,Brentford,GK,3.9,0.07808997654151628,0.052778913813397145,Parsimonious Ridge,0.0,0.0,0
Tim Iroegbunam,0.0,0.0,0.0,0.10249657064471883,0.07654320987654321,2341.6839324128555,0.0,0.3404968754762994,26,Aston Villa,MID,4.4,0.2884648540559809,0.305808861196087,Parsimonious Ridge,7.0,0.5833333333333334,6
Tim Krul,0.0,0.0,0.0,0.0,0.0,4692.338927244922,0.0,0.0,22,Luton,GK,4.4,0.04739509996586977,0.03159673331057984,Parsimonious Ridge,0.0,0.0,0
Tim Ream,0.0032565769853012826,0.0032993472835870373,4.277029828575546e-05,0.8977213331371596,1.3703127568036872,71753.66989274461,0.4768134475023631,0.6893318989641062,26,Fulham,DEF,4.5,1.1571586977581445,1.001216431493465,Parsimonious Ridge,1.0,0.08333333333333333,1
Timo Werner,0.1398765432098766,0.2808641975308642,0.1409876543209877,0.7428395061728396,4.228395061728396,76716.86419753087,0.6666666666666667,2.5555555555555562,5,Spurs,FWD,6.4,2.197805808753407,2.317055724354123,Parsimonious Ridge,31.0,2.5833333333333335,8
Timothy Castagne,0.05898163582497913,0.1186868725169439,0.059705236691964765,1.609594474156751,3.859740705044974,66128.55091286763,0.9338922585200078,3.341143690601503,23,Fulham,DEF,4.5,2.3793158567920525,2.699925134728536,Parsimonious Ridge,45.0,3.75,11
Tino Livramento,0.0059849439235039594,0.006331774521820612,0.0003468305983166526,1.0387561822929938,1.0193273924863282,102292.97715831362,0.38518397254926806,0.6771838845835443,26,Newcastle,DEF,4.1,1.0314603066351828,0.9133681659513033,Parsimonious Ridge,15.0,1.25,7
Toby Collyer,0.0,0.0,0.0,0.0,0.0,0.0,0.0,0.0,1,Man Utd,MID,4.5,0.2500104964692509,0.16667366431283392,Parsimonious Ridge,0.0,0.0,0
Tom Cairney,0.05595334710417744,0.06489796507205282,0.008944617967875382,1.3697695046487666,2.9628051068963184,5905.876107461381,0.5619907861561234,1.471118499656703,26,Fulham,MID,4.9,1.8163578271931207,1.701278051347648,Parsimonious Ridge,12.0,1.0,10
Tom Davies,0.001980320786305671,0.0049523056090632865,0.002971984822757615,0.1938370357747725,0.475667845652318,514.807973207892,0.0,0.5804975207967651,25,Sheffield Utd,MID,5.0,0.340509094687378,0.4205052367238403,Parsimonious Ridge,2.0,0.16666666666666666,2
Tom Heaton,0.0,0.0,0.0,0.0,0.0,9573.557751032109,0.0,0.0,26,Man Utd,GK,4.0,0.04819471668735642,0.032129811124904276,Parsimonious Ridge,0.0,0.0,0
Tom King,0.0,0.0,0.0,0.0,0.0,72677.07430124976,0.0,0.0,26,Wolves,GK,3.9,0.05853201743942815,0.039021344959618766,Parsimonious Ridge,0.0,0.0,0
Tom Lockyer,0.0005088501216644825,0.001353615722644927,0.0008447656009804444,0.050370416678558176,0.07785440634704742,13423.598890196994,0.030585754208399298,0.03472938790401574,23,Luton,DEF,4.2,0.2856935034921011,0.20203879829607263,Parsimonious Ridge,0.0,0.0,0
Tom McGill,0.0,0.0,0.0,0.0,0.0,28545.847535741756,0.0,0.0,26,Brighton,GK,3.9,0.051302661793774185,0.034201774529182785,Parsimonious Ridge,0.0,0.0,0
Tommi O'Reilly,0.0,0.0,0.0,0.0,0.0,234.1207133058985,0.0,0.0,9,Aston Villa,MID,4.5,0.2500736056440982,0.16671573709606546,Parsimonious Ridge,0.0,0.0,0
Tommy Doyle,0.008781081993833324,0.017447392257047105,0.008666310263213779,0.308693624851398,0.6371063823181436,6205.013205560679,0.1423335356948559,0.9538633097785914,26,Wolves,MID,4.4,0.6377221581511254,0.7431025420269474,Parsimonious Ridge,15.0,1.25,8
Tomáš Souček,0.006795205978320576,0.2155442895852786,0.208749083606958,1.4866969429411196,2.487551800971061,133755.45263267678,0.7772257457702811,1.8835023872976544,26,West Ham,MID,4.9,2.777962638646433,2.4798092215301732,Parsimonious Ridge,34.0,2.8333333333333335,12
Tosin Adarabioyo,0.004393789715133009,0.04398650085334027,0.039592711138207254,1.0927496187858958,1.6609417443800467,24650.78370171209,0.6219222830003708,1.1204574108285192,26,Fulham,DEF,4.3,1.5470511248774195,1.4048532201944526,Parsimonious Ridge,29.0,2.4166666666666665,8
Toti António Gomes,0.013541533447395965,0.06513394393552582,0.05159241048812987,1.2875666153793983,2.460035715736507,28518.76408978896,0.9996992713401784,3.0004286030520806,26,Wolves,DEF,4.4,2.280083269046303,2.520198380381562,Parsimonious Ridge,24.0,2.0,11
Travis Hernes,0.0,0.0,0.0,0.0,0.0,51.27160493827161,0.0,0.0,5,Newcastle,MID,4.5,0.25002431715446516,0.16668287810297677,Parsimonious Ridge,0.0,0.0,0
Trent Alexander-Arnold,0.11726527092497653,0.15976813931823172,0.042502868393255185,0.5239345116502531,3.0698830348104473,1955253.3382394882,0.5015814594573401,1.7818674196558606,25,Liverpool,DEF,8.6,1.9590618403450535,1.8999970334486558,Parsimonious Ridge,19.0,1.5833333333333333,6
Trevoh Chalobah,0.0,0.0,0.0,0.26,0.26666666666666666,4680.959728753591,0.0,0.3333333333333333,25,Chelsea,DEF,4.3,0.25147414145728664,0.2787605387493022,Parsimonious Ridge,38.0,3.1666666666666665,10
Treymaurice Nyoni,0.0,0.0,0.0,0.0,0.0,157.94572743415233,0.0,0.0,14,Liverpool,MID,4.5,0.25005307204656,0.16670204803104,Parsimonious Ridge,0.0,0.0,0
Ty Barnett,0.0,0.0,0.0,0.0,0.0,360.8645023624448,0.0,0.0,9,Wolves,MID,4.5,0.25010777048082466,0.1667385136538831,Parsimonious Ridge,0.0,0.0,0
Tyler Adams,0.0,0.0,0.0,0.0,0.0,309.1434130407028,0.0,0.0,23,Bournemouth,MID,4.9,0.2500938286333768,0.16672921908891786,Parsimonious Ridge,5.0,0.4166666666666667,3
Tyler Onyango,0.0,0.0,0.0,0.0,0.0,1386.0541727486993,0.0,1.9801064021183095e-05,26,Everton,MID,4.4,0.25038411883653644,0.16692934624569802,Parsimonious Ridge,0.0,0.0,0
Tyrell Malacia,0.0,0.0,0.0,0.0,0.0,2318.252858420383,0.0,0.0,26,Man Utd,DEF,4.3,0.2218160881771618,0.14787739211810785,Parsimonious Ridge,0.0,0.0,0
Tyrese Francois,0.0,0.0,0.0,0.0,0.0,2465.2986475498046,0.0,0.0,26,Fulham,MID,4.4,0.25067503811190306,0.16711669207460203,Parsimonious Ridge,0.0,0.0,0
Tyrick Mitchell,0.02580365831095339,0.04163976748518236,0.015836109174228976,1.065532179586743,2.574220783983561,346629.2302000639,0.9942194900280561,2.5492142517446474,26,Crystal Palace,DEF,4.5,2.2236605584712974,2.3321784562290806,Parsimonious Ridge,48.0,4.0,11
Tyrone Mings,6.336340486778593e-06,6.732361767202259e-06,3.9602128042366206e-07,4.27702982857555e-05,8.71246816932057e-05,121530.55549827316,3.960212804236619e-05,0.0,26,Aston Villa,DEF,4.1,0.2414108871356112,0.1609405914237408,Parsimonious Ridge,0.0,0.0,0
Valentín Barco,0.0,0.0,0.0,0.0,0.0,539.3333333333334,0.0,0.0,2,Brighton,DEF,4.0,0.22152508489748435,0.14768338993165622,Parsimonious Ridge,5.0,0.4166666666666667,6
Valintino Adedokun,0.0,0.0,0.0,0.0,0.0,3139.104291079453,0.0,0.0,15,Brentford,DEF,4.0,0.22195036657236922,0.14796691104824614,Parsimonious Ridge,0.0,0.0,0
Vicente Guaita,0.0,0.0,0.0,0.0,0.0,19716.96767941344,0.0,0.0,26,Crystal Palace,GK,4.4,0.049856359093573,0.03323757272904866,Parsimonious Ridge,0.0,0.0,0
Victor Lindelöf,0.027738769238418646,0.05461099843230316,0.026872229193884514,0.7647967470051578,2.3488841298140763,30285.20798454027,0.3414749135258664,0.6152375280244679,26,Man Utd,DEF,4.5,1.066680016130671,0.9161991867619367,Parsimonious Ridge,17.0,1.4166666666666667,3
Victor da Silva,0.01725130200951123,0.037715886220549756,0.02046458421103852,0.9328565046235678,1.1941027228428285,14729.046091562674,0.29556628675632807,1.1308266005757717,25,Burnley,DEF,4.4,0.9515209437854474,1.0112894960488887,Parsimonious Ridge,27.0,2.25,12
Viljami Sinisalo,0.0,0.0,0.0,0.0,0.0,346.92196629407965,0.0,0.0,26,Aston Villa,GK,4.0,0.04668325561116171,0.03112217040744114,Parsimonious Ridge,0.0,0.0,0
Vincent Angelini,0.0,0.0,0.0,0.0,0.0,947.9445940377202,0.0,0.0,12,Brentford,GK,4.0,0.04678171211567106,0.03118780807711404,Parsimonious Ridge,0.0,0.0,0
Vini de Souza Costa,0.0422862477636911,0.07796929818118163,0.03568305041749052,1.8394634735715867,3.892270100958863,3006.2088053320467,0.9973912823288715,3.6272154576542217,26,Sheffield Utd,MID,5.0,2.6681013762545076,2.987806070054412,Parsimonious Ridge,16.0,1.3333333333333333,10
Virgil van Dijk,0.04422546226817989,0.17895025501760883,0.13472479274942892,1.9752573331602303,7.300772944786228,1703265.9442075882,1.3331662618556548,5.015935836517237,25,Liverpool,DEF,6.4,3.558804372057529,4.044514860210764,Parsimonious Ridge,25.0,2.0833333333333335,11
Vitalii Mykolenko,0.05260786488919352,0.06763081632945635,0.015022951440262826,1.2038107191140135,3.374372179658034,610849.9701918219,0.9911955778599411,2.184327655091069,26,Everton,DEF,4.6,2.3593012249798777,2.300976701683608,Parsimonious Ridge,18.0,1.5,6
Vitaly Janelt,0.05694231573712161,0.07821314455273362,0.021270828815612024,1.8303235643830627,2.3459940034893414,9046.164563011534,0.8888888888888891,2.565200718317006,25,Brentford,MID,5.3,2.5104122087910956,2.528675045299732,Parsimonious Ridge,32.0,2.6666666666666665,12
Vladimír Coufal,0.09155609614010596,0.09174473582766776,0.00018863968756180076,1.5612366138268388,3.7375040385117293,275672.6453224826,0.9048925468678557,2.0310764128155925,26,West Ham,DEF,4.6,2.2737291155491333,2.1928448813046195,Parsimonious Ridge,19.0,1.5833333333333333,12
Wataru Endo,0.19996319479687036,0.2126435675946033,0.012680372797732958,1.2753213814015203,4.23528095937257,8392.702807699396,1.010772407832793,1.4492606529435563,24,Liverpool,MID,5.4,2.9927984631454208,2.478285859744799,Parsimonious Ridge,18.0,1.5,10
Wayne Hennessey,0.0,0.0,0.0,0.0,0.0,19781.499760658913,0.0,0.0,26,Nott'm Forest,GK,4.0,0.049866930414609545,0.03324462027640636,Parsimonious Ridge,0.0,0.0,0
Wes Foderingham,0.004617859743602771,0.004617859743602771,0.0,1.4065247885422827,2.128592570572885,34811.44283218318,0.60082304526749,1.3436014481209495,26,Sheffield Utd,GK,4.5,1.699102733212319,1.580602304848529,Parsimonious Ridge,12.0,1.0,5
Wesley Fofana,0.0,0.0,0.0,0.0,0.0,2523.7841171291584,0.0,0.0,25,Chelsea,DEF,4.4,0.22184970986128916,0.14789980657419277,Parsimonious Ridge,0.0,0.0,0
Wesley Moraes Ferreira da Silva,0.0,0.0,0.0,0.0,0.0,513.5200301723255,0.0,0.0,26,Aston Villa,FWD,5.0,0.3218213910371124,0.21454759402474158,Parsimonious Ridge,0.0,0.0,0
Will Hughes,0.02715952341505908,0.02806155931163798,0.0009020358965788934,0.34756812843391766,1.3541705017149626,1372.6867393859993,0.3813005524060857,0.7724837912860337,26,Crystal Palace,MID,4.9,1.0366198088017136,0.9485744696298202,Parsimonious Ridge,27.0,2.25,10
William Osula,0.016719435052009877,0.057534241749262485,0.04081480669725262,0.7467141943800708,0.5416763894273452,119151.92602776935,0.4038705217280755,0.9931260743374932,26,Sheffield Utd,FWD,4.3,1.513137532959583,1.339800380085553,Parsimonious Ridge,5.0,0.4166666666666667,5
William Saliba,0.015945137742653527,0.09777839101768708,0.08183325327503355,0.3207371224438987,2.97902218841348,3974522.309676047,1.0,4.42522910944224,26,Arsenal,DEF,5.7,2.9202466706161854,3.4219074835582033,Parsimonious Ridge,60.0,5.0,11
Willian Borges da Silva,0.15431677692406898,0.25422104971499754,0.09990427279092859,0.9450232812871145,3.8390400757044834,66607.23303516199,0.6228173625193775,1.599990383221598,26,Fulham,MID,5.3,2.4837948375943544,2.1891933528034357,Parsimonious Ridge,19.0,1.5833333333333333,10
Willy Boly,0.0021965350895292598,0.004186638237202269,0.0019901031476730097,0.07013604237567392,0.07723776460611399,37621.32687004908,0.03148214815909727,0.01914805349108314,26,Nott'm Forest,DEF,4.5,0.3023429888708067,0.2079446770775655,Parsimonious Ridge,21.0,1.75,5
Willy Kambwala,0.0001300614743687447,0.0001300614743687447,0.0,0.017688360514149282,0.026012294873748943,1489.0297718843674,0.013006147436874472,0.03251536859218618,10,Man Utd,DEF,3.9,0.24624511738773158,0.17500186778921645,Parsimonious Ridge,3.0,0.25,6
Wilson Odobert,0.037676254675317405,0.08962875318599318,0.05195249851067578,2.102303017739697,1.6627517473799787,6586.947375222224,0.9890028462932774,2.503864498044713,24,Burnley,MID,5.0,2.7982645910592647,2.700131226721081,Parsimonious Ridge,29.0,2.4166666666666665,12
Wout Weghorst,0.0,0.0,0.0,0.0,0.0,4222.527403704468,0.0,0.0,25,Burnley,FWD,5.5,0.32294795034292145,0.21529863356194762,Parsimonious Ridge,0.0,0.0,0
Yago de Santiago Alonso,0.0,0.0,0.0,0.0,0.0,310.4417799906293,0.0,0.0,12,Spurs,MID,4.5,0.2500941786189279,0.1667294524126186,Parsimonious Ridge,0.0,0.0,0
Yasin Ayari,0.0,0.0,0.0,0.0,0.0,1665.348384966259,0.0,0.0,26,Brighton,MID,4.5,0.25045940490167695,0.16697293660111795,Parsimonious Ridge,0.0,0.0,0
Yasser Larouci,0.0033339273652539685,0.00799081598567799,0.004656888620424022,0.9460376377015656,0.5528011487867284,4642.7937844642,0.5686062553864777,0.9548661674702088,26,Sheffield Utd,DEF,4.3,1.3228399466296286,1.2001820202431552,Parsimonious Ridge,2.0,0.16666666666666666,2
Yegor Yarmoliuk,0.025148530128462056,0.02570731275908333,0.0005587826306212737,0.1106961387372572,0.1126966116652649,61092.92807668209,0.0317125199849717,0.37844025332382475,14,Brentford,MID,4.3,0.4509251879589069,0.4267635430805462,Parsimonious Ridge,16.0,1.3333333333333333,12
Yegor Yarmolyuk,0.0,0.12222222222222223,0.12222222222222223,0.2811111111111111,0.7481481481481481,66051.58944266627,0.0,0.7037037037037037,11,Brentford,MID,4.4,0.8362812368253669,0.7920887257848124,Parsimonious Ridge,0.0,0.0,0
Yerson Mosquera,0.0,0.0,0.0,0.0,0.0,20.74485596707819,0.0,0.0,6,Wolves,DEF,4.0,0.22144025197188633,0.1476268346479242,Parsimonious Ridge,0.0,0.0,0
Yoane Wissa,0.06970464519016194,0.12577434719240038,0.05606970200223846,0.729568986265648,3.0801037846175205,479918.93099892896,0.30423320744918075,2.377321918071303,25,Brentford,FWD,5.6,1.6051688037039147,1.8625531751597109,Parsimonious Ridge,59.0,4.916666666666667,12
Youri Tielemans,0.09113265439259345,0.22698472266365116,0.13585206827105772,1.4671354082349042,3.7838063280098626,46488.51983383759,0.7335097370134186,2.8942106569898014,26,Aston Villa,MID,5.6,2.727516822693431,2.7830814341255543,Parsimonious Ridge,30.0,2.5,10
Youssef Ramalho Chermiti,8.910478809532389e-07,0.029038579502224746,0.02903768845434379,0.048204375772984656,0.21058251382429716,5735.811334840308,0.0,0.25233361392707715,26,Everton,FWD,4.8,0.40954827691052076,0.3571433892493729,Parsimonious Ridge,8.0,0.6666666666666666,8
Yves Bissouma,0.02129274814436613,0.023083865330985286,0.0017911171866191546,0.5437658450094562,1.6797705920075239,33858.438466588465,0.36927518048742125,0.9423925416168555,25,Spurs,MID,5.0,1.0814641505096418,1.0351069475453798,Parsimonious Ridge,17.0,1.4166666666666667,10
Zack Nelson,0.0,0.0,0.0,0.0,0.0,615.0874829002655,0.0,0.0,14,Luton,MID,4.5,0.2501762983880843,0.16678419892538954,Parsimonious Ridge,2.0,0.16666666666666666,2
Zack Steffen,0.0,0.0,0.0,0.0,0.0,16644.06944945734,0.0,0.0,25,Man City,GK,3.9,0.04935297235825076,0.03290198157216717,Parsimonious Ridge,0.0,0.0,0
Zeki Amdouni,0.04196789274041595,0.1412896194439087,0.09932172670349274,0.9455464442057939,2.380591879578542,29768.101751891445,0.9999248178350448,1.854710101343241,25,Burnley,FWD,5.3,2.503875435520588,2.2874869907948057,Parsimonious Ridge,15.0,1.25,9
Álvaro Fernández Carreras,0.0,0.0,0.0,0.0,0.0,12638.134275088909,0.0,0.0,26,Man Utd,DEF,4.0,0.22350425860633638,0.1490028390708909,Parsimonious Ridge,0.0,0.0,0
Ângelo Gabriel Borges Damaceno,0.0,0.0,0.0,0.0,0.0,310.69581072861774,0.0,0.0,25,Chelsea,MID,5.0,0.2500942470950146,0.16672949806334306,Parsimonious Ridge,0.0,0.0,0
Đorđe Petrović,0.0,0.0,0.0,1.8374074074074076,3.3086419753086425,119571.24691358027,1.0,3.753086419753087,5,Chelsea,GK,4.5,2.8538821555187788,3.153616910263548,Parsimonious Ridge,38.0,3.1666666666666665,11
Aaron Connolly,0.0,0.0,0.0,0.0,0.0,1767.9219840972592,0.0,0.0,26,Brighton,FWD,4.5,0.6247448340051164,0.4164965560034109,Full LASSO,0.0,0.0,0
Aaron Cresswell,7.612194201737236e-05,7.612194201737236e-05,0.0,0.009869760502005883,0.00561954378205331,32189.489974271582,0.00628798958539336,0.14452442653336287,26,West Ham,DEF,4.2,0.6030155268925754,0.4501851601061712,Full LASSO,7.0,0.5833333333333334,7
Aaron Hickey,9.086832035971058e-06,3.8602793092547094e-05,2.9515961056576034e-05,0.002035797281417417,0.002452191613629593,15292.640350699687,0.0017761786470720227,0.00534791159175242,25,Brentford,DEF,4.4,0.5994539688909719,0.4014186164578987,Full LASSO,0.0,0.0,0
Aaron Ramsdale,1.980106402118309e-07,1.980106402118309e-07,0.0,0.002027377285018917,0.0010222057588728476,631956.498811173,0.001846400877533864,0.010593279196684197,26,Arsenal,GK,4.5,0.33036464440385777,0.2237741893347999,Full LASSO,3.0,0.25,1
Aaron Ramsey,0.002053559005005193,0.03498371450694462,0.03515237772416164,0.719246251643676,0.6111388519918903,4407.0999685571,0.469386409685654,0.8402673698470102,24,Burnley,MID,5.0,1.038280999974525,0.9722764565986867,Full LASSO,0.0,0.0,0
Aaron Wan-Bissaka,0.002221514996592938,0.0034691417322042298,0.0012476267356112919,0.1416488851206657,0.31100522957110227,193940.655420587,0.10913894007000809,0.07532633805375576,26,Man Utd,DEF,4.4,0.721582139238466,0.5061635388435626,Full LASSO,18.0,1.5,9
Abdoulaye Doucouré,0.003315867708013848,0.11584541357391302,0.11252954586589918,0.5479753468792674,1.9136586104955524,59670.94393764496,0.6254635980287558,1.7060069356499978,26,Everton,MID,5.5,1.5585621441328783,1.607710407971918,Full LASSO,32.0,2.6666666666666665,11
Abdul Rahman Baba,0.0,0.0,0.0,0.0,0.0,255.10351953444496,0.0,0.0,25,Chelsea,DEF,4.0,0.5978586798159444,0.3985724532106296,Full LASSO,0.0,0.0,0
Adam Davies,0.0,0.0,0.0,0.0,0.0,17559.899334161346,0.0,0.0,26,Sheffield Utd,GK,4.0,0.32697257145518904,0.21798171430345936,Full LASSO,0.0,0.0,0
Adam Lallana,0.029116435221131876,0.03476929226452899,0.005652857043397107,0.2337029028872849,0.725103730702556,4938.127947885013,0.16935863907144083,0.7150228588995996,26,Brighton,MID,4.9,0.7957051580200076,0.7688110583132048,Full LASSO,8.0,0.6666666666666666,7
Adam Smith,0.012415701612518492,0.012415701612518492,0.0,1.5091035099419674,1.2557114509415293,12641.535853002953,0.9513043410566757,1.522895474259064,25,Bournemouth,DEF,4.4,1.443037965766367,1.4696571352639327,Full LASSO,40.0,3.3333333333333335,10
Adam Webster,0.010372762725581346,0.010869536283716045,0.000496773558134699,0.08206205672049409,0.8731522824310667,16617.837022703705,0.25343547257547056,0.39891979595028243,26,Brighton,DEF,4.2,0.9093585349567839,0.7392122886212833,Full LASSO,14.0,1.1666666666666667,5
Adam Wharton,0.13148148148148148,0.15814814814814815,0.026666666666666665,0.91,4.614814814814815,739.0370370370371,0.7037037037037037,2.2222222222222223,4,Crystal Palace,MID,5.0,2.457107622043371,2.378812488769655,Full LASSO,41.0,3.4166666666666665,11
Adama Traoré,0.015589810429463372,0.12226004128765387,0.10667023085819047,0.43491168617781345,1.5566604259224728,2783.4205531462894,0.0,1.482756967793885,25,Fulham,MID,4.9,0.9962469057417866,1.1584169264258193,Full LASSO,27.0,2.25,10
Ademola Ola-Adebomi,0.0,0.0,0.0,0.0,0.0,2452.2082783916303,0.0,0.0,20,Crystal Palace,FWD,4.5,0.6247448340051164,0.4164965560034109,Full LASSO,0.0,0.0,0
Admiral Muskwe,0.0,0.0,0.0,0.0,0.0,6211.232180944679,0.0,0.0,23,Luton,FWD,4.5,0.6247448340051164,0.4164965560034109,Full LASSO,0.0,0.0,0
Adrián San Miguel del Castillo,0.0,0.0,0.0,0.0,0.0,26844.787988718308,0.0,0.0,25,Liverpool,GK,3.9,0.32697257145518904,0.21798171430345936,Full LASSO,0.0,0.0,0
Aidan Francis-Clarke,0.0,0.0,0.0,0.0,0.0,1734.4608368157162,0.0,0.0,23,Luton,DEF,4.0,0.5978586798159444,0.3985724532106296,Full LASSO,0.0,0.0,0
Albert Sambi Lokonga,0.1404960826254425,0.15924761267165027,0.01875153004620776,2.3117646683971156,4.368937589754923,2725.205166563268,1.2946908018474872,2.5535415675389794,24,Luton,MID,4.9,2.982664392893665,2.8396234511087695,Full LASSO,19.0,1.5833333333333333,5
Alejandro Garnacho,0.14796828449369617,0.4687067272054911,0.3207384427117949,1.591395265140077,10.059610416345151,864953.960132101,0.9985369643517163,4.302420436866783,26,Man Utd,MID,5.0,4.521578016631004,4.448525490042931,Full LASSO,48.0,4.0,11
Alejo Véliz,0.0,0.012290809327846373,0.012290809327846373,0.031930892328206235,0.18926553778625804,6274.735893170268,0.0,0.21241647857194268,25,Spurs,FWD,5.4,0.6747318424080576,0.5206267211293526,Full LASSO,0.0,0.0,0
Aleksandar Mitrović,7.920425608473241e-07,7.128383047625916e-06,6.336340486778593e-06,2.376127682541972e-05,0.00013068702253980852,70467.40459285362,0.0,3.960212804236619e-05,26,Fulham,FWD,7.4,0.6247795939885589,0.4165329300350534,Full LASSO,0.0,0.0,0
Alex Iwobi,0.09307656741602327,0.21569529531944526,0.12261872790342201,0.8005298176434181,4.768560447014021,45526.963496279015,0.42039481899226755,3.8105279777600978,26,Fulham,MID,5.3,2.323994772557394,2.819505840958295,Full LASSO,38.0,3.1666666666666665,12
Alex Matos,0.0,0.0,0.0,0.0,0.0,721.8995190021215,0.0,0.00022554649486628857,21,Chelsea,MID,4.5,0.41436707331997213,0.27631989771160353,Full LASSO,0.0,0.0,0
Alex Mighten,0.0,0.0,0.0,0.0,0.0,1743.88327006157,0.0,0.0,26,Nott'm Forest,MID,4.4,0.41436707331997213,0.2762447155466481,Full LASSO,0.0,0.0,0
Alex Murphy,0.0,0.0,0.0,0.0,0.0,42534.196140692795,0.0,0.0017127436953908778,26,Newcastle,DEF,3.9,0.5978586798159444,0.3991433677757599,Full LASSO,1.0,0.08333333333333333,1
Alex Scott,0.020394932132771125,0.06839211129073766,0.04799717915796654,0.6195713682040189,2.2427686536217246,2734.1924203297403,0.23591151886652031,1.4800305231146413,25,Bournemouth,MID,4.9,1.3457313786238791,1.3904977601208,Full LASSO,15.0,1.25,9
Alex Telles,0.0,0.0,0.0,0.0,0.0,527.998592871597,0.0,0.0,26,Man Utd,DEF,4.5,0.5978586798159444,0.3985724532106296,Full LASSO,0.0,0.0,0
Alexander Isak,0.013333830748128373,0.10610122377576683,0.09276739302763845,1.118641142284296,1.5493281805090906,1323115.5508355983,0.5062713657522119,1.3645237691676748,26,Newcastle,FWD,7.5,1.4468185633668365,1.4193869653004492,Full LASSO,91.0,7.583333333333333,11
Alexandre Moreno Lopera,0.060531592406306636,0.09283628850615593,0.032304696099849296,1.4610142800423755,3.270948170477376,299643.1392695558,0.9501431014919814,1.8023606257954012,26,Aston Villa,DEF,5.2,1.7652800943690625,1.7776402715111754,Full LASSO,13.0,1.0833333333333333,8
Alexis Mac Allister,0.22726195334813354,0.3717508368206852,0.1444888834725517,1.5759052132466758,9.24809806596809,296020.95967408584,1.2172748767554213,6.898247353622898,25,Liverpool,MID,5.8,4.377927018676013,5.218033796991641,Full LASSO,51.0,4.25,11
Alfie Dorrington,0.0,0.0,0.0,0.0,0.0,2075.3991223861167,0.0,0.0,14,Spurs,DEF,4.0,0.5978586798159444,0.3985724532106296,Full LASSO,0.0,0.0,0
Alfie Doughty,0.23329480856887155,0.34643027441055974,0.11313546584168818,2.9065597623185724,9.121402778538027,663918.0392014387,1.3275402930005633,2.7888547997882247,23,Luton,DEF,4.6,2.958510578980394,2.901958652583004,Full LASSO,27.0,2.25,12
Alfie Gilchrist,0.0014814814814814816,0.0014814814814814816,0.0,0.17579332418838595,0.13598536808413356,3266.4882014123136,0.0,0.5093735711019663,21,Chelsea,DEF,4.0,0.6196561677831532,0.5828953022227576,Full LASSO,15.0,1.25,6
Alfie Whiteman,0.0,0.0,0.0,0.0,0.0,21444.38695853128,0.0,0.0,25,Spurs,GK,3.9,0.32697257145518904,0.21798171430345936,Full LASSO,0.0,0.0,0
Alisson Ramses Becker,0.0,0.0,0.0,0.7645602607820968,0.8282286754272828,1495410.623492868,0.4348102611578709,1.2902582367709088,25,Liverpool,GK,5.8,1.1257742524027832,1.1806022471921582,Full LASSO,20.0,1.6666666666666667,6
Allan Campbell,0.0,0.0,0.0,0.0,0.0,1382.5659997123844,0.0,0.0,23,Luton,MID,4.9,0.41436707331997213,0.2762447155466481,Full LASSO,0.0,0.0,0
Allan Saint-Maximin,0.0,0.0,0.0,0.0,0.0,2829.1611028466973,0.0,0.0,26,Newcastle,MID,6.0,0.41436707331997213,0.2762447155466481,Full LASSO,0.0,0.0,0
Alphonse Areola,0.0,0.0,0.0,1.8381807336821003,3.375324834753953,3758104.2210275703,0.9816950517555103,2.3996924733788516,26,West Ham,GK,4.2,2.130471080050682,2.220211544493405,Full LASSO,30.0,2.5,8
Altay Bayindir,0.0,0.0,0.0,0.0,0.0,8755.21774493383,0.0,0.0,23,Man Utd,GK,4.0,0.32697257145518904,0.21798171430345936,Full LASSO,0.0,0.0,0
Amad Diallo,0.01321902149062643,0.01526748971193416,0.002048468221307729,0.06416095107453132,0.6258344764517605,2381.7544104073954,0.0,0.36259716506630085,26,Man Utd,MID,4.4,0.6109801678033296,0.5281858335576534,Full LASSO,21.0,1.75,6
Amadou Diallo,0.0,0.0,0.0,0.0,0.0,718.5513763522198,0.0,0.0017127436953908778,15,Newcastle,MID,4.5,0.41436707331997213,0.2768156301117784,Full LASSO,0.0,0.0,0
Amadou Onana,0.02226392210944628,0.10246467776715755,0.08020075565771129,0.5564259951637487,2.409910927193298,17171.289659896338,0.11700998085312943,2.273102250235747,26,Everton,MID,4.7,1.3240510313082385,1.6404014376174079,Full LASSO,15.0,1.25,10
Amari'i Bell,0.02723000034405881,0.02732417187927212,9.417153521331261e-05,3.1684918184019377,3.805803477940808,372722.42910653324,1.3269792656732724,1.9624318192027566,23,Luton,DEF,3.9,2.106078056860075,2.0581959776409686,Full LASSO,1.0,0.08333333333333333,1
Ameen Al-Dakhil,0.003985071135347477,0.0722586633713961,0.06893202845004037,0.15771818136463453,0.780786254662975,191627.82862728823,0.11141217216888662,0.5583547239316763,25,Burnley,DEF,3.8,0.7984233531640457,0.7184004767532558,Full LASSO,0.0,0.0,0
Anass Zaroury,0.001335661007910827,0.0013592760971932777,2.361508928245081e-05,0.01656701492364902,0.053928403090463053,2922.7842663551555,0.0005074796134491491,0.06866971085832141,25,Burnley,MID,4.6,0.43302897834719367,0.31157588918423623,Full LASSO,0.0,0.0,0
Andi Zeqiri,0.0,0.0,0.0,0.0,0.0,46834.61159044602,0.0,0.0,26,Brighton,FWD,4.4,0.6247448340051164,0.4164965560034109,Full LASSO,0.0,0.0,0
Andre Brooks,0.007935049162456966,0.02154273091828688,0.01360768175582991,0.4786016185647547,0.48676627683821805,3799.485682729234,0.22274532826786056,0.5555491000728087,26,Sheffield Utd,MID,4.4,0.7863832274401048,0.7094385183176727,Full LASSO,10.0,0.8333333333333334,7
Andreas Hoelgebaum Pereira,0.22559470639077311,0.2805474269701619,0.054952720579388735,1.1744768157282368,7.4071173376138795,96048.01827506596,0.9701890865255411,2.2886428538214085,26,Fulham,MID,5.3,3.562751097682416,3.138048349728747,Full LASSO,47.0,3.9166666666666665,11
Andrew Omobamidele,0.00043895747599451325,0.00043895747599451325,0.0,0.7879835390946502,0.6761316872427985,2532.631032865421,0.20850480109739378,0.7640603566529494,22,Nott'm Forest,DEF,4.5,0.8473658630763343,0.819597360935206,Full LASSO,6.0,0.5,6
Andrew Robertson,0.2017311004416243,0.22400670200096487,0.022275601559340576,1.1420997736445666,6.295945663244831,329872.7124276833,0.5565705147824539,2.5456198826087255,25,Liverpool,DEF,6.4,1.983773057149991,2.1710553323029025,Full LASSO,41.0,3.4166666666666665,9
Andrey Nascimento dos Santos,0.0,4.567316521042341e-05,4.567316521042341e-05,1.5224388403474471e-05,0.00015224388403474473,10315.454790504748,0.0,0.0007612194201737237,25,Chelsea,MID,4.2,0.41444465623410764,0.27655017729612963,Full LASSO,0.0,0.0,0
Andros Townsend,0.05468622732031089,0.12677861386933517,0.07209238654902428,1.064393594578319,2.717134859122023,14969.481209683778,0.18832486683480507,1.2932078380604186,16,Luton,MID,5.0,1.541091876063571,1.4584638633958535,Full LASSO,17.0,1.4166666666666667,10
André Onana,0.002712208216053678,0.002712208216053678,0.0,1.6129214823185074,2.82027411449517,1321491.3943616173,1.0,3.085502461479596,26,Man Utd,GK,4.8,2.1640995951377446,2.4712338839183614,Full LASSO,41.0,3.4166666666666665,11
André Tavares Gomes,0.0019509221155311705,0.0036417212823248515,0.0016907991667936815,0.05560128029263837,0.17200629985266488,12139.98999319626,0.019509221155311705,0.13981608494640055,26,Everton,MID,4.4,0.4866492442424346,0.3710381911437566,Full LASSO,11.0,0.9166666666666666,9
Andy Lonergan,0.0,0.0,0.0,0.0,0.0,6363.093815052525,0.0,0.0,26,Everton,GK,3.9,0.32697257145518904,0.21798171430345936,Full LASSO,0.0,0.0,0
Anel Ahmedhodžić,0.00485448690414232,0.17302921935611446,0.16817473245197212,1.7968059260997753,2.595045032417278,18026.689016322256,0.9532684292285845,0.8438466606166497,26,Sheffield Utd,DEF,4.3,1.6590530275568076,1.387317571910088,Full LASSO,7.0,0.5833333333333334,10
Angelo Ogbonna,0.0,0.0,0.0,0.12958922544555543,0.11021064794508141,11657.590040335748,0.04880275448431103,0.29963986068796516,26,West Ham,DEF,4.3,0.6485571833547714,0.5322514091325026,Full LASSO,2.0,0.16666666666666666,5
Anis Slimane,0.0006082228579217896,0.005301254017320974,0.004693031159399183,0.13909954614482364,0.181229651428626,1990.779778312327,0.10862108018246815,0.1601314540239049,26,Sheffield Utd,MID,4.7,0.5648148805792607,0.42992040506080875,Full LASSO,4.0,0.3333333333333333,4
Anssumane Fati Vieira,0.022695422476612017,0.11474345477159442,0.09204803229498242,0.2587034820399012,1.3825183301540698,37548.26090914674,0.002854572825651463,1.4790554104071267,23,Brighton,MID,6.4,0.9223113134239544,1.1078926790850119,Full LASSO,5.0,0.4166666666666667,6
Anthony Elanga,0.11425463652679085,0.5498720597416844,0.4356174232148936,1.6035457733369332,5.4998490359035,154488.1865503239,0.8898011844377554,3.801077681456382,26,Nott'm Forest,MID,5.1,3.2046355792265206,3.403449613303141,Full LASSO,25.0,2.0833333333333335,11
Anthony Gordon,0.05636183873297148,0.38767295835534,0.3313114166383288,2.233493558052381,5.3205540913714735,1821129.7620901393,0.9996742106185268,3.8341293456943912,26,Newcastle,MID,6.1,3.1932306392907828,3.4068635414253188,Full LASSO,62.0,5.166666666666667,9
Anthony Knockaert,0.0,0.0,0.0,0.0,0.0,2796.3114271817685,0.0,0.0,26,Fulham,MID,4.4,0.41436707331997213,0.2762447155466481,Full LASSO,0.0,0.0,0
Anthony Martial,0.00018537013113306382,0.0019309562793196817,0.001745586148186618,0.012817195988907714,0.03313345519805273,32782.84437728586,0.01013662320050084,0.03308911647759632,26,Man Utd,FWD,6.4,0.640346163159551,0.4379271475988994,Full LASSO,0.0,0.0,0
Antoine Semenyo,0.03652040961372285,0.10026410695435539,0.06374369734063257,1.0856445730475053,4.127380852141222,211330.95709686767,0.776169087129976,3.027573039477491,25,Bournemouth,FWD,4.5,2.2159860221039427,2.486515027895125,Full LASSO,46.0,3.8333333333333335,10
Antonee Robinson,0.07204361803410567,0.10126920818266043,0.029225590148554765,1.7417936175116402,5.465088170924374,180314.7517114166,0.9999331714089288,3.230386096458119,26,Fulham,DEF,4.5,2.1506859333192896,2.5105859876988994,Full LASSO,37.0,3.0833333333333335,12
Antony Matheus dos Santos,0.008504192450146168,0.015868144669191963,0.007363952219045795,0.1181701853531831,0.4460967131741287,61937.16404964983,0.06180812375894819,0.6665189324382057,26,Man Utd,MID,6.8,0.6113714528910326,0.6297539460734236,Full LASSO,17.0,1.4166666666666667,9
Antwoine Hackford,0.0,0.0,0.0,2.3761276825419705e-06,0.0,7408.066783820225,0.0,5.940319206354928e-05,26,Sheffield Utd,FWD,4.4,0.6247451726751954,0.4165165828474847,Full LASSO,0.0,0.0,0
Aribim Pepple,0.0,0.0,0.0,0.0,0.0,5716.212666418859,0.0,0.0,23,Luton,FWD,4.5,0.6247448340051164,0.4164965560034109,Full LASSO,0.0,0.0,0
Arijanet Muric,0.0,0.0,0.0,0.0,0.0,13623.019545480758,0.0,0.0,25,Burnley,GK,4.3,0.32697257145518904,0.21798171430345936,Full LASSO,47.0,3.9166666666666665,10
Armando Broja,0.004649990287713234,0.032207965098480264,0.02755797481076703,0.1510007483329529,0.4162606758203175,23054.34205883518,0.09232214756601471,0.45991071684083007,26,Fulham,FWD,4.9,0.799206635626617,0.6861079960313546,Full LASSO,9.0,0.75,6
Arnaut Danjuma Groeneveld,0.010046121947509356,0.0343090875238724,0.02426296557636303,0.13766473280347685,0.3704612579819137,13470.25808181051,0.10988045157977923,0.3938633082998508,26,Everton,MID,5.2,0.6400011997102615,0.5579552359067912,Full LASSO,0.0,0.0,0
Ashley Phillips,0.0,0.0,0.0,0.0,0.0,7501.223750596045,0.0,0.0,22,Spurs,DEF,4.0,0.5978586798159444,0.3985724532106296,Full LASSO,0.0,0.0,0
Ashley Young,0.021573783769401323,0.04040008247678776,0.01882629870738644,0.5189866104575342,1.2615937914069306,29377.207990295086,0.5518134741706964,2.5105699112317676,26,Everton,DEF,4.4,1.1735823949622262,1.6192449003854066,Full LASSO,34.0,2.8333333333333335,10
Auston Trusty,0.010612168113803609,0.01760477877048987,0.006992610656686259,1.1430766812097168,1.9473748347035942,235589.37270902283,0.6291785366398972,0.8235170276592046,26,Sheffield Utd,DEF,3.9,1.335873359928205,1.165087915838538,Full LASSO,7.0,0.5833333333333334,11
Axel Disasi,0.0091473366313222,0.038026561699585223,0.02887922506826302,1.941421586224347,3.323593118529755,380894.7212460368,0.9969234048434648,1.0246255714386585,25,Chelsea,DEF,4.9,1.8053823137557992,1.5451300663167522,Full LASSO,15.0,1.25,8
Aymeric Laporte,0.0,7.128383047625916e-06,7.128383047625916e-06,4.15822344444845e-06,0.00017226925698429302,10898.874152095339,0.0,5.940319206354928e-05,25,Man City,DEF,4.9,0.5978862933534091,0.39861066329962724,Full LASSO,0.0,0.0,0
Bailey Peacock-Farrell,0.0,0.0,0.0,0.0,0.0,885.9547657068163,0.0,0.0,25,Burnley,GK,4.0,0.32697257145518904,0.21798171430345936,Full LASSO,0.0,0.0,0
Bart Verbruggen,0.0,0.0,0.0,0.30083589977394554,1.0903715428924945,40704.9525353625,0.6846524165081735,2.1437530648099594,26,Brighton,GK,4.4,1.5847660276519193,1.7710950400379326,Full LASSO,38.0,3.1666666666666665,8
Bashir Humphreys,0.0,0.0,0.0,0.0,0.0,914.4379005939747,0.0,0.0,24,Chelsea,DEF,4.0,0.5978586798159444,0.3985724532106296,Full LASSO,0.0,0.0,0
Ben Brereton,0.00460905349794239,0.09646090534979428,0.09185185185185189,0.36938271604938283,1.8798353909465029,11048.427983539095,0.2962962962962964,1.5802469135802475,6,Sheffield Utd,MID,5.0,1.2760372831787294,1.3774404933125686,Full LASSO,46.0,3.8333333333333335,10
Ben Chilwell,0.045327059975475384,0.08760799854035292,0.04228093856487754,1.43375174553555,2.7938961514947076,528805.9845763476,0.8026696215756837,1.0789689673073568,25,Chelsea,DEF,5.4,1.5889934864470932,1.4189853134005144,Full LASSO,5.0,0.4166666666666667,2
Ben Davies,0.09535426191265846,0.3002619350824342,0.20490767316977573,0.7846490094219958,3.6183991266669433,47348.11404823297,0.4623563081610793,0.9557252375236571,25,Spurs,DEF,4.3,1.4908117674782184,1.312449590826698,Full LASSO,3.0,0.25,1
Ben Doak,0.0,0.0,0.0,8.3164468888969e-06,5.94031920635493e-06,3230.2658941272,0.0,5.940319206354928e-05,25,Liverpool,MID,4.3,0.4143697597973838,0.2762663075956103,Full LASSO,0.0,0.0,0
Ben Godfrey,0.052304526748971195,0.14086419753086424,0.08855967078189304,0.8727423561194427,3.3362427814188216,14123.164143265507,0.8769835221595625,1.6405465083966897,26,Everton,DEF,4.3,1.7262277320241879,1.697667324148355,Full LASSO,20.0,1.6666666666666667,8
Ben Greenwood,0.0,0.0,0.0,0.0,0.0,16969.15810086669,0.0,0.0,25,Bournemouth,DEF,4.0,0.5978586798159444,0.3985724532106296,Full LASSO,0.0,0.0,0
Ben Jackson,0.0,0.0,0.0,0.0,0.0,2984.685818369302,0.0,0.0,14,Brighton,DEF,4.0,0.5978586798159444,0.3985724532106296,Full LASSO,0.0,0.0,0
Ben Johnson,0.005011431184270692,0.023941472336534073,0.01893004115226338,1.1994741655235486,0.8015698826398417,7280.090902613101,0.3420210333790582,0.8410811360056905,26,West Ham,DEF,4.4,0.9578442037344667,0.9189231811582078,Full LASSO,6.0,0.5,6
Ben Mee,0.017702113949035717,0.2183694191312353,0.20066730518219958,2.216140935354673,2.698801481773764,189530.07053626474,1.1701907534208402,1.9756450208334968,25,Brentford,DEF,4.8,1.8225099937252807,1.8735550027613526,Full LASSO,0.0,0.0,0
Ben Osborn,0.017494195375840432,0.02416561429787218,0.00667141892203175,0.9394339293699993,1.5773368424221785,1397.0153599485348,0.3704594751584657,1.650630601254514,26,Sheffield Utd,MID,4.8,1.2604586722712487,1.390515981932337,Full LASSO,20.0,1.6666666666666667,10
Ben Parkinson,0.0,0.0,0.0,0.006028857807775891,0.0006850974781563512,2749.156233502664,0.0,0.0034254873907817555,15,Newcastle,FWD,4.5,0.6257685960473331,0.418320893161816,Full LASSO,0.0,0.0,0
Ben Pearson,0.0,0.0,0.0,0.0,0.0,80.73051004763407,0.0,0.0,25,Bournemouth,MID,4.5,0.41436707331997213,0.2762447155466481,Full LASSO,0.0,0.0,0
Bendegúz Bolla,0.0,0.0,0.0,0.0,0.0,41264.11525451299,0.0,0.0,26,Wolves,DEF,4.0,0.5978586798159444,0.3985724532106296,Full LASSO,0.0,0.0,0
Benicio Baker-Boaitey,7.707346629258947e-05,7.707346629258947e-05,0.0,0.05225006476103024,0.016227828363512293,479.95126123543776,0.0,0.1984666846053153,15,Brighton,MID,4.5,0.425297924267408,0.3496875110467104,Full LASSO,0.0,0.0,1
Benjamin Fredrick,0.0,0.0,0.0,0.0,0.0,483.71604938271605,0.0,0.0,5,Brentford,DEF,4.0,0.5978586798159444,0.3985724532106296,Full LASSO,0.0,0.0,0
Benjamin White,0.12616209418838087,0.13037948794273463,0.004217393754353774,0.2567945401505806,2.291543442013684,1135763.7582349316,0.9945763116312625,3.9734192146206175,26,Arsenal,DEF,5.6,1.6383634379537744,2.4167153635093888,Full LASSO,87.0,7.25,11
Benoît Badiashile,0.005234146405715784,0.005577765609603579,0.0003436192038877948,0.4989718896359146,0.5769990146287801,10126.999274112073,0.1561289650842396,0.35817334379545446,25,Chelsea,DEF,4.4,0.7960246125095358,0.650074189604842,Full LASSO,17.0,1.4166666666666667,8
Bernardo Veiga de Carvalho e Silva,0.24824204111426784,0.4431909756602977,0.1949489345460298,0.6851858948169487,7.428417122490446,408302.4353771237,0.7855357894407946,2.5337034587957854,25,Man City,MID,6.3,3.4923505391251584,3.1728015123487,Full LASSO,44.0,3.6666666666666665,10
Bernd Leno,0.0,0.0,0.0,1.7461808209456666,2.6030023007651106,1651538.0074085617,1.0,2.5388306599933275,26,Fulham,GK,4.8,2.1640995951377446,2.2890099500896053,Full LASSO,44.0,3.6666666666666665,12
Bertrand Traoré,0.0,0.0,0.0,0.00017575919451802633,0.00015224388403474473,1637.0522057121993,0.0,0.0005371812094809239,26,Aston Villa,MID,5.0,0.41443144724266323,0.2764666918982691,Full LASSO,0.0,0.0,0
Billy Blacker,0.0,0.0,0.0,0.0,0.0,111.66666666666666,0.0,0.0,2,Sheffield Utd,FWD,4.5,0.6247448340051164,0.4164965560034109,Full LASSO,0.0,0.0,0
Billy Gilmour,0.05827444055059218,0.0879645752225989,0.029690134672006752,0.8287870581790479,2.7652191232260606,32723.074518161964,0.9930417134583274,1.0546041592302475,26,Brighton,MID,4.9,2.0801966610134794,1.738332493752402,Full LASSO,7.0,0.5833333333333334,4
Bobby Clark,0.0,0.0,0.0,0.11588477366255147,0.3860082304526749,2113.728424650688,0.0,0.720164609053498,25,Liverpool,MID,4.4,0.5380884280370414,0.5987804883758602,Full LASSO,1.0,0.08333333333333333,1
Bobby De Cordova-Reid,0.06099728089324309,0.1262680752796044,0.06527079438636128,0.9481248531589794,2.7280311497737637,17894.06635724652,0.5861599496781754,3.036890952856724,26,Fulham,MID,5.3,1.8172407882586623,2.2237908431246827,Full LASSO,19.0,1.5833333333333333,10
Bobby Thomas,0.0,0.0,0.0,0.0,0.0,1042.2188737749043,0.0,0.0,25,Burnley,DEF,4.0,0.5978586798159444,0.3985724532106296,Full LASSO,0.0,0.0,0
Boubacar Kamara,0.01827995576546455,0.018540592334514116,0.00026063656904956486,0.5195523676215484,0.7179524824079716,10707.857785453958,0.3800961285762046,0.8401291803745032,26,Aston Villa,MID,5.0,0.96858845653862,0.9257686978172477,Full LASSO,0.0,0.0,0
Boubacar Traoré,0.000804642674528797,0.0009966655595135922,0.00019202288498479513,0.16082097752426686,0.06142334358420427,36400.46513736076,0.0034149148988348987,0.26845302180036196,26,Wolves,MID,4.3,0.4542824734107421,0.3923393228739487,Full LASSO,11.0,0.9166666666666666,10
Bradley Ibrahim,0.0,0.0,0.0,0.0,0.0,412.81664965840264,0.0,0.0,15,Arsenal,MID,4.5,0.41436707331997213,0.2762447155466481,Full LASSO,0.0,0.0,0
Braian Ojeda Rodríguez,0.0,0.0,0.0,0.0,0.0,191.64974274074916,0.0,0.0,26,Nott'm Forest,MID,4.5,0.41436707331997213,0.2762447155466481,Full LASSO,0.0,0.0,0
Brandon Aguilera Zamora,0.0,0.0,0.0,0.0,0.0,418.19996487949777,0.0,0.04389574759945132,26,Nott'm Forest,MID,4.5,0.41436707331997213,0.29087663141313186,Full LASSO,0.0,0.0,0
Brandon Austin,0.0,0.0,0.0,0.0,0.0,20543.144177974318,0.0,0.0,25,Spurs,GK,3.9,0.32697257145518904,0.21798171430345936,Full LASSO,0.0,0.0,0
Brandon Williams,0.0,0.0,0.0,0.0,0.0,6448.827579296964,0.0,0.0,26,Man Utd,DEF,4.0,0.5978586798159444,0.3985724532106296,Full LASSO,0.0,0.0,0
Brennan Johnson,0.03350464646613402,0.23656336712709483,0.20309725739410708,0.7392556803465772,4.77226885609315,65531.42819377938,0.3436793755972118,3.600717598222641,25,Spurs,MID,5.8,2.2771235310744316,2.7183215534571676,Full LASSO,59.0,4.916666666666667,11
Bruno Borges Fernandes,0.15661773066707,0.3786350810473539,0.22201735038028386,1.592545184667404,9.45443272738379,1109347.1945312275,0.9913292350420839,3.2129943334675986,26,Man Utd,MID,8.2,4.280333377469221,3.9245536961353467,Full LASSO,77.0,6.416666666666667,10
Bruno Cavaco Jordão,0.0,0.0,0.0,0.0,0.0,18846.209774785173,0.0,0.0,26,Wolves,MID,4.3,0.41436707331997213,0.2762447155466481,Full LASSO,0.0,0.0,0
Bruno Guimarães Rodriguez Moura,0.23301017935120916,0.31292861628902496,0.07991843693781578,2.290521825359922,6.445626904411728,243215.12497093316,0.9988581708697397,4.306186352742954,26,Newcastle,MID,5.8,3.4665341170392514,3.746418195607152,Full LASSO,71.0,5.916666666666667,11
Bryan Gil Salvatierra,0.0051308298255748706,0.029797349721480543,0.024666519895905674,0.2508645552816904,0.25672823720998417,1344.1502513100286,0.00642278885771579,0.3130684913259713,25,Spurs,MID,4.9,0.543269784838325,0.46653602033420705,Full LASSO,1.0,0.08333333333333333,1
Bryan Mbeumo,0.0026905686758832387,0.011846173793034152,0.00915560511715091,0.015811589464618293,0.10616606032073846,718435.7288688206,0.01734152991583263,0.08821822155869376,25,Brentford,MID,6.8,0.46740934700869163,0.34101230519202563,Full LASSO,40.0,3.3333333333333335,10
Bukayo Saka,0.41952198606897806,1.1071281780898843,0.6876061920209063,0.24248999699431464,12.766666138598788,6514857.042381658,0.999774453505134,10.93176591748707,26,Arsenal,MID,9.1,5.584624356308828,7.367004876701575,Full LASSO,57.0,4.75,9
Bénie Traoré,0.000176732521234341,0.00018207880852006043,5.346287285719436e-06,0.0071902163417078835,0.006259815852223867,3098.8686355146438,8.910478809532391e-05,0.007084113456860772,26,Sheffield Utd,FWD,5.1,0.6273235783307809,0.42057709003947413,Full LASSO,0.0,0.0,0
CJ Egan-Riley,0.0,0.0,0.0,0.0,0.0,20156.049267055823,0.0,0.0,25,Burnley,DEF,3.9,0.5978586798159444,0.3985724532106296,Full LASSO,0.0,0.0,0
Callum Hudson-Odoi,0.09855079739414035,0.3311312475455679,0.23258045015142753,1.634071927136691,6.9246119326505635,31667.273107824054,0.8701705172877103,5.822249607518026,26,Nott'm Forest,MID,4.7,3.4441869030940993,4.236874471235408,Full LASSO,45.0,3.75,12
Callum Marshall,0.0,0.0,0.0,0.0,0.0,50.074074074074076,0.0,0.0,6,West Ham,FWD,4.5,0.6247448340051164,0.4164965560034109,Full LASSO,0.0,0.0,0
Callum Scanlon,0.0,0.0,0.0,0.0,0.0,1841.5030033994929,0.0,0.0,17,Liverpool,DEF,3.9,0.5978586798159444,0.3985724532106296,Full LASSO,0.0,0.0,0
Callum Wilson,0.012418344406963077,0.03199531574458603,0.019576971337622952,0.38589855398375483,0.6848711616844153,336484.15001239243,0.17159915079654,0.34472423278298475,26,Newcastle,FWD,7.8,0.9426904010202559,0.7433683449411654,Full LASSO,12.0,1.0,4
Calum Chambers,0.0,0.0,0.0,0.5166666666666666,0.3333333333333333,150619.54773677044,0.0,0.3333333333333333,26,Aston Villa,DEF,3.8,0.6512896439319336,0.5453042070657335,Full LASSO,5.0,0.4166666666666667,4
Calvin Bassey,0.0011576564810954033,0.06119571745210409,0.06003806097100869,0.6681690251022261,2.5063297744343878,17743.18807404846,0.4118071256857526,3.6681167717563685,26,Fulham,DEF,4.4,1.2783403512770233,2.0749324914368046,Full LASSO,33.0,2.75,12
Cameron Archer,0.012415244096100024,0.1659748587562956,0.1535596146601956,0.40379487598582714,1.4252518397185416,614542.3167819802,0.20607922721253882,1.530877971444346,26,Sheffield Utd,FWD,4.3,1.142778168208939,1.272144769287408,Full LASSO,16.0,1.3333333333333333,7
Cameron Peupion,0.0,0.0,0.0,0.0,0.0,62.97119341563786,0.0,0.0,6,Brighton,MID,4.5,0.41436707331997213,0.2762447155466481,Full LASSO,0.0,0.0,0
Caoimhin Kelleher,0.003333333333333333,0.003333333333333333,0.0,1.2107388402475532,2.525947753372434,200954.9788468926,0.8985230721754626,2.371870066479628,25,Liverpool,GK,3.7,1.9776735887510026,2.1090724146605444,Full LASSO,19.0,1.5833333333333333,5
Carlos Baleba,0.001033471137179153,0.002285553737625548,0.001277773755877258,0.1462518593885764,0.12201235472947165,5364.07044561798,0.026280792117149347,0.2863602696647872,23,Brighton,MID,4.5,0.48720869637779685,0.4202592208067936,Full LASSO,19.0,1.5833333333333333,11
Carlos Henrique Casimiro,0.020953605606041564,0.0676052758107608,0.04665167020471925,1.059195773692452,3.0296281696587464,210496.34329337213,0.868989396686245,1.1411834166124804,26,Man Utd,MID,5.3,2.0789772306811587,1.7663792926582658,Full LASSO,28.0,2.3333333333333335,11
Carlos Mendes Gomes,0.0,0.0,0.0,0.0,0.0,726.2810609914037,0.0,0.0,23,Luton,MID,4.5,0.41436707331997213,0.2762447155466481,Full LASSO,0.0,0.0,0
Carlos Vinícius Alves Morais,0.0007265318980325711,0.0070018543980899725,0.0062753225000574024,0.007345214796185318,0.10322859708252,121351.43927022931,0.0005638662371657214,0.07010974681584731,26,Fulham,FWD,4.5,0.6508970110627104,0.457301256313756,Full LASSO,0.0,0.0,0
Carlton Morris,0.04237711273581744,0.638180765053146,0.5958036523173287,2.9359231534774786,9.129554401277579,295579.59706587926,1.1534823187939347,7.36985994295971,23,Luton,FWD,5.0,3.8971986889940986,5.054752440315969,Full LASSO,45.0,3.75,12
Carney Chukwuemeka,0.009392814592033522,0.01235815368267903,0.0029653390906455054,0.2284075052929875,0.6159972493942892,140603.07487573422,8.910478809532391e-05,0.6092614091146095,25,Chelsea,MID,4.2,0.6258521038721095,0.6203218722862762,Full LASSO,4.0,0.3333333333333333,4
Cauley Woodrow,0.023398888004387525,0.12323226130104636,0.09983337329665885,1.2935679434558636,2.071159901960722,62297.69717839172,0.6666666666666666,0.8485817130713702,23,Luton,FWD,4.3,1.6891212093888743,1.4089413772830395,Full LASSO,21.0,1.75,10
Cesare Casadei,0.016666666666666666,0.016666666666666666,0.0,0.1251851851851852,0.6296296296296297,118.14814814814815,0.0,0.6296296296296298,4,Chelsea,MID,4.5,0.6203631443285207,0.6234519727622236,Full LASSO,9.0,0.75,8
Charles Sagoe,0.0,0.0,0.0,0.0,0.0,409.2215023764529,0.0,0.0,15,Arsenal,MID,4.5,0.41436707331997213,0.2762447155466481,Full LASSO,0.0,0.0,0
Charlie Goode,0.0,0.0,0.0,0.0,0.0,20232.784669945795,0.0,0.0,25,Brentford,DEF,3.9,0.5978586798159444,0.3985724532106296,Full LASSO,0.0,0.0,0
Charlie Taylor,0.01332970236766743,0.013405945044932345,7.624267726491362e-05,0.9498159403814923,0.8826239442805937,443764.1478893207,0.41247077072208754,0.4736882747814166,25,Burnley,DEF,4.0,1.0185210406903966,0.8369101187207366,Full LASSO,12.0,1.0,10
Cheick Doucouré,0.0004323811776023248,0.0004975444682504736,6.516329064814887e-05,0.002627978556709016,0.011931768279342284,5284.9394699063,0.0037708554610457606,0.005237913200458963,26,Crystal Palace,MID,4.9,0.42115397154675294,0.2825152854313216,Full LASSO,0.0,0.0,0
Cheikhou Kouyaté,8.955714644846154e-05,0.0010843132089831395,0.000994756062534678,0.019535186265847618,0.016339296534507886,2224.494210387931,0.014451274929860525,0.043449447196276345,26,Nott'm Forest,MID,4.8,0.4325639498617174,0.30285911563990375,Full LASSO,2.0,0.16666666666666666,2
Chiedozie Ogbene,0.18775429021046225,0.6418728419729061,0.45411855176244376,3.0342048896204945,10.539525973499769,16351.843788305527,1.218874847203379,5.920258549705494,23,Luton,FWD,4.9,4.287238223759101,4.831578332407899,Full LASSO,20.0,1.6666666666666667,5
Chris Basham,8.019430928579149e-06,1.7709576633945623e-05,9.690145705366474e-06,0.0005687886579247377,0.000889284348688852,41080.35896685466,0.00033197721398014774,0.0006494130215697392,26,Sheffield Utd,DEF,3.9,0.5982259271088584,0.3990337557464288,Full LASSO,0.0,0.0,0
Chris Mepham,0.0004547758963186232,0.0005232856441342584,6.850974781563513e-05,0.07269641653085829,0.08298433155972947,5550.39169410785,0.04579879614988563,0.005442940746048415,25,Bournemouth,DEF,4.3,0.6421597460329727,0.4299208109373312,Full LASSO,12.0,1.0,3
Chris Richards,0.004893769957530564,0.0763478165967624,0.07145404663923183,1.0701889674403573,4.298660330791128,66985.5575333513,0.9949285975048991,5.42850946719286,26,Crystal Palace,DEF,3.9,1.9603284567415136,3.116388793558629,Full LASSO,32.0,2.6666666666666665,8
Chris Wood,0.00480034399626096,0.07221760315846244,0.06741725916220147,0.206326938625605,1.192018517324758,109181.06035385208,0.17636429479942498,0.9836912919718306,26,Nott'm Forest,FWD,4.8,1.0415800562295732,1.0222838014769922,Full LASSO,56.0,4.666666666666667,11
Christian Eriksen,0.21609227491766164,0.22404960837506788,0.007957333457406256,0.29025458260998205,2.807869276724354,40783.17265156722,0.09522041123276496,0.46444442109483286,26,Man Utd,MID,5.8,1.4760241628828659,1.1388309156201881,Full LASSO,13.0,1.0833333333333333,5
Christian Nørgaard,0.062125023189245565,0.27127366976433154,0.20914864657508592,2.1390989438565073,4.798433740355165,20434.113317471587,1.172545964650827,3.2800146605640883,25,Brentford,MID,5.3,3.0755410706085833,3.1436989339270847,Full LASSO,14.0,1.1666666666666667,7
Christian Pulisic,0.0,0.0,0.0,0.0,0.0,381.0923492342727,0.0,0.0,25,Chelsea,MID,5.5,0.41436707331997213,0.2762447155466481,Full LASSO,0.0,0.0,0
Christopher Nkunku,0.009861301630848961,0.21790733119951233,0.20804602956866336,0.7573967383020881,3.2787227556774887,177901.38151968375,0.17741197988111573,1.5846669714982475,25,Chelsea,FWD,7.3,1.6216688403400439,1.6093348840594448,Full LASSO,10.0,0.8333333333333334,3
Clément Lenglet,0.018284306254127934,0.09680282477264646,0.07851851851851853,1.8329776964893565,2.573540618808109,24258.287918138925,0.9739877051262513,1.8182695727277352,23,Aston Villa,DEF,4.5,1.6696300242707274,1.7191765404230632,Full LASSO,1.0,0.08333333333333333,5
Cody Gakpo,0.03744134375598987,0.5715701554056823,0.5341288116496926,1.234145969923223,9.639157084701175,237090.740213556,0.5382072346007123,6.851602788517767,25,Liverpool,FWD,7.2,3.4236974508884375,4.566332563431548,Full LASSO,40.0,3.3333333333333335,11
Cole Palmer,0.23806336443654225,0.45015533903484983,0.21209197459830753,1.643691069323694,6.304043526139049,3738801.261700255,0.9664314019626707,6.019776780097418,25,Chelsea,MID,5.8,3.42280914715825,4.288465024804639,Full LASSO,120.0,10.0,10
Connor Roberts,0.0006837985924782773,0.0006837985924782773,0.0,0.07614644353122321,0.10864557862865129,16320.850898414154,0.0009397770619428695,0.09237783805857427,25,Burnley,DEF,4.3,0.6159098891930794,0.4413992054815777,Full LASSO,0.0,0.0,0
Conor Bradley,0.13810699588477368,0.281440329218107,0.14333333333333334,0.6065020576131688,5.994650205761317,271516.0848786601,0.831275720164609,3.9341563786008242,11,Liverpool,DEF,4.1,2.1214138695137574,2.7256613725427794,Full LASSO,17.0,1.4166666666666667,7
Conor Coventry,0.0,0.0,0.0,0.0,0.0,7812.125160302443,0.0,0.0,26,West Ham,MID,4.3,0.41436707331997213,0.2762447155466481,Full LASSO,0.0,0.0,0
Conor Gallagher,0.07968380871004971,0.2459973661889076,0.16631355747885795,1.822620530248471,6.059115450162287,50150.583524307345,0.9942194900280561,4.80183596904793,25,Chelsea,MID,5.4,3.2496204447955592,3.7670256195463496,Full LASSO,53.0,4.416666666666667,11
Craig Dawson,0.008391273854789504,0.03661944600260477,0.028228172147815263,1.3411814895827272,4.159717206921574,102674.60849824322,0.9787780351492976,3.9335963034154484,26,Wolves,DEF,4.5,1.9271252291017915,2.595948920539677,Full LASSO,1.0,0.08333333333333333,1
Cristian Romero,0.031326050595332104,0.04812296959547763,0.016796919000145523,1.4576445906651316,2.455760472623442,783906.0393718663,0.9187048881144748,1.2685255457730855,25,Spurs,DEF,4.9,1.6133321037660795,1.4983965844350813,Full LASSO,39.0,3.25,11
Curtis Jones,0.06343102935090923,0.15262927885862237,0.08919824950771314,1.061825072345876,3.0033528872790676,16214.384638415995,0.9348298238019515,1.9887284052133332,25,Liverpool,MID,4.9,2.1797535275346234,2.11607848676086,Full LASSO,6.0,0.5,6
Cédric Alves Soares,0.0022222222222222222,0.0022222222222222222,0.0,0.05259259259259261,0.05925925925925927,40345.375070563234,0.0,0.3703703703703704,26,Arsenal,DEF,3.9,0.6073575178810092,0.5283618020441296,Full LASSO,1.0,0.08333333333333333,1
César Azpilicueta,0.0,0.0,0.0,0.0,0.0,124.29283942587062,0.0,0.0,25,Chelsea,DEF,4.5,0.5978586798159444,0.3985724532106296,Full LASSO,0.0,0.0,0
Daiki Hashioka,0.0,0.0,0.0,0.0,0.0,252.7777777777778,0.0,0.0,3,Luton,DEF,4.0,0.5978586798159444,0.3985724532106296,Full LASSO,4.0,0.3333333333333333,9
Dan Burn,0.02456718192892257,0.05478140165229327,0.030214219723370687,1.5409706306400024,2.9489147563087696,512674.75267350615,0.6516087950113555,2.094546605332819,26,Newcastle,DEF,4.4,1.511595183790817,1.7059123243048175,Full LASSO,32.0,2.6666666666666665,11
Dan Potts,0.0,0.0,0.0,0.0,0.0,8936.289540684804,0.0,0.0,23,Luton,DEF,3.9,0.5978586798159444,0.3985724532106296,Full LASSO,0.0,0.0,0
Dane Scarlett,0.0,0.0,0.0,0.0,0.0,14188.35535347883,0.0,0.0,25,Spurs,FWD,4.5,0.6247448340051164,0.4164965560034109,Full LASSO,4.0,0.3333333333333333,4
Dango Ouattara,0.014732484542281286,0.04119360939995977,0.026461124857678486,0.24666664982784714,1.7902511662444869,1426.7991998977814,0.06221776295406041,0.932032546683405,25,Bournemouth,MID,4.7,1.0275318758716654,0.9956987661422452,Full LASSO,36.0,3.0,11
Daniel Bentley,0.0,0.0,0.0,0.019120642429419906,0.02296147016633395,108814.77118710053,0.012524438272545789,0.05619940250501316,26,Wolves,GK,3.9,0.349981555462127,0.25205417114308903,Full LASSO,2.0,0.16666666666666666,2
Daniel Castelo Podence,0.0,0.0,0.0,0.0,0.0,4237.029284706639,0.0,0.0,26,Wolves,MID,5.3,0.41436707331997213,0.2762447155466481,Full LASSO,0.0,0.0,0
Daniel Gore,0.0,0.0,0.0,0.0,0.005852766346593511,634.1003275557368,0.0,0.019509221155311705,24,Man Utd,MID,4.5,0.4160325130647601,0.28385808242827726,Full LASSO,0.0,0.0,0
Daniel Jebbison,0.0,0.0,0.0,0.0,0.0,1342.2586689266852,0.0,0.0,26,Sheffield Utd,FWD,4.8,0.6247448340051164,0.4164965560034109,Full LASSO,1.0,0.08333333333333333,1
Daniel Muñoz,0.03308641975308642,0.12975308641975308,0.09666666666666665,0.7325925925925927,3.655555555555556,4677.2962962962965,0.8024691358024691,2.6790123456790123,5,Crystal Palace,DEF,4.5,1.7269756642040741,2.04432122469572,Full LASSO,48.0,4.0,11
Danilo dos Santos de Oliveira,0.03583520132413938,0.10069417188472138,0.064858970560582,1.5257330104358695,2.7672248120812633,7392.380838725592,0.715914378319997,2.196747417123415,26,Nott'm Forest,MID,5.3,1.9731307222741612,2.0476696205572456,Full LASSO,30.0,2.5,10
Danny Ings,0.003512105331896583,0.035999710810855644,0.03248760547895906,0.1491622147721818,0.6885000821666832,69322.44491060654,0.0456084912948422,0.7402462989161597,26,West Ham,FWD,5.6,0.8374770936349294,0.8050668287286727,Full LASSO,14.0,1.1666666666666667,7
Danny Welbeck,0.0895884900950938,0.42008763888484096,0.3304991487897472,0.5488987298695858,5.121569124481934,105957.18606225136,0.8629609859285956,3.526670347793718,26,Brighton,FWD,5.7,2.4279874805266983,2.794215102949038,Full LASSO,28.0,2.3333333333333335,10
Dara Costelloe,0.0,0.0,0.0,0.0,0.0,898.8446525474968,0.0,0.0,25,Burnley,MID,4.5,0.41436707331997213,0.2762447155466481,Full LASSO,0.0,0.0,0
Dara O'Shea,0.012213121645554412,0.028701418939535487,0.01648829729398107,2.218993241232228,3.005819781411958,25458.95429953371,0.9994570176975444,1.7155816558286785,25,Burnley,DEF,4.4,1.7561604017998655,1.7426341531428031,Full LASSO,27.0,2.25,11
Darko Churlinov,0.0,0.0,0.0,0.0,0.0,1833.1290310346758,0.0,0.0,25,Burnley,MID,4.4,0.41436707331997213,0.2762447155466481,Full LASSO,0.0,0.0,0
Darren Randolph,0.0,0.0,0.0,0.0,0.0,42337.37893041491,0.0,0.0,25,Bournemouth,GK,4.0,0.32697257145518904,0.21798171430345936,Full LASSO,0.0,0.0,0
Darwin Núñez Ribeiro,0.1923310797332428,0.8891635750622497,0.696832495329007,0.8510430047800608,9.08400901338234,1905093.1122291787,0.8255951945475304,4.477172308867441,25,Liverpool,FWD,7.6,3.400837349994779,3.7596156696189995,Full LASSO,31.0,2.5833333333333335,11
David Brooks,0.003149338685898519,0.029992891645346274,0.02684355295944775,0.04637186194497429,0.24755599834475395,5882.2430287307325,0.0005668828055126984,0.1684454582787608,25,Bournemouth,MID,4.7,0.5120755612151704,0.39753219356970054,Full LASSO,0.0,0.0,0
David Datro Fofana,0.004814814814814815,0.25259259259259265,0.24777777777777782,1.8259670781893005,2.5345679012345688,14894.898711504602,0.7037037037037037,2.757201646090535,26,Burnley,FWD,5.0,1.8975181302686956,2.184079302209309,Full LASSO,29.0,2.4166666666666665,10
David Ozoh,8.670764957916315e-05,8.670764957916315e-05,0.0,0.09015224643939783,0.07230597450410016,585.2320766605955,0.0,0.6800845192263438,20,Crystal Palace,MID,4.5,0.44580197117939346,0.5238961538617102,Full LASSO,1.0,0.08333333333333333,1
David Raya Martin,6.422788857715792e-05,6.422788857715792e-05,0.0,0.31870974515887973,1.18934168079831,700008.8423039308,0.9981535991224664,3.825841967158032,26,Arsenal,GK,5.0,2.1607075221890764,2.7157523371787278,Full LASSO,54.0,4.5,10
Davinson Sánchez,1.782095761906479e-06,8.910478809532393e-06,7.128383047625916e-06,0.00011999444796836961,0.0001544482993652282,7943.60970386166,0.0,0.0,25,Spurs,DEF,4.4,0.5978834367805679,0.3985889578537119,Full LASSO,0.0,0.0,0
Dean Henderson,0.0001300614743687447,0.0001300614743687447,0.0,0.6502348896679032,0.8432725363681014,35933.41029885276,0.42710291452861204,0.3513692018493118,26,Crystal Palace,GK,4.4,1.111614877629283,0.8581996523692925,Full LASSO,38.0,3.1666666666666665,9
Declan Rice,0.33317300766121166,0.394057321512548,0.06088431385133641,0.26588632956380565,7.7382924155806005,539671.5861164044,1.0,5.878284773919249,26,Arsenal,MID,5.4,3.650306847018168,4.392966155985195,Full LASSO,61.0,5.083333333333333,11
Deivid Washington de Souza Eugênio,0.0,0.0003577731274816501,0.0003577731274816501,0.0012483998490849068,0.00030448776806948945,7094.043931223649,0.0,0.0007612194201737237,23,Chelsea,FWD,4.5,0.6249958653801457,0.416917650060155,Full LASSO,1.0,0.08333333333333333,1
Dejan Kulusevski,0.20813210386182296,0.4380497428857373,0.22991793603987465,1.2717106757814354,7.325348986926804,317219.76131769334,0.7421124828532237,4.015346249507058,25,Spurs,MID,6.8,3.4982604811964633,3.670622403966661,Full LASSO,38.0,3.1666666666666665,11
Dele Alli,0.0,0.0,0.0,0.0,0.0,1710.8181089009013,0.0,0.0,26,Everton,MID,4.8,0.41436707331997213,0.2762447155466481,Full LASSO,0.0,0.0,0
Demarai Gray,0.0,0.0,0.0,0.0,0.0,7918.320309562005,0.0,0.0,26,Everton,MID,5.3,0.41436707331997213,0.2762447155466481,Full LASSO,0.0,0.0,0
Denis Franchi,0.0,0.0,0.0,0.0,0.0,13763.815761259817,0.0,0.0,25,Burnley,GK,3.9,0.32697257145518904,0.21798171430345936,Full LASSO,0.0,0.0,0
Deniz Undav,0.0,0.0,0.0,0.0,0.0,1417.290732974769,0.0,0.0,26,Brighton,FWD,5.5,0.6247448340051164,0.4164965560034109,Full LASSO,0.0,0.0,0
Destiny Udogie,0.11590434886764113,0.17825763666969338,0.062353287802052244,1.1248011596068719,3.5588597855161606,1060852.612120951,0.6446834823957907,2.329216518613857,25,Spurs,DEF,4.9,1.6046775855470976,1.8461905632360172,Full LASSO,15.0,1.25,7
Detlef Esapa Osong,0.0,0.0,0.0,0.0,0.0,366.98765432098764,0.0,0.0,6,Nott'm Forest,FWD,4.5,0.6247448340051164,0.4164965560034109,Full LASSO,0.0,0.0,0
Devan Tanton,0.0,0.0,0.0,0.0,0.0,2138.287192327611,0.0,0.0,17,Fulham,DEF,4.0,0.5978586798159444,0.3985724532106296,Full LASSO,0.0,0.0,0
Diego Carlos Santos Silva,0.005088759163178697,0.00724174581937748,0.002152986656198783,0.5113611671187558,0.820569902110519,63770.85154547684,0.3624689887025571,1.0724680917135958,26,Aston Villa,DEF,4.4,0.9747301277606637,1.0073094490783077,Full LASSO,17.0,1.4166666666666667,10
Diego Manuel Jadon da Silva Moreira,0.0,0.0,0.0,0.0,0.0,238.06236855945554,0.0,0.0,23,Chelsea,MID,4.5,0.41436707331997213,0.2762447155466481,Full LASSO,0.0,0.0,0
Diogo Dalot Teixeira,0.054179807169753125,0.0916860540774402,0.03750624690768708,1.5951184736436752,3.8820969285272566,529152.937353075,0.9869344493710623,2.6151550818482523,26,Man Utd,DEF,5.2,1.8881454034502188,2.13048196291623,Full LASSO,35.0,2.9166666666666665,11
Diogo Teixeira da Silva,0.0714820125707644,0.343845691737603,0.27236367916683857,1.0687935844258878,8.802553858949695,1637874.8935962059,0.8751944922787094,5.736189176400067,25,Liverpool,MID,8.3,3.923517337992585,4.527741284128412,Full LASSO,13.0,1.0833333333333333,2
Dion Pereira,0.0,0.0,0.0,0.0,0.0,4886.725355159693,0.0,0.0,23,Luton,MID,4.4,0.41436707331997213,0.2762447155466481,Full LASSO,0.0,0.0,0
Divin Mubama,8.670764957916315e-05,0.0010115892450902368,0.0009248815955110736,0.0736270379339695,0.008435931740306081,510848.66059358045,0.0,0.0893235979576703,26,West Ham,FWD,4.2,0.6372640799920034,0.4546172526472257,Full LASSO,0.0,0.0,0
Divock Origi,0.13583973679707878,0.149347504500322,0.013507767703243207,0.5882396542934402,2.2704611941677664,10756.68026082121,0.01685982075150395,1.726563609421937,22,Nott'm Forest,FWD,5.0,1.2633240704054705,1.417737250077626,Full LASSO,11.0,0.9166666666666666,8
Djed Spence,0.0,0.0,0.0,0.0,0.0,20843.829053027617,0.0,0.0,25,Spurs,DEF,4.0,0.5978586798159444,0.3985724532106296,Full LASSO,0.0,0.0,0
Djordje Petrovic,0.0,0.0,0.0,1.3192181069958848,2.3201646090534984,64208.49705133174,0.8024691358024691,2.2880658436213994,17,Chelsea,GK,4.5,1.8012103065090916,1.9634954855465274,Full LASSO,0.0,0.0,0
Dominic Calvert-Lewin,0.013974446829521018,0.2385249015917002,0.22463716241175835,0.8088683943538789,2.7803567039618997,95574.88100802357,0.9776407357058017,2.2892769020382886,26,Everton,FWD,5.8,1.9688474045287279,2.0756572370319146,Full LASSO,41.0,3.4166666666666665,9
Dominic Sadi,0.0,0.0,0.0,0.0,0.0,70.77777777777777,0.0,0.0,3,Bournemouth,MID,4.5,0.41436707331997213,0.2762447155466481,Full LASSO,1.0,0.08333333333333333,1
Dominic Solanke,0.07144461766203214,0.8864764744604645,0.8150318567984325,1.582431577181823,8.960732695266998,2348954.1342570195,1.0,5.267838841133705,25,Bournemouth,FWD,7.0,3.5756293490054256,4.139699179714851,Full LASSO,47.0,3.9166666666666665,11
Dominik Szoboszlai,0.03996116056182838,0.07866234139620377,0.0387011808343754,0.10692520049492628,1.5139584842280311,449057.0691887759,0.20118884316415192,1.1887438796352177,25,Liverpool,MID,7.1,1.0591560258413044,1.102351977105942,Full LASSO,17.0,1.4166666666666667,11
Donny van de Beek,4.51092989732577e-06,1.0525503093760135e-05,6.014573196434361e-06,0.0,0.00024058292785737452,4017.1582482714193,0.0,0.00015036432991085907,26,Man Utd,MID,4.7,0.4144430079344289,0.2763454600662562,Full LASSO,0.0,0.0,0
Douglas Luiz Soares de Paulo,0.14955244230422352,0.47592969536313356,0.3263772530589101,1.7556795415513653,9.60668147543695,1007818.0124220472,0.9913292350420839,8.108522113993068,26,Aston Villa,MID,5.5,4.412295960221014,5.644371344811699,Full LASSO,18.0,1.5,10
Dovydas Sasnauskas,0.0,0.0,0.0,0.0,0.0,0.0,0.0,0.0,1,Sheffield Utd,DEF,4.0,0.5978586798159444,0.3985724532106296,Full LASSO,0.0,0.0,0
Dwight McNeil,0.2696668678401265,0.2836871500664735,0.014020282226347056,1.1389838408560031,5.765729110793797,38000.452191332864,0.9559705952184059,3.4871400547593074,26,Everton,MID,5.4,3.083393496575199,3.217975682636568,Full LASSO,44.0,3.6666666666666665,11
Eberechi Eze,0.031532983619317015,0.10693416275528873,0.07540117913597175,0.26218766978090113,2.082988445383003,305487.72264295706,0.1618180877022916,1.3471246053341246,26,Crystal Palace,MID,6.0,1.2313171435601031,1.2699196308181102,Full LASSO,71.0,5.916666666666667,10
Eddie Beach,0.0,0.0,0.0,0.0,0.0,1650.2680579843648,0.0,0.0,23,Chelsea,GK,4.0,0.32697257145518904,0.21798171430345936,Full LASSO,0.0,0.0,0
Eddie Nketiah,0.015802783910717454,0.09839759518156097,0.0825948112708435,0.1630367969202626,1.5254883659957348,413526.14431175846,0.03117946865515752,1.0812943003839992,26,Arsenal,FWD,5.1,1.032100630544214,1.048498520490809,Full LASSO,3.0,0.25,3
Ederson Santana de Moraes,0.0033342243812142865,0.0033342243812142865,0.0,1.0615303530405331,2.850121512887348,1653926.9550726176,1.2217147426087733,7.064624316767337,25,Man City,GK,5.5,2.5714177403331444,4.069153265811209,Full LASSO,27.0,2.25,7
Edson Álvarez Velázquez,0.027784029118420123,0.05824105469548361,0.030457025577063482,1.7184449913938935,3.3928169686531007,16988.702837778495,0.9495031198163675,1.4004342872790916,26,West Ham,MID,5.0,2.31278873366609,2.0086705848704236,Full LASSO,20.0,1.6666666666666667,9
Elijah Adebayo,0.011404316428415351,0.2687414601003891,0.25733714367197363,1.0524147645552502,5.525705561493171,365723.10372754117,0.650133345024105,4.334396982407518,23,Luton,FWD,4.9,2.474569271005527,3.0945118414728574,Full LASSO,14.0,1.1666666666666667,4
Elijah Campbell,0.0,0.0,0.0,0.0,0.0,840.9343595996547,0.0,0.0,10,Everton,DEF,4.0,0.5978586798159444,0.3985724532106296,Full LASSO,0.0,0.0,0
Ellery Balcombe,0.0,0.0,0.0,0.0,0.0,20867.448319710857,0.0,0.0,25,Brentford,GK,3.9,0.32697257145518904,0.21798171430345936,Full LASSO,0.0,0.0,0
Elliot Anderson,3.070711881410034e-05,0.0001557601198566315,0.00012505300104253113,0.0006104637098568211,0.00287661504525864,163961.63680091442,0.0005429823024558799,0.0021761059967654885,26,Newcastle,MID,4.2,0.4157615435781309,0.27789973105100907,Full LASSO,23.0,1.9166666666666667,11
Elliot Thorpe,0.0,0.0,0.0,0.0,0.0,372.0875812851206,0.0,0.0,23,Luton,MID,4.5,0.41436707331997213,0.2762447155466481,Full LASSO,0.0,0.0,0
Ellis Simms,0.0,0.0,0.0,0.0,0.0,879.2716166039733,0.0,0.0,26,Everton,FWD,4.5,0.6247448340051164,0.4164965560034109,Full LASSO,0.0,0.0,0
Emerson Leite de Souza Junior,0.027945302634524424,0.04894417675624355,0.02099887412171913,0.7370843510365448,1.8784130710025435,83021.77191286441,0.43419706956623416,0.5584730884746222,25,Spurs,DEF,4.3,1.1928445725833716,0.9813874112137884,Full LASSO,3.0,0.25,5
Emerson Palmieri dos Santos,0.05886054405470566,0.10325202263139285,0.04439147857668718,1.7794323678464463,6.621922953323911,254613.1020230454,0.9937120104146069,5.056524006511175,26,West Ham,DEF,4.4,2.331907485854966,3.240112992740369,Full LASSO,11.0,0.9166666666666666,11
Emil Krafth,0.003179280484569317,0.003786234031623459,0.0006069535470541421,0.009937883073602759,0.07755517545691816,1821.7954514962348,0.0,0.2854631366695736,26,Newcastle,DEF,4.4,0.610290223206488,0.5020145276941832,Full LASSO,21.0,1.75,10
Emile Smith Rowe,0.03404355431878432,0.13744941678524314,0.10340586246645883,0.06642485344096466,0.8071688038295395,10087.14409799925,0.06635110101262613,0.8287959581052783,26,Arsenal,MID,5.3,0.7975479609292762,0.8079639599879436,Full LASSO,8.0,0.6666666666666666,3
Emiliano Buendía Stati,0.0,0.0,0.0,0.0,0.0,3951.7142426390656,0.0,0.0,26,Aston Villa,MID,5.7,0.41436707331997213,0.2762447155466481,Full LASSO,0.0,0.0,0
Emiliano Marcondes,0.0,0.0,0.0,0.0,0.0,3891.72481422081,0.0,0.0,25,Bournemouth,MID,4.3,0.41436707331997213,0.2762447155466481,Full LASSO,0.0,0.0,0
Emiliano Martínez Romero,0.0,0.0,0.0,1.8629695544501823,2.289405178594339,1350339.216865839,0.9999702984039684,2.7290027031934905,26,Aston Villa,GK,5.3,2.1640450295330282,2.3523642540865155,Full LASSO,30.0,2.5,9
Emmanuel Dennis,0.0,0.0,0.0,0.0,0.0,13820.839602308733,0.0,0.0,26,Nott'm Forest,FWD,4.8,0.6247448340051164,0.4164965560034109,Full LASSO,0.0,0.0,0
Enes Ünal,0.00962962962962963,0.06481481481481483,0.0551851851851852,0.006666666666666666,0.3666666666666667,761.9259259259259,0.0,0.7037037037037037,4,Bournemouth,FWD,5.0,0.7137185957108244,0.7103802983751175,Full LASSO,37.0,3.0833333333333335,11
Enock Agyei,0.0,0.0,0.0,0.0,0.0,44071.68027506095,0.0,0.0,25,Burnley,MID,4.2,0.41436707331997213,0.2762447155466481,Full LASSO,0.0,0.0,0
Enso González,0.0,0.0,0.0,0.0,0.0,1686.119158779646,0.0,0.0,23,Wolves,MID,5.0,0.41436707331997213,0.2762447155466481,Full LASSO,1.0,0.08333333333333333,1
Enzo Fernández,0.16261161989698492,0.3099912891065125,0.14737966920952766,1.8243087030868386,5.585378747904514,239208.53916145454,0.8935638326552215,3.1271442272023693,25,Chelsea,MID,4.8,3.087768275482609,3.100893592722529,Full LASSO,17.0,1.4166666666666667,6
Eric Bailly,0.0,0.0,0.0,0.0,0.0,9001.922899304138,0.0,0.0,26,Man Utd,DEF,4.0,0.5978586798159444,0.3985724532106296,Full LASSO,0.0,0.0,0
Eric Dier,3.425487390781755e-05,3.425487390781755e-05,0.0,0.03782788473017495,0.06044914779920177,43296.10721910306,0.0017127436953908778,0.06397588331989333,25,Spurs,DEF,4.2,0.6087075323100254,0.42713031597998136,Full LASSO,0.0,0.0,0
Erling Haaland,0.08204341177509537,0.9984146944462372,0.9163712826711419,0.9015800794478522,9.932629949934858,7436097.817669269,1.042032887940524,6.480769016402556,25,Man City,FWD,14.4,3.736040005002085,4.650949675468908,Full LASSO,71.0,5.916666666666667,9
Ethan Ampadu,0.0,0.0,0.0,0.0,0.0,683.5945199175736,0.0,0.0,25,Chelsea,DEF,4.0,0.5978586798159444,0.3985724532106296,Full LASSO,0.0,0.0,0
Ethan Brierley,0.0,0.0,0.0,0.0,0.0,1185.4784389788324,0.0,0.0,23,Brentford,MID,4.5,0.41436707331997213,0.2762447155466481,Full LASSO,0.0,0.0,0
Ethan Horvath,0.0,0.0,0.0,0.0,0.0,9290.764308938884,0.0,0.0,26,Nott'm Forest,GK,4.3,0.32697257145518904,0.21798171430345936,Full LASSO,0.0,0.0,0
Ethan Nwaneri,0.0074074074074074086,0.0074074074074074086,0.0,0.019259259259259264,0.2666666666666667,125.23914037494285,0.0,0.14814814814814817,8,Arsenal,MID,4.5,0.4978163020525649,0.3812602507510926,Full LASSO,0.0,0.0,0
Ethan Pinnock,0.012910894427946308,0.027334106768820025,0.014423212340873712,0.7366496881434934,1.1510088587758927,307800.0684780513,0.44444444444444453,1.1950200187603448,25,Brentford,DEF,4.6,1.0831828620608064,1.1204619142939858,Full LASSO,18.0,1.5,6
Evan Ferguson,0.0035588218759865843,0.0593595124455919,0.055800690569605314,0.33038920253872744,1.7669670025733035,516270.83911126386,0.45265100633552324,1.4972318974970742,26,Brighton,FWD,5.8,1.3559279215965785,1.4030292468967436,Full LASSO,4.0,0.3333333333333333,3
Ezri Konsa Ngoyo,0.01259973201572727,0.032764174113103756,0.02016444209737648,0.3234258035129592,1.0032257248292258,225504.95586340385,0.2962962962962964,0.5407811511182894,26,Aston Villa,DEF,4.5,0.9592190616957345,0.8197397581699194,Full LASSO,32.0,2.6666666666666665,12
Fabian Mrozek,0.0,0.0,0.0,0.0,0.0,61.0,0.0,0.0,2,Liverpool,GK,4.0,0.32697257145518904,0.21798171430345936,Full LASSO,0.0,0.0,0
Fabian Schär,0.03711207593763291,0.14301557920458738,0.10738498474843591,2.388077366830199,4.990450828005562,815103.9725741827,1.0,2.9366673536207744,26,Newcastle,DEF,5.4,2.074650174252732,2.3619892340420794,Full LASSO,39.0,3.25,10
Fabio Henrique Tavares,0.0,0.0,0.0,0.0,0.0,767.5807828334205,0.0,0.0,25,Liverpool,MID,5.0,0.41436707331997213,0.2762447155466481,Full LASSO,0.0,0.0,0
Facundo Buonanotte,0.08867441105563975,0.23410303898224882,0.14542862792660904,0.5176032568754171,6.4115588647202975,8460.526020614609,0.9686464185639605,3.7344734215854762,26,Brighton,MID,4.7,3.166680846219447,3.355945038008123,Full LASSO,15.0,1.25,8
Facundo Pellistri Rebollo,0.0016295041869471552,0.0034185969734022055,0.00178909278645505,0.009389582349501909,0.0345460163219262,19690.5036926985,0.00015036432991085907,0.032642004185777534,26,Man Utd,MID,4.2,0.4278585280175673,0.29611968674030403,Full LASSO,0.0,0.0,0
Felipe Augusto de Almeida Monteiro,0.0044444444444444444,0.004823388987049677,0.00037894454260523167,0.7736739920329819,0.6285810968040981,2608.104215732426,0.5594092288701851,1.0057805099719446,26,Nott'm Forest,DEF,4.4,1.0772562042849554,1.053430972847285,Full LASSO,1.0,0.08333333333333333,2
Femi Seriki,0.0,0.0,0.0,0.0,0.0,7973.547360214218,0.0,0.0,26,Sheffield Utd,DEF,3.9,0.5978586798159444,0.3985724532106296,Full LASSO,0.0,0.0,0
Filip Marschall,0.0,0.0,0.0,0.0,0.0,3029.821832056527,0.0,0.0,25,Aston Villa,GK,4.0,0.32697257145518904,0.21798171430345936,Full LASSO,0.0,0.0,0
Flynn Downes,0.0,0.0,0.0,0.0,0.0,1102.1753277702505,0.0,0.0,26,West Ham,MID,5.0,0.41436707331997213,0.2762447155466481,Full LASSO,0.0,0.0,0
Fodé Ballo-Touré,0.0,0.0,0.0,0.041338699874492194,0.057980471962080476,3462.4104728599195,0.0,0.18451719005496384,22,Fulham,DEF,4.5,0.6071525373664466,0.46627408826261896,Full LASSO,1.0,0.08333333333333333,1
Folarin Balogun,0.0,0.0,0.0,0.0,0.0,19786.558377686128,0.0,0.0,26,Arsenal,FWD,4.4,0.6247448340051164,0.4164965560034109,Full LASSO,0.0,0.0,0
Francisco Jorge Tomás Oliveira,0.0,0.0,0.0,0.0,0.0,491.90120584388364,0.0,0.0,26,Wolves,MID,4.5,0.41436707331997213,0.2762447155466481,Full LASSO,0.0,0.0,0
Franco Umeh-Chibueze,0.0,0.0,0.0,0.0,0.0,117.33333333333333,0.0,0.0,2,Crystal Palace,FWD,4.5,0.6247448340051164,0.4164965560034109,Full LASSO,0.0,0.0,0
Frank Onyeka,0.012074144441190232,0.10438828245909536,0.09231413801790511,1.2286112926204644,3.582265252638557,1573.6934635688158,0.5780789280868416,1.1739186970209274,25,Brentford,MID,4.9,2.0725384646274296,1.7729985420919288,Full LASSO,15.0,1.25,7
Fraser Forster,0.0,0.0,0.0,0.0,0.0,227955.69403143876,0.0,0.0,25,Spurs,GK,3.8,0.32697257145518904,0.21798171430345936,Full LASSO,0.0,0.0,0
Fred Onyedinma,0.0,0.0,0.0,0.0,0.0,118.46173409937518,0.0,0.0,23,Luton,MID,5.0,0.41436707331997213,0.2762447155466481,Full LASSO,11.0,0.9166666666666666,8
Frederico Rodrigues de Paula Santos,0.0,0.0,0.0,0.0,0.0,3742.6197627155016,0.0,0.0,26,Man Utd,MID,5.0,0.41436707331997213,0.2762447155466481,Full LASSO,0.0,0.0,0
Fábio Ferreira Vieira,3.32623068998026e-05,0.0004600858440623538,0.0004268235371625512,0.00019361089792985844,0.004032339726891903,8585.72702797347,0.00016707147767873232,0.002359652578493097,26,Arsenal,MID,5.4,0.4159851145707293,0.2781099605733172,Full LASSO,3.0,0.25,3
Fábio Silva,3.8117048240777458e-06,3.648346045902986e-05,3.267175563495213e-05,0.0010493825258721555,0.0005861114950270198,18091.549358750643,9.405505410061973e-05,0.0005002862581602041,26,Wolves,FWD,5.2,0.6250891125138629,0.41689283709529534,Full LASSO,0.0,0.0,0
Gabriel Fernando de Jesus,0.039464266591358536,0.09663123193489366,0.0571669653435351,0.07545586216430901,2.093042348674351,347826.49773864174,0.16565601852746553,1.0954706672076917,26,Arsenal,FWD,7.8,1.2330820137018068,1.187211564870435,Full LASSO,22.0,1.8333333333333333,9
Gabriel Martinelli Silva,0.37761533246008316,0.6425252458736896,0.2663913948950878,0.2024273505550394,6.349727148436941,631379.6739564135,0.9556280986891645,5.205833382558572,26,Arsenal,MID,7.7,3.391997605331807,3.9966095310740615,Full LASSO,22.0,1.8333333333333333,10
Gabriel Osho,0.007259451190254422,0.18642455136129882,0.1791651001710444,3.1671030790010697,4.644186661743644,16160.271928146829,1.318043527635938,2.0464456282279904,23,Luton,DEF,4.4,2.234416699217931,2.1717596755546174,Full LASSO,6.0,0.5,6
Gabriel Słonina,0.0,0.0,0.0,0.0,0.0,2707.4321613951606,0.0,0.0,25,Chelsea,GK,4.0,0.32697257145518904,0.21798171430345936,Full LASSO,0.0,0.0,0
Gabriel dos Santos Magalhães,0.020991881128654,0.25305415484172644,0.23206227371307248,0.3184588960099697,5.973868541076394,2311053.2062951988,0.9994034155984557,4.826049669793285,26,Arsenal,DEF,5.2,2.2318812411229265,3.0966040506797126,Full LASSO,53.0,4.416666666666667,11
Garang Kuol,0.0,0.0,0.0,0.0,0.0,311.5011644267096,0.0,0.0,26,Newcastle,MID,4.5,0.41436707331997213,0.2762447155466481,Full LASSO,0.0,0.0,0
Gavin Kilkenny,0.0,0.0,0.0,0.0,0.0,7007.42855252687,0.0,0.0,25,Bournemouth,MID,4.3,0.41436707331997213,0.2762447155466481,Full LASSO,0.0,0.0,0
George Baldock,0.0020444234417110194,0.002078678315618837,3.425487390781755e-05,0.09900522178947498,0.197313763425551,594024.4067820441,0.06807796423218704,0.07189095481413742,26,Sheffield Utd,DEF,3.8,0.6755657677486344,0.47434083010380207,Full LASSO,2.0,0.16666666666666666,2
George Earthy,0.0,0.0,0.0,0.0,0.0,0.0,0.0,0.0,1,West Ham,MID,4.5,0.41436707331997213,0.2762447155466481,Full LASSO,8.0,0.6666666666666666,3
George Shelvey,0.0,0.0,0.0,0.0,0.0,4761.524269708325,0.0,0.0,26,Nott'm Forest,GK,3.9,0.32697257145518904,0.21798171430345936,Full LASSO,0.0,0.0,0
Gianluca Scamacca,0.0,0.0,0.0,0.0,0.0,2052.9689256919673,0.0,0.0,26,West Ham,FWD,6.0,0.6247448340051164,0.4164965560034109,Full LASSO,0.0,0.0,0
Giovani Lo Celso,0.07495675632737576,0.07660313120457025,0.0016463748771944813,0.1589997706632253,1.2992760041444402,9138.48707781966,0.05609904642911133,0.9401230390535389,25,Spurs,MID,4.8,0.8980503046771304,0.9120745494692666,Full LASSO,10.0,0.8333333333333334,9
Giovanni Reyna,0.004444444444444446,0.013333333333333338,0.008888888888888889,0.11,0.7000000000000001,923.962962962963,0.0,0.7777777777777779,4,Nott'm Forest,MID,4.9,0.6362012489011695,0.6833934251933722,Full LASSO,10.0,0.8333333333333334,6
Giulian Biancone,0.0,0.0,0.0,0.0,0.0,6551.663959794529,0.0,0.0,26,Nott'm Forest,DEF,3.9,0.5978586798159444,0.3985724532106296,Full LASSO,0.0,0.0,0
Glen Rea,0.0,0.0,0.0,0.0,0.0,2127.394647154536,0.0,0.0,23,Luton,MID,4.4,0.41436707331997213,0.2762447155466481,Full LASSO,0.0,0.0,0
Gonzalo Montiel,0.008751508054279869,0.008771807238817835,2.0299184537965973e-05,0.17624570636360729,0.6775993062017241,7139.843968599861,0.15857925047797908,0.73308521853531,24,Nott'm Forest,DEF,4.4,0.813808618745645,0.7869008186755333,Full LASSO,8.0,0.6666666666666666,5
Gonçalo Manuel Ganchinho Guedes,0.0,0.0,0.0,0.0,0.0,3470.403230575641,0.0,0.0,26,Wolves,MID,5.4,0.41436707331997213,0.2762447155466481,Full LASSO,0.0,0.0,0
Granit Xhaka,0.0,0.0,0.0,0.0,0.0,972.6049826017313,0.0,0.0,26,Arsenal,MID,6.0,0.41436707331997213,0.2762447155466481,Full LASSO,0.0,0.0,0
Guglielmo Vicario,0.0,0.0,0.0,1.6675864816519792,2.8674007697547625,909047.7331570551,1.0,2.262565906990358,25,Spurs,GK,5.3,2.1640995951377446,2.1969216990886156,Full LASSO,33.0,2.75,11
Gustavo Hamer,0.08821442595075774,0.13332589473974227,0.04844480212231788,1.490164284786245,4.018912865025218,15751.830901311881,0.8589645887313928,1.7314481273558213,25,Sheffield Utd,MID,4.9,2.4515393834985213,2.211508964784288,Full LASSO,46.0,3.8333333333333335,11
Gustavo Henrique Furtado Scarpa,0.0,0.0,0.0,0.0,0.0,1594.8262425162618,0.0,0.0,26,Nott'm Forest,MID,4.5,0.41436707331997213,0.2762447155466481,Full LASSO,0.0,0.0,0
Hakim Ziyech,0.0,0.0,0.0,0.0,0.0,7524.335184642092,0.0,0.0,25,Chelsea,MID,5.4,0.41436707331997213,0.2762447155466481,Full LASSO,0.0,0.0,0
Halil Dervişoğlu,0.0,0.0,0.0,0.0,0.0,595.0287546938405,0.0,0.0,25,Brentford,FWD,4.5,0.6247448340051164,0.4164965560034109,Full LASSO,0.0,0.0,0
Hamed Traorè,4.4552394047661944e-07,7.908049943459996e-06,7.462526002983378e-06,5.0121443303619694e-05,0.0002216481603871182,1497.818870173257,0.0,0.00022461831999029568,25,Bournemouth,MID,4.7,0.4144417644214867,0.27636938238765457,Full LASSO,0.0,0.0,0
Han-Noah Massengo,0.0,0.0,0.0,0.10666666666666669,0.027983539094650213,863.6128119839361,0.0,0.3127572016460906,23,Burnley,MID,4.9,0.43510623349721067,0.39432322288017063,Full LASSO,0.0,0.0,0
Hannes Delcroix,0.011288090601793251,0.011306357083352791,1.826648155954141e-05,1.0601381766256683,1.102593974092895,5014.107243543907,0.37935578661124836,0.19968895733323597,24,Burnley,DEF,4.0,1.0313665411142634,0.7541406798539209,Full LASSO,0.0,0.0,1
Hannibal Mejbri,4.8116585571474886e-05,5.0121443303619694e-05,2.004857732144787e-06,0.004542717366978767,0.0009230960190933833,12232.924728501086,0.00010024288660723939,0.030527601423798085,26,Man Utd,MID,4.3,0.4152818588880678,0.28703043973331116,Full LASSO,0.0,0.0,0
Harrison Ashby,0.0,0.0,0.0,0.0,0.0,1258.8359455620616,0.0,0.0,26,Newcastle,DEF,4.0,0.5978586798159444,0.3985724532106296,Full LASSO,0.0,0.0,0
Harrison Reed,0.01301854076872499,0.03508556382047041,0.022067023051745415,0.4352688927743816,0.6250070853020544,32170.32220256718,0.4373094956777259,1.314418360387414,26,Fulham,MID,4.5,0.9851178756189887,1.0948847038751304,Full LASSO,13.0,1.0833333333333333,7
Harry Arter,0.0,0.0,0.0,0.0,0.0,14509.474689760018,0.0,0.0,26,Nott'm Forest,MID,4.3,0.41436707331997213,0.2762447155466481,Full LASSO,0.0,0.0,0
Harry Kane,0.0,0.0,0.0,0.0,0.0,62514.11973046255,0.0,0.0,25,Spurs,FWD,12.5,0.6247448340051164,0.4164965560034109,Full LASSO,0.0,0.0,0
Harry Maguire,0.14246433228780525,0.5112871320545982,0.36882279976679294,1.1948899777187891,6.104620836325268,191770.5661895618,0.8193595727285693,3.7482349784092666,26,Man Utd,DEF,4.2,2.1309758438483746,2.6700622220353383,Full LASSO,17.0,1.4166666666666667,6
Harry Toffolo,0.02786031492286696,0.03311047786232196,0.005250162939455007,0.7015255407814933,1.022379075281403,14051.970953539692,0.10390349110661869,0.5081899008415348,26,Nott'm Forest,DEF,4.4,0.8320666565794461,0.7241077380001423,Full LASSO,10.0,0.8333333333333334,8
Harry Wilson,0.10909264931411579,0.148314409567681,0.03922176025356523,0.4796328768121592,2.051867069424892,17076.312241932283,0.4025871783939608,0.9004719410633444,26,Fulham,MID,5.3,1.4517910487305363,1.2680180128414724,Full LASSO,39.0,3.25,11
Harvey Barnes,0.048912105636453734,0.098575050556299,0.049662944919845284,0.7204491291025146,1.3314510515657922,108416.3602487553,0.22238929369990096,1.519329124576886,26,Newcastle,MID,6.2,1.110163106039942,1.24655177888559,Full LASSO,37.0,3.0833333333333335,10
Harvey Elliott,0.23798163684353763,0.39655645653072324,0.15857481968718568,1.138282169133565,9.260097255573486,26392.635755997275,0.42877910620777726,6.522402705812342,25,Liverpool,MID,4.8,3.7770483356405347,4.692166459031137,Full LASSO,42.0,3.5,11
Harvey Griffiths,0.0,0.0,0.0,0.0,0.0,152.6460905349794,0.0,0.0,6,Wolves,MID,4.5,0.41436707331997213,0.2762447155466481,Full LASSO,0.0,0.0,0
Hjalmar Ekdal,3.8536733146294737e-05,0.0031112390651078883,0.003072702331961593,0.22247662487463338,0.31631532631718934,13993.069015908273,0.21235847441202327,0.09999479402856266,25,Burnley,DEF,3.9,0.7922982463145466,0.5615304288858852,Full LASSO,10.0,0.8333333333333334,2
Hugo Bueno López,0.0004648619005263491,0.0008750418964883751,0.00041017999596202606,0.039309485578822315,0.15337410312340852,10142.340652829202,0.012233000425691776,0.18503941122856243,26,Wolves,DEF,4.4,0.6307234589135726,0.4821621096852359,Full LASSO,9.0,0.75,9
Hugo Lloris,0.0,0.0,0.0,0.0,0.0,61374.74156998189,0.0,0.0,25,Spurs,GK,4.7,0.32697257145518904,0.21798171430345936,Full LASSO,0.0,0.0,0
Hwang Hee-chan,0.04733041296450692,0.15400434516309675,0.10667393219858981,0.4904479544788636,1.6483314598610275,656712.8371746086,0.643243095168347,2.0165570393613845,26,Wolves,MID,5.6,1.5161132947786615,1.6829278763062359,Full LASSO,20.0,1.6666666666666667,6
Hwang Ui-jo,0.0,0.0,0.0,0.0,0.0,29403.606980612643,0.0,0.0,26,Nott'm Forest,FWD,4.4,0.6247448340051164,0.4164965560034109,Full LASSO,0.0,0.0,0
Hákon Valdimarsson,0.0,0.0,0.0,0.0,0.0,276.90123456790127,0.0,0.0,5,Brentford,GK,4.0,0.32697257145518904,0.21798171430345936,Full LASSO,0.0,0.0,0
Ian Maatsen,0.0005408267726639697,0.010546164363939957,0.010005337591275988,0.033728305877246116,0.06075452732669251,5014.7272962348225,0.029263831732967552,0.07585519892478126,25,Chelsea,MID,5.1,0.46432087605055006,0.33483231700862714,Full LASSO,0.0,0.0,0
Ibrahim Sangaré,0.0005404837762436698,0.0007412201566746667,0.00020073638043099684,0.042339774380943565,0.0738447496188242,976.69869761328,0.029357497403809253,0.038049652079229175,22,Nott'm Forest,MID,4.9,0.4621813351014269,0.32080410742736093,Full LASSO,6.0,0.5,6
Ibrahima Konaté,0.02343082890353144,0.03050737273171018,0.007076543828178736,1.3029239499622434,1.7904375619797062,218908.71480492267,0.7307817940949844,1.076806285076559,25,Liverpool,DEF,4.9,1.3794883774245397,1.2785943466418792,Full LASSO,13.0,1.0833333333333333,4
Idrissa Gueye,0.008447346447316427,0.027008480567127804,0.01856113411981138,0.6215914753580914,1.4850301304640008,3741.617665678504,0.8306036381743008,1.3734145212833582,26,Everton,MID,4.8,1.5304810276055334,1.4781255254981414,Full LASSO,40.0,3.3333333333333335,6
Igor Julio dos Santos de Paulo,0.012309751046749622,0.012561270630165357,0.00025151958341573436,0.36916708554186295,1.068934116181966,11994.165004960529,0.5390937192620532,0.7473440010379353,26,Brighton,DEF,4.3,1.1340909543665134,1.0051753032569875,Full LASSO,21.0,1.75,8
Iliman Ndiaye,0.0,0.0,0.0,0.0,0.0,965.3277128485438,0.0,0.0,26,Sheffield Utd,FWD,5.5,0.6247448340051164,0.4164965560034109,Full LASSO,0.0,0.0,0
Illia Zabarnyi,0.015382520971960275,0.023786748440568824,0.00840422746860855,1.6011257707147828,2.4880842949500566,20718.56388533309,1.0,1.4246432309853978,25,Bournemouth,DEF,4.4,1.6735386049545091,1.5905734802981386,Full LASSO,35.0,2.9166666666666665,10
Ionuț Radu,0.0,0.0,0.0,0.002816511854642778,0.00308293865170358,9919.498664694813,0.0019030485504343089,0.001141829130260586,25,Bournemouth,GK,4.3,0.33046871337457184,0.22069308529313475,Full LASSO,0.0,0.0,0
Isaac Hayden,0.0,0.0,0.0,0.0,0.0,2229.2969125589225,0.0,0.0,26,Newcastle,MID,4.4,0.41436707331997213,0.2762447155466481,Full LASSO,0.0,0.0,0
Ishé Samuels-Smith,0.0,0.0,0.0,0.0,0.0,0.0,0.0,0.0,1,Chelsea,DEF,4.0,0.5978586798159444,0.3985724532106296,Full LASSO,0.0,0.0,0
Ismaila Coulibaly,0.0,0.0,0.0,0.0,0.0,3788.1272036682453,0.0,0.0,26,Sheffield Utd,MID,4.4,0.41436707331997213,0.2762447155466481,Full LASSO,0.0,0.0,0
Issa Diop,0.0065414782869837075,0.013217287476178903,0.006675809189195197,1.1523266272748032,1.6260961170371875,45577.839994123635,0.4894571438115139,1.4403421184208658,26,Fulham,DEF,4.4,1.1898031648388203,1.2733161493661687,Full LASSO,5.0,0.4166666666666667,3
Issa Kaboré,0.07781578792035619,0.07799040110895701,0.00017461318860082368,0.28031175460204016,0.21267021774452674,347798.2786225891,0.08453296813595183,0.045066164674516164,23,Luton,DEF,4.0,0.6891649942756315,0.47446538440859304,Full LASSO,9.0,0.75,7
Ivan Neves Abreu Cavaleiro,0.0,0.0,0.0,0.0,0.0,356.22872407958187,0.0,0.0,26,Fulham,MID,5.0,0.41436707331997213,0.2762447155466481,Full LASSO,0.0,0.0,0
Ivan Perišić,4.050555158833267e-05,5.0307078278818294e-05,9.80152669048563e-06,7.778105460820989e-05,0.0009047848691179348,81057.68897383445,0.0,0.0004566620389885352,25,Spurs,DEF,4.7,0.5980037103995681,0.3988213609460416,Full LASSO,0.0,0.0,0
Ivan Toney,0.07567901234567903,0.5205898491083676,0.4449108367626887,2.292578875171468,7.946227709190673,852667.653209093,1.1344307270233198,4.3182441700960235,25,Brentford,FWD,8.2,3.510489020730355,3.779740737185578,Full LASSO,22.0,1.8333333333333333,10
Ivo Grbic,0.0,0.0,0.0,0.5950617283950618,0.28641975308641976,220.41975308641977,0.5308641975308642,0.6666666666666666,5,Sheffield Utd,GK,4.5,1.302237534644694,1.090380578652018,Full LASSO,13.0,1.0833333333333333,7
Jack Cork,4.4552394047661944e-07,4.4552394047661944e-07,0.0,5.791811226196055e-06,0.07107851762363562,1969.9786196848881,0.0,0.3772736333268323,25,Burnley,MID,4.8,0.43459390169094736,0.41548714556957567,Full LASSO,1.0,0.08333333333333333,1
Jack Grealish,0.017060097304532968,0.028898587907957993,0.011838490603425022,0.12199236210833733,0.8170886658702031,175452.1292737369,0.07128543869332322,0.4757001943847272,25,Man City,MID,7.2,0.7334965896729219,0.6475644579101902,Full LASSO,9.0,0.75,6
Jack Harrison,0.03974810462334635,0.17958032515587138,0.13983222053252503,1.081390887331207,3.182339118821819,17276.513556732905,0.7773266847880455,2.70436716342302,25,Everton,MID,5.5,2.138412539750417,2.327064080974618,Full LASSO,18.0,1.5,8
Jack Hinshelwood,0.006516735475093694,0.04061557241089657,0.03409883693580287,0.2992581554571434,1.5335016979158504,11705.191086324388,0.21101353321099717,1.3077915361478072,26,Brighton,MID,4.5,1.0678291135801237,1.1478165877693516,Full LASSO,0.0,0.0,0
Jack Robinson,0.05450969731639836,0.08850447561399062,0.033994778297592246,1.6694230552317337,3.1655098333993767,9410.632437051878,0.8923382564484521,0.7192000841255195,26,Sheffield Utd,DEF,4.3,1.7092534240573465,1.3792356440800706,Full LASSO,11.0,0.9166666666666666,9
Jack Walton,0.0,0.0,0.0,0.0,0.0,839.4336174159685,0.0,0.0,23,Luton,GK,4.0,0.32697257145518904,0.21798171430345936,Full LASSO,0.0,0.0,0
Jacob Brown,0.002428202580455449,0.022922152609330667,0.020493950028875215,0.21562278695839193,0.5450266096271258,14744.321880072755,0.11780879135578085,0.3498297101749726,23,Luton,FWD,4.9,0.8539634675012033,0.6859188817257931,Full LASSO,0.0,0.0,0
Jacob Bruun Larsen,0.0028744893084318604,0.013650317885783018,0.01077582857735116,0.18696385604616936,0.15873785907592589,2364.2105518095736,0.02809970125250658,0.5954095643297309,25,Burnley,MID,4.8,0.5119206054123246,0.5397502583847934,Full LASSO,48.0,4.0,12
Jacob Murphy,0.025980284320960036,0.09163196909801376,0.06565168477705371,0.48945242896775765,1.5349531843656783,11016.81289349133,0.16494737324024186,0.9905860690264165,26,Newcastle,MID,4.8,1.0939840382514447,1.0595180485097686,Full LASSO,50.0,4.166666666666667,11
Jacob Ramsey,0.16886669086024741,0.31846451350749866,0.14959782264725124,1.654460759548408,4.464636019107471,12645.680535893967,0.7741536689867738,2.6790618099743337,26,Aston Villa,MID,5.9,2.6682837316064445,2.671876424395741,Full LASSO,1.0,0.08333333333333333,1
Jacob Wright,0.0,0.0,0.0,0.0,0.0,23.11111111111111,0.0,0.0,3,Man City,MID,4.5,0.41436707331997213,0.2762447155466481,Full LASSO,0.0,0.0,0
Jadan Raymond,0.0,0.0,0.0,0.0,0.0,496.7107674808599,0.0,0.0,19,Crystal Palace,MID,4.5,0.41436707331997213,0.2762447155466481,Full LASSO,0.0,0.0,0
Jaden Philogene-Bidace,0.0,0.0,0.0,2.5741383227538038e-05,1.188063841270986e-05,5612.170458301598,0.0,3.960212804236619e-05,26,Aston Villa,MID,4.5,0.4143735372677215,0.27626222555449514,Full LASSO,0.0,0.0,0
Jadon Sancho,2.4751330026478886e-06,2.4751330026478886e-06,0.0,6.049225058471435e-05,0.0001227665969313353,39214.67484086845,0.0,8.910478809532391e-05,26,Man Utd,MID,6.7,0.4144110107671962,0.27630370877416255,Full LASSO,0.0,0.0,0
Jaidon Anthony,8.910478809532389e-07,4.009715464289577e-06,3.118667583336337e-06,0.00016751700161920908,0.00014108258115092957,4443.733750269605,8.910478809532391e-05,0.00013365718214298586,25,Bournemouth,MID,4.9,0.4144944878646518,0.2763742109704822,Full LASSO,0.0,0.0,0
Jairo Riedewald,3.245755027685182e-05,3.245755027685182e-05,0.0,0.014472129170225698,0.0028657620462952194,6453.115693027894,0.008896311452782605,0.02073764927342867,26,Crystal Palace,MID,4.3,0.42336441249604795,0.28915549142184155,Full LASSO,5.0,0.4166666666666667,4
Jake O'Brien,0.0,0.0,0.0,0.0,0.0,4588.128281233977,0.0,0.0,26,Crystal Palace,DEF,4.0,0.5978586798159444,0.3985724532106296,Full LASSO,0.0,0.0,0
Jakub Kiwior,0.052232604275624046,0.09478047146443137,0.042547867188807334,0.20312232867346014,4.67867505055417,23923.692750020757,0.7373583899607817,6.010184815870089,26,Arsenal,DEF,4.3,1.846903737788421,3.2346640971489764,Full LASSO,26.0,2.1666666666666665,6
Jakub Moder,0.007343392775491544,0.034897119341563795,0.02755372656607226,0.13847123826225932,0.5057996403489131,6562.648485808559,0.0,0.33590223980126155,26,Brighton,MID,4.4,0.599665370013002,0.5117443266090885,Full LASSO,15.0,1.25,10
Jamaal Lascelles,0.0003583311201121785,0.001603535727186479,0.0012452046070743012,0.19258821169920093,0.16787551411284374,387460.9500717704,0.03871771365080172,0.46315814282335177,26,Newcastle,DEF,4.0,0.6509743140259776,0.5883689236251023,Full LASSO,1.0,0.08333333333333333,1
Jamal Lewis,0.0,0.0,0.0,0.0,0.0,592.1607929857852,0.0,0.0,26,Newcastle,DEF,4.0,0.5978586798159444,0.3985724532106296,Full LASSO,0.0,0.0,0
Jamal Lowe,0.0,0.0,0.0,0.0,0.0,892.0461143139607,0.0,0.0,25,Bournemouth,MID,4.9,0.41436707331997213,0.2762447155466481,Full LASSO,0.0,0.0,0
James Garner,0.049145668443665434,0.10769100481329957,0.058545336369634146,1.2047157967872564,3.3681925764782603,10335.136049455705,0.9960794980942993,2.086813903558028,26,Everton,MID,4.9,2.313008132122249,2.2376100559341756,Full LASSO,25.0,2.0833333333333335,11
James Hill,5.94031920635493e-07,5.94031920635493e-07,0.0,0.042151204301965346,0.10097210011715077,11250.401320157229,0.04389574759945132,0.043955150791514866,25,Bournemouth,DEF,4.0,0.6437549644226197,0.4438216932122514,Full LASSO,3.0,0.25,3
James Maddison,0.1831770883463542,0.2743653564752174,0.0911882681288633,1.0995478926139917,5.562238701240027,1077851.5562011153,0.805894623193251,2.336735707387312,25,Spurs,MID,8.0,2.9057524128907275,2.716080177722922,Full LASSO,39.0,3.25,11
James McAtee,0.06093572426539666,0.2641631162624137,0.20322739199701706,1.6764060010845636,4.510378920248653,86944.24035866885,0.9540404821898889,3.082396483227711,26,Sheffield Utd,MID,4.4,2.7752870466962882,2.8776568588734293,Full LASSO,14.0,1.1666666666666667,8
James McConnell,0.0,0.0,0.0,1.7127436953908776e-05,0.0001712743695390878,1680.9255303384025,0.0,0.5572682992509465,25,Liverpool,MID,4.4,0.41441786195156727,0.46203467438469364,Full LASSO,0.0,0.0,0
James Milner,0.0379649624008359,0.0471242607362422,0.00915929833540632,0.19453311575789392,0.6771174577025824,12195.464317778413,0.1741523407673366,0.43049577795196187,26,Brighton,MID,4.8,0.7895955774392267,0.6698956442768051,Full LASSO,0.0,0.0,0
James Shea,0.0,0.0,0.0,0.0,0.0,12258.751013661353,0.0,0.0,23,Luton,GK,4.3,0.32697257145518904,0.21798171430345936,Full LASSO,1.0,0.08333333333333333,1
James Sweet,0.0,0.0,0.0,0.0,0.0,61.666666666666664,0.0,0.0,2,Arsenal,DEF,4.0,0.5978586798159444,0.3985724532106296,Full LASSO,0.0,0.0,0
James Tarkowski,0.09017556542485305,0.19296646580569796,0.10279090038084489,1.2108843989123763,5.2514213181100615,602897.8094748431,1.0,1.8122398839781617,26,Everton,DEF,4.6,2.116481888929049,2.015067887278753,Full LASSO,35.0,2.9166666666666665,11
James Tomkins,0.0,0.0,0.0,0.034238683127572035,0.008779149519890266,44204.78962237179,0.0,0.3333729354613757,26,Crystal Palace,DEF,4.0,0.599265915084843,0.5106349218770205,Full LASSO,1.0,0.08333333333333333,1
James Trafford,0.004435299497027893,0.004435299497027893,0.0,2.219958466673861,3.0716802864046837,111098.39268944752,1.000150364329911,1.9400823316751845,25,Burnley,GK,4.5,2.164375833511622,2.089611332899476,Full LASSO,2.0,0.16666666666666666,2
James Ward-Prowse,0.10052924710270189,0.2552979240742431,0.15476867697154126,1.9619304824675685,5.509713855560164,844642.1397512981,1.0,2.995218481969606,25,West Ham,MID,6.0,3.1207514588494414,3.0789071332228293,Full LASSO,37.0,3.0833333333333335,12
James Wright,0.0,0.0,0.0,0.0,0.0,328.320987654321,0.0,0.0,6,Aston Villa,GK,4.0,0.32697257145518904,0.21798171430345936,Full LASSO,0.0,0.0,0
Jamie Donley,0.0,0.0,0.0,0.021626784534877822,0.0011561019943888422,4878.522570622228,0.0,0.012524438272545789,19,Spurs,FWD,4.5,0.6281048438333384,0.42291137531307416,Full LASSO,0.0,0.0,0
Jamie McDonnell,0.0,0.0,0.0,0.0,0.0,89.76954732510288,0.0,0.0,6,Nott'm Forest,MID,4.5,0.41436707331997213,0.2762447155466481,Full LASSO,0.0,0.0,0
Jan Paul van Hecke,0.09032871994737793,0.14565968940345186,0.055330969456073964,0.8680063049137882,5.212696378135984,336381.2370166712,0.9986285442728142,2.589085972350226,26,Brighton,DEF,4.1,2.109346275929431,2.2692595080696956,Full LASSO,16.0,1.3333333333333333,7
Japhet Tanganga,0.0,0.0,0.0,0.0,0.0,32755.68789837451,0.0,0.0,25,Spurs,DEF,4.0,0.5978586798159444,0.3985724532106296,Full LASSO,0.0,0.0,0
Jarell Quansah,0.005935903951330467,0.01658062274419741,0.010644718792866941,0.6658163249876683,1.0327450515747392,16686.46276556408,0.5935903951330467,1.075167254698335,25,Liverpool,DEF,4.0,1.1651765990586525,1.13517348427188,Full LASSO,34.0,2.8333333333333335,8
Jarrad Branthwaite,0.00793342837161345,0.12163611279945252,0.11370268442783907,1.204103409779409,4.8859121134741255,492582.87488044234,0.9912698318500204,5.102506444640035,26,Everton,DEF,4.2,2.051984279828898,3.06882500143261,Full LASSO,48.0,4.0,11
Jarrod Bowen,0.052536701623479815,0.36926107662230756,0.3167243749988278,1.9570235429252407,9.164485650170512,2103364.40717813,0.9982872563046095,8.20239919641164,26,West Ham,MID,7.7,4.239851488770039,5.560700724650573,Full LASSO,42.0,3.5,9
Jason Steele,0.0,0.0,0.0,0.5687884962685564,0.9482546425329359,231483.02902181383,0.3153475834918266,1.0698155606882143,26,Brighton,GK,4.2,0.9063061389410147,0.9608092795234144,Full LASSO,2.0,0.16666666666666666,3
Javier Manquillo Gaitán,0.0,0.0,0.0,0.0,0.0,3904.551643418366,0.0,0.0,26,Newcastle,DEF,4.0,0.5978586798159444,0.3985724532106296,Full LASSO,0.0,0.0,0
Jay Rodriguez,0.00014915143014028896,0.009763200808940548,0.009614049378800258,0.34215283329221097,0.49512077801858145,23971.289385629887,0.024489856033401505,0.6494160008131407,25,Burnley,FWD,5.3,0.8064345586757369,0.7540950393882048,Full LASSO,6.0,0.5,6
Jay Stansfield,0.0,0.0,0.0,0.0,0.0,1390.7361144287413,0.0,0.0,26,Fulham,FWD,4.5,0.6247448340051164,0.4164965560034109,Full LASSO,0.0,0.0,0
Jayden Bogle,0.03754235491118085,0.05651276169333567,0.018970406782154812,1.864213214697253,4.2873689776829,10269.255767289362,0.9777880061194593,1.0326058702490544,26,Sheffield Utd,DEF,4.5,1.9469167918812702,1.6421464846705316,Full LASSO,26.0,2.1666666666666665,11
Jayden Danns,0.0,0.0,0.0,0.0,0.2,0.0,0.0,1.0,1,Liverpool,FWD,4.5,0.6727576849257096,0.7818384566171397,Full LASSO,0.0,0.0,1
Jayden Luker,0.0,0.0,0.0,0.0,0.0,340.01966965149336,0.0,0.0,16,Luton,MID,4.5,0.41436707331997213,0.2762447155466481,Full LASSO,0.0,0.0,0
Jean-Philippe Gbamin,0.0,0.0,0.0,0.0,0.0,1240.2700736251259,0.0,0.0,26,Everton,MID,4.4,0.41436707331997213,0.2762447155466481,Full LASSO,0.0,0.0,0
Jean-Philippe Mateta,0.02435944375694867,0.38534309371793174,0.3609836499609831,1.0000889923480853,5.545472415733558,86118.0637666471,0.9833727006512443,4.486194677394296,26,Crystal Palace,FWD,4.9,2.6631987954286407,3.2708640894171923,Full LASSO,94.0,7.833333333333333,11
Jean-Ricner Bellegarde,0.024186437657520092,0.08652590807167224,0.062339470414152144,0.5616630777032474,1.844140543014129,1736.78439206103,0.0802388033856528,1.3210097757537456,22,Wolves,MID,4.9,1.1258070490772132,1.1908746246360573,Full LASSO,10.0,0.8333333333333334,5
Jeff Hendrick,0.0,0.0,0.0,0.0,0.0,2348.909767531466,0.0,0.0,26,Newcastle,MID,4.4,0.41436707331997213,0.2762447155466481,Full LASSO,0.0,0.0,0
Jefferson Lerma Solís,0.03230309040117136,0.15069670443867772,0.11839361403750637,1.0551583491687722,3.5081212912500073,11374.850552052772,0.9907862527396281,2.624610420997998,26,Crystal Palace,MID,4.7,2.3616320048723547,2.4492914769142358,Full LASSO,13.0,1.0833333333333333,7
Jeffrey Schlupp,0.007750957435669163,0.020314885997152022,0.01256392856148286,0.28087568245437394,0.609896182476609,10615.064409011035,0.16576603928658,0.3782813348130608,26,Crystal Palace,MID,4.9,0.7557119980486731,0.6299017769701356,Full LASSO,19.0,1.5833333333333333,8
Jenson Metcalfe,0.0,0.0,0.0,0.0,0.0,130.40669613371946,0.0,0.0,10,Everton,MID,4.5,0.41436707331997213,0.2762447155466481,Full LASSO,0.0,0.0,0
Jeremy Sarmiento Morante,0.0,0.0,0.0,0.0,0.0,847.897374348325,0.0,0.0,26,Brighton,MID,4.5,0.41436707331997213,0.2762447155466481,Full LASSO,0.0,0.0,0
Jesurun Rak-Sakyi,1.7372339762334853e-05,0.0001327970734245657,0.00011880793108522516,0.0009692025259490358,0.002398303327287569,1491.728614469222,0.0,0.0017093113820473632,26,Crystal Palace,MID,4.5,0.41525992724282745,0.27740972195590075,Full LASSO,0.0,0.0,0
Jhon Durán,0.0005206914214154556,0.018919100580447965,0.018837366635027022,0.01354046458783631,0.19531735433949932,17006.33379293439,0.0,0.1996801074137205,26,Aston Villa,FWD,5.0,0.6735634749249373,0.5156023524211983,Full LASSO,26.0,2.1666666666666665,9
Ji-Soo Kim,0.0,0.0,0.0,0.0,0.0,2741.7600945958234,0.0,0.0,18,Brentford,DEF,4.0,0.5978586798159444,0.3985724532106296,Full LASSO,0.0,0.0,0
Jili Buyabu,0.0,0.0,0.0,0.0,0.0,1812.6601484233843,0.0,0.0,18,Sheffield Utd,DEF,4.0,0.5978586798159444,0.3985724532106296,Full LASSO,0.0,0.0,0
Joachim Andersen,0.11394499333027427,0.12057343667159577,0.006628443341321498,1.0760446990730317,2.489186949204802,1599255.7540482841,1.0,3.0810010240101278,26,Crystal Palace,DEF,4.7,1.673715352594262,2.1428105763995506,Full LASSO,39.0,3.25,11
Joe Gardner,0.0,0.0,0.0,0.0,0.0,462.39094650205755,0.0,0.0,6,Nott'm Forest,FWD,4.5,0.6247448340051164,0.4164965560034109,Full LASSO,0.0,0.0,0
Joe Gauci,0.0,0.0,0.0,0.0,0.0,53.0,0.0,0.0,2,Aston Villa,GK,4.0,0.32697257145518904,0.21798171430345936,Full LASSO,0.0,0.0,0
Joe Gomez,0.028931080943793895,0.046804838527571266,0.017873757583777367,1.380027943784699,2.4366599420262713,201874.19321251215,0.7267154357165035,2.218915348891491,25,Liverpool,DEF,4.6,1.4803208858545676,1.7265190402002086,Full LASSO,19.0,1.5833333333333333,9
Joe Hodge,0.0,0.0,0.0,0.0,0.0,5027.200894064526,0.0,0.0,26,Wolves,MID,4.4,0.41436707331997213,0.2762447155466481,Full LASSO,0.0,0.0,0
Joe Hugill,0.0,0.0,0.0,0.0,0.0,785.4513627414273,0.0,0.0,14,Man Utd,FWD,4.5,0.6247448340051164,0.4164965560034109,Full LASSO,0.0,0.0,0
Joe Rodon,0.0,0.0,0.0,0.0,0.0,6182.653891951456,0.0,0.0,25,Spurs,DEF,4.0,0.5978586798159444,0.3985724532106296,Full LASSO,0.0,0.0,0
Joe Rothwell,0.0003868919130820125,0.00040389839724739343,1.7006484165380954e-05,0.006559720539302151,0.012562857461045683,1718.623953815875,0.00013365718214298586,0.02658681246146915,25,Bournemouth,MID,4.8,0.419111003456474,0.28826960645813904,Full LASSO,0.0,0.0,0
Joe Taylor,0.0,0.0,0.0,0.0,0.0,7365.134348035108,0.0,0.0,23,Luton,FWD,4.5,0.6247448340051164,0.4164965560034109,Full LASSO,0.0,0.0,0
Joe White,0.0,0.0,0.0,0.024444444444444446,0.0,188.6172839506173,0.0,0.22222222222222224,5,Newcastle,MID,4.5,0.41729496999439275,0.35227072073700255,Full LASSO,2.0,0.16666666666666666,3
Joe Whitworth,0.0,0.0,0.0,0.0,0.0,106555.81124871674,0.0,0.0,26,Crystal Palace,GK,3.9,0.32697257145518904,0.21798171430345936,Full LASSO,0.0,0.0,0
Joe Willock,0.0003666540207170102,0.023871261723589433,0.023504607702872424,0.09937407040441786,1.7766893890322872,8665.650818984668,0.0011418291302605853,2.003552357294144,26,Newcastle,MID,5.3,0.949615733382077,1.3009279413527661,Full LASSO,8.0,0.6666666666666666,5
Joe Worrall,6.138329846566761e-06,8.118436248685072e-06,1.9801064021183102e-06,0.003194228328525729,0.01635483615188649,7504.664069588964,0.00020048577321447877,0.02006365094790483,26,Nott'm Forest,DEF,4.3,0.6006159441453658,0.4070985130795455,Full LASSO,0.0,0.0,0
Joel Matip,3.283911716727955e-05,0.00022884637409143006,0.0001960072569241504,0.011237757953596763,0.030018591681434725,32245.902222247045,0.009061386991909644,0.016936370705412387,25,Liverpool,DEF,4.8,0.6088037162326091,0.4115146010568768,Full LASSO,0.0,0.0,0
Joel Ward,0.00690711364349305,0.007094046178162815,0.0001869325346697647,0.4323252969911931,0.9864261210013664,21817.37576802183,0.5813423039344382,2.4797033249947678,26,Crystal Palace,DEF,4.5,1.1494617889040764,1.59287563426764,Full LASSO,10.0,0.8333333333333334,8
Joelinton Cássio Apolinário de Lira,0.0015787209144701585,0.0066198721358089255,0.005041151221338768,0.22059224809283112,0.19489526874456256,46676.18622889274,0.05473314430426063,0.1267469932336258,26,Newcastle,MID,5.8,0.5404803238149092,0.40256921362114806,Full LASSO,4.0,0.3333333333333333,3
John Egan,0.0,1.4782731858314503e-05,1.4782731858314503e-05,0.0009470292016406274,0.0005952076088117506,6062.3508325357925,0.00038426439866108433,-0.0001571709456681407,26,Sheffield Utd,DEF,4.3,0.598214179681062,0.39875706280548534,Full LASSO,0.0,0.0,0
John Fleck,0.00121255910138506,0.00121255910138506,0.0,0.006523174668751202,0.010233643579960495,635.4061478770644,0.0025691155430863162,0.006073896623469502,26,Sheffield Utd,MID,4.9,0.42077716719749025,0.2825427436728167,Full LASSO,0.0,0.0,0
John McAtee,0.0,0.0,0.0,0.0,0.0,44742.169614549784,0.0,0.0,23,Luton,FWD,4.5,0.6247448340051164,0.4164965560034109,Full LASSO,0.0,0.0,0
John McGinn,0.11000574308678977,0.28161108401248003,0.17160534092569027,1.7503078132830578,5.425073169405719,167895.04065496463,1.0,3.806254442622667,26,Aston Villa,MID,5.5,3.090006616918804,3.3287558921534246,Full LASSO,20.0,1.6666666666666667,9
John Stones,0.04243975687098986,0.08688420131543431,0.044444444444444446,0.5552612183864133,2.0862336232816023,293165.9059553879,0.7972475843940201,4.339573604740353,25,Man City,DEF,5.3,1.4718902653931927,2.427784711842246,Full LASSO,14.0,1.1666666666666667,4
John-Kymani Gordon,0.0,0.0,0.0,0.0,0.0,4174.911200231134,0.0,0.0,26,Crystal Palace,FWD,4.5,0.6247448340051164,0.4164965560034109,Full LASSO,0.0,0.0,0
Jonathan Castro Otto,0.0,0.0,0.0,1.0525503093760135e-05,7.518216495542954e-05,4532.801008494134,0.0,0.00015036432991085907,26,Wolves,DEF,4.3,0.5978707309826181,0.398630608765049,Full LASSO,0.0,0.0,0
Jonathan Panzo,0.0,0.0,0.0,0.0,0.0,6208.889245622136,0.0,0.0,26,Nott'm Forest,DEF,4.0,0.5978586798159444,0.3985724532106296,Full LASSO,0.0,0.0,0
Jonjo Shelvey,0.0,0.0,0.0,0.0,0.0,1570.2689112627695,0.0,0.0,26,Nott'm Forest,MID,4.8,0.41436707331997213,0.2762447155466481,Full LASSO,0.0,0.0,0
Jonny Evans,0.004174972344860697,0.004220645510071121,4.567316521042341e-05,0.2992585484655425,0.9038803930975321,91519.86900287808,0.11627852103991722,0.59760868879716,23,Man Utd,DEF,4.0,0.8214482943349108,0.7468350924889938,Full LASSO,13.0,1.0833333333333333,6
Jordan Amissah,0.0,0.0,0.0,0.0,0.0,35127.77666366056,0.0,0.0,26,Sheffield Utd,GK,3.9,0.32697257145518904,0.21798171430345936,Full LASSO,0.0,0.0,0
Jordan Ayew,0.1588621180917754,0.33657643125911146,0.17771431316733607,0.894627292913577,9.50385883773777,41452.613199992185,0.9457207437472417,6.6605746712999485,26,Crystal Palace,MID,5.4,4.147991709012359,4.985519363108223,Full LASSO,24.0,2.0,10
Jordan Beyer,0.0014352183922777125,0.007020279331065598,0.005585060938787888,0.08856088638761293,0.20265827360535488,125761.6963019458,0.08298713876753744,0.1655764220366732,25,Burnley,DEF,4.0,0.68651384428513,0.5128680368689778,Full LASSO,0.0,0.0,0
Jordan Clark,0.011474594545772723,0.04011656985441471,0.02864197530864198,1.3587441503384197,1.408601895600829,921.4503335465113,0.5349794238683129,1.5444298300908914,23,Luton,MID,4.8,1.3928215060733522,1.4433576140791984,Full LASSO,31.0,2.5833333333333335,11
Jordan Henderson,0.0,0.0,0.0,0.0,0.0,576.037038929272,0.0,0.0,25,Liverpool,MID,5.0,0.41436707331997213,0.2762447155466481,Full LASSO,0.0,0.0,0
Jordan Pickford,0.013965829761229728,0.013965829761229728,0.0,1.210900883298174,3.2545096662804927,1147585.975396262,1.0,3.689021859374206,26,Everton,GK,4.6,2.1640995951377446,2.672407016549898,Full LASSO,56.0,4.666666666666667,11
Jorge Luiz Frello Filho,0.06503872073379645,0.06552927197049163,0.0004905512366951767,0.14104722231998765,1.6949563260127984,18873.246846081456,0.4345656802196988,1.3374067159676981,26,Arsenal,MID,5.3,1.2739768314325153,1.2951201262775762,Full LASSO,19.0,1.5833333333333333,8
Joseph Anang,0.0,0.0,0.0,0.0,0.0,5904.278694125642,0.0,0.0,26,West Ham,GK,4.0,0.32697257145518904,0.21798171430345936,Full LASSO,0.0,0.0,0
Joseph Johnson,0.0,0.0,0.0,0.0,0.0,4767.3237653165515,0.0,0.0,22,Luton,DEF,4.0,0.5978586798159444,0.3985724532106296,Full LASSO,0.0,0.0,2
Josh Bowler,0.0,0.0,0.0,0.0,0.0,208.72181531178035,0.0,0.0,26,Nott'm Forest,MID,4.5,0.41436707331997213,0.2762447155466481,Full LASSO,0.0,0.0,0
Josh Brooking,0.0,0.0,0.0,0.0,0.0,2285.764974182871,0.0,0.0,19,Chelsea,DEF,4.0,0.5978586798159444,0.3985724532106296,Full LASSO,0.0,0.0,0
Josh Brownhill,0.04096540078551008,0.08025167959553972,0.03928627881002965,2.9087525865158455,2.9280359622692402,24479.076570778976,0.9996783874054687,0.9932165357105674,25,Burnley,MID,4.7,2.3749760190502824,1.9143895246037106,Full LASSO,18.0,1.5,8
Josh Cullen,0.004300283750356633,0.02097580520534027,0.01667552145498364,0.7309952680341523,0.9457214364782585,5490.577686692957,0.045568550769709636,0.4246414800991192,25,Burnley,MID,5.0,0.8188438098509574,0.6874430332670113,Full LASSO,44.0,3.6666666666666665,12
Josh Dasilva,0.015144032921810708,0.015144032921810708,0.0,0.001977387753697534,0.2128973460169421,2676.7136461135774,0.0,0.10976907059466008,25,Brentford,MID,4.7,0.48594055476339004,0.36055006004048,Full LASSO,0.0,0.0,0
Josh Powell,0.0,0.0,0.0,0.0,0.0,15478.923944710648,0.0,0.0,26,Nott'm Forest,DEF,3.9,0.5978586798159444,0.3985724532106296,Full LASSO,0.0,0.0,0
Joshua Duffus,0.0,0.0,0.0,0.0,0.0,371.2906506398014,0.0,0.0,14,Brighton,MID,4.4,0.41436707331997213,0.2762447155466481,Full LASSO,0.0,0.0,0
Joshua King,0.0,0.0,0.0,0.0,0.0,123.85185185185185,0.0,0.0,4,Fulham,MID,4.5,0.41436707331997213,0.2762447155466481,Full LASSO,0.0,0.0,0
José Malheiro de Sá,0.0,0.0,0.0,1.3787952624403972,2.489412076711975,184588.49606080924,0.9874755617274544,4.10702611332473,26,Wolves,GK,5.0,2.1410906111308075,2.796402445195448,Full LASSO,33.0,2.75,10
João Cancelo,0.0,0.0,0.0,0.0,0.0,106618.49962429449,0.0,0.0,25,Man City,DEF,5.8,0.5978586798159444,0.3985724532106296,Full LASSO,0.0,0.0,0
João Neves Virgínia,0.0,0.0,0.0,0.0,0.0,51436.38991880537,0.0,0.0,26,Everton,GK,3.9,0.32697257145518904,0.21798171430345936,Full LASSO,0.0,0.0,0
João Palhinha Gonçalves,0.008996794941821793,0.06554440313525313,0.056547608193431326,1.1644015096548412,3.053696037800519,36035.8539205011,0.6648499673851649,1.7018242791979898,26,Fulham,MID,5.0,1.9495233641842873,1.866957002522188,Full LASSO,28.0,2.3333333333333335,11
João Pedro Junqueira de Jesus,0.042073172539773405,0.18832812854059125,0.1462549560008178,0.3570183578329696,2.4165628336550244,966027.5727228422,0.28056620546837696,1.4718747356179318,26,Brighton,FWD,5.3,1.416859002439579,1.4351975801656964,Full LASSO,21.0,1.75,8
João Victor Gomes da Silva,0.034845899564280906,0.18494152652433563,0.15009562696005468,1.1485161872964205,5.65650188303484,14719.154408787104,0.8864228164246626,5.16555377495304,26,Wolves,MID,4.9,2.933092988108544,3.6772465837233757,Full LASSO,16.0,1.3333333333333333,10
Joël Veltman,0.003477678884255351,0.003741744346420698,0.00026406546216534746,0.14301199557190752,0.4974708253269111,49672.74519304162,0.014301378313070776,0.5023742429168527,26,Brighton,DEF,4.3,0.6872797152566017,0.6256445578100187,Full LASSO,27.0,2.25,9
Joško Gvardiol,0.02691395949442904,0.06428043035201927,0.03736647085759024,0.31129430496797433,1.3528212242011868,318994.8338230272,0.2727243521896366,0.6178531894299211,25,Man City,DEF,4.8,0.9993018836378013,0.8721523189018412,Full LASSO,79.0,6.583333333333333,9
Julio Enciso,0.0033448179504656193,0.03668211149660319,0.03333729354613757,0.06671161508199475,1.3668527966684656,46744.95682775654,1.9801064021183095e-05,0.33351154290952395,26,Brighton,MID,5.0,0.8373700296106559,0.6694172007102785,Full LASSO,11.0,0.9166666666666666,8
Julián Álvarez,0.14034494222939234,0.4382675318317039,0.29792258960231155,0.727492661158591,8.064820791173632,3014502.1529608024,0.8888888888888891,3.8147292774581327,25,Man City,FWD,6.7,3.1748995405714826,3.388176119533699,Full LASSO,34.0,2.8333333333333335,9
Jurriën Timber,3.9602128042366206e-07,3.9602128042366206e-07,0.0,1.1088595851862535e-05,0.0,46081.70644339186,3.960212804236619e-05,0.0,26,Arsenal,DEF,4.6,0.5978854848211314,0.39859032321408755,Full LASSO,0.0,0.0,1
Justin Hubner,0.0,0.0,0.0,0.0,0.0,2483.5306383963607,0.0,0.0,13,Wolves,DEF,4.0,0.5978586798159444,0.3985724532106296,Full LASSO,0.0,0.0,0
Justin Kluivert,0.03059818960504284,0.14426425168183865,0.1136660620767958,0.9735329639236127,2.4701747618890897,34484.08891458812,0.7700638874349152,2.023983535335568,25,Bournemouth,MID,4.6,1.8925155986396858,1.93633824420498,Full LASSO,49.0,4.083333333333333,11
Jérémy Doku,0.1967082934643681,0.24319543049340642,0.04648713702903825,0.7016363145636191,6.278034721106031,275663.99572479114,0.490437562968271,1.7442206558666369,23,Man City,MID,6.5,2.8117988550606112,2.455939455329286,Full LASSO,38.0,3.1666666666666665,10
Jóhann Berg Gudmundsson,0.04136670564969741,0.05767390637701879,0.01630720072732138,1.3658949197650299,2.032732089683623,2637.344819869747,0.48245193976787415,1.3723870285715511,25,Burnley,MID,4.8,1.5458092690396799,1.4880018555503036,Full LASSO,16.0,1.3333333333333333,8
Kacper Kozłowski,0.0,0.0,0.0,0.0,0.0,119.11099981966811,0.0,0.0,26,Brighton,MID,4.5,0.41436707331997213,0.2762447155466481,Full LASSO,0.0,0.0,0
Kaden Rodney,0.0,0.0,0.0,0.0,0.0,0.0,0.0,0.0,1,Crystal Palace,MID,4.5,0.41436707331997213,0.2762447155466481,Full LASSO,0.0,0.0,0
Kaelan Casey,0.0,0.0,0.0,0.0,0.0,908.4938271604939,0.0,0.0,7,West Ham,DEF,4.0,0.5978586798159444,0.3985724532106296,Full LASSO,1.0,0.08333333333333333,1
Kai Havertz,0.07136111094110913,0.7413219407804813,0.6699608298393722,0.23401412968546334,7.541538604094935,169249.21519648063,0.9096343604921899,8.568675596579485,26,Arsenal,MID,7.1,3.771865244606527,5.370802028597513,Full LASSO,91.0,7.583333333333333,11
Kaide Gordon,0.0,0.0,0.0,0.08691358024691363,0.05925925925925929,143.79012345679013,0.0,0.19753086419753094,5,Liverpool,MID,4.5,0.4416399500227782,0.3602702547476958,Full LASSO,0.0,0.0,0
Kaine Kesler-Hayden,0.0,0.0,0.0,0.0,0.0,555.8024691358025,0.0,0.0,5,Aston Villa,DEF,4.0,0.5978586798159444,0.3985724532106296,Full LASSO,3.0,0.25,3
Kalvin Phillips,0.003882513832804339,0.03163492760184827,0.027752413769043936,1.1117396069651628,0.7087451325455338,5329.2742207191895,0.28806584362139925,0.009815021221006416,25,West Ham,MID,4.7,0.9797298365349498,0.6564248980969686,Full LASSO,4.0,0.3333333333333333,4
Kaoru Mitoma,0.04614032980358389,0.106602600388264,0.0604622705846801,0.3347621301299478,3.1037615112545835,1521022.5754943255,0.3980843714537046,2.3688246944679636,26,Brighton,MID,6.4,1.7008854098990391,1.9235318380886806,Full LASSO,0.0,0.0,0
Karl Darlow,0.0,0.0,0.0,0.0,0.0,748.8803086289599,0.0,0.0,26,Newcastle,GK,4.0,0.32697257145518904,0.21798171430345936,Full LASSO,0.0,0.0,0
Karl Hein,0.0,0.0,0.0,0.0,0.0,5530.8668314475635,0.0,0.0,26,Arsenal,GK,4.0,0.32697257145518904,0.21798171430345936,Full LASSO,0.0,0.0,0
Keane Lewis-Potter,0.1036382954067877,0.17179194846599927,0.06815432134512228,1.1255216433429052,4.448291173227619,8188.825616546193,0.5138985784398088,2.9805230165352414,25,Brentford,MID,4.7,2.308139746225434,2.53226750299537,Full LASSO,26.0,2.1666666666666665,10
Keinan Davis,0.0,0.0,0.0,0.0,0.0,12017.673098415598,0.0,0.0,26,Aston Villa,FWD,4.9,0.6247448340051164,0.4164965560034109,Full LASSO,0.0,0.0,0
Kell Watts,0.0,0.0,0.0,0.0,0.0,5363.34218501684,0.0,0.0,26,Newcastle,DEF,4.0,0.5978586798159444,0.3985724532106296,Full LASSO,0.0,0.0,0
Kenny Tete,0.0009564207810284702,0.003162500608241996,0.002206079827213526,0.15266142930191465,0.21460596048226782,29727.769370309925,0.06617457007106382,0.22466874050524602,26,Fulham,DEF,4.4,0.6770492570413437,0.526255751529311,Full LASSO,4.0,0.3333333333333333,4
Kepa Arrizabalaga,0.0,0.0,0.0,0.0,0.0,19287.557120461483,0.0,0.0,25,Chelsea,GK,5.0,0.32697257145518904,0.21798171430345936,Full LASSO,0.0,0.0,0
Kevin De Bruyne,0.20474201479879606,0.26781590519459897,0.06307389039580287,0.5627357071230472,6.6901169696014176,2866925.733465366,0.3868906789122283,2.5185779217105826,25,Man City,MID,10.8,2.8551208450967005,2.742939870634661,Full LASSO,67.0,5.583333333333333,10
Kevin Mbabu,0.0,0.0,0.0,0.0,0.0,19222.573859969772,0.0,0.0,26,Fulham,DEF,4.0,0.5978586798159444,0.3985724532106296,Full LASSO,0.0,0.0,0
Kevin Schade,1.9083275450415207e-05,6.809090890284336e-05,4.900763345242819e-05,0.0001256377512144068,0.0008342435785424701,5507.0550265802685,0.00014108258115092957,0.0009838653685525353,25,Brentford,MID,5.2,0.41476976686312805,0.27684113303160285,Full LASSO,14.0,1.1666666666666667,6
Ki-Jana Hoever,0.0,0.0,0.0,0.0,0.0,4358.03951256433,0.0,0.0,26,Wolves,DEF,4.0,0.5978586798159444,0.3985724532106296,Full LASSO,0.0,0.0,0
Kieffer Moore,0.0005864497935439649,0.021897663336837504,0.021311213543293538,0.019296293805186458,0.08473611942074624,20391.336114664897,0.0,0.09834492137782683,25,Bournemouth,FWD,4.6,0.6478372529838983,0.46467314244854113,Full LASSO,0.0,0.0,0
Kieran Tierney,0.0,0.0,0.0,0.0,0.0,10154.05551570897,0.0,0.0,26,Arsenal,DEF,4.4,0.5978586798159444,0.3985724532106296,Full LASSO,0.0,0.0,0
Kieran Trippier,0.1612277945783833,0.19437514801260813,0.033147353434224834,2.171186797805309,5.469615835622266,4376784.068432864,0.9620654033091163,2.3016776224101902,26,Newcastle,DEF,6.9,2.125780595479112,2.1844129377894714,Full LASSO,4.0,0.3333333333333333,3
Kjell Scherpen,0.0,0.0,0.0,0.0,0.0,71.9522747743516,0.0,0.0,26,Brighton,GK,4.0,0.32697257145518904,0.21798171430345936,Full LASSO,0.0,0.0,0
Kobbie Mainoo,0.15113067845516037,0.186129916376209,0.03499923792104862,1.4689830375233464,3.0775063145924637,55964.61904906676,0.9869403293226449,2.2014736035295237,26,Man Utd,MID,4.4,2.3110520930950256,2.274525929906525,Full LASSO,46.0,3.8333333333333335,11
Konstantinos Mavropanos,0.0005816638159268862,0.007646084820258439,0.007064421004331555,0.8256513315977752,1.4411771526105324,18484.438684618588,0.5081822376203754,1.0589406726556025,24,West Ham,DEF,4.5,1.1728361930542435,1.1348710195880298,Full LASSO,8.0,0.6666666666666666,8
Konstantinos Tsimikas,0.004392533405738388,0.004600203578804532,0.00020767017306614385,0.04480984577436857,0.20307797479623227,290481.05708441394,0.05059036513683203,0.40514381005507116,25,Liverpool,DEF,4.5,0.6646531138099352,0.5781500125583138,Full LASSO,2.0,0.16666666666666666,2
Kortney Hause,0.0,0.0,0.0,0.0,0.0,20128.905052042603,0.0,0.0,26,Aston Villa,DEF,3.9,0.5978586798159444,0.3985724532106296,Full LASSO,0.0,0.0,0
Kristian Sekularac,0.0,0.0,0.0,0.0,0.0,50.66666666666667,0.0,0.0,5,Fulham,MID,4.5,0.41436707331997213,0.2762447155466481,Full LASSO,0.0,0.0,0
Kristoffer Ajer,0.03595997904235926,0.036298650330892974,0.0003386712885337151,1.7153433919391836,2.798764057519092,23905.40427246688,0.7850934346093676,0.8125668941408287,25,Brentford,DEF,4.4,1.5778771997496799,1.3227737645467292,Full LASSO,40.0,3.3333333333333335,10
Kurt Zouma,0.0009990726122902603,0.027549535584793353,0.026550462972503092,1.6187557103452472,2.145805088964212,155760.9883136599,0.9478966121484609,0.8184493729980349,26,West Ham,DEF,4.5,1.5834071019244078,1.3284211922822835,Full LASSO,27.0,2.25,11
Kyle Walker,0.10959620758023067,0.1275310382986912,0.017934830718460505,0.6608495949560014,3.1452944725062806,1860371.710220688,0.6748971193415639,3.5538990954493324,25,Man City,DEF,5.5,1.558836338073946,2.2238572571990747,Full LASSO,43.0,3.5833333333333335,7
Lawrence Vigouroux,0.0,0.0,0.0,0.0,0.0,27803.279440925384,0.0,0.0,25,Burnley,GK,3.9,0.32697257145518904,0.21798171430345936,Full LASSO,0.0,0.0,0
Leander Dendoncker,0.00019509221155311702,0.014024962319429637,0.013829870107876518,0.01940886091893853,0.16656191375070542,2390.334006091343,0.019509221155311705,0.2987707521931819,26,Aston Villa,MID,4.9,0.488139235334889,0.4250164076209866,Full LASSO,0.0,0.0,0
Leandro Trossard,0.018481697448445945,0.2507598841317757,0.23227818668332978,0.13517394266242047,4.650385856850791,220118.0972181477,0.4394542755847693,5.2991382147467085,26,Arsenal,MID,6.5,2.2493416602684304,3.2659405117611895,Full LASSO,54.0,4.5,11
Leigh Kavanagh,0.0,0.0,0.0,0.0,0.0,1299.0846340421608,0.0,0.0,13,Brighton,DEF,4.0,0.5978586798159444,0.3985724532106296,Full LASSO,0.0,0.0,0
Leo Castledine,0.0,0.0,0.0,0.0,0.0,188.56390455384513,0.0,0.0,11,Chelsea,MID,4.5,0.41436707331997213,0.2762447155466481,Full LASSO,0.0,0.0,0
Leon Bailey,0.37253564292264285,0.7816930850514007,0.4091574421287579,1.4399590470408865,8.133967386735579,384870.0149018378,0.9204067857487979,6.684669951013932,26,Aston Villa,MID,5.6,4.121341915679542,4.975784594124338,Full LASSO,41.0,3.4166666666666665,11
Lesley Ugochukwu,0.00023468858684494974,0.00023468858684494974,0.0,0.02448156400095624,0.02564051963908943,17702.823845387597,0.022178579585005263,0.025332894884672698,25,Chelsea,MID,4.4,0.4407807865631075,0.3022981560036292,Full LASSO,2.0,0.16666666666666666,2
Levi Colwill,0.008342274400037845,0.016707161692195882,0.008364887292158035,1.2662107661447373,1.744189629802546,515306.70033154706,0.5179115733344708,1.5875396950423537,25,Chelsea,DEF,4.7,1.227992315206585,1.3478414418185078,Full LASSO,1.0,0.08333333333333333,1
Lewis Cook,0.06996769936836755,0.0790676958614146,0.009099996493047036,1.5697771216773067,2.5537678975914115,2599.6087978398523,0.9784540731121112,1.5567492730016868,25,Bournemouth,MID,5.0,2.091926358013814,1.9135339963431048,Full LASSO,38.0,3.1666666666666665,11
Lewis Dobbin,0.0079879422174804,0.01189879012950219,0.00391084791202179,0.05858257144638178,0.2798842337369502,5772.486592636431,2.970159603177464e-05,0.2592068460124565,26,Everton,MID,4.5,0.5094987612086121,0.4260681228098936,Full LASSO,3.0,0.25,3
Lewis Dunk,0.12050857375823013,0.24457384840657503,0.124260366859898,0.8396069570835625,7.960948731301544,414212.8170462479,0.9631715502790563,7.199171621395854,26,Brighton,DEF,5.1,2.5258722552199036,4.083638710611886,Full LASSO,29.0,2.4166666666666665,10
Lewis Hall,0.00028179986113228023,0.0003046364437374919,2.2836582605211704e-05,0.08505448490447122,0.030181967001788657,15523.2420461659,0.0011418291302605853,0.10836214743445893,26,Newcastle,DEF,4.3,0.6034694904389968,0.4384337094374841,Full LASSO,31.0,2.5833333333333335,9
Lewis Koumas,0.0,0.0,0.0,0.0,0.0,98.66666666666666,0.0,0.0,2,Liverpool,FWD,4.5,0.6247448340051164,0.4164965560034109,Full LASSO,0.0,0.0,0
Lewis Miley,0.023430050107649324,0.03757798207208398,0.01414793196443466,2.2333599472071293,2.8752649801131205,18858.531675252278,0.9890455767815627,2.26429831902876,26,Newcastle,MID,4.5,2.241076028051803,2.2488167917107886,Full LASSO,5.0,0.4166666666666667,2
Lewis O'Brien,0.0,0.0,0.0,0.0,0.0,830.7305519750821,0.0,0.0,26,Nott'm Forest,MID,4.9,0.41436707331997213,0.2762447155466481,Full LASSO,0.0,0.0,0
Lewis Orford,0.0,0.0,0.0,0.0,0.0,128.0713305898491,0.0,0.0,7,West Ham,MID,4.5,0.41436707331997213,0.2762447155466481,Full LASSO,0.0,0.0,0
Lisandro Martínez,2.84640295304507e-06,2.84640295304507e-06,0.0,0.27872568715084023,0.47346650920531197,233630.94473179584,0.1648095392711569,0.6368101074823884,26,Man Utd,DEF,4.7,0.7853046012167997,0.7358064366386625,Full LASSO,3.0,0.25,3
Lloyd Kelly,0.004035047916515156,0.008735447744878392,0.004700399828363236,0.8095626779149627,0.778025128489996,4964.851815738937,0.5419669708812392,0.5678687489712663,25,Bournemouth,DEF,4.5,1.0894050937934865,0.915559645519413,Full LASSO,23.0,1.9166666666666667,8
Lorenz Assignon,0.06740740740740743,0.07185185185185186,0.0044444444444444444,2.0951851851851853,2.8962962962962964,3747.851851851852,1.0,1.4444444444444449,4,Burnley,DEF,4.0,1.7389720873414505,1.640796206375782,Full LASSO,20.0,1.6666666666666667,11
Loris Karius,0.0,0.0,0.0,0.7999999999999999,1.0666666666666667,26606.69974226593,0.3333333333333333,0.3333333333333333,26,Newcastle,GK,3.9,0.9393482460160409,0.737343275121805,Full LASSO,0.0,0.0,0
Louie Marsh,0.0,0.0,0.0,0.0,0.0,2341.125097547064,0.0,0.0,26,Sheffield Utd,FWD,4.5,0.6247448340051164,0.4164965560034109,Full LASSO,0.0,0.0,0
Louie Watson,0.0,0.0,0.0,0.0,0.0,12707.004957509722,0.0,0.0,23,Luton,MID,4.4,0.41436707331997213,0.2762447155466481,Full LASSO,0.0,0.0,0
Loïc Mbe Soh,0.0,0.0,0.0,0.0,0.0,4983.53577134557,0.0,0.0,26,Nott'm Forest,DEF,4.0,0.5978586798159444,0.3985724532106296,Full LASSO,0.0,0.0,0
Luc De Fougerolles,0.0,0.0,0.0,0.0,0.0,8061.386558291075,0.0,0.0,26,Fulham,DEF,3.9,0.5978586798159444,0.3985724532106296,Full LASSO,0.0,0.0,0
Luca Barrington,0.0,0.0,0.0,0.0,0.0,246.4880805206975,0.0,0.0,12,Brighton,MID,4.5,0.41436707331997213,0.2762447155466481,Full LASSO,0.0,0.0,0
Luca Koleosho,0.0003995144569009728,0.002047117316707759,0.0016476028598067867,0.007185937141303688,0.036584623302297996,5697.443407938634,0.011147518036633565,0.04140455421802778,25,Burnley,MID,4.8,0.43514336128800046,0.3038970922646762,Full LASSO,0.0,0.0,0
Lucas Bergström,0.0,0.0,0.0,0.0,0.0,2946.4386187502682,0.0,0.0,25,Chelsea,GK,3.9,0.32697257145518904,0.21798171430345936,Full LASSO,0.0,0.0,0
Lucas Digne,0.01069551596353621,0.03161531277113442,0.02091979680759821,0.3995783903652088,0.5476190288442847,301324.9512411308,0.04985689850801882,0.8657937621482334,26,Aston Villa,DEF,4.6,0.71938414336264,0.7681873496245044,Full LASSO,26.0,2.1666666666666665,12
Lucas Tolentino Coelho de Lima,0.07385855422772557,0.11700373386949116,0.04314517964176559,0.15530546404257126,1.6206776766971027,145702.5813354078,0.39109977737909474,0.9134193235416852,26,West Ham,MID,6.0,1.2597124612767785,1.1442814153650807,Full LASSO,35.0,2.9166666666666665,12
Luis Díaz,0.13978903039011997,1.1033835863138,0.96359455592368,1.873102166490469,14.32363725527889,940103.7862121507,1.2977843509248472,8.412798981376522,25,Liverpool,MID,7.5,6.435559497977127,7.0946393257769245,Full LASSO,45.0,3.75,11
Luis Sinisterra,0.03488274963175735,0.08688083143687327,0.051998081805115906,0.36809162672401213,2.589215709612211,5383.906926409358,0.3258536695512767,1.6785210881755352,21,Bournemouth,MID,5.5,1.492285092142402,1.5543637574867797,Full LASSO,3.0,0.25,2
Lukasz Fabianski,0.0,0.0,0.0,0.12276764495023912,0.0655154570309781,133943.1890860077,0.018304948244490003,0.1306033971786145,26,West Ham,GK,4.2,0.3606010865422522,0.2839351900877063,Full LASSO,11.0,0.9166666666666666,5
Luke Berry,0.03111111111111111,0.08222222222222222,0.051111111111111114,0.04571861731777,0.7655335946881219,3051.54765880777,0.0,0.7208057458490902,23,Luton,MID,4.6,0.6960752217964623,0.7043187298140049,Full LASSO,25.0,2.0833333333333335,10
Luke Chambers,0.0,0.0,0.0,0.0,0.0,1874.4992124022642,0.0,0.0,18,Liverpool,DEF,4.0,0.5978586798159444,0.3985724532106296,Full LASSO,0.0,0.0,0
Luke Cundle,0.0,0.0,0.0,0.0,0.0,1010.9960604317966,0.0,0.0,26,Wolves,MID,4.5,0.41436707331997213,0.2762447155466481,Full LASSO,0.0,0.0,0
Luke Freeman,0.0,0.0,0.0,0.0,0.0,853.1202204438285,0.0,0.0,23,Luton,MID,4.9,0.41436707331997213,0.2762447155466481,Full LASSO,0.0,0.0,0
Luke Harris,4.4552394047661944e-07,1.2920194273821966e-05,1.2474670333345348e-05,0.00010068841054771606,9.356002750009007e-05,1807.3649717922544,0.0,8.910478809532391e-05,24,Fulham,MID,4.5,0.41441493263187157,0.2763063233506128,Full LASSO,0.0,0.0,0
Luke McNally,0.0,0.0,0.0,0.0,0.0,1043.2380959726554,0.0,0.0,25,Burnley,DEF,4.0,0.5978586798159444,0.3985724532106296,Full LASSO,0.0,0.0,0
Luke Plange,0.0,0.0,0.0,0.0,0.0,1012.7391223218071,0.0,0.0,26,Crystal Palace,FWD,4.5,0.6247448340051164,0.4164965560034109,Full LASSO,0.0,0.0,0
Luke Shaw,0.013969760065653616,0.014119625139000317,0.00014986507334670176,0.7345356133250942,0.9534606328479712,345299.40905292134,0.5706317819802181,1.0068921179771781,26,Man Utd,DEF,5.2,1.136928156235682,1.093582810149514,Full LASSO,0.0,0.0,0
Luke Thomas,0.00010444838895943369,0.00021901243379394685,0.00011456404483451319,0.0775578324073538,0.03480269051484728,6794.657465335178,0.03683752118008352,0.031102270610393293,23,Sheffield Utd,DEF,4.0,0.6283710634927173,0.42928146586527594,Full LASSO,0.0,0.0,0
Lyle Foster,0.004448838591513705,0.018147225774542173,0.01369838718302847,0.3897377398739776,0.8624198485627798,50093.22080884667,0.2711987177628386,0.6433542556772346,25,Burnley,FWD,4.7,1.043049622997575,0.9098178338907947,Full LASSO,23.0,1.9166666666666667,10
Mackenzie Hunt,0.0,0.0,0.0,0.0,0.0,723.0470424575013,0.0,0.0,21,Everton,MID,4.5,0.41436707331997213,0.2762447155466481,Full LASSO,0.0,0.0,0
Mads Bech Sørensen,0.0,0.0,0.0,0.0,0.0,7896.777802075125,0.0,0.0,25,Brentford,DEF,4.0,0.5978586798159444,0.3985724532106296,Full LASSO,0.0,0.0,0
Mads Bidstrup,0.0,0.0,0.0,0.0,0.0,128.86867539538136,0.0,0.0,25,Brentford,MID,4.5,0.41436707331997213,0.2762447155466481,Full LASSO,0.0,0.0,0
Mads Juel Andersen,0.0,3.796699330249191e-05,3.796699330249191e-05,0.014174641905094518,0.03166360467047546,68486.68508401852,0.0008917440121102337,0.050788352587778966,23,Luton,DEF,3.9,0.6035377143891733,0.4192879271220418,Full LASSO,0.0,0.0,0
Mads Roerslev Rasmussen,0.041324356294778555,0.1213775207014022,0.08005316440662363,1.6244830799080578,2.7007485481806697,9043.833774674811,0.8716197511748592,2.3972691231271,25,Brentford,DEF,4.4,1.620732013631537,1.8795777167967247,Full LASSO,35.0,2.9166666666666665,12
Mahamadou Susoho,0.0,0.0,0.0,0.0,0.0,108.99573235787227,0.0,0.0,9,Man City,MID,4.5,0.41436707331997213,0.2762447155466481,Full LASSO,0.0,0.0,0
Mahmoud Dahoud,0.0003061388679006553,0.0008114356267482111,0.000505296758847556,0.004037326684810264,0.007427924417085418,6875.84361317094,0.007636492321375044,0.007188338552083113,26,Brighton,MID,4.8,0.42305607717119664,0.2844334976314921,Full LASSO,0.0,0.0,0
Malang Sarr,0.0,0.0,0.0,0.0,0.0,9501.797250420608,0.0,0.0,25,Chelsea,DEF,4.3,0.5978586798159444,0.3985724532106296,Full LASSO,0.0,0.0,0
Malcolm Ebiowei,0.0,0.0,0.0,0.0,0.0,2669.831868769221,0.0,0.0,26,Crystal Palace,MID,4.4,0.41436707331997213,0.2762447155466481,Full LASSO,0.0,0.0,0
Malo Gusto,0.17672422160345744,0.18190311909436627,0.005178897490908851,1.5308136676388857,6.035080156903018,703774.8290426675,0.8631152950017296,2.599211576907379,25,Chelsea,DEF,4.2,2.1494453646204996,2.2993674353827926,Full LASSO,27.0,2.25,8
Manor Solomon,7.484802200007208e-05,0.00011444396220993162,3.959594020985957e-05,0.00015198863594384677,0.0031511537039960896,8098.560514843206,0.00016707147767873232,0.001174141218131091,25,Spurs,MID,5.1,0.415483904637318,0.27738065016425567,Full LASSO,0.0,0.0,0
Manuel Akanji,0.0787530368800372,0.12231157922876784,0.043558542348730626,0.8309520701957394,3.873736413439184,435065.82746953063,0.9908964171735171,5.504354617140346,25,Man City,DEF,4.9,1.889486960707969,3.094442846185428,Full LASSO,43.0,3.5833333333333335,10
Manuel Benson Hedilazio,8.771007844523554e-05,9.071736504345272e-05,3.0072865982171804e-06,0.002479812992105793,0.03968132126667264,6407.023470458185,2.970159603177464e-05,0.3421934459659522,25,Burnley,MID,5.2,0.42604153743486417,0.3980921736118935,Full LASSO,3.0,0.25,3
Marc Cucurella Saseta,0.0005939229507296407,0.0014904966990530043,0.0008965737483233637,0.03828160570000214,0.07296728662862924,40372.35223245582,0.020565699439126315,0.02297050083653856,25,Chelsea,DEF,4.8,0.6234748691979553,0.42330674641081634,Full LASSO,34.0,2.8333333333333335,10
Marc Guéhi,0.0031419558136985604,0.00333262304368316,0.0001906672299845999,0.3435668048100952,0.5209234658888602,268278.67749083915,0.296229467705225,0.3364569549015969,26,Crystal Palace,DEF,4.3,0.8818642041779722,0.7000617877525137,Full LASSO,8.0,0.6666666666666666,3
Marcelo de Araújo Pitaluga Filho,0.0,0.0,0.0,0.0,0.0,198.02552117732733,0.0,0.0,11,Liverpool,GK,4.0,0.32697257145518904,0.21798171430345936,Full LASSO,0.0,0.0,0
Marcos Senesi,0.11726167198924672,0.1454544158686237,0.02819274387937703,1.5208522952391568,3.2173471881692866,349799.42171092867,0.9533985646260996,2.1570502824657085,25,Bournemouth,DEF,4.5,1.758891723162145,1.8916112429299994,Full LASSO,34.0,2.8333333333333335,8
Marcus Bettinelli,0.0,0.0,0.0,0.0,0.0,2910.9792365498206,0.0,-0.019509221155311705,25,Chelsea,GK,4.0,0.32697257145518904,0.21147864058502214,Full LASSO,0.0,0.0,0
Marcus Oliveira Alencar,0.0,0.0,0.0,0.0,0.0,4397.308095600498,0.0,0.0,26,Arsenal,MID,4.5,0.41436707331997213,0.2762447155466481,Full LASSO,0.0,0.0,0
Marcus Rashford,0.08382417793176762,0.2383255139362104,0.15450133600444277,1.4725519357701287,5.198825417556535,1188280.8529546247,0.9679276848984619,2.822734206010704,26,Man Utd,MID,8.4,2.938451457342731,2.8998790402320553,Full LASSO,25.0,2.0833333333333335,8
Marcus Tavernier,0.15384726856404096,0.3188577314387524,0.1650104628747114,1.492498863923878,5.132997655997029,54701.587546097784,0.8952535721560761,2.130135361230084,25,Bournemouth,MID,5.4,2.9268145806226302,2.661254840825115,Full LASSO,18.0,1.5,7
Marek Rodák,0.0,0.0,0.0,0.0,0.0,37829.92315071392,0.0,-2.970159603177464e-05,26,Fulham,GK,3.9,0.32697257145518904,0.21797181377144878,Full LASSO,0.0,0.0,0
Mario Lemina,0.03194928757080277,0.22581785796344006,0.1938685703926373,1.3733347200860258,4.332847005360778,13748.65661533731,0.9678287329816468,2.402353376704912,26,Wolves,MID,4.9,2.6711936003664523,2.5815801924792723,Full LASSO,26.0,2.1666666666666665,11
Mark Flekken,0.0032555497084203002,0.0032555497084203002,0.0,2.412547100296107,4.43514132220717,335561.635642127,1.221883902479923,3.619503399315216,25,Brentford,GK,4.5,2.5717285085037562,2.9209868054409096,Full LASSO,46.0,3.8333333333333335,12
Mark Gillespie,0.0,0.0,0.0,0.0,0.0,9136.836437077069,0.0,0.0,26,Newcastle,GK,3.9,0.32697257145518904,0.21798171430345936,Full LASSO,0.0,0.0,0
Mark O’Mahony,0.0,0.0,0.0,0.0,0.0,2563.242900382587,0.0,0.0,15,Brighton,FWD,4.5,0.6247448340051164,0.4164965560034109,Full LASSO,2.0,0.16666666666666666,3
Mark Travers,0.0,0.0,0.0,0.0,0.0,9362.206833935245,0.0,0.0,25,Bournemouth,GK,4.0,0.32697257145518904,0.21798171430345936,Full LASSO,19.0,1.5833333333333333,4
Martin Dubravka,0.0,0.0,0.0,1.5840082718495565,1.8639085053656008,906375.8116207107,0.6589593200374079,1.415256506993878,26,Newcastle,GK,4.2,1.5375645458033929,1.4967951995335544,Full LASSO,40.0,3.3333333333333335,10
Martin Ødegaard,0.33493204219571326,0.42664310891342005,0.09171106671770683,0.2863207005506786,9.209105332427486,1683467.5155623183,0.9975894718361169,6.014309449381092,26,Arsenal,MID,8.4,4.092684747414418,4.733226314736642,Full LASSO,70.0,5.833333333333333,11
Marvelous Nakamba,0.0002603720059744785,0.00032373386388413766,6.336185790965921e-05,0.03806744959680693,0.033796272490933824,64828.61098253031,0.021051813808432858,0.026879345264622198,23,Luton,MID,4.4,0.44397827114982513,0.30494529585475744,Full LASSO,0.0,0.0,0
Mason Burstow,0.0,0.0,0.0,2.6731436428597175e-05,1.188063841270986e-05,6427.352703171045,0.0,7.42539900794366e-05,25,Chelsea,FWD,4.5,0.6247514961601102,0.4165257487700999,Full LASSO,0.0,0.0,0
Mason Holgate,0.0009876543209876546,0.03456790123456791,0.03358024691358026,1.7449382716049384,0.5975308641975311,39939.719981839124,0.4691358024691359,-0.7407407407407407,26,Sheffield Utd,DEF,4.0,1.0111768091896405,0.4272042925461801,Full LASSO,4.0,0.3333333333333333,7
Mason Mount,0.00013647902713577023,0.00017331828796393066,3.683926082816047e-05,0.0018803136803259251,0.006553494733807772,84466.41929383206,0.00043531401684069693,0.0035087137379957905,26,Man Utd,MID,6.8,0.41689462759868,0.2790993229784519,Full LASSO,11.0,0.9166666666666666,6
Mateo Kovačić,0.06590985396317531,0.08317125232165742,0.017261398358482123,0.37762247255514947,1.439929369784094,37286.72807843721,0.41701045557224575,1.5857852524327956,25,Man City,MID,4.7,1.229593977409766,1.3483244024174423,Full LASSO,27.0,2.25,10
Matheus França de Oliveira,0.10207993692352188,0.1285765332870663,0.026496596363544428,0.20698639474898817,1.8806762752292125,750.8021252740632,0.14814814814814817,2.731814994431025,26,Crystal Palace,MID,4.8,1.172633574986781,1.692360714801529,Full LASSO,1.0,0.08333333333333333,1
Matheus Luiz Nunes,0.11228889419185623,0.12533717091927252,0.013048276727416288,0.32042858661023277,2.74285062362383,9655.379360331453,0.5672993396488426,1.599476822805288,25,Man City,MID,4.8,1.7319905573441632,1.6878193124978713,Full LASSO,7.0,0.5833333333333334,6
Matheus Santos Carneiro Da Cunha,0.04017888778840028,0.26547289454547074,0.22529400675707048,0.6112496909278012,3.983323771121994,523713.85423193546,0.44444444444444453,2.7222155943017747,26,Wolves,FWD,5.6,1.9233149598680264,2.1896151713459426,Full LASSO,27.0,2.25,8
Mathias Jensen,0.08356842205839121,0.09733849460638633,0.013770072547995105,1.6168280020663837,2.3916956192644614,103464.08000311331,0.9466105676202377,2.2103050615670856,25,Brentford,MID,5.4,2.0414203912624744,2.097715281364011,Full LASSO,22.0,1.8333333333333333,11
Mathias Jorgensen,0.012677147520478495,0.04934381418714517,0.03666666666666667,1.1000807960150143,1.119321938693431,6895.310291940412,0.5978255347253976,0.156009609016103,25,Brentford,DEF,4.3,1.1819208455367474,0.8399504333631992,Full LASSO,24.0,2.0,8
Matija Šarkić,0.0,0.0,0.0,0.0,0.0,28864.984263649683,0.0,0.0,26,Wolves,GK,4.0,0.32697257145518904,0.21798171430345936,Full LASSO,0.0,0.0,0
Matt Doherty,0.005852195644385771,0.015910641912703433,0.010058446268317662,0.3167325698202176,0.5472278989609056,23322.24723564175,0.11007768874092774,1.2424054544614025,26,Wolves,DEF,4.3,0.7600823534166653,0.9208567204315776,Full LASSO,11.0,0.9166666666666666,9
Matt Macey,0.0,0.0,0.0,0.0,0.0,20466.259641620414,0.0,0.0,23,Luton,GK,4.0,0.32697257145518904,0.21798171430345936,Full LASSO,0.0,0.0,0
Matt Ritchie,0.00012702849074149006,0.1349276122564597,0.13480058376571818,0.03739813910564758,1.5723815107775574,20113.133524183744,0.0,1.356110445671344,26,Newcastle,MID,4.3,0.9621038343417105,1.0934393714515882,Full LASSO,5.0,0.4166666666666667,5
Matt Targett,4.4552394047661944e-07,4.4552394047661944e-07,0.0,7.217487835721238e-05,9.504510730167888e-05,8874.109875680333,4.4552394047661955e-05,0.00025524809089806324,26,Newcastle,DEF,4.2,0.5979040705019326,0.3986877963649211,Full LASSO,0.0,0.0,0
Matt Turner,0.0,0.0,0.0,0.25091179233833677,0.4081303411078886,1248973.811244957,0.18749228309399005,0.3205761065082193,26,Nott'm Forest,GK,3.9,0.6714197114590982,0.5544718431421385,Full LASSO,-1.0,-0.08333333333333333,0
Matthew Cox,0.0,0.0,0.0,0.0,0.0,546.5358240952509,0.0,0.0,25,Brentford,GK,4.0,0.32697257145518904,0.21798171430345936,Full LASSO,0.0,0.0,0
Matthew Dibley-Dias,0.0,0.0,0.0,0.0,0.0,799.3296708076941,0.0,0.0,26,Fulham,MID,4.5,0.41436707331997213,0.2762447155466481,Full LASSO,0.0,0.0,0
Matthew Whittingham,0.0,0.0,0.0,0.0,0.0,289.1888713892982,0.0,0.0,13,Wolves,MID,4.5,0.41436707331997213,0.2762447155466481,Full LASSO,0.0,0.0,0
Matty Cash,0.09172198033509403,0.14686646804964676,0.05514448771455276,1.7268610084094507,2.7739953249723444,1701337.3338625948,0.7963624685838442,1.033038721429765,26,Aston Villa,DEF,4.6,1.5815344803544233,1.3987025607128705,Full LASSO,8.0,0.6666666666666666,6
Matz Sels,0.0044444444444444444,0.0044444444444444444,0.0,1.67,1.4185185185185185,1988.2592592592594,1.0,2.5185185185185186,4,Nott'm Forest,GK,4.5,2.1640995951377446,2.282239236264669,Full LASSO,23.0,1.9166666666666667,12
Mauro Bandeira,0.0,0.0,0.0,0.0,0.0,31.444444444444443,0.0,0.0,3,Arsenal,MID,4.5,0.41436707331997213,0.2762447155466481,Full LASSO,0.0,0.0,0
Max Aarons,0.004289547080290953,0.004290141112211589,5.940319206354926e-07,0.11745500558236288,0.16574359804732805,13748.88090688327,0.04869565894332452,0.015873240652723303,25,Bournemouth,DEF,4.4,0.6573862321060346,0.44354856828826417,Full LASSO,5.0,0.4166666666666667,6
Max Kilman,0.06163955351711058,0.1381324391089593,0.07649288559184876,1.3979415960252477,3.2272234247634515,162205.58097616193,1.0,3.780883211759394,26,Wolves,DEF,4.5,1.792017353919858,2.45497263986637,Full LASSO,13.0,1.0833333333333333,11
Max Kinsey,0.0,0.0,0.0,0.0,0.0,642.0,0.0,0.0,1,Bournemouth,DEF,4.0,0.5978586798159444,0.3985724532106296,Full LASSO,0.0,0.0,0
Max Kinsey-Wellings,0.0,0.0,0.0,0.0,0.0,246.48148148148147,0.0,0.0,4,Bournemouth,DEF,4.0,0.5978586798159444,0.3985724532106296,Full LASSO,0.0,0.0,0
Max Lowe,0.003375220319744412,0.014690568589825204,0.011315348270080789,0.313886418416925,0.7056222323420961,3500.9166521971592,0.008730168149979865,0.763480076784295,26,Sheffield Utd,DEF,4.3,0.7168739898523402,0.7324093521629917,Full LASSO,2.0,0.16666666666666666,2
Maxime Esteve,0.0,0.0,0.0,1.538148148148148,1.2703703703703706,501.55555555555554,0.7037037037037037,0.6666666666666667,4,Burnley,DEF,4.0,1.2777972891622094,1.0740870816636952,Full LASSO,12.0,1.0,12
Maxwel Cornet,0.001426611796982168,0.034897119341563795,0.033470507544581626,0.34395061728395065,1.1648913223460478,5662.218860067408,0.04389574759945132,0.6941411110443662,26,West Ham,MID,5.2,0.8435294864317664,0.793733361302633,Full LASSO,2.0,0.16666666666666666,2
Micah Hamilton,0.0,0.0,0.0,0.0,0.0,94.11339734796525,0.0,0.0,8,Man City,MID,4.5,0.41436707331997213,0.2762447155466481,Full LASSO,0.0,0.0,0
Michael Keane,9.446409762621096e-05,0.005634499299616952,0.0055400352019907406,0.06903345557577091,0.14159612827708043,22736.25988204613,0.037993999882947424,0.17025286708720302,26,Everton,DEF,4.3,0.6462720640269688,0.4875989983803802,Full LASSO,0.0,0.0,2
Michael Ndiweni,0.0,0.0,0.0,0.0,0.0,1416.2155422709202,0.0,0.0051382310861726324,14,Newcastle,FWD,4.4,0.6247448340051164,0.4182092996988018,Full LASSO,0.0,0.0,0
Michael Obafemi,2.5691155430863162e-05,0.00023692954452907145,0.00021123838909820828,7.707346629258947e-05,0.00436749642324674,2968.9299306749167,0.0,0.0037109446733469015,25,Burnley,FWD,4.9,0.6258042990790709,0.4184398476104962,Full LASSO,0.0,0.0,0
Michael Olakigbe,0.00019509221155311702,0.0006033203542486541,0.00040822814269553714,0.0064966850699180985,0.022220723936294814,2208.5463714998996,0.0,0.07133335572129636,21,Brentford,MID,4.5,0.4218967539536068,0.30504228787617,Full LASSO,0.0,0.0,0
Michael Olise,0.059925645904597515,0.11135257061739973,0.051426924712802205,0.1537510278657463,2.100322651753198,98434.23506759488,0.1444291192353537,1.9597729638919543,26,Crystal Palace,MID,5.7,1.2138401846234708,1.4624844443796319,Full LASSO,53.0,4.416666666666667,7
Michail Antonio,0.00015465056414028816,0.013982501162039997,0.013827850597899708,0.6296733134043287,0.030059773416455236,180706.14839288304,0.2245058804827434,0.5635139396490616,26,West Ham,FWD,5.7,0.8506173084506794,0.7549161855168067,Full LASSO,38.0,3.1666666666666665,12
Michale Olakigbe,0.003333333333333333,0.016666666666666666,0.013333333333333332,0.0,0.26666666666666666,1299.1111111111113,0.0,0.3333333333333333,4,Brentford,MID,4.5,0.5020854777169595,0.44583476292241747,Full LASSO,0.0,0.0,0
Michał Karbownik,0.0,0.0,0.0,0.0,0.0,1280.568143618215,0.0,0.0,26,Brighton,DEF,4.0,0.5978586798159444,0.3985724532106296,Full LASSO,0.0,0.0,0
Micky van de Ven,0.023234207487365433,0.023354995524852776,0.00012078803748734343,1.3561597796907372,2.360165213957157,152966.70929395972,0.871738244592428,1.102622078735557,25,Spurs,DEF,4.4,1.5662191290850722,1.411686778968567,Full LASSO,32.0,2.6666666666666665,9
Miguel Almirón Rejala,0.11479050609020738,0.1976372205238472,0.08284671443363985,2.0222197770221726,2.2747413488432606,379947.7719004096,0.9044873985344848,1.8080991376210185,26,Newcastle,MID,6.1,2.097506642819847,2.0010374744202375,Full LASSO,7.0,0.5833333333333334,6
Mike Trésor,0.002268864603271085,0.002657714494002639,0.0003888498907315536,0.08051250375737438,0.11984407773539318,2398.4542144716147,0.020073087392477422,0.1488556359218764,22,Burnley,MID,5.3,0.47449838143800793,0.36595079959929744,Full LASSO,2.0,0.16666666666666666,2
Mikkel Damsgaard,0.05683209555325604,0.07249392791174086,0.015661832358484843,0.29974366884461867,3.0972008734945002,4605.527067398693,0.05690189503632581,2.2641974441898354,25,Brentford,MID,4.8,1.4241800366066228,1.7041858391343603,Full LASSO,23.0,1.9166666666666667,10
Milos Kerkez,0.008299825440345531,0.04853552152748081,0.040235696087135266,0.6702992663700232,2.0841713558209918,19353.322038293863,0.3543025495484313,1.0897779548305346,25,Bournemouth,DEF,4.4,1.1717489423516798,1.1444252798446315,Full LASSO,23.0,1.9166666666666667,8
Mohamed Dräger,0.0,0.0,0.0,0.0,0.0,5534.28025126673,0.0,0.0,26,Nott'm Forest,DEF,4.0,0.5978586798159444,0.3985724532106296,Full LASSO,0.0,0.0,0
Mohamed Elneny,0.0014814814814814816,0.013333333333333336,0.011851851851851853,0.019259259259259264,0.196499288141676,7557.660422507783,0.0,0.48351139993527814,26,Arsenal,MID,4.4,0.48205839605965983,0.4825427306848659,Full LASSO,0.0,0.0,0
Mohamed Salah,0.1337252220225231,0.44247118520554235,0.3087459631830193,0.5355699717011568,5.659563283504989,2662828.960965259,0.13168724279835398,4.847454848509097,25,Liverpool,MID,13.0,2.49833715321238,3.281376384977952,Full LASSO,44.0,3.6666666666666665,10
Mohammed Kudus,0.1954849163958962,0.3044774995596294,0.10899258316373317,1.6545292326126315,5.1273280788725835,358634.72586370964,0.9258254614406831,2.9500100419314688,23,West Ham,MID,6.8,2.956476530808576,2.954321034516207,Full LASSO,47.0,3.9166666666666665,12
Moisés Caicedo Corozo,0.05983463482151365,0.06049408476120694,0.0006594499396932932,1.6596108838110943,3.1496287094081716,127096.67193727393,0.9777323156268998,1.8693047323912484,25,Chelsea,MID,4.5,2.25852977030397,2.1287880909997297,Full LASSO,42.0,3.5,11
Morgan Gibbs-White,0.14289746621304625,0.4511949264985937,0.30829746028554744,1.5741297922974917,5.945494603313199,134240.357481202,0.9521002147560087,4.077828920696043,26,Nott'm Forest,MID,5.7,3.3028376112828486,3.561168047753913,Full LASSO,59.0,4.916666666666667,12
Morgan Rogers,0.0,0.08740740740740743,0.08740740740740743,0.04444444444444446,0.2888888888888889,366.4074074074074,0.0,0.6296296296296298,4,Aston Villa,MID,5.0,0.5639730583200521,0.5858585820899113,Full LASSO,33.0,2.75,9
Morgan Sanson,0.0,0.0,0.0,0.0,0.0,408.51877980833126,0.0,0.0,26,Aston Villa,MID,4.5,0.41436707331997213,0.2762447155466481,Full LASSO,0.0,0.0,0
Moussa Diaby,0.047808132229547065,0.1565265293857135,0.10871839715616641,0.4939916210163305,1.8423419618870898,806364.7593978846,0.16581834421255928,1.2387531872722635,26,Aston Villa,MID,6.4,1.228714770922639,1.232060909705847,Full LASSO,49.0,4.083333333333333,12
Moussa Niakhaté,0.004718261468235802,0.31736980280166277,0.312651541333427,1.3778624126333523,3.2371873621651934,6102.454136794666,0.5490796883754137,2.288470892019519,26,Nott'm Forest,DEF,4.5,1.4884056185653696,1.7550940430500859,Full LASSO,4.0,0.3333333333333333,5
Murillo Santiago Costa dos Santos,0.029373332469488703,0.0858014059986613,0.05642807352917259,1.1969847689128743,2.1380604889886343,10045.998025500772,0.9996992713401784,1.6510064721377653,23,Nott'm Forest,DEF,4.5,1.6172287261981717,1.6284879748447028,Full LASSO,18.0,1.5,12
Mykhailo Mudryk,0.023467923365890216,0.08560144858201273,0.06213352521612251,0.3259481421001909,1.1712565354277455,100022.17053528903,0.06155856073916556,1.054723708092195,25,Chelsea,MID,6.3,0.8919520980742619,0.9462093014135728,Full LASSO,35.0,2.9166666666666665,10
Myles Lewis-Skelly,0.0,0.0,0.0,0.0,0.0,190.32876085962505,0.0,0.0,10,Arsenal,MID,4.5,0.41436707331997213,0.2762447155466481,Full LASSO,0.0,0.0,0
Myles Peart-Harris,0.0,0.0,0.0,0.0008959790456513524,0.02769827694889933,149.58040685607625,0.0,0.02914340444188539,14,Brentford,MID,4.5,0.42235610225821196,0.2912852029861031,Full LASSO,0.0,0.0,0
Máximo Perrone,0.0,0.0,0.0,0.0,0.0,986.2195754125178,0.0,0.0,25,Man City,MID,4.4,0.41436707331997213,0.2762447155466481,Full LASSO,0.0,0.0,0
Naouirou Ahamada,8.079982253627321e-05,0.013530824273876016,0.013450024451339741,0.4154986129751499,0.8969301502025269,57944.71528118932,0.0,0.8631289247848652,26,Crystal Palace,MID,4.3,0.7289710512222989,0.7736903424098209,Full LASSO,2.0,0.16666666666666666,5
Nathan Aké,0.05446843446115596,0.08533198989901439,0.03086355543785843,1.0171983989554039,4.026364153977929,891996.9111948109,0.987104065171863,4.785478475155605,25,Man City,DEF,5.1,1.9113852200490444,2.8694163050845645,Full LASSO,21.0,1.75,8
Nathan Collins,0.022347561822432138,0.04305401192983238,0.02070645010740024,1.4552626143530496,2.7079818900912005,50001.50652115914,0.6327196268511447,1.444992779342167,25,Brentford,DEF,4.5,1.4601900789421476,1.4551243124088207,Full LASSO,32.0,2.6666666666666665,11
Nathan Fraser,0.0044444444444444444,0.0044444444444444444,0.0,0.10699588477366258,0.26172839506172846,7831.2650691568,0.0,0.06584362139917697,23,Wolves,FWD,4.5,0.7028266165679469,0.49049895151169026,Full LASSO,6.0,0.5,5
Nathan Patterson,0.003948416903325623,0.003961287594939392,1.2870691613769019e-05,0.15321206520387337,0.1839435042150002,18283.239367338865,0.07109110207866219,0.15522370942583505,26,Everton,DEF,4.4,0.6754620757721295,0.5020492869900314,Full LASSO,0.0,0.0,1
Nathan Redmond,0.0006829733717067396,0.000760046837999329,7.707346629258947e-05,0.01887220377022634,0.024426052304427102,2225.0085015218488,0.0,0.049349598365883575,25,Burnley,MID,4.7,0.4241179116385927,0.29919514054768964,Full LASSO,0.0,0.0,0
Nathaniel Clyne,0.0013992120415018468,0.0018449359123423484,0.00044572387084050184,0.24236960759536233,0.2570024034015405,11409.171289696806,0.12035176934933187,0.17272552665638716,26,Crystal Palace,DEF,4.4,0.7205153598407101,0.5379187487792692,Full LASSO,34.0,2.8333333333333335,8
Nathaniel Phillips,0.0,0.0,0.0,0.0,0.0,10490.973377340011,0.0,0.0,25,Liverpool,DEF,4.0,0.5978586798159444,0.3985724532106296,Full LASSO,0.0,0.0,0
Nayef Aguerd,0.004972695803699985,0.029769827119335172,0.024797131315635188,1.2769419536401851,1.3507966383617431,62020.43705740009,0.49511839574685307,0.24390254342478862,26,West Ham,DEF,4.4,1.1495064770876766,0.8476384992000472,Full LASSO,2.0,0.16666666666666666,2
Neal Maupay,0.08326324629400794,0.2812371375450086,0.19797389125100068,1.7249834574386123,5.8797053386267,143274.0282160343,0.9517313861366725,4.41924548940357,25,Brentford,FWD,4.9,2.828587484430537,3.358806819421548,Full LASSO,6.0,0.5,8
Neco Williams,0.02889501059313724,0.03738733704507695,0.008492326451939711,1.6337720878856392,2.271687567073669,19608.631357819115,0.8957899806324023,1.6613327731141843,26,Nott'm Forest,DEF,4.3,1.5683163938251408,1.599321853588155,Full LASSO,12.0,1.0,9
Nick Pope,0.0,5.940319206354926e-07,5.940319206354926e-07,0.0062978027142697995,0.01574199430813582,570819.9185606319,0.007707346629258948,0.03549793211049113,26,Newcastle,GK,5.3,0.34113194622868936,0.23925394152262328,Full LASSO,1.0,0.08333333333333333,1
Nicolas Jackson,0.0907695936253984,0.3804250696832415,0.28965547605784303,1.3549114007609235,3.6580920970282578,470778.202941702,0.6775006875453784,2.4888391556606475,25,Chelsea,FWD,6.8,2.085050972866504,2.219647033797885,Full LASSO,69.0,5.75,11
Nicolas Pépé,0.0,0.0,0.0,0.0,0.0,4476.9391438590965,0.0,0.0,26,Arsenal,MID,4.9,0.41436707331997213,0.2762447155466481,Full LASSO,0.0,0.0,0
Nicolás Domínguez,0.07942564593820056,0.12469077643725528,0.04526513049905473,1.472711575485029,3.304550847077167,3399.4352001139596,0.9502637551616526,3.4470114525061133,22,Nott'm Forest,MID,5.0,2.3059812416669754,2.6863246452800214,Full LASSO,11.0,0.9166666666666666,9
Nicolò Zaniolo,0.014082917480366205,0.017059680086980333,0.0029767626066141257,0.07422918014104508,0.8074420654510455,5496.964038309709,0.004493570126598214,0.6208361079500476,24,Aston Villa,MID,5.4,0.6683819637646816,0.6525333451598035,Full LASSO,14.0,1.1666666666666667,8
Nikola Vlašić,0.0,0.0,0.0,0.0,0.0,4906.332849235495,0.0,0.0,26,West Ham,MID,4.5,0.41436707331997213,0.2762447155466481,Full LASSO,0.0,0.0,0
Noha Lemina,0.0,0.0,0.0,0.0,0.0,371.0,0.0,0.0,5,Wolves,MID,5.0,0.41436707331997213,0.2762447155466481,Full LASSO,0.0,0.0,0
Noni Madueke,0.02610144251904733,0.05872723677757345,0.032625794258526124,0.3338295259337466,1.4632233307772373,12647.903419676248,0.3656446213406127,0.8941148311482935,25,Chelsea,MID,5.3,1.1765175661106808,1.0823833211232183,Full LASSO,52.0,4.333333333333333,9
Norberto Bercique Gomes Betuncal,0.0013809939390182692,0.07271192373203336,0.07133092979301509,0.4104203002713847,1.2261079001922879,14152.453278704488,0.02237906535821974,0.698386528659935,23,Everton,FWD,5.7,0.9904366248148766,0.8930865927632293,Full LASSO,22.0,1.8333333333333333,9
Norberto Murara Neto,5.94031920635493e-07,5.94031920635493e-07,0.0,1.5983092588601402,2.9259819923016224,353294.5683869616,0.9980969514495659,2.594386235259404,25,Bournemouth,GK,4.6,2.1606034532183624,2.3051977138987096,Full LASSO,28.0,2.3333333333333335,8
Nuno Varela Tavares,0.05978286026269025,0.08282812775240218,0.02304526748971194,0.3471190721432044,1.6069867986953017,30765.517659471043,0.5131317929551945,1.7228746789829281,26,Nott'm Forest,DEF,4.0,1.2027644454299362,1.3761345232809334,Full LASSO,1.0,0.08333333333333333,1
Nélson Cabral Semedo,0.03033567720551204,0.04128663199658339,0.010953210256020012,1.3939104274574496,3.4324951915356214,76182.16425968138,0.999661680257701,2.8230973335537524,26,Wolves,DEF,4.5,1.824691964811492,2.1574937543922452,Full LASSO,9.0,0.75,11
Odsonne Edouard,0.018334392044444286,0.21085288376839512,0.19251849172395083,0.36078824448071967,3.7394491462833113,175266.94260376605,0.5727467211414774,1.47115710532381,26,Crystal Palace,FWD,5.4,1.902740741887,1.7588795296992696,Full LASSO,13.0,1.0833333333333333,10
Odysseas Vlachodimos,7.612194201737236e-06,7.612194201737236e-06,0.0,0.016727796758317568,0.017998081665732482,7386.868217541202,0.01003858110354098,0.014463168983300752,22,Nott'm Forest,GK,4.5,0.3454147200799333,0.23509753638105577,Full LASSO,0.0,0.0,0
Oleksandr Zinchenko,0.025964234197910545,0.029639920732310393,0.003675686534399842,0.07808011367986013,1.3602504756513372,954269.7768035965,0.2623284670404304,0.9952543669887844,26,Arsenal,DEF,5.1,0.9934562049593656,0.9940555923025052,Full LASSO,19.0,1.5833333333333333,6
Oliver Arblaster,0.0,0.0,0.0,0.0,0.0,31.0,0.0,0.0,2,Sheffield Utd,MID,4.5,0.41436707331997213,0.2762447155466481,Full LASSO,19.0,1.5833333333333333,11
Oliver McBurnie,0.010625033576691359,0.09122041201920536,0.08059763390746266,0.1832348969721922,1.218373048497175,4779.360927938406,0.09741833460768705,1.1380239096509035,26,Sheffield Utd,FWD,5.4,0.999285657964045,1.0455317418596644,Full LASSO,25.0,2.0833333333333335,7
Oliver Norwood,0.06241900435346037,0.06385554700534396,0.0014365426518835839,0.6187770857942477,0.8808050196761273,3613.267775169817,0.38309346621145196,1.1928148284353757,26,Sheffield Utd,MID,4.8,1.061161913448334,1.1050462184440146,Full LASSO,3.0,0.25,4
Oliver Scarles,0.0,0.0,0.0,0.0,0.0,521.0411522633746,0.0,0.0,6,West Ham,DEF,4.0,0.5978586798159444,0.3985724532106296,Full LASSO,0.0,0.0,0
Oliver Skipp,0.020673989767330186,0.04575011298702909,0.025076123219698907,0.3907546378030627,0.6596601381602792,9276.933902917035,0.18417767784531766,0.45388343573839995,25,Spurs,MID,4.5,0.8143958248796423,0.6942250284992282,Full LASSO,4.0,0.3333333333333333,3
Oliwier Zych,0.0,0.0,0.0,0.0,0.0,5286.946453711222,0.0,0.0,24,Aston Villa,GK,4.0,0.32697257145518904,0.21798171430345936,Full LASSO,0.0,0.0,0
Ollie Harrison,0.0,0.0,0.0,0.0,0.0,0.0,0.0,0.0,1,Chelsea,MID,4.5,0.41436707331997213,0.2762447155466481,Full LASSO,0.0,0.0,0
Ollie Watkins,0.1293976120535534,1.0595488103124728,0.9301511982589195,1.862904571283471,10.950195527305816,5520925.2732714955,1.0,8.916647978475215,26,Aston Villa,FWD,8.8,4.093204147562013,5.7010187578664135,Full LASSO,58.0,4.833333333333333,11
Olu Aina,0.001183329721119603,0.002046423506743304,0.0008630937856237014,0.07729262531803899,0.13757056968796844,23622.893419128683,0.0570309256579836,0.12879184670703545,26,Nott'm Forest,DEF,4.5,0.6585120853372721,0.4819386724605266,Full LASSO,11.0,0.9166666666666666,8
Omar Richards,0.0,0.0,0.0,0.0,0.0,1972.235002383031,0.0,0.0,26,Nott'm Forest,DEF,4.4,0.5978586798159444,0.3985724532106296,Full LASSO,0.0,0.0,0
Omari Forson,0.003991769547325103,0.013991769547325103,0.009999999999999998,0.1952263374485597,0.7843621399176955,2169.4143470618037,0.3333333333333333,0.5967078189300412,26,Man Utd,MID,4.4,0.9116335856490829,0.806658330076069,Full LASSO,2.0,0.16666666666666666,2
Omari Kellyman,0.0,0.0,0.0,0.0,0.0,5416.857359363112,0.0,0.0,26,Aston Villa,MID,4.5,0.41436707331997213,0.2762447155466481,Full LASSO,2.0,0.16666666666666666,2
Orel Mangala,0.004488590134145845,0.024746780412431092,0.020258190278285248,0.17977056451974766,0.312538768385526,2935.623693230386,0.14872810971322,0.24467758658090016,26,Nott'm Forest,MID,5.0,0.649828921459293,0.5147784764998287,Full LASSO,0.0,0.0,0
Oscar Bobb,0.03609380471955625,0.15393559712924992,0.1178417924096937,0.08402142716824665,1.8469923284036294,7364.758313791206,0.22222222222222224,1.0585135631453755,25,Man City,MID,4.4,1.2198305446588775,1.16605821748771,Full LASSO,7.0,0.5833333333333334,6
Owen Beck,0.0,0.0,0.0,0.18765432098765442,0.09876543209876547,67.22222222222223,0.0,0.19753086419753094,5,Liverpool,DEF,4.5,0.6136900765910525,0.4749703391265453,Full LASSO,0.0,0.0,0
Owen Dodgson,0.0,0.0,0.0,0.0,0.0,2810.484906750454,0.0,0.0,25,Burnley,DEF,4.0,0.5978586798159444,0.3985724532106296,Full LASSO,0.0,0.0,0
Owen Hesketh,0.0,0.0,0.0,0.0,0.0,59.655387898186255,0.0,0.0,9,Wolves,MID,4.5,0.41436707331997213,0.2762447155466481,Full LASSO,0.0,0.0,0
Pablo Fornals Malla,0.002406498823276311,0.003039588452974781,0.0006330896296984699,0.18074523356629943,0.22098538488401132,4945.019059976888,0.07897969143240545,0.21098660731143273,26,West Ham,MID,4.6,0.5581010192717037,0.4423962152849467,Full LASSO,0.0,0.0,0
Pablo Sarabia,0.17378456285332106,0.5186672169422266,0.3448826540889056,1.0767261100998593,7.946296324542104,33472.85939922954,0.9265331864936543,5.8203883194629,26,Wolves,MID,4.7,3.8420534597442564,4.501498412983803,Full LASSO,24.0,2.0,10
Pape Matar Sarr,0.0384396547488947,0.1043053796964391,0.0658657249475444,1.0126228026306303,2.78676460570316,185919.36285045126,0.674980096332186,3.0459962897679222,25,Spurs,MID,4.4,1.8902316154305745,2.275486506876357,Full LASSO,22.0,1.8333333333333333,11
Pascal Groß,0.386960817127575,0.7633594623452229,0.376398645217648,0.8663746021488604,12.683097042100668,764525.8464684731,0.9971802772403957,7.281351409398403,26,Brighton,MID,6.5,5.389550598200098,6.020150868599533,Full LASSO,30.0,2.5,11
Pau Torres,0.004099258194375218,0.005058955919539437,0.000959697725164219,0.6844152142720876,0.8207918639515066,411966.06042022625,0.5815282483012622,0.904341220955063,26,Aston Villa,DEF,4.6,1.1230376526455639,1.0501388420820637,Full LASSO,21.0,1.75,9
Paul Dummett,0.0,0.0,0.0,0.0,0.0005138231086172634,35388.49797085513,0.0,0.0017127436953908778,26,Newcastle,DEF,3.9,0.59794104200818,0.39919827590391693,Full LASSO,4.0,0.3333333333333333,4
Pedro Lomba Neto,0.12922961741156996,0.2536281684820488,0.1243985510704788,1.1299744959682343,6.5802696284547135,454792.41990809224,0.9137309436414451,3.8269761236571163,26,Wolves,MID,5.8,3.262240941830079,3.4504860024390913,Full LASSO,3.0,0.25,3
Pedro Porro,0.08324351695093209,0.11416286441864099,0.030919347467708903,1.1641244290268433,3.064731043656372,3056765.94022814,0.6666072634746033,1.566503448444259,25,Spurs,DEF,5.8,1.5403115402947603,1.549042176344593,Full LASSO,49.0,4.083333333333333,10
Pelly Ruddock Mpanzu,0.002289022855665423,0.012922922703467088,0.010633899847801666,0.9256513732831104,0.8267968050147941,3558.6683243277103,0.02038394394485473,0.6721149446767237,23,Luton,MID,4.7,0.7844096689780908,0.7469780942109684,Full LASSO,8.0,0.6666666666666666,8
Pervis Estupiñán,0.08534545640151757,0.08601705948747677,0.0006716030859592029,0.6429536448722653,2.5108303117502464,2754000.224617138,0.2875356132784051,1.2990398474240856,26,Brighton,DEF,5.0,1.1949476257178944,1.2296450329532913,Full LASSO,9.0,0.75,5
Phil Foden,0.2627218400286959,0.8333783469021634,0.5706565068734675,1.0435362531362482,16.273157289176414,3162741.967953202,1.2210358406979143,8.347718985452525,25,Man City,MID,8.1,6.643751938670357,7.211740954264413,Full LASSO,87.0,7.25,8
Philip Billing,0.008308871593385454,0.012581370306072958,0.004272498712687505,0.08693064398939628,0.23941378864299104,31496.500108708813,0.016431634827656225,0.05157559993722537,25,Bournemouth,MID,5.1,0.5137092247480242,0.35966468314442457,Full LASSO,11.0,0.9166666666666666,8
Philippe Coutinho Correia,5.94031920635493e-07,5.148276645507606e-06,4.554244724872113e-06,2.633541514817352e-05,4.554244724872112e-05,17997.10510872485,0.0,5.940319206354928e-05,26,Aston Villa,MID,5.8,0.4143868434380248,0.276277696689371,Full LASSO,0.0,0.0,0
Pierre-Emerick Aubameyang,0.0,0.0,0.0,0.0,0.0,1781.8390640305288,0.0,0.0,25,Chelsea,FWD,6.5,0.6247448340051164,0.4164965560034109,Full LASSO,0.0,0.0,0
Pierre-Emile Højbjerg,0.034997904966448036,0.057080138034233285,0.022085616265208257,0.6428986552905213,1.1395028623879453,28515.21402998675,0.251256334561077,1.2507917830356425,25,Spurs,MID,5.2,1.0376335408815902,1.1086862882662742,Full LASSO,11.0,0.9166666666666666,10
Radek Vítek,0.0,0.0,0.0,0.0,0.0,2954.027825106241,0.0,0.0,25,Man Utd,GK,4.0,0.32697257145518904,0.21798171430345936,Full LASSO,0.0,0.0,0
Radu Dragusin,0.0,0.0,0.0,0.23506172839506181,0.11851851851851858,4478.530864197532,0.0,0.44444444444444453,5,Spurs,DEF,4.3,0.616856355946074,0.5593857187788641,Full LASSO,11.0,0.9166666666666666,5
Raheem Sterling,0.07682150990740877,0.3357533693681479,0.25893185946073916,1.2045091019338756,4.317797468155878,760626.9528655848,0.6957218869925765,4.002801070255813,25,Chelsea,MID,6.9,2.5282369746188857,3.0197583398311947,Full LASSO,23.0,1.9166666666666667,7
Raphaël Varane,0.008732784537389408,0.01722012758561881,0.008487343048229401,1.4273145830831413,1.8770940501550488,246261.2678675232,0.8711263596665337,1.3573292567700546,26,Man Utd,DEF,4.9,1.4883720960075053,1.4446911495950217,Full LASSO,8.0,0.6666666666666666,5
Rasmus Højlund,0.03026670228202237,0.481401716217619,0.4511350139355966,1.155187033212968,7.1102244360206805,710074.1244633491,0.627206808541135,5.893007572577195,26,Man Utd,FWD,7.2,2.8564396167268398,3.868628935343625,Full LASSO,34.0,2.8333333333333335,9
Rayan Aït-Nouri,0.14696158785617053,0.20534379522473048,0.05838220736855993,1.1690187514004746,4.198202264230366,78801.1779651088,0.8693568656177639,5.277827629657089,26,Wolves,DEF,4.5,1.8592315494273886,2.9987635761706217,Full LASSO,30.0,2.5,10
Raúl Jiménez,0.0028437307628435605,0.06228428683649174,0.059440556073648176,0.2782979357054406,0.712354417446473,101647.03433020806,0.16369040994800538,0.46248942045096875,26,Fulham,FWD,5.0,0.9294106967554836,0.7737702713206454,Full LASSO,17.0,1.4166666666666667,5
Reece Burke,0.0022932484841703933,0.024325069053470535,0.02203182056930014,0.49735429959808664,0.8723634625947663,12315.223676014528,0.32313765539936584,0.967011313706466,23,Luton,DEF,4.0,0.9564105516923908,0.9599441390304158,Full LASSO,19.0,1.5833333333333333,10
Reece James,0.0013792062653695055,0.0018838689405836777,0.0005046626752141726,0.02105786335134289,0.07489096857907053,314008.7535520181,0.014153856518717645,0.017266066760436228,25,Chelsea,DEF,5.3,0.6194433165085034,0.41871756659248094,Full LASSO,2.0,0.16666666666666666,1
Reiss Nelson,0.017621531106130645,0.02801372038696902,0.010392189280838378,0.10064769567322615,1.3029965643737016,4173.193592850997,0.0,0.8481287108195728,26,Arsenal,MID,4.8,0.8170934727425196,0.8274385521015373,Full LASSO,4.0,0.3333333333333333,2
Remi Matthews,0.0,0.0,0.0,0.0004046356980360948,0.0005780509971944211,12847.975583551784,0.0,0.0057805099719442105,26,Crystal Palace,GK,3.9,0.32697257145518904,0.2199085509607741,Full LASSO,0.0,0.0,0
Remo Freuler,0.0,0.0,0.0,0.0,0.0,1190.71329562807,0.0,0.0,26,Nott'm Forest,MID,4.9,0.41436707331997213,0.2762447155466481,Full LASSO,0.0,0.0,0
Reuell Walters,0.0,0.0,0.0,0.0,0.0,3060.5646570153394,0.0,0.0,15,Arsenal,DEF,4.0,0.5978586798159444,0.3985724532106296,Full LASSO,0.0,0.0,0
Rhian Brewster,0.003350719208979276,0.0815090169493964,0.07815829774041713,0.5388408027238963,2.3682253270468268,3453.3959764965875,0.3346020323669562,1.0000015243271132,26,Sheffield Utd,FWD,4.9,1.4621968458274872,1.3081317386606959,Full LASSO,2.0,0.16666666666666666,2
Rhys Bennett,0.0,0.0,0.0,0.0,0.0,676.1216278006402,0.0,0.0,9,Man Utd,DEF,4.0,0.5978586798159444,0.3985724532106296,Full LASSO,0.0,0.0,0
Rhys Norrington-Davies,0.0,0.0,0.0,0.22189300411522642,0.12949245541838142,18114.691252270986,0.24691358024691362,0.12254229538180159,26,Sheffield Utd,DEF,3.9,0.7857407573397197,0.564674603353747,Full LASSO,0.0,0.0,0
Richarlison de Andrade,0.04888906001567897,0.5743245725960472,0.5254355125803682,1.4783061661509609,7.437686940180269,1479454.2681256097,0.9846246925370992,5.352716530920279,25,Spurs,MID,7.2,3.8269109433064656,4.335512805844403,Full LASSO,15.0,1.25,5
Richie Laryea,0.0,0.0,0.0,0.0,0.0,363.2799697808035,0.0,0.0,26,Nott'm Forest,DEF,4.5,0.5978586798159444,0.3985724532106296,Full LASSO,0.0,0.0,0
Rico Henry,5.0752602219294924e-05,5.4316793743107896e-05,3.5641915238129555e-06,0.00031728729960943256,0.0008606037450206703,91654.19198017256,0.00030072865982171815,0.0006422970141871267,25,Brentford,DEF,4.3,0.598200178987537,0.39901421832975364,Full LASSO,0.0,0.0,0
Rico Lewis,0.004326000444936448,0.008357906150367534,0.0040319057054310865,0.13145281705314,0.29306022907688406,31550.056070347655,0.08502800174235865,0.30145171541478505,25,Man City,DEF,4.2,0.7023860090147984,0.5687412444814606,Full LASSO,20.0,1.6666666666666667,6
Riyad Mahrez,0.0,0.0,0.0,0.0,0.0,4224.161913473938,0.0,0.0,25,Man City,MID,7.5,0.41436707331997213,0.2762447155466481,Full LASSO,0.0,0.0,0
Rob Holding,0.0,0.0,0.0,0.0,0.0,11572.955439939193,0.0,0.0,26,Crystal Palace,DEF,4.3,0.5978586798159444,0.3985724532106296,Full LASSO,0.0,0.0,0
Robert Sánchez,0.0,0.0,0.0,0.05126401959652698,0.10041616017844489,358720.81196747115,0.026012294873748943,0.11062467668675265,25,Chelsea,GK,4.5,0.37476046131575247,0.2867151997727525,Full LASSO,0.0,0.0,0
Robin Olsen,0.0,0.0,0.0,2.16821651031955e-05,3.5641915238129574e-05,63665.36152873392,2.970159603177464e-05,5.940319206354928e-05,26,Aston Villa,GK,3.9,0.32702713705990555,0.21803789243729155,Full LASSO,15.0,1.25,4
Rodrigo Bentancur,0.05128517663401122,0.08761574638867384,0.03633056975466263,0.6874958157672452,2.4533292675184253,4088.859211922643,0.5814442870108506,1.6162691462608734,25,Spurs,MID,5.4,1.6769980976582937,1.6567551138591536,Full LASSO,16.0,1.3333333333333333,11
Rodrigo Duarte Ribeiro,0.0,0.0,0.0,0.0,0.05925925925925929,424.5555555555556,0.0,0.2962962962962964,4,Nott'm Forest,FWD,4.5,0.6389708639075145,0.5247460080371084,Full LASSO,3.0,0.25,3
Rodrigo Hernandez,0.18151240258548082,0.343663565670369,0.1621511630848882,1.0368001852747057,9.73408553187017,576049.5706358629,1.2158778460131126,5.763590571924861,25,Man City,MID,5.6,4.430688139960058,4.874988950614992,Full LASSO,61.0,5.083333333333333,10
Rodrigo Muniz Carvalho,0.06879521102279297,0.4795653055887863,0.4107700945659932,1.4282970137719324,8.068999752329768,102442.85145673866,0.8357457238148291,5.345747037094695,26,Fulham,FWD,4.4,3.245274385545562,3.945431936061939,Full LASSO,54.0,4.5,12
Romain Faivre,0.005308641975308643,0.026049382716049393,0.020740740740740747,0.006666666666666666,0.1827160493827161,72.25925925925927,0.0,0.4814814814814815,5,Bournemouth,MID,5.0,0.4856590270444019,0.4842665118567617,Full LASSO,2.0,0.16666666666666666,2
Romelu Lukaku Bolingoli,0.0,0.0,0.0,0.0,0.0,28298.066770274414,0.0,0.0,25,Chelsea,FWD,6.8,0.6247448340051164,0.4164965560034109,Full LASSO,0.0,0.0,0
Roméo Lavia,0.0002926383173296755,0.0002926383173296755,0.0,0.009657064471879294,0.017558299039780532,610.1402813389941,0.0,0.029263831732967552,24,Chelsea,MID,4.9,0.42072792665495895,0.29023989501429515,Full LASSO,0.0,0.0,0
Ronnie Stutter,0.0,0.0,0.0,0.0,0.0,3688.8279240988268,0.0,0.0,21,Chelsea,FWD,4.5,0.6247448340051164,0.4164965560034109,Full LASSO,0.0,0.0,0
Ross Barkley,0.21576369317491523,0.4292655266954915,0.21350183352057633,3.188689807713242,11.076524160443306,153273.20404191734,1.3312167465504912,4.725133282321475,23,Luton,MID,5.0,5.214534263268419,5.051400602952771,Full LASSO,34.0,2.8333333333333335,11
Ryan Christie,0.16888893953961112,0.22173137404278856,0.052842434503177424,1.5461127865416309,4.295219702271505,7041.133831273632,0.9994925203865512,1.6547651673232153,25,Bournemouth,MID,5.0,2.7011484531792007,2.3523540245605385,Full LASSO,34.0,2.8333333333333335,10
Ryan Fraser,0.0,0.0,0.0,0.0,0.0,1858.7555232440727,0.0,0.0,26,Newcastle,MID,4.9,0.41436707331997213,0.2762447155466481,Full LASSO,0.0,0.0,0
Ryan Fredericks,0.0,0.0,0.0,0.0,0.0,1143.592213192951,0.0,0.0,25,Bournemouth,DEF,4.3,0.5978586798159444,0.3985724532106296,Full LASSO,0.0,0.0,0
Ryan Giles,0.0020355218133450274,0.003210084798128018,0.001174562984782992,0.11927691646608743,0.16067362636008445,9245.759032212674,0.04257070782966375,0.08043428078751343,23,Luton,DEF,4.2,0.6524278313745493,0.461763314512204,Full LASSO,0.0,0.0,0
Ryan Gravenberch,0.07977919554481797,0.11331067614237617,0.033531480597558186,1.1736190939871078,2.9066342899759925,8074.541064878133,0.5386864270877527,1.4345166886617606,21,Liverpool,MID,5.0,1.8515822273510603,1.7125603811212935,Full LASSO,17.0,1.4166666666666667,7
Ryan Oné,0.0,0.0,0.0,0.0006495739052149108,0.0,378.76018142396185,0.0,0.0005074796134491491,18,Sheffield Utd,MID,4.4,0.41444487771766225,0.27646574501625787,Full LASSO,0.0,0.0,0
Ryan Sessegnon,0.0,0.0,0.0,0.0,0.0,712.1305808758586,0.0,0.0,25,Spurs,DEF,4.4,0.5978586798159444,0.3985724532106296,Full LASSO,0.0,0.0,0
Ryan Trevitt,0.0,0.0,0.0,0.0,0.0,1173.6331160999484,0.0,0.0,25,Brentford,MID,4.5,0.41436707331997213,0.2762447155466481,Full LASSO,0.0,0.0,0
Ryan Yates,0.007106040779042301,0.1750305057915413,0.16792446501249902,0.46608752342533066,1.6481081361963505,2844.949811195548,0.35021355360727563,1.248545580895322,26,Nott'm Forest,MID,4.8,1.3164236206802482,1.2937976074186062,Full LASSO,27.0,2.25,12
Rúben Gato Alves Dias,0.02872304958499176,0.09462405943957586,0.06590100985458411,0.9907415388637093,4.775542270732493,705802.5758728188,1.105896835998993,4.995316945913379,25,Man City,DEF,5.5,2.1118789485610776,3.073024947678511,Full LASSO,29.0,2.4166666666666665,7
Rúnar Alex Rúnarsson,0.0,0.0,0.0,0.0,0.0,8133.08692069748,0.0,0.0,26,Arsenal,GK,4.0,0.32697257145518904,0.21798171430345936,Full LASSO,0.0,0.0,0
Sam Curtis,0.0,0.0,0.0,0.0,0.0,0.0,0.0,0.0,1,Sheffield Utd,DEF,4.0,0.5978586798159444,0.3985724532106296,Full LASSO,1.0,0.08333333333333333,1
Sam Johnstone,0.0,0.0,0.0,0.42540517370709213,0.6743829249744444,244339.90934329253,0.5728970854713882,2.7024040775636524,26,Crystal Palace,GK,4.4,1.3794572889636512,1.8204395518303182,Full LASSO,3.0,0.25,2
Sam Proctor,0.0,0.0,0.0,0.0,0.0,620.7010618300055,0.0,0.0,10,Aston Villa,GK,4.0,0.32697257145518904,0.21798171430345936,Full LASSO,0.0,0.0,0
Sam Surridge,0.0,0.0,0.0,0.0,0.0,12895.441802777304,0.0,0.0,26,Nott'm Forest,FWD,4.5,0.6247448340051164,0.4164965560034109,Full LASSO,0.0,0.0,0
Saman Ghoddos,0.00860587959249621,0.011145190620003588,0.002539311027507377,0.3220627853095642,0.3408262066502233,3590.7751421679227,0.08265326411273005,0.5734368306301255,22,Brentford,MID,4.5,0.6175390319528384,0.6028382981786008,Full LASSO,3.0,0.25,3
Samuel Bastien,0.0,0.0,0.0,0.0,0.0,1399.779002322446,0.0,0.0,25,Burnley,MID,4.9,0.41436707331997213,0.2762447155466481,Full LASSO,0.0,0.0,0
Sander Berge,0.0163575199155234,0.03919917669738763,0.022841656781864225,2.243309014132638,2.8277616737314144,10179.958507342268,0.9555800656393321,1.7666024243875977,25,Burnley,MID,4.7,2.2057311978339427,2.059354940018494,Full LASSO,24.0,2.0,12
Sandro Tonali,4.006466852223601e-05,6.432097194818531e-05,2.42563034259493e-05,0.0007676532190224822,0.0014521141239097152,118101.45021978332,0.0003592036770092745,0.0014310909629684742,26,Newcastle,MID,5.2,0.415177345709255,0.27726192746049283,Full LASSO,0.0,0.0,0
Santiago Bueno,0.0,0.0,0.0,0.05675872036803923,0.051754297383069005,3802.900744916463,0.021221964850702584,0.053737333442888766,23,Wolves,DEF,4.5,0.620518776091601,0.4315916285420302,Full LASSO,9.0,0.75,8
Sasa Kalajdzic,8.875353191569025e-05,0.0004846978511725506,0.00039594431925686055,0.0024096110110841174,0.007975624941827596,12382.518528903884,0.0007612194201737237,0.016428585326021015,26,Wolves,FWD,4.9,0.6274400223858541,0.4237695433659097,Full LASSO,0.0,0.0,0
Saïd Benrahma,0.0004326050582468722,0.020739960323876146,0.02030735526562927,0.09324749167783444,0.20264162371316605,39647.06257935485,0.030129006739252485,0.07811197591751934,26,West Ham,MID,5.6,0.5196893582165647,0.37249689745021625,Full LASSO,0.0,0.0,0
Saša Lukić,0.0054190861951377255,0.028924856775439416,0.023505770580301694,0.5785953083751564,1.3820922440067092,33347.04513204438,0.33376075786372805,0.7465926303457002,26,Fulham,MID,4.3,1.1385545931310252,1.0079006055359168,Full LASSO,25.0,2.0833333333333335,10
Scott Carson,0.0,0.0,0.0,0.0,0.0,8060.332218855016,0.0,0.0,25,Man City,GK,3.8,0.32697257145518904,0.21798171430345936,Full LASSO,0.0,0.0,0
Scott McKenna,8.588711519188167e-06,1.3687485504642817e-05,5.098773985454648e-06,0.00022310848885868055,0.0005952694871368167,8040.707604081032,0.00020048577321447877,0.0005247281965613521,26,Nott'm Forest,DEF,4.4,0.5980897976225225,0.39890144114720205,Full LASSO,0.0,0.0,0
Scott McTominay,0.013053772484231733,0.15425336198914463,0.14123812623805918,0.5676568270885584,3.0879850262418946,163825.66444153996,0.0385088743037033,2.4678038835593075,26,Man Utd,MID,4.6,1.4984294377868357,1.8215542530443263,Full LASSO,15.0,1.25,8
Scott Twine,0.0,0.0,0.0,0.0,0.0,863.4681012044466,0.0,0.0,25,Burnley,MID,4.9,0.41436707331997213,0.2762447155466481,Full LASSO,0.0,0.0,0
Seamus Coleman,0.00048532198306114923,0.00048532198306114923,0.0,0.19781281459277705,0.27573935770856983,4142.989723264179,0.047749420914080805,0.4145257893162178,26,Everton,DEF,4.4,0.6743773020747688,0.5877601311552517,Full LASSO,16.0,1.3333333333333333,7
Sean Longstaff,0.050337764747301575,0.2016875353473594,0.15134977060005786,2.361360507252066,3.8124421999977445,48022.60300009823,0.9859503002928065,3.1336445579357433,26,Newcastle,MID,4.8,2.6374034285825947,2.8028171383669775,Full LASSO,38.0,3.1666666666666665,11
Sepp van den Berg,0.0,0.0,0.0,0.0,0.0,1637.584014874879,0.0,0.0,25,Liverpool,DEF,4.0,0.5978586798159444,0.3985724532106296,Full LASSO,0.0,0.0,0
Serge Aurier,0.00021672453106706563,0.00034795095856866187,0.0001312264275015963,0.0048453256836520605,0.016275676491704017,76213.75016876284,0.004024725792362272,0.009256601021883132,26,Nott'm Forest,DEF,4.5,0.6031917217069787,0.4052133481452801,Full LASSO,0.0,0.0,0
Sergi Canós Tenés,0.0,0.0,0.0,0.0,0.0,1151.5983831120243,0.0,0.0,25,Brentford,MID,5.0,0.41436707331997213,0.2762447155466481,Full LASSO,0.0,0.0,0
Sergio Gómez,5.346287285719433e-06,5.346287285719433e-06,0.0,0.06321188140094204,0.006844993645096522,93226.47971575604,0.0,0.06621117865007019,25,Man City,DEF,3.8,0.5989558836454205,0.42137431531363706,Full LASSO,3.0,0.25,3
Sergio Reguilón,0.12715099599204233,0.18539138322153653,0.058240387229494206,1.818019017956227,4.744916125078701,124424.89216797202,1.031780768604575,2.753265985646343,26,Brentford,DEF,4.4,2.0568037643984027,2.288957838147716,Full LASSO,38.0,3.1666666666666665,10
Shandon Baptiste,0.0017284245907220844,0.016936283976806344,0.015207859386084255,0.03362834876627341,0.23255396903580788,97839.73397789162,0.014451274929860525,0.4113060577281898,25,Brentford,MID,4.3,0.5070353781326322,0.4751256046644847,Full LASSO,3.0,0.25,1
Shea Charles,0.0,0.0,0.0,0.0,0.0,36.00654247265716,0.0,0.0,25,Man City,MID,4.5,0.41436707331997213,0.2762447155466481,Full LASSO,0.0,0.0,0
Shola Shoretire,0.0,0.0,0.0,0.0,0.0,23253.903846670517,0.0,0.0,26,Man Utd,FWD,4.4,0.6247448340051164,0.4164965560034109,Full LASSO,0.0,0.0,0
Simon Adingra,0.06446097456255757,0.24247462867085914,0.17801365410830156,0.27301167162748424,5.530229933043757,87123.09110302944,0.5942899763541252,4.1187772834880425,26,Brighton,MID,5.0,2.622162613418281,3.121034170108201,Full LASSO,24.0,2.0,11
Siriki Dembélé,0.0,0.0,0.0,0.0,0.0,249.00824552814493,0.0,0.0,25,Bournemouth,MID,4.5,0.41436707331997213,0.2762447155466481,Full LASSO,0.0,0.0,0
Sofyan Amrabat,0.00029033531287729354,0.00037417517401587157,8.383986113857812e-05,0.05860533015885014,0.14501330430840143,10308.346502650596,0.019526658425015733,0.41264046578867714,22,Man Utd,MID,5.0,0.47701999896369207,0.45556015457202037,Full LASSO,10.0,0.8333333333333334,8
Solly March,0.0001383259017692304,0.0002721470614736417,0.00013382115970441127,0.0011658851026091338,0.0036271991283116107,229506.3964017589,0.0008478877492195665,0.0030643693530907493,26,Brighton,MID,6.1,0.416344531440198,0.2785844774111622,Full LASSO,0.0,0.0,0
Son Heung-min,0.16920816525425614,0.20859577212981528,0.03938760687555912,0.835866695751319,3.767619063282657,2099832.9008250833,0.4650205761316873,2.4891558397373714,25,Spurs,MID,9.6,2.070592381440049,2.210113534205823,Full LASSO,71.0,5.916666666666667,11
Stefan Bajcetic,0.0,0.0,0.0,0.0,0.0,2412.9291770236637,0.0,0.0,25,Liverpool,MID,4.7,0.41436707331997213,0.2762447155466481,Full LASSO,1.0,0.08333333333333333,1
Stefan Ortega Moreno,0.0,0.0,0.0,0.05090131781853181,0.10631400550423656,78242.57909089336,0.0005074796134491491,0.08880645442580096,25,Man City,GK,3.7,0.32790487596702445,0.24820540211994993,Full LASSO,18.0,1.5,7
Steve Cook,0.0,0.0,0.0,0.0,0.0,1032.6623958658445,0.0,0.0,26,Nott'm Forest,DEF,4.5,0.5978586798159444,0.3985724532106296,Full LASSO,0.0,0.0,0
Steven Alzate,0.0,0.0,0.0,0.0,0.0,4840.55441811645,0.0,0.0,26,Brighton,MID,4.4,0.41436707331997213,0.2762447155466481,Full LASSO,0.0,0.0,0
Steven Benda,0.0,0.0,0.0,0.0,0.0,2823.8926180539484,0.0,0.0,23,Fulham,GK,4.0,0.32697257145518904,0.21798171430345936,Full LASSO,0.0,0.0,0
Sven Botman,0.011991071974918947,0.022273603332123634,0.010282531357204689,2.2333434440491096,2.883426973675321,626725.544657324,0.961237733955151,0.39445350226496123,26,Newcastle,DEF,4.5,1.7106726882666567,1.2719329595994249,Full LASSO,7.0,0.5833333333333334,2
Sydie Peck,0.0,0.0,0.0,0.002080983589899916,0.0,237.32244407187255,0.0,0.01734152991583263,11,Sheffield Utd,MID,4.4,0.4146163285217518,0.2821913956531121,Full LASSO,0.0,0.0,0
Tahith Chong,0.14762735596797227,0.22686368483453714,0.07923632886656487,1.6012062095124138,4.142010884923144,7838.9735133236645,0.6736594890485171,3.8121405992833566,23,Luton,MID,4.7,2.432462291589689,2.892355060820911,Full LASSO,42.0,3.5,12
Taiwo Awoniyi,0.13707688339109364,0.3287408016906407,0.19166391829954707,0.9397158422134835,4.436794267248434,156112.92980090814,0.8047836752145937,3.7223669580066217,26,Nott'm Forest,FWD,6.3,2.285896032275021,2.7647196741855544,Full LASSO,5.0,0.4166666666666667,5
Takehiro Tomiyasu,0.0013740684148289886,0.0017207655154935558,0.00034669710066456667,0.027875904384654593,0.112476777296758,27371.30546318326,0.006204708852932688,0.07779637984196751,26,Arsenal,DEF,4.5,0.6200876127161639,0.43932386842476506,Full LASSO,31.0,2.5833333333333335,9
Tanguy Ndombélé Alvaro,0.0,0.0,0.0,0.0,0.0,18654.436287279488,0.0,0.0,25,Spurs,MID,4.4,0.41436707331997213,0.2762447155466481,Full LASSO,0.0,0.0,0
Tariq Lamptey,0.04088667125510383,0.06578512716848905,0.024898455913385225,0.33820221045795557,2.219440588611983,479329.9429849697,0.8042487080889316,2.9021436125082505,26,Brighton,DEF,3.9,1.4979811596081132,1.9660353105748256,Full LASSO,7.0,0.5833333333333334,7
Tawanda Chirewa,0.0,0.0,0.0,0.0013168724279835396,0.026337448559670795,475.36107300716367,0.0,0.04389574759945132,13,Wolves,MID,4.4,0.4220192839788939,0.29597810518574635,Full LASSO,7.0,0.5833333333333334,6
Tayo Adaramola,0.0,0.0,0.0,0.0,0.0,766.2330437433319,0.0,0.0,10,Crystal Palace,DEF,4.0,0.5978586798159444,0.3985724532106296,Full LASSO,0.0,0.0,0
Teden Mengi,0.027803507650830526,0.031709202581694136,0.0039056949308636105,2.6922028990573086,3.9918783802371385,196633.83698178135,1.0111615599142978,0.656951117007134,24,Luton,DEF,3.9,1.9221408961205262,1.5004109697493955,Full LASSO,13.0,1.0833333333333333,11
Terence Kongolo,0.0,0.0,0.0,0.0,0.0,6469.774137522739,0.0,0.0,26,Fulham,DEF,4.0,0.5978586798159444,0.3985724532106296,Full LASSO,0.0,0.0,0
Thiago Alcántara do Nascimento,0.0,0.0,0.0,0.0044444444444444444,0.014814814814814817,9419.76650373531,0.0,0.14814814814814817,25,Liverpool,MID,4.7,0.4191150625238611,0.32879275773195676,Full LASSO,0.0,0.0,0
Thiago Emiliano da Silva,0.0072175223021588375,0.029599089236271806,0.022381566934112966,0.9055233635312256,2.8678785652593737,399738.9009666821,0.628732069975783,2.185969270269767,25,Chelsea,DEF,5.0,1.483121370917983,1.7174040040352443,Full LASSO,32.0,2.6666666666666665,7
Thilo Kehrer,0.0,0.0,0.0,0.00018697902801283675,3.044413593256902e-05,9365.378384671676,0.0,0.00010643071911385915,26,West Ham,DEF,4.2,0.5978635597945482,0.39861118343607005,Full LASSO,0.0,0.0,0
Thomas Cannon,0.0,0.0,0.0,8.3164468888969e-06,0.0,2236.831569992117,0.0,2.970159603177464e-05,26,Everton,FWD,4.5,0.624746019350393,0.4165072467656059,Full LASSO,0.0,0.0,0
Thomas Kaminski,4.886840722102919e-06,4.886840722102919e-06,0.0,3.1940705221653314,4.984526173948545,59887.97241780447,1.333671653075633,3.785026439736113,23,Luton,GK,4.5,2.777096806039821,3.1130733506052515,Full LASSO,24.0,2.0,12
Thomas Partey,1.0253238463468869e-05,1.1639312944951687e-05,1.3860744814828169e-06,7.633310180166085e-05,0.00046445870794687615,15293.589063245228,8.910478809532391e-05,0.00039385553904634497,26,Arsenal,MID,4.8,0.414581003295861,0.2765186207102561,Full LASSO,17.0,1.4166666666666667,9
Thomas Strakosha,3.3831974229943276e-06,3.3831974229943276e-06,0.0,0.000769254514053335,0.0016958277082759071,186334.4032831161,0.0003383197422994328,0.002156788357158884,25,Brentford,GK,3.9,0.3275941077964126,0.21911500131666137,Full LASSO,0.0,0.0,0
Tim Iroegbunam,0.0,0.0,0.0,0.10249657064471883,0.07654320987654321,2341.6839324128555,0.0,0.3404968754762994,26,Aston Villa,MID,4.4,0.4484246948230566,0.41244875504080414,Full LASSO,7.0,0.5833333333333334,6
Tim Krul,0.0,0.0,0.0,0.0,0.0,4692.338927244922,0.0,0.0,22,Luton,GK,4.4,0.32697257145518904,0.21798171430345936,Full LASSO,0.0,0.0,0
Tim Ream,0.0032565769853012826,0.0032993472835870373,4.277029828575546e-05,0.8977213331371596,1.3703127568036872,71753.66989274461,0.4768134475023631,0.6893318989641062,26,Fulham,DEF,4.5,1.140244927045924,0.9899405843519847,Full LASSO,1.0,0.08333333333333333,1
Timo Werner,0.1398765432098766,0.2808641975308642,0.1409876543209877,0.7428395061728396,4.228395061728396,76716.86419753087,0.6666666666666667,2.5555555555555562,5,Spurs,FWD,6.4,2.128500796690618,2.270852382978931,Full LASSO,31.0,2.5833333333333335,8
Timothy Castagne,0.05898163582497913,0.1186868725169439,0.059705236691964765,1.609594474156751,3.859740705044974,66128.55091286763,0.9338922585200078,3.341143690601503,23,Fulham,DEF,4.5,1.8486598445779232,2.3461544599191164,Full LASSO,45.0,3.75,11
Tino Livramento,0.0059849439235039594,0.006331774521820612,0.0003468305983166526,1.0387561822929938,1.0193273924863282,102292.97715831362,0.38518397254926806,0.6771838845835443,26,Newcastle,DEF,4.1,1.021964352424871,0.9070375298110953,Full LASSO,15.0,1.25,7
Toby Collyer,0.0,0.0,0.0,0.0,0.0,0.0,0.0,0.0,1,Man Utd,MID,4.5,0.41436707331997213,0.2762447155466481,Full LASSO,0.0,0.0,0
Tom Cairney,0.05595334710417744,0.06489796507205282,0.008944617967875382,1.3697695046487666,2.9628051068963184,5905.876107461381,0.5619907861561234,1.471118499656703,26,Fulham,MID,4.9,1.8735089073917162,1.739378771480045,Full LASSO,12.0,1.0,10
Tom Davies,0.001980320786305671,0.0049523056090632865,0.002971984822757615,0.1938370357747725,0.475667845652318,514.807973207892,0.0,0.5804975207967651,25,Sheffield Utd,MID,5.0,0.576455711991114,0.5778029815929977,Full LASSO,2.0,0.16666666666666666,2
Tom Heaton,0.0,0.0,0.0,0.0,0.0,9573.557751032109,0.0,0.0,26,Man Utd,GK,4.0,0.32697257145518904,0.21798171430345936,Full LASSO,0.0,0.0,0
Tom King,0.0,0.0,0.0,0.0,0.0,72677.07430124976,0.0,0.0,26,Wolves,GK,3.9,0.32697257145518904,0.21798171430345936,Full LASSO,0.0,0.0,0
Tom Lockyer,0.0005088501216644825,0.001353615722644927,0.0008447656009804444,0.050370416678558176,0.07785440634704742,13423.598890196994,0.030585754208399298,0.03472938790401574,23,Luton,DEF,4.2,0.6310403909487718,0.4322700566005198,Full LASSO,0.0,0.0,0
Tom McGill,0.0,0.0,0.0,0.0,0.0,28545.847535741756,0.0,0.0,26,Brighton,GK,3.9,0.32697257145518904,0.21798171430345936,Full LASSO,0.0,0.0,0
Tommi O'Reilly,0.0,0.0,0.0,0.0,0.0,234.1207133058985,0.0,0.0,9,Aston Villa,MID,4.5,0.41436707331997213,0.2762447155466481,Full LASSO,0.0,0.0,0
Tommy Doyle,0.008781081993833324,0.017447392257047105,0.008666310263213779,0.308693624851398,0.6371063823181436,6205.013205560679,0.1423335356948559,0.9538633097785914,26,Wolves,MID,4.4,0.7478260930378162,0.8165051652847413,Full LASSO,15.0,1.25,8
Tomáš Souček,0.006795205978320576,0.2155442895852786,0.208749083606958,1.4866969429411196,2.487551800971061,133755.45263267678,0.7772257457702811,1.8835023872976544,26,West Ham,MID,4.9,2.0147222318417914,1.9709822836604123,Full LASSO,34.0,2.8333333333333335,12
Tosin Adarabioyo,0.004393789715133009,0.04398650085334027,0.039592711138207254,1.0927496187858958,1.6609417443800467,24650.78370171209,0.6219222830003708,1.1204574108285192,26,Fulham,DEF,4.3,1.2850487202880867,1.2301849504682307,Full LASSO,29.0,2.4166666666666665,8
Toti António Gomes,0.013541533447395965,0.06513394393552582,0.05159241048812987,1.2875666153793983,2.460035715736507,28518.76408978896,0.9996992713401784,3.0004286030520806,26,Wolves,DEF,4.4,1.6688390665579806,2.112702245389347,Full LASSO,24.0,2.0,11
Travis Hernes,0.0,0.0,0.0,0.0,0.0,51.27160493827161,0.0,0.0,5,Newcastle,MID,4.5,0.41436707331997213,0.2762447155466481,Full LASSO,0.0,0.0,0
Trent Alexander-Arnold,0.11726527092497653,0.15976813931823172,0.042502868393255185,0.5239345116502531,3.0698830348104473,1955253.3382394882,0.5015814594573401,1.7818674196558606,25,Liverpool,DEF,8.6,1.4294383821897456,1.5469147280117839,Full LASSO,19.0,1.5833333333333333,6
Trevoh Chalobah,0.0,0.0,0.0,0.26,0.26666666666666666,4680.959728753591,0.0,0.3333333333333333,25,Chelsea,DEF,4.3,0.6406034511087357,0.5381800785169348,Full LASSO,38.0,3.1666666666666665,10
Treymaurice Nyoni,0.0,0.0,0.0,0.0,0.0,157.94572743415233,0.0,0.0,14,Liverpool,MID,4.5,0.41436707331997213,0.2762447155466481,Full LASSO,0.0,0.0,0
Ty Barnett,0.0,0.0,0.0,0.0,0.0,360.8645023624448,0.0,0.0,9,Wolves,MID,4.5,0.41436707331997213,0.2762447155466481,Full LASSO,0.0,0.0,0
Tyler Adams,0.0,0.0,0.0,0.0,0.0,309.1434130407028,0.0,0.0,23,Bournemouth,MID,4.9,0.41436707331997213,0.2762447155466481,Full LASSO,5.0,0.4166666666666667,3
Tyler Onyango,0.0,0.0,0.0,0.0,0.0,1386.0541727486993,0.0,1.9801064021183095e-05,26,Everton,MID,4.4,0.41436707331997213,0.2762513159013218,Full LASSO,0.0,0.0,0
Tyrell Malacia,0.0,0.0,0.0,0.0,0.0,2318.252858420383,0.0,0.0,26,Man Utd,DEF,4.3,0.5978586798159444,0.3985724532106296,Full LASSO,0.0,0.0,0
Tyrese Francois,0.0,0.0,0.0,0.0,0.0,2465.2986475498046,0.0,0.0,26,Fulham,MID,4.4,0.41436707331997213,0.2762447155466481,Full LASSO,0.0,0.0,0
Tyrick Mitchell,0.02580365831095339,0.04163976748518236,0.015836109174228976,1.065532179586743,2.574220783983561,346629.2302000639,0.9942194900280561,2.5492142517446474,26,Crystal Palace,DEF,4.5,1.6834330892507412,1.9720268100820433,Full LASSO,48.0,4.0,11
Tyrone Mings,6.336340486778593e-06,6.732361767202259e-06,3.9602128042366206e-07,4.27702982857555e-05,8.71246816932057e-05,121530.55549827316,3.960212804236619e-05,0.0,26,Aston Villa,DEF,4.1,0.5978994502883548,0.3985996335255698,Full LASSO,0.0,0.0,0
Valentín Barco,0.0,0.0,0.0,0.0,0.0,539.3333333333334,0.0,0.0,2,Brighton,DEF,4.0,0.5978586798159444,0.3985724532106296,Full LASSO,5.0,0.4166666666666667,6
Valintino Adedokun,0.0,0.0,0.0,0.0,0.0,3139.104291079453,0.0,0.0,15,Brentford,DEF,4.0,0.5978586798159444,0.3985724532106296,Full LASSO,0.0,0.0,0
Vicente Guaita,0.0,0.0,0.0,0.0,0.0,19716.96767941344,0.0,0.0,26,Crystal Palace,GK,4.4,0.32697257145518904,0.21798171430345936,Full LASSO,0.0,0.0,0
Victor Lindelöf,0.027738769238418646,0.05461099843230316,0.026872229193884514,0.7647967470051578,2.3488841298140763,30285.20798454027,0.3414749135258664,0.6152375280244679,26,Man Utd,DEF,4.5,1.205498034359073,1.0087445322475381,Full LASSO,17.0,1.4166666666666667,3
Victor da Silva,0.01725130200951123,0.037715886220549756,0.02046458421103852,0.9328565046235678,1.1941027228428285,14729.046091562674,0.29556628675632807,1.1308266005757717,25,Burnley,DEF,4.4,0.9893211752139514,1.036489650334558,Full LASSO,27.0,2.25,12
Viljami Sinisalo,0.0,0.0,0.0,0.0,0.0,346.92196629407965,0.0,0.0,26,Aston Villa,GK,4.0,0.32697257145518904,0.21798171430345936,Full LASSO,0.0,0.0,0
Vincent Angelini,0.0,0.0,0.0,0.0,0.0,947.9445940377202,0.0,0.0,12,Brentford,GK,4.0,0.32697257145518904,0.21798171430345936,Full LASSO,0.0,0.0,0
Vini de Souza Costa,0.0422862477636911,0.07796929818118163,0.03568305041749052,1.8394634735715867,3.892270100958863,3006.2088053320467,0.9973912823288715,3.6272154576542217,26,Sheffield Utd,MID,5.0,2.518004915294301,2.887741762747608,Full LASSO,16.0,1.3333333333333333,10
Virgil van Dijk,0.04422546226817989,0.17895025501760883,0.13472479274942892,1.9752573331602303,7.300772944786228,1703265.9442075882,1.3331662618556548,5.015935836517237,25,Liverpool,DEF,6.4,2.670484537356507,3.45230163707675,Full LASSO,25.0,2.0833333333333335,11
Vitalii Mykolenko,0.05260786488919352,0.06763081632945635,0.015022951440262826,1.2038107191140135,3.374372179658034,610849.9701918219,0.9911955778599411,2.184327655091069,26,Everton,DEF,4.6,1.809644912553336,1.9345391600659136,Full LASSO,18.0,1.5,6
Vitaly Janelt,0.05694231573712161,0.07821314455273362,0.021270828815612024,1.8303235643830627,2.3459940034893414,9046.164563011534,0.8888888888888891,2.565200718317006,25,Brentford,MID,5.3,1.9987151105698295,2.1875436464855547,Full LASSO,32.0,2.6666666666666665,12
Vladimír Coufal,0.09155609614010596,0.09174473582766776,0.00018863968756180076,1.5612366138268388,3.7375040385117293,275672.6453224826,0.9048925468678557,2.0310764128155925,26,West Ham,DEF,4.6,1.8094374977030272,1.8833171360738823,Full LASSO,19.0,1.5833333333333333,12
Wataru Endo,0.19996319479687036,0.2126435675946033,0.012680372797732958,1.2753213814015203,4.23528095937257,8392.702807699396,1.010772407832793,1.4492606529435563,24,Liverpool,MID,5.4,2.653350470411937,2.251987197922477,Full LASSO,18.0,1.5,10
Wayne Hennessey,0.0,0.0,0.0,0.0,0.0,19781.499760658913,0.0,0.0,26,Nott'm Forest,GK,4.0,0.32697257145518904,0.21798171430345936,Full LASSO,0.0,0.0,0
Wes Foderingham,0.004617859743602771,0.004617859743602771,0.0,1.4065247885422827,2.128592570572885,34811.44283218318,0.60082304526749,1.3436014481209495,26,Sheffield Utd,GK,4.5,1.4307608243673422,1.4017076989518777,Full LASSO,12.0,1.0,5
Wesley Fofana,0.0,0.0,0.0,0.0,0.0,2523.7841171291584,0.0,0.0,25,Chelsea,DEF,4.4,0.5978586798159444,0.3985724532106296,Full LASSO,0.0,0.0,0
Wesley Moraes Ferreira da Silva,0.0,0.0,0.0,0.0,0.0,513.5200301723255,0.0,0.0,26,Aston Villa,FWD,5.0,0.6247448340051164,0.4164965560034109,Full LASSO,0.0,0.0,0
Will Hughes,0.02715952341505908,0.02806155931163798,0.0009020358965788934,0.34756812843391766,1.3541705017149626,1372.6867393859993,0.3813005524060857,0.7724837912860337,26,Crystal Palace,MID,4.9,1.136660017641993,1.0152679421900066,Full LASSO,27.0,2.25,10
William Osula,0.016719435052009877,0.057534241749262485,0.04081480669725262,0.7467141943800708,0.5416763894273452,119151.92602776935,0.4038705217280755,0.9931260743374932,26,Sheffield Utd,FWD,4.3,1.0931091555539942,1.0597814618151604,Full LASSO,5.0,0.4166666666666667,5
William Saliba,0.015945137742653527,0.09777839101768708,0.08183325327503355,0.3207371224438987,2.97902218841348,3974522.309676047,1.0,4.42522910944224,26,Arsenal,DEF,5.7,1.7522324598609798,2.643231343054733,Full LASSO,60.0,5.0,11
Willian Borges da Silva,0.15431677692406898,0.25422104971499754,0.09990427279092859,0.9450232812871145,3.8390400757044834,66607.23303516199,0.6228173625193775,1.599990383221598,26,Fulham,MID,5.3,2.25036271002698,2.033571934425186,Full LASSO,19.0,1.5833333333333333,10
Willy Boly,0.0021965350895292598,0.004186638237202269,0.0019901031476730097,0.07013604237567392,0.07723776460611399,37621.32687004908,0.03148214815909727,0.01914805349108314,26,Nott'm Forest,DEF,4.5,0.6315482788057349,0.4274148703675177,Full LASSO,21.0,1.75,5
Willy Kambwala,0.0001300614743687447,0.0001300614743687447,0.0,0.017688360514149282,0.026012294873748943,1489.0297718843674,0.013006147436874472,0.03251536859218618,10,Man Utd,DEF,3.9,0.6108315768000729,0.41805950739744396,Full LASSO,3.0,0.25,6
Wilson Odobert,0.037676254675317405,0.08962875318599318,0.05195249851067578,2.102303017739697,1.6627517473799787,6586.947375222224,0.9890028462932774,2.503864498044713,24,Burnley,MID,5.0,1.9172864673522736,2.1128124775830868,Full LASSO,29.0,2.4166666666666665,12
Wout Weghorst,0.0,0.0,0.0,0.0,0.0,4222.527403704468,0.0,0.0,25,Burnley,FWD,5.5,0.6247448340051164,0.4164965560034109,Full LASSO,0.0,0.0,0
Yago de Santiago Alonso,0.0,0.0,0.0,0.0,0.0,310.4417799906293,0.0,0.0,12,Spurs,MID,4.5,0.41436707331997213,0.2762447155466481,Full LASSO,0.0,0.0,0
Yasin Ayari,0.0,0.0,0.0,0.0,0.0,1665.348384966259,0.0,0.0,26,Brighton,MID,4.5,0.41436707331997213,0.2762447155466481,Full LASSO,0.0,0.0,0
Yasser Larouci,0.0033339273652539685,0.00799081598567799,0.004656888620424022,0.9460376377015656,0.5528011487867284,4642.7937844642,0.5686062553864777,0.9548661674702088,26,Sheffield Utd,DEF,4.3,1.0713342954232163,1.0325115861055472,Full LASSO,2.0,0.16666666666666666,2
Yegor Yarmoliuk,0.025148530128462056,0.02570731275908333,0.0005587826306212737,0.1106961387372572,0.1126966116652649,61092.92807668209,0.0317125199849717,0.37844025332382475,14,Brentford,MID,4.3,0.5008564740798509,0.4600510671611755,Full LASSO,16.0,1.3333333333333333,12
Yegor Yarmolyuk,0.0,0.12222222222222223,0.12222222222222223,0.2811111111111111,0.7481481481481481,66051.58944266627,0.0,0.7037037037037037,11,Brentford,MID,4.4,0.7477311691365083,0.7330553473255734,Full LASSO,0.0,0.0,0
Yerson Mosquera,0.0,0.0,0.0,0.0,0.0,20.74485596707819,0.0,0.0,6,Wolves,DEF,4.0,0.5978586798159444,0.3985724532106296,Full LASSO,0.0,0.0,0
Yoane Wissa,0.06970464519016194,0.12577434719240038,0.05606970200223846,0.729568986265648,3.0801037846175205,479918.93099892896,0.30423320744918075,2.377321918071303,25,Brentford,FWD,5.6,1.6428405224541631,1.8876676543265432,Full LASSO,59.0,4.916666666666667,12
Youri Tielemans,0.09113265439259345,0.22698472266365116,0.13585206827105772,1.4671354082349042,3.7838063280098626,46488.51983383759,0.7335097370134186,2.8942106569898014,26,Aston Villa,MID,5.6,2.3577872989173976,2.536595084941532,Full LASSO,30.0,2.5,10
Youssef Ramalho Chermiti,8.910478809532389e-07,0.029038579502224746,0.02903768845434379,0.048204375772984656,0.21058251382429716,5735.811334840308,0.0,0.25233361392707715,26,Everton,FWD,4.8,0.6821687500785991,0.538890371361425,Full LASSO,8.0,0.6666666666666666,8
Yves Bissouma,0.02129274814436613,0.023083865330985286,0.0017911171866191546,0.5437658450094562,1.6797705920075239,33858.438466588465,0.36927518048742125,0.9423925416168555,25,Spurs,MID,5.0,1.2405910129642534,1.1411915225151206,Full LASSO,17.0,1.4166666666666667,10
Zack Nelson,0.0,0.0,0.0,0.0,0.0,615.0874829002655,0.0,0.0,14,Luton,MID,4.5,0.41436707331997213,0.2762447155466481,Full LASSO,2.0,0.16666666666666666,2
Zack Steffen,0.0,0.0,0.0,0.0,0.0,16644.06944945734,0.0,0.0,25,Man City,GK,3.9,0.32697257145518904,0.21798171430345936,Full LASSO,0.0,0.0,0
Zeki Amdouni,0.04196789274041595,0.1412896194439087,0.09932172670349274,0.9455464442057939,2.380591879578542,29768.101751891445,0.9999248178350448,1.854710101343241,25,Burnley,FWD,5.3,1.9051541812285326,1.8883394879334352,Full LASSO,15.0,1.25,9
Álvaro Fernández Carreras,0.0,0.0,0.0,0.0,0.0,12638.134275088909,0.0,0.0,26,Man Utd,DEF,4.0,0.5978586798159444,0.3985724532106296,Full LASSO,0.0,0.0,0
Ângelo Gabriel Borges Damaceno,0.0,0.0,0.0,0.0,0.0,310.69581072861774,0.0,0.0,25,Chelsea,MID,5.0,0.41436707331997213,0.2762447155466481,Full LASSO,0.0,0.0,0
Đorđe Petrović,0.0,0.0,0.0,1.8374074074074076,3.3086419753086425,119571.24691358027,1.0,3.753086419753087,5,Chelsea,GK,4.5,2.1640995951377446,2.693761870009525,Full LASSO,38.0,3.1666666666666665,11
