bootstrap,model,cost_spearman,normalized_cost_rmse,top15_jaccard,squad_jaccard,xi_jaccard,captain_same
1,Full Ridge,0.9963306755842033,0.04920930597376229,0.875,1.0,1.0,True
1,Reduced Ridge,0.9963406351373745,0.05042807097810598,0.875,0.6666666666666666,0.8333333333333334,True
1,Parsimonious Ridge,0.9971272106431536,0.05407548252448871,1.0,0.6666666666666666,0.8333333333333334,True
1,Full LASSO,0.996685781772372,0.04055173574012729,0.875,1.0,1.0,True
2,Full Ridge,0.9958787243962651,0.053792904815928154,1.0,1.0,1.0,True
2,Reduced Ridge,0.9965046968981889,0.04754522125862391,1.0,0.875,1.0,True
2,Parsimonious Ridge,0.9990555509913391,0.05388181728384858,0.875,0.42857142857142855,0.6923076923076923,True
2,Full LASSO,0.9991606494790721,0.06449851566761863,1.0,1.0,0.8333333333333334,True
3,Full Ridge,0.9943284303508757,0.04612433212160252,1.0,0.6666666666666666,0.8333333333333334,True
3,Reduced Ridge,0.9942902590090149,0.045432423103985355,1.0,0.6666666666666666,0.8333333333333334,True
3,Parsimonious Ridge,0.9942082072927224,0.04798773423777526,0.7647058823529411,0.5789473684210527,0.8333333333333334,True
3,Full LASSO,0.9938667642711142,0.04778499244407577,0.875,0.875,1.0,True
4,Full Ridge,0.9644151415961968,0.04405375992338568,1.0,0.5789473684210527,0.8333333333333334,True
4,Reduced Ridge,0.9656389581548958,0.03876868342670856,0.875,0.5,0.8333333333333334,True
4,Parsimonious Ridge,0.9663041437929449,0.04163474472644951,1.0,0.5,0.6923076923076923,True
4,Full LASSO,0.9985976385896951,0.04293903276978249,1.0,0.875,1.0,True
5,Full Ridge,0.9917821809883756,0.05034368691199509,0.875,1.0,1.0,True
5,Reduced Ridge,0.9921356201106383,0.049079294598059056,0.875,1.0,1.0,True
5,Parsimonious Ridge,0.9936300114757805,0.055250551471766246,1.0,0.6666666666666666,0.8333333333333334,True
5,Full LASSO,0.9971954026647294,0.04406869475482296,1.0,1.0,0.8333333333333334,True
6,Full Ridge,0.9945203288544445,0.07001057706091227,0.875,0.5,0.6923076923076923,True
6,Reduced Ridge,0.9946846198099972,0.06735270487639347,0.875,0.5789473684210527,0.8333333333333334,True
6,Parsimonious Ridge,0.994869246589598,0.07212337828331418,0.875,0.7647058823529411,0.6923076923076923,True
6,Full LASSO,0.9972317037975245,0.06375118653555104,1.0,0.875,0.6923076923076923,True
7,Full Ridge,0.9945314760530775,0.038510601429273185,1.0,1.0,1.0,True
7,Reduced Ridge,0.9966051883729676,0.033168107595050386,0.875,1.0,1.0,True
7,Parsimonious Ridge,0.9973829502992669,0.027150919842323262,1.0,0.6666666666666666,0.6923076923076923,True
7,Full LASSO,0.9978152541476687,0.03665032937123547,0.875,0.875,0.8333333333333334,True
8,Full Ridge,0.9415246504879212,0.058896293093346444,0.875,1.0,1.0,True
8,Reduced Ridge,0.9394217887645031,0.06084871707856524,0.875,1.0,1.0,True
8,Parsimonious Ridge,0.9466478196360759,0.06778087560949787,1.0,0.6666666666666666,0.8333333333333334,True
8,Full LASSO,0.9874108311269604,0.058896593477265335,0.7647058823529411,0.875,0.8333333333333334,True
9,Full Ridge,0.997029761207628,0.06368986658843023,1.0,0.5,0.8333333333333334,True
9,Reduced Ridge,0.9970564519766912,0.054830461433394234,0.875,0.6666666666666666,0.8333333333333334,True
9,Parsimonious Ridge,0.9965931660671523,0.05869355461082901,1.0,0.6666666666666666,0.8333333333333334,True
9,Full LASSO,0.9951985544590845,0.06158830537721477,0.875,1.0,0.8333333333333334,True
10,Full Ridge,0.997675090246991,0.051962831476552306,0.875,0.875,1.0,True
10,Reduced Ridge,0.9975634515735793,0.047962932811656436,0.875,0.875,1.0,True
10,Parsimonious Ridge,0.9969056418389245,0.052770243891839035,0.7647058823529411,0.5,0.5714285714285714,True
10,Full LASSO,0.9950045332101709,0.06263153032210006,0.7647058823529411,0.875,0.8333333333333334,True
11,Full Ridge,0.9986934024690233,0.07705494058914573,0.875,0.5789473684210527,0.8333333333333334,True
11,Reduced Ridge,0.9983910321016193,0.061679717146900265,0.875,0.6666666666666666,0.8333333333333334,True
11,Parsimonious Ridge,0.9985585317835075,0.07069177141363282,0.875,0.5789473684210527,0.8333333333333334,True
11,Full LASSO,0.9964350831030702,0.047430995360428,0.875,0.875,1.0,True
12,Full Ridge,0.9914540991385176,0.0491071198272663,1.0,0.6666666666666666,0.8333333333333334,True
12,Reduced Ridge,0.9922785959555339,0.04238804541224057,1.0,0.875,1.0,True
12,Parsimonious Ridge,0.9950138893053173,0.04164310738895148,1.0,0.5,0.5714285714285714,True
12,Full LASSO,0.99430362428956,0.052989985086730355,0.875,0.875,1.0,True
13,Full Ridge,0.9966066468849383,0.05281843649795791,1.0,0.6666666666666666,0.8333333333333334,True
13,Reduced Ridge,0.9972324318638944,0.045547740327216764,1.0,0.6666666666666666,0.8333333333333334,True
13,Parsimonious Ridge,0.9968219024159231,0.05149773388648098,0.875,0.5,0.5714285714285714,True
13,Full LASSO,0.9969292254377892,0.04368710836067925,0.875,1.0,1.0,True
14,Full Ridge,0.9969760671312221,0.07139291648576886,0.875,0.5,0.6923076923076923,True
14,Reduced Ridge,0.9972328069098297,0.0682770753708658,0.875,0.5,0.6923076923076923,True
14,Parsimonious Ridge,0.9972408495615537,0.0795332733445344,0.875,0.5,0.6923076923076923,True
14,Full LASSO,0.9883506103465737,0.06314494116477586,0.875,1.0,0.8333333333333334,True
15,Full Ridge,0.9667298417654113,0.056144207993712364,0.875,0.36363636363636365,0.5714285714285714,True
15,Reduced Ridge,0.9655757629147954,0.041910310618769604,0.875,0.42857142857142855,0.5714285714285714,True
15,Parsimonious Ridge,0.9660341107195193,0.044557587425123835,0.7647058823529411,0.6666666666666666,1.0,True
15,Full LASSO,0.9975264748184753,0.060729303374048374,1.0,1.0,1.0,True
16,Full Ridge,0.9651065596138328,0.06151281611356773,1.0,0.6666666666666666,0.8333333333333334,True
16,Reduced Ridge,0.9639391874683986,0.06375876233418194,0.875,0.5,0.6923076923076923,True
16,Parsimonious Ridge,0.9619840730076086,0.0691665038321576,0.875,0.5789473684210527,0.6923076923076923,True
16,Full LASSO,0.988442193730102,0.07432510184413894,1.0,1.0,0.8333333333333334,True
17,Full Ridge,0.9934394673047561,0.05982749357482836,1.0,0.5,0.8333333333333334,True
17,Reduced Ridge,0.9937006451269312,0.05854310772241955,1.0,0.875,1.0,True
17,Parsimonious Ridge,0.9941833709174506,0.0653653969160199,0.7647058823529411,0.7647058823529411,0.6923076923076923,True
17,Full LASSO,0.9900570018199871,0.06788161518096408,0.875,1.0,0.8333333333333334,True
18,Full Ridge,0.9847231080656734,0.06322729597335495,0.875,0.5,0.8333333333333334,True
18,Reduced Ridge,0.9854411751806019,0.045530914031186774,0.875,0.5,0.8333333333333334,True
18,Parsimonious Ridge,0.9859763657302945,0.04975296690962465,0.875,0.5,0.6923076923076923,True
18,Full LASSO,0.9903233008026466,0.06482705761586974,0.7647058823529411,0.7647058823529411,0.5714285714285714,True
19,Full Ridge,0.9971294192469949,0.05078938705223285,1.0,0.5789473684210527,0.8333333333333334,True
19,Reduced Ridge,0.9973697611838751,0.0369477029231912,0.875,0.6666666666666666,0.8333333333333334,True
19,Parsimonious Ridge,0.9974540006681235,0.03965778813832553,0.875,0.6666666666666666,0.8333333333333334,True
19,Full LASSO,0.9982601039409706,0.035929013786463265,0.875,1.0,1.0,True
20,Full Ridge,0.9979817944785362,0.0390162608707404,0.875,0.5789473684210527,0.8333333333333334,True
20,Reduced Ridge,0.9970789338969247,0.035525177004788314,0.875,0.5,0.8333333333333334,True
20,Parsimonious Ridge,0.9957097036947505,0.0412180594599411,0.875,0.6666666666666666,0.8333333333333334,True
20,Full LASSO,0.9746467063091916,0.05640095632969436,0.875,1.0,1.0,True
21,Full Ridge,0.9947830276962464,0.03751710611896671,0.875,0.875,1.0,True
21,Reduced Ridge,0.9947027261943188,0.03544004372619518,0.875,0.5,0.8333333333333334,True
21,Parsimonious Ridge,0.9948227825653897,0.03929662873896725,1.0,0.6666666666666666,0.8333333333333334,True
21,Full LASSO,0.9933853749618538,0.061481775117258004,0.875,1.0,0.8333333333333334,False
22,Full Ridge,0.9562779991324355,0.06016011574846414,0.875,0.5,0.6923076923076923,True
22,Reduced Ridge,0.9574350783505338,0.055936571111109105,0.875,0.5,0.6923076923076923,True
22,Parsimonious Ridge,0.9552304958351046,0.06360204647295702,0.875,0.6666666666666666,1.0,True
22,Full LASSO,0.9873300747127077,0.055058641180857945,0.875,0.875,1.0,False
23,Full Ridge,0.9748350844887856,0.06448630643133593,0.875,0.5,0.8333333333333334,True
23,Reduced Ridge,0.9745447155913117,0.05751199493437216,0.875,0.5,0.8333333333333334,True
23,Parsimonious Ridge,0.9738399209353162,0.0554239495752126,0.7647058823529411,0.6666666666666666,0.6923076923076923,True
23,Full LASSO,0.9872793420042378,0.05896197680721564,0.7647058823529411,0.875,0.8333333333333334,True
24,Full Ridge,0.9624090417240896,0.06563284529768107,0.875,1.0,1.0,True
24,Reduced Ridge,0.9622416253857426,0.06649653474454033,0.7647058823529411,1.0,1.0,True
24,Parsimonious Ridge,0.9659400575332966,0.06695365240586755,0.875,0.6666666666666666,0.8333333333333334,True
24,Full LASSO,0.9890427422742232,0.06425132533365727,0.875,0.875,1.0,False
25,Full Ridge,0.956226451152215,0.05470468751011348,0.875,0.5789473684210527,0.8333333333333334,True
25,Reduced Ridge,0.9564211625002988,0.05233863894888548,0.875,0.5789473684210527,0.6923076923076923,True
25,Parsimonious Ridge,0.9573815092894399,0.05773009290179072,1.0,0.6666666666666666,0.8333333333333334,True
25,Full LASSO,0.9935949762211906,0.05011123414936101,0.875,0.875,0.8333333333333334,True
26,Full Ridge,0.998613413505375,0.06409831553496731,0.875,0.5789473684210527,0.8333333333333334,True
26,Reduced Ridge,0.9988712992576737,0.05609132153221777,0.875,0.5,0.8333333333333334,True
26,Parsimonious Ridge,0.9988236684238889,0.06044257390424207,0.875,0.6666666666666666,0.8333333333333334,True
26,Full LASSO,0.9898935989938837,0.05804778757958597,0.875,1.0,0.8333333333333334,True
27,Full Ridge,0.9978863244521137,0.059001961856896,1.0,0.5789473684210527,0.8333333333333334,True
27,Reduced Ridge,0.9983178356365773,0.04848080909317883,0.875,0.875,1.0,True
27,Parsimonious Ridge,0.998111289505646,0.04876895103298376,0.875,0.5,0.5714285714285714,True
27,Full LASSO,0.9961278003496509,0.051795310635858335,0.875,0.875,1.0,True
28,Full Ridge,0.9601017382941549,0.06750090733397998,0.875,0.5,0.8333333333333334,True
28,Reduced Ridge,0.961239252615961,0.057655224698709304,0.875,0.5789473684210527,0.8333333333333334,True
28,Parsimonious Ridge,0.961409356783511,0.053356992470349286,1.0,0.6666666666666666,0.8333333333333334,True
28,Full LASSO,0.9909776668408369,0.07265059891848491,0.875,1.0,0.8333333333333334,True
29,Full Ridge,0.9993617343257521,0.04104862346949475,0.875,0.5789473684210527,0.8333333333333334,True
29,Reduced Ridge,0.9994208040605641,0.03777554214230109,0.875,0.5789473684210527,0.8333333333333334,True
29,Parsimonious Ridge,0.9964966334105797,0.04071145254628092,0.875,0.6666666666666666,0.8333333333333334,True
29,Full LASSO,0.9980224765366206,0.05087390277162806,0.875,0.875,1.0,True
30,Full Ridge,0.9994516411708009,0.049983356659635735,0.875,0.875,1.0,True
30,Reduced Ridge,0.9994505160329951,0.04691513842780428,0.875,0.875,1.0,True
30,Parsimonious Ridge,0.9993687976908673,0.049835352401994715,0.875,0.6666666666666666,0.6923076923076923,True
30,Full LASSO,0.9971321379605935,0.06275498627847118,0.875,0.875,1.0,True
31,Full Ridge,0.9974656895997742,0.05611778737328864,0.875,0.5789473684210527,0.6923076923076923,True
31,Reduced Ridge,0.9976034356374607,0.04954253494543112,0.875,0.5,0.6923076923076923,True
31,Parsimonious Ridge,0.9958020483383789,0.05356157685793392,1.0,0.7647058823529411,1.0,True
31,Full LASSO,0.9887410376490223,0.0670450008129843,0.875,0.875,0.6923076923076923,True
32,Full Ridge,0.9212907555906691,0.06748919970820176,0.875,0.5,0.6923076923076923,True
32,Reduced Ridge,0.9215085947714304,0.06617278235377062,0.875,0.6666666666666666,0.8333333333333334,True
32,Parsimonious Ridge,0.9229874634020281,0.06519595469802432,0.875,0.6666666666666666,0.8333333333333334,True
32,Full LASSO,0.986138157413641,0.06153904033265381,0.7647058823529411,0.875,1.0,True
33,Full Ridge,0.9992282388086657,0.05699318821714006,0.875,0.5789473684210527,0.8333333333333334,True
33,Reduced Ridge,0.9989519132978808,0.053668665861043414,0.875,0.5,0.8333333333333334,True
33,Parsimonious Ridge,0.9985618446892693,0.065025772907595,1.0,0.6666666666666666,1.0,True
33,Full LASSO,0.9988423140872739,0.037052442566769726,1.0,0.875,1.0,True
34,Full Ridge,0.9784570072655356,0.05084215346597431,1.0,0.6666666666666666,0.8333333333333334,True
34,Reduced Ridge,0.9782393347718569,0.04742302796376106,1.0,0.6666666666666666,0.8333333333333334,True
34,Parsimonious Ridge,0.9794888003053541,0.05381308278077675,0.875,0.6666666666666666,0.8333333333333334,True
34,Full LASSO,0.9869645411161656,0.058997988250651945,0.875,0.875,1.0,False
35,Full Ridge,0.9765009760257928,0.04644097574564215,1.0,0.6666666666666666,0.8333333333333334,True
35,Reduced Ridge,0.9763761274011041,0.04290478441890185,1.0,0.6666666666666666,0.8333333333333334,True
35,Parsimonious Ridge,0.9753792344691552,0.04591326952743004,0.875,0.6666666666666666,0.8333333333333334,True
35,Full LASSO,0.9858373739615333,0.04558752118707625,0.875,1.0,1.0,True
36,Full Ridge,0.9962910457303719,0.059828761613372236,0.875,0.5789473684210527,0.6923076923076923,True
36,Reduced Ridge,0.9965960830910936,0.05684670220599634,0.875,0.5789473684210527,0.6923076923076923,True
36,Parsimonious Ridge,0.9964849861506997,0.06381042246934857,0.875,0.5789473684210527,0.8333333333333334,True
36,Full LASSO,0.9964144445815782,0.044229738074188604,0.875,0.875,1.0,True
37,Full Ridge,0.9980810983078533,0.038835543752152424,1.0,0.5,0.8333333333333334,True
37,Reduced Ridge,0.997983753051754,0.03861294131066067,0.875,0.5,0.8333333333333334,True
37,Parsimonious Ridge,0.9976837579752738,0.04183881631273846,0.875,0.7647058823529411,1.0,True
37,Full LASSO,0.9978743340053053,0.05269440395176778,0.875,1.0,0.8333333333333334,True
38,Full Ridge,0.9989741868592614,0.034095359185874495,1.0,1.0,1.0,True
38,Reduced Ridge,0.999078407957508,0.029585654834853238,1.0,0.875,1.0,True
38,Parsimonious Ridge,0.9991796911959281,0.031543768766698586,0.7647058823529411,0.6666666666666666,0.8333333333333334,True
38,Full LASSO,0.9904911601800385,0.049353282950673705,0.875,1.0,1.0,True
39,Full Ridge,0.9604879522639866,0.06287886891211728,0.7647058823529411,0.5,0.8333333333333334,True
39,Reduced Ridge,0.9589276569936556,0.05400209124448811,0.875,0.6666666666666666,0.8333333333333334,True
39,Parsimonious Ridge,0.9634331879940045,0.05206332401936751,0.875,0.6666666666666666,0.8333333333333334,True
39,Full LASSO,0.9838888745335985,0.05062969797743855,0.875,1.0,0.8333333333333334,True
40,Full Ridge,0.9958196338255679,0.07793776598460679,1.0,0.5,0.8333333333333334,True
40,Reduced Ridge,0.9994323263051322,0.055334397277446865,1.0,0.5789473684210527,0.8333333333333334,True
40,Parsimonious Ridge,0.9992101324243443,0.05766414351660135,0.7647058823529411,0.6666666666666666,0.8333333333333334,True
40,Full LASSO,0.9979303702975115,0.04065762410454104,1.0,1.0,0.8333333333333334,True
41,Full Ridge,0.998998085619695,0.04939622675358788,1.0,0.6666666666666666,0.8333333333333334,True
41,Reduced Ridge,0.9990346317625028,0.050002153860183314,1.0,0.6666666666666666,0.8333333333333334,True
41,Parsimonious Ridge,0.999062385161716,0.05749849720753483,0.875,0.5789473684210527,0.8333333333333334,True
41,Full LASSO,0.9989051677266358,0.041462935805950965,0.875,0.875,0.8333333333333334,True
42,Full Ridge,0.9695414777989163,0.04975908833082931,1.0,1.0,1.0,True
42,Reduced Ridge,0.9715410560389262,0.05074091889874005,1.0,1.0,1.0,True
42,Parsimonious Ridge,0.9870719790867719,0.055584168704348805,0.875,0.6666666666666666,0.6923076923076923,True
42,Full LASSO,0.9863534493978525,0.047335977639781444,1.0,0.875,1.0,True
43,Full Ridge,0.9925171876780492,0.061115984523800286,0.875,0.5789473684210527,0.6923076923076923,True
43,Reduced Ridge,0.9926458075979765,0.06486191656320828,0.875,0.6666666666666666,0.8333333333333334,True
43,Parsimonious Ridge,0.9952607112025241,0.06331844444700527,0.875,1.0,1.0,True
43,Full LASSO,0.9966159539508725,0.05140313939620665,0.875,0.875,0.8333333333333334,True
44,Full Ridge,0.9988147506649825,0.05571589659532012,1.0,0.5789473684210527,0.8333333333333334,True
44,Reduced Ridge,0.998655897875492,0.054127815224578976,0.875,1.0,1.0,True
44,Parsimonious Ridge,0.9985161515928169,0.05403608649657659,0.875,0.6666666666666666,0.6923076923076923,True
44,Full LASSO,0.997732187118175,0.06687949474506052,1.0,1.0,0.8333333333333334,False
45,Full Ridge,0.9832631375830386,0.048023149635312276,0.875,0.6666666666666666,0.8333333333333334,True
45,Reduced Ridge,0.987501323339165,0.044916094998043395,0.7647058823529411,0.6666666666666666,0.8333333333333334,True
45,Parsimonious Ridge,0.9889922559473482,0.05272358220630887,1.0,0.5,0.6923076923076923,True
45,Full LASSO,0.989727184519635,0.03863251980918141,1.0,1.0,0.8333333333333334,False
46,Full Ridge,0.9974153709367863,0.06993687766486108,0.875,0.5789473684210527,0.6923076923076923,True
46,Reduced Ridge,0.9973854297696171,0.06580078645597642,0.7647058823529411,0.5,0.6923076923076923,True
46,Parsimonious Ridge,0.9974166002540186,0.07400317965815728,0.875,0.5789473684210527,0.8333333333333334,True
46,Full LASSO,0.990246526510906,0.05802242935049288,0.875,0.875,0.8333333333333334,True
47,Full Ridge,0.9945053478529172,0.05657697569512821,1.0,0.5789473684210527,0.8333333333333334,True
47,Reduced Ridge,0.99557627068532,0.04984832138377243,0.875,0.5789473684210527,0.8333333333333334,True
47,Parsimonious Ridge,0.9983725506713625,0.053798267148080794,0.875,0.7647058823529411,0.6923076923076923,True
47,Full LASSO,0.9871899361155488,0.04977802333166848,0.875,1.0,0.8333333333333334,True
48,Full Ridge,0.9953028205267058,0.04791871272866548,0.875,0.5789473684210527,0.8333333333333334,True
48,Reduced Ridge,0.9955571641785043,0.04667571911207341,0.875,0.5789473684210527,0.8333333333333334,True
48,Parsimonious Ridge,0.9981310419249059,0.05511143368872179,0.875,0.6666666666666666,0.8333333333333334,True
48,Full LASSO,0.9978835851801438,0.06712282835129413,0.875,0.875,0.8333333333333334,True
49,Full Ridge,0.9978719685271452,0.03892157005319736,1.0,1.0,1.0,True
49,Reduced Ridge,0.9978784693233574,0.03757105594818888,1.0,0.6666666666666666,0.8333333333333334,True
49,Parsimonious Ridge,0.9986028705474157,0.03706153643528473,0.875,0.5,0.6923076923076923,True
49,Full LASSO,0.9973895281300393,0.04617303108558519,0.875,1.0,1.0,True
50,Full Ridge,0.9969509182176709,0.06096498536859523,0.875,0.5789473684210527,0.8333333333333334,True
50,Reduced Ridge,0.9971781335468152,0.04630363384683113,1.0,0.6666666666666666,0.8333333333333334,True
50,Parsimonious Ridge,0.9967609574514346,0.048795922053527126,0.7647058823529411,0.6666666666666666,0.8333333333333334,True
50,Full LASSO,0.9996027552439513,0.04576351964051792,0.875,1.0,1.0,True
51,Full Ridge,0.966036069292737,0.05616468532113175,0.875,0.5,0.8333333333333334,True
51,Reduced Ridge,0.9680876955742143,0.05119445486699706,0.875,0.5789473684210527,0.8333333333333334,False
51,Parsimonious Ridge,0.968214086054415,0.05881961386602047,0.875,0.6666666666666666,0.8333333333333334,True
51,Full LASSO,0.9737954335286279,0.05122286094823392,1.0,1.0,0.8333333333333334,True
52,Full Ridge,0.9789834050716337,0.047657581078807784,0.875,0.5,0.8333333333333334,True
52,Reduced Ridge,0.9807020947419789,0.04446840276503675,0.875,0.5,0.6923076923076923,True
52,Parsimonious Ridge,0.9801357753796555,0.04717337145953856,1.0,0.6666666666666666,1.0,True
52,Full LASSO,0.9875619977312042,0.043686820230510875,0.875,0.875,1.0,True
53,Full Ridge,0.9767300040769578,0.06436325920965905,0.875,1.0,1.0,True
53,Reduced Ridge,0.9806264396424721,0.05738158862781868,1.0,0.5789473684210527,0.8333333333333334,True
53,Parsimonious Ridge,0.9812589337764931,0.05795940296861318,0.7647058823529411,0.7647058823529411,0.6923076923076923,True
53,Full LASSO,0.9863032225951881,0.05852049166358034,0.875,1.0,1.0,True
54,Full Ridge,0.9860006812084339,0.0795874091114285,0.875,0.5789473684210527,0.8333333333333334,False
54,Reduced Ridge,0.9864668007983728,0.07871090011687326,0.875,0.5789473684210527,0.8333333333333334,False
54,Parsimonious Ridge,0.9886755921626318,0.08530881681214249,0.875,0.6666666666666666,0.8333333333333334,False
54,Full LASSO,0.999164978723281,0.04893613317341771,1.0,0.875,1.0,False
55,Full Ridge,0.9982381383753232,0.057792879072016995,0.875,0.5789473684210527,0.8333333333333334,True
55,Reduced Ridge,0.9982437015566971,0.05598861725153719,0.875,0.5,0.6923076923076923,True
55,Parsimonious Ridge,0.9983972203595519,0.05794228793095989,0.875,1.0,1.0,True
55,Full LASSO,0.9975813746544565,0.06057066403333889,0.875,1.0,1.0,True
56,Full Ridge,0.9643473416254462,0.05374332761784408,1.0,0.5,0.8333333333333334,True
56,Reduced Ridge,0.9641314610179026,0.0517789900196378,1.0,0.875,1.0,True
56,Parsimonious Ridge,0.9624048120393746,0.04925518690640985,0.7647058823529411,0.6666666666666666,0.6923076923076923,True
56,Full LASSO,0.9895073132908081,0.05345818024499132,0.875,1.0,0.8333333333333334,True
57,Full Ridge,0.9952309992300933,0.04026334691582839,0.875,0.5,0.8333333333333334,True
57,Reduced Ridge,0.9950287244556475,0.04117113995299715,0.875,0.5,0.8333333333333334,True
57,Parsimonious Ridge,0.9953130301105004,0.04291367102324455,0.875,0.5789473684210527,0.8333333333333334,True
57,Full LASSO,0.994243830476864,0.04932648016456433,0.875,0.7647058823529411,0.8333333333333334,True
58,Full Ridge,0.9935770049835896,0.04484628160843618,1.0,0.5,0.8333333333333334,True
58,Reduced Ridge,0.9936879144010159,0.04419646793546396,1.0,0.875,1.0,True
58,Parsimonious Ridge,0.9941231968807179,0.04237128469423517,0.875,0.6666666666666666,0.6923076923076923,True
58,Full LASSO,0.9946978288679553,0.06178720720210481,0.875,0.875,0.8333333333333334,True
59,Full Ridge,0.9951877439322205,0.046483175679201,1.0,0.875,1.0,True
59,Reduced Ridge,0.9953006535946352,0.04551501301407275,1.0,0.875,1.0,True
59,Parsimonious Ridge,0.9958615972985526,0.0538915858790298,0.6666666666666666,0.6666666666666666,0.6923076923076923,True
59,Full LASSO,0.9964933102656518,0.04720054501366414,0.875,0.875,0.8333333333333334,True
60,Full Ridge,0.9688163056471021,0.036061651950846464,0.875,1.0,1.0,True
60,Reduced Ridge,0.969004391183662,0.031823532513278394,0.875,0.6666666666666666,0.8333333333333334,True
60,Parsimonious Ridge,0.9727287431725231,0.03419692137396047,1.0,0.6666666666666666,0.8333333333333334,True
60,Full LASSO,0.9900008471306121,0.03975705343537957,0.875,1.0,0.8333333333333334,True
61,Full Ridge,0.979055913952461,0.04999405082593669,1.0,0.42857142857142855,0.5714285714285714,True
61,Reduced Ridge,0.9795314305266681,0.051477358309196565,1.0,0.5,0.6923076923076923,True
61,Parsimonious Ridge,0.9813295465917586,0.060316537315085086,0.7647058823529411,0.5789473684210527,0.8333333333333334,True
61,Full LASSO,0.9884651575472096,0.07549500261824169,0.875,0.875,0.8333333333333334,True
62,Full Ridge,0.9816655044062585,0.0367822006656399,0.875,0.5789473684210527,0.8333333333333334,True
62,Reduced Ridge,0.9892963140214611,0.034016468648234106,0.875,1.0,1.0,True
62,Parsimonious Ridge,0.9886714041496875,0.0404231093261425,0.875,0.6666666666666666,0.8333333333333334,True
62,Full LASSO,0.988512925633069,0.047551217054424326,0.7647058823529411,0.875,1.0,True
63,Full Ridge,0.9964634418453043,0.04186921455704586,1.0,1.0,1.0,True
63,Reduced Ridge,0.9965622039416037,0.03741220046373883,1.0,1.0,1.0,True
63,Parsimonious Ridge,0.9991269764061311,0.04444643709028223,0.875,0.5,0.5714285714285714,True
63,Full LASSO,0.9969186557716847,0.03722160888202622,0.875,1.0,1.0,True
64,Full Ridge,0.9992540961423172,0.05387866695554469,0.875,1.0,1.0,True
64,Reduced Ridge,0.9990459039764475,0.0517409257206089,0.7647058823529411,0.6666666666666666,0.8333333333333334,True
64,Parsimonious Ridge,0.9989174299077171,0.0455215650637833,0.875,0.5789473684210527,0.8333333333333334,True
64,Full LASSO,0.9974290354524423,0.04273348407705125,0.875,1.0,1.0,False
65,Full Ridge,0.9977468490359476,0.06500619609164116,0.7647058823529411,0.6666666666666666,0.8333333333333334,True
65,Reduced Ridge,0.972363677626266,0.065090409918039,0.7647058823529411,0.5789473684210527,0.8333333333333334,False
65,Parsimonious Ridge,0.9702645663622009,0.06601812243092109,0.875,0.5789473684210527,0.8333333333333334,True
65,Full LASSO,0.9919795802678131,0.06593735775846192,0.875,0.5789473684210527,0.6923076923076923,True
66,Full Ridge,0.9975451159945193,0.06224646594089651,1.0,0.42857142857142855,0.6923076923076923,True
66,Reduced Ridge,0.9965195112126337,0.058471198750979655,1.0,0.5,0.6923076923076923,True
66,Parsimonious Ridge,0.9947420851816413,0.060063378324475586,0.7647058823529411,0.5,0.6923076923076923,True
66,Full LASSO,0.9980631128723584,0.04813984872753902,1.0,1.0,0.8333333333333334,True
67,Full Ridge,0.9995849491649197,0.02608642860479673,1.0,0.5789473684210527,0.8333333333333334,True
67,Reduced Ridge,0.9994737272092139,0.02708593568127135,1.0,0.6666666666666666,0.8333333333333334,True
67,Parsimonious Ridge,0.9994530163392304,0.028235218782553004,1.0,1.0,1.0,True
67,Full LASSO,0.9992234548914347,0.024233078508351543,0.875,0.875,1.0,True
68,Full Ridge,0.979603418510363,0.051772472453001775,1.0,1.0,1.0,True
68,Reduced Ridge,0.9806062079978505,0.05303608215441622,0.875,0.875,1.0,True
68,Parsimonious Ridge,0.9816450852386692,0.057871691212447764,0.875,0.7647058823529411,0.6923076923076923,True
68,Full LASSO,0.9865904563088952,0.041828468356743226,0.875,0.875,0.8333333333333334,True
69,Full Ridge,0.9731101440528519,0.05468289540184281,0.875,0.5,0.6923076923076923,True
69,Reduced Ridge,0.973218782358781,0.054360920731740085,0.875,0.6666666666666666,0.8333333333333334,True
69,Parsimonious Ridge,0.9733453186901788,0.05505928497659833,0.875,0.5,0.6923076923076923,True
69,Full LASSO,0.9931892832048405,0.060829278783477464,0.875,0.875,0.8333333333333334,False
70,Full Ridge,0.9974115162980067,0.04977934520813035,1.0,1.0,1.0,True
70,Reduced Ridge,0.997423267737313,0.0463485235257266,1.0,0.6666666666666666,0.8333333333333334,True
70,Parsimonious Ridge,0.998151731959004,0.051965209107152174,0.875,0.6666666666666666,0.8333333333333334,True
70,Full LASSO,0.9961144412648305,0.03423467165289785,0.875,0.875,1.0,True
71,Full Ridge,0.9782662130638876,0.06723536029039792,0.875,0.5,0.6923076923076923,False
71,Reduced Ridge,0.9791998690839656,0.058838050091426404,0.7647058823529411,0.5,0.6923076923076923,False
71,Parsimonious Ridge,0.977953278902639,0.06456015860620534,0.875,0.5789473684210527,0.8333333333333334,True
71,Full LASSO,0.9865423456918023,0.05902479444646677,1.0,1.0,1.0,True
72,Full Ridge,0.999138477814814,0.048887163044471126,1.0,0.5,0.8333333333333334,True
72,Reduced Ridge,0.9991433534119732,0.0378019049300384,1.0,0.5,0.8333333333333334,True
72,Parsimonious Ridge,0.9987345741783666,0.038547937509589854,0.7647058823529411,0.6666666666666666,0.6923076923076923,True
72,Full LASSO,0.9973340012220808,0.03184063509351389,1.0,1.0,0.8333333333333334,True
73,Full Ridge,0.9912492615501803,0.06308037564448028,0.875,0.5,0.6923076923076923,True
73,Reduced Ridge,0.9861126949277808,0.057067127584832136,1.0,0.5,0.6923076923076923,True
73,Parsimonious Ridge,0.9696940173151626,0.06317318060133759,0.875,0.5789473684210527,0.8333333333333334,True
73,Full LASSO,0.9637494312737839,0.06989143892126966,0.875,1.0,0.8333333333333334,True
74,Full Ridge,0.9970026328849736,0.057897821736625714,0.7647058823529411,0.5789473684210527,0.8333333333333334,True
74,Reduced Ridge,0.9969773589561105,0.05377223599059912,0.875,0.875,1.0,True
74,Parsimonious Ridge,0.9963769937572147,0.05809572058091506,1.0,0.7647058823529411,0.6923076923076923,True
74,Full LASSO,0.9958843109246042,0.05684225073074297,0.875,0.875,1.0,True
75,Full Ridge,0.9587825558884598,0.07504788800967055,0.875,1.0,1.0,True
75,Reduced Ridge,0.9593168504950846,0.06849493777897574,0.7647058823529411,0.6666666666666666,0.8333333333333334,True
75,Parsimonious Ridge,0.9594206132038547,0.07240356505934321,0.7647058823529411,0.6666666666666666,0.6923076923076923,True
75,Full LASSO,0.9954953815856061,0.06270299940543408,0.875,0.875,0.8333333333333334,True
76,Full Ridge,0.9659832919952842,0.06085395557101507,1.0,0.6666666666666666,0.8333333333333334,True
76,Reduced Ridge,0.9661239550569122,0.05248730867623328,1.0,0.6666666666666666,0.8333333333333334,True
76,Parsimonious Ridge,0.9654195354468519,0.061426971928811136,0.875,0.5789473684210527,0.8333333333333334,True
76,Full LASSO,0.9879482887698778,0.05660542432349762,1.0,1.0,0.8333333333333334,True
77,Full Ridge,0.9990983478997355,0.04566879973633415,1.0,0.5,0.8333333333333334,True
77,Reduced Ridge,0.9991774825920867,0.03803045601502359,1.0,0.5,0.8333333333333334,True
77,Parsimonious Ridge,0.9988943020750395,0.04079111212276439,0.875,0.5789473684210527,0.8333333333333334,True
77,Full LASSO,0.996023189899352,0.0420164887309852,0.875,1.0,0.8333333333333334,True
78,Full Ridge,0.9645309474466675,0.08511710982374489,0.7647058823529411,0.5789473684210527,0.8333333333333334,False
78,Reduced Ridge,0.9642791666087605,0.08392265317173192,0.7647058823529411,0.5,0.6923076923076923,False
78,Parsimonious Ridge,0.9639256441429566,0.08692160594081984,1.0,0.7647058823529411,0.8333333333333334,False
78,Full LASSO,0.9880249479480204,0.10250807980292738,0.875,0.875,0.6923076923076923,False
79,Full Ridge,0.9985833889946646,0.05958983930941178,1.0,0.6666666666666666,0.8333333333333334,True
79,Reduced Ridge,0.9986268318155053,0.04854647728451992,1.0,0.6666666666666666,0.8333333333333334,True
79,Parsimonious Ridge,0.9986806092354521,0.05560187018409937,0.875,0.6666666666666666,0.8333333333333334,True
79,Full LASSO,0.9979464722456737,0.03293928065715075,0.875,0.875,1.0,True
80,Full Ridge,0.9951317995802028,0.07245014215412925,0.875,1.0,1.0,True
80,Reduced Ridge,0.9953996032139021,0.07030220806742848,0.875,0.5,0.6923076923076923,True
80,Parsimonious Ridge,0.9946454900174128,0.07515640008775863,0.7647058823529411,0.7647058823529411,0.5714285714285714,True
80,Full LASSO,0.9970903188468758,0.09192319416925385,0.7647058823529411,0.875,0.8333333333333334,True
81,Full Ridge,0.997116938551703,0.05555466765575427,1.0,1.0,1.0,True
81,Reduced Ridge,0.9969603360378244,0.05697066748065457,0.7647058823529411,0.6666666666666666,0.8333333333333334,True
81,Parsimonious Ridge,0.9971895307760715,0.05470241017569485,0.7647058823529411,0.6666666666666666,0.8333333333333334,True
81,Full LASSO,0.9978060561546267,0.06911919744298807,0.7647058823529411,1.0,0.8333333333333334,False
82,Full Ridge,0.9679917879942005,0.04034099916635169,0.875,0.6666666666666666,0.8333333333333334,True
82,Reduced Ridge,0.9679112781334197,0.0362689349056198,1.0,0.6666666666666666,0.8333333333333334,True
82,Parsimonious Ridge,0.96694290952844,0.03790442139070181,0.875,0.6666666666666666,0.8333333333333334,True
82,Full LASSO,0.9977760102689035,0.04361826141727533,1.0,0.7647058823529411,0.8333333333333334,False
83,Full Ridge,0.9987161344198804,0.059413051853714205,0.875,0.5789473684210527,0.6923076923076923,True
83,Reduced Ridge,0.998763681910124,0.06105482220299327,0.7647058823529411,0.6666666666666666,0.8333333333333334,True
83,Parsimonious Ridge,0.9989138252995612,0.05821345278101955,1.0,1.0,1.0,True
83,Full LASSO,0.9977259965080987,0.058101459466364025,0.875,1.0,1.0,False
84,Full Ridge,0.9801320665920727,0.04471327862730595,1.0,0.5,0.6923076923076923,True
84,Reduced Ridge,0.9888621358436798,0.04595624942306071,1.0,0.5,0.6923076923076923,True
84,Parsimonious Ridge,0.9955879387810853,0.042955569151566134,0.875,0.875,1.0,True
84,Full LASSO,0.9955868897560367,0.07091525747006913,1.0,0.875,0.8333333333333334,True
85,Full Ridge,0.9628966847835385,0.05107746072100602,0.875,0.5,0.6923076923076923,True
85,Reduced Ridge,0.9628640974589368,0.04616771110875223,1.0,0.6666666666666666,0.8333333333333334,True
85,Parsimonious Ridge,0.9626160670803827,0.048850868030940076,0.7647058823529411,0.5,0.6923076923076923,True
85,Full LASSO,0.9966211608374771,0.05848548964146393,0.875,1.0,0.8333333333333334,True
86,Full Ridge,0.9994138032031048,0.04459607923532915,1.0,0.5789473684210527,0.8333333333333334,True
86,Reduced Ridge,0.9990243805069375,0.0435446893968047,1.0,0.6666666666666666,0.8333333333333334,True
86,Parsimonious Ridge,0.9703308869850956,0.04697470056742729,0.7647058823529411,0.5789473684210527,0.8333333333333334,True
86,Full LASSO,0.9989854301168433,0.03820509673511199,0.875,0.875,1.0,True
87,Full Ridge,0.9952213938869722,0.057027676293558704,0.875,0.5789473684210527,0.8333333333333334,True
87,Reduced Ridge,0.9959488163143982,0.053265980580045884,0.875,0.5789473684210527,0.8333333333333334,True
87,Parsimonious Ridge,0.9981847360013116,0.05710844126470889,0.875,0.6666666666666666,0.8333333333333334,True
87,Full LASSO,0.9890563567830095,0.06266865229589558,0.875,0.875,1.0,True
88,Full Ridge,0.9796001472763717,0.04036047408246133,1.0,1.0,1.0,True
88,Reduced Ridge,0.971509635523901,0.03935245385074282,1.0,1.0,1.0,True
88,Parsimonious Ridge,0.9973703654245486,0.04349562117283637,0.875,0.6666666666666666,0.6923076923076923,True
88,Full LASSO,0.996468247106493,0.03416295302408412,0.875,0.875,0.6923076923076923,True
89,Full Ridge,0.999447828203792,0.07800621628265005,0.875,0.5789473684210527,0.8333333333333334,True
89,Reduced Ridge,0.9995187327214515,0.07284781721208847,0.875,0.875,1.0,True
89,Parsimonious Ridge,0.9991712734982687,0.0794485644774765,0.875,0.5,0.6923076923076923,True
89,Full LASSO,0.997435179244654,0.06848518325958809,0.7647058823529411,0.875,0.8333333333333334,True
90,Full Ridge,0.9666018885938135,0.06192559360155561,1.0,0.5,0.6923076923076923,True
90,Reduced Ridge,0.9664767065949598,0.05983670992196881,1.0,0.5,0.6923076923076923,True
90,Parsimonious Ridge,0.9669936032373632,0.06332742933047615,0.7647058823529411,0.5789473684210527,0.8333333333333334,True
90,Full LASSO,0.9900382835901954,0.056166987965861434,0.875,0.875,1.0,True
91,Full Ridge,0.9978996594187026,0.045433790914089105,0.875,0.5,0.8333333333333334,True
91,Reduced Ridge,0.9980403849879864,0.04219953549558691,0.875,0.5,0.8333333333333334,True
91,Parsimonious Ridge,0.998697548810197,0.04334076257153345,1.0,0.6666666666666666,0.8333333333333334,True
91,Full LASSO,0.9907725063963112,0.05060670371477216,1.0,0.875,1.0,True
92,Full Ridge,0.9863056143897291,0.06890283426123535,0.875,0.5789473684210527,0.8333333333333334,False
92,Reduced Ridge,0.9894050148350463,0.06621521500377955,0.875,0.5789473684210527,0.6923076923076923,False
92,Parsimonious Ridge,0.9978082732257979,0.06930714203117377,1.0,1.0,1.0,False
92,Full LASSO,0.9887724493113833,0.06985956284559092,0.875,1.0,0.8333333333333334,True
93,Full Ridge,0.9961071273708713,0.05978242746650047,1.0,1.0,1.0,True
93,Reduced Ridge,0.9989515382519456,0.052039214299468416,1.0,0.6666666666666666,0.8333333333333334,True
93,Parsimonious Ridge,0.9988475880202078,0.04317305354755839,0.875,0.5,0.6923076923076923,True
93,Full LASSO,0.9984568649531276,0.048649546231491245,0.875,0.875,1.0,False
94,Full Ridge,0.9775097870841307,0.052289951352520694,0.875,0.5789473684210527,0.8333333333333334,True
94,Reduced Ridge,0.9806305859836458,0.049753672642718766,0.875,0.5789473684210527,0.8333333333333334,True
94,Parsimonious Ridge,0.9928563750547698,0.05139704963019617,0.875,0.6666666666666666,0.8333333333333334,True
94,Full LASSO,0.9924190568003335,0.0546154541638382,1.0,0.875,1.0,True
95,Full Ridge,0.9855331447782949,0.052263947416992224,0.875,0.5,0.6923076923076923,True
95,Reduced Ridge,0.993256382380667,0.04677500811967479,0.875,0.5,0.6923076923076923,True
95,Parsimonious Ridge,0.9940157670561359,0.04603579663655854,0.7647058823529411,0.6666666666666666,0.8333333333333334,True
95,Full LASSO,0.9946887493536068,0.0663901537423836,0.875,0.875,1.0,True
96,Full Ridge,0.9983629244923561,0.04351210794179675,0.875,0.5789473684210527,0.8333333333333334,True
96,Reduced Ridge,0.9973857631437818,0.04025593325304793,0.875,0.5,0.8333333333333334,True
96,Parsimonious Ridge,0.9977563501996422,0.040876147190719345,0.875,0.6666666666666666,0.8333333333333334,True
96,Full LASSO,0.9990340766000786,0.04193598157382833,0.7647058823529411,1.0,0.8333333333333334,True
97,Full Ridge,0.9991666270958479,0.04678672945922052,0.875,0.42857142857142855,0.6923076923076923,True
97,Reduced Ridge,0.9992165915487858,0.04627059782500308,0.875,0.42857142857142855,0.5714285714285714,True
97,Parsimonious Ridge,0.9990820125656641,0.04218291621819976,0.875,0.5789473684210527,0.8333333333333334,True
97,Full LASSO,0.9987407755334876,0.0495228937990423,0.875,1.0,0.8333333333333334,True
98,Full Ridge,0.9796008140247011,0.10077070651756113,1.0,0.5789473684210527,0.6923076923076923,True
98,Reduced Ridge,0.9825798455606678,0.08360063362641315,0.875,0.5789473684210527,0.6923076923076923,True
98,Parsimonious Ridge,0.9813241084256966,0.08387439888716784,0.7647058823529411,0.42857142857142855,0.5714285714285714,True
98,Full LASSO,0.9875182937281869,0.06501274601829546,0.875,1.0,0.8333333333333334,True
99,Full Ridge,0.9413014564846391,0.05400154283043206,0.875,0.42857142857142855,0.6923076923076923,True
99,Reduced Ridge,0.9414561004253,0.047682870973714764,1.0,0.5,0.8333333333333334,True
99,Parsimonious Ridge,0.9412001524103338,0.0498191907615252,0.7647058823529411,0.6666666666666666,0.8333333333333334,True
99,Full LASSO,0.9874599363218373,0.07162961462562914,0.875,1.0,0.8333333333333334,True
100,Full Ridge,0.9977755400499991,0.0540718936580725,0.875,1.0,1.0,True
100,Reduced Ridge,0.9979726683607769,0.041306746857737914,0.875,0.6666666666666666,0.8333333333333334,True
100,Parsimonious Ridge,0.9984317454214862,0.04118486926520448,1.0,0.5,0.6923076923076923,True
100,Full LASSO,0.9880064877175315,0.056449303371273,0.875,1.0,0.8333333333333334,True
101,Full Ridge,0.9951553232947012,0.05816757804076736,1.0,0.5789473684210527,0.6923076923076923,True
101,Reduced Ridge,0.9975721609736325,0.05313394990275865,0.875,0.5,0.8333333333333334,True
101,Parsimonious Ridge,0.997778707104564,0.05230619143599661,0.7647058823529411,0.5789473684210527,0.6923076923076923,True
101,Full LASSO,0.9965735210194939,0.06758545934381266,0.875,1.0,0.8333333333333334,True
102,Full Ridge,0.967399298759946,0.08247964332910833,0.7647058823529411,0.5789473684210527,0.8333333333333334,True
102,Reduced Ridge,0.9664379101765402,0.07432031700667982,0.875,0.875,1.0,True
102,Parsimonious Ridge,0.968559732555577,0.08300721723892106,1.0,0.7647058823529411,1.0,True
102,Full LASSO,0.9876975969491171,0.056104660496737215,0.875,0.875,0.8333333333333334,True
103,Full Ridge,0.9989864591957003,0.04377986207793197,1.0,0.5,0.8333333333333334,True
103,Reduced Ridge,0.999178920268172,0.0426679244785336,1.0,0.5,0.8333333333333334,True
103,Parsimonious Ridge,0.9992509707595228,0.048257318438722024,0.7647058823529411,0.7647058823529411,0.6923076923076923,True
103,Full LASSO,0.9974364181732428,0.04759281920886565,1.0,1.0,1.0,False
104,Full Ridge,0.9527078743665293,0.06648606069175607,0.875,0.5789473684210527,0.8333333333333334,True
104,Reduced Ridge,0.952205667023259,0.05592155166339677,0.875,0.6666666666666666,0.8333333333333334,False
104,Parsimonious Ridge,0.9516009054525657,0.06496089795049671,0.875,0.7647058823529411,1.0,False
104,Full LASSO,0.9878604968115515,0.058240633571528144,0.875,0.875,0.8333333333333334,True
105,Full Ridge,0.9898501110167223,0.04148507206099627,1.0,0.5,0.6923076923076923,True
105,Reduced Ridge,0.9724250393084605,0.034833196419931,1.0,0.5,0.6923076923076923,True
105,Parsimonious Ridge,0.9704681537974204,0.034318139832210506,0.875,1.0,1.0,True
105,Full LASSO,0.9909962804995125,0.03725825212052816,1.0,0.875,1.0,True
106,Full Ridge,0.9952552938723476,0.05106735166271575,1.0,0.5,0.8333333333333334,True
106,Reduced Ridge,0.9949063344654234,0.04409271457138898,1.0,0.6666666666666666,0.8333333333333334,True
106,Parsimonious Ridge,0.9949973247765076,0.04652599094245773,0.875,1.0,1.0,True
106,Full LASSO,0.9958253955577625,0.04022552840933289,1.0,1.0,0.8333333333333334,True
107,Full Ridge,0.9985562190002397,0.05840694841575363,1.0,0.5789473684210527,0.8333333333333334,True
107,Reduced Ridge,0.9985074838645341,0.055319355302455915,0.875,0.5,0.6923076923076923,True
107,Parsimonious Ridge,0.9991607722120799,0.05729051128387085,0.7647058823529411,0.6666666666666666,0.8333333333333334,True
107,Full LASSO,0.9980277050924283,0.05386194546320766,0.875,0.875,1.0,True
108,Full Ridge,0.997621104468191,0.03322366521872091,0.875,0.5,0.8333333333333334,True
108,Reduced Ridge,0.9976913422375212,0.03382000441070441,0.875,0.5789473684210527,0.8333333333333334,True
108,Parsimonious Ridge,0.9957146001277949,0.03535267000214801,0.875,0.6666666666666666,0.6923076923076923,True
108,Full LASSO,0.9807556310944766,0.03620790342654683,0.875,0.875,1.0,True
109,Full Ridge,0.9601891239970829,0.05659878755861677,0.875,0.5,0.8333333333333334,True
109,Reduced Ridge,0.9601283248837916,0.05528920554448864,0.7647058823529411,0.5,0.8333333333333334,True
109,Parsimonious Ridge,0.9603969411170172,0.06205347706224624,1.0,0.6666666666666666,0.8333333333333334,True
109,Full LASSO,0.9972702755838961,0.06030385065027014,0.875,0.875,1.0,True
110,Full Ridge,0.9889011197850671,0.07737523795568899,1.0,0.42857142857142855,0.5714285714285714,True
110,Reduced Ridge,0.9885495558924812,0.07491011084108112,0.875,0.5789473684210527,0.6923076923076923,True
110,Parsimonious Ridge,0.9882571450782482,0.07989250043895028,1.0,0.42857142857142855,0.6923076923076923,True
110,Full LASSO,0.9844131941099985,0.05592936682060912,1.0,0.875,0.8333333333333334,True
111,Full Ridge,0.9996528949868673,0.03591874211190312,0.875,0.5,0.6923076923076923,True
111,Reduced Ridge,0.999532109359811,0.03451314032357758,0.875,0.5,0.6923076923076923,True
111,Parsimonious Ridge,0.9996624169864472,0.030887976665147875,1.0,0.6666666666666666,0.8333333333333334,True
111,Full LASSO,0.9992524210906096,0.04487688077827705,0.875,0.875,0.8333333333333334,True
112,Full Ridge,0.9843646266591694,0.06094520163184085,0.875,0.5789473684210527,0.8333333333333334,True
112,Reduced Ridge,0.9881930747309655,0.05317227353824125,0.875,1.0,1.0,True
112,Parsimonious Ridge,0.9824750202217477,0.05709716882434048,0.875,0.6666666666666666,0.6923076923076923,True
112,Full LASSO,0.9875659425873154,0.05698629536348537,0.875,0.875,1.0,True
113,Full Ridge,0.9960121574056957,0.046982179675593594,0.875,0.5,0.8333333333333334,True
113,Reduced Ridge,0.9962637507206352,0.0410185433167854,0.875,0.875,1.0,True
113,Parsimonious Ridge,0.9964421475705327,0.04147717895539803,0.875,0.7647058823529411,0.6923076923076923,True
113,Full LASSO,0.9915063365756689,0.037725739218296084,0.875,1.0,1.0,True
114,Full Ridge,0.9983704462469477,0.05054179807462912,0.7647058823529411,0.5789473684210527,0.8333333333333334,True
114,Reduced Ridge,0.9981815272749761,0.038846504578139526,0.7647058823529411,0.5789473684210527,0.8333333333333334,True
114,Parsimonious Ridge,0.9982301790671404,0.04500301239070347,1.0,0.7647058823529411,1.0,True
114,Full LASSO,0.9903677204902996,0.05647493155267587,0.875,0.875,1.0,True
115,Full Ridge,0.9601852485224182,0.050863746015901316,1.0,0.5789473684210527,0.6923076923076923,True
115,Reduced Ridge,0.9602937618130354,0.044643408409665325,0.875,0.6666666666666666,0.8333333333333334,True
115,Parsimonious Ridge,0.9607442961607735,0.05035652216020081,0.875,0.5789473684210527,0.8333333333333334,True
115,Full LASSO,0.9974208516573445,0.044321114314743816,0.875,0.875,0.8333333333333334,True
116,Full Ridge,0.9967356001790303,0.05358364060874247,1.0,0.6666666666666666,0.8333333333333334,True
116,Reduced Ridge,0.9979990465915607,0.04575310245542031,1.0,0.6666666666666666,0.8333333333333334,True
116,Parsimonious Ridge,0.9969578148957037,0.046188955106800496,0.875,0.6666666666666666,0.8333333333333334,True
116,Full LASSO,0.9967669120591736,0.03794701587093744,0.875,1.0,1.0,True
117,Full Ridge,0.9991845251213165,0.03853810431224366,1.0,1.0,1.0,True
117,Reduced Ridge,0.9992023814750145,0.03496166001701267,1.0,0.875,1.0,True
117,Parsimonious Ridge,0.9996477485231995,0.034844671068062466,0.875,0.5789473684210527,0.8333333333333334,True
117,Full LASSO,0.9990632101130392,0.04994429251285369,0.875,1.0,0.8333333333333334,False
118,Full Ridge,0.9970234479343836,0.06786015161517489,1.0,0.5,0.8333333333333334,True
118,Reduced Ridge,0.9964691508778752,0.06476158500265515,1.0,0.5,0.6923076923076923,True
118,Parsimonious Ridge,0.9950924405928803,0.06948155543102594,0.7647058823529411,0.5789473684210527,0.8333333333333334,True
118,Full LASSO,0.9907195018302298,0.0640622790801071,0.875,0.875,0.8333333333333334,True
119,Full Ridge,0.9506587483912873,0.050014305625719555,0.875,0.5,0.6923076923076923,True
119,Reduced Ridge,0.9517560702903591,0.046819444577186474,0.875,0.5,0.6923076923076923,True
119,Parsimonious Ridge,0.9516963754789883,0.050618455038031133,0.875,0.875,1.0,True
119,Full LASSO,0.9507750084360134,0.06581253004782055,0.875,1.0,0.8333333333333334,True
120,Full Ridge,0.9620432260859617,0.053479211537103,0.875,0.5789473684210527,0.6923076923076923,True
120,Reduced Ridge,0.9621779300843951,0.04580269678000312,0.875,0.5789473684210527,0.6923076923076923,True
120,Parsimonious Ridge,0.9601899365966096,0.05016750852188017,0.875,0.7647058823529411,0.6923076923076923,True
120,Full LASSO,0.9896133693168122,0.04052319521822434,1.0,1.0,0.8333333333333334,True
121,Full Ridge,0.9890225304886823,0.04611914177071401,1.0,1.0,1.0,True
121,Reduced Ridge,0.9976226879954735,0.03755282502878374,1.0,1.0,1.0,True
121,Parsimonious Ridge,0.9970747042122097,0.035415713273998374,0.7647058823529411,0.6666666666666666,0.6923076923076923,True
121,Full LASSO,0.9871930552184233,0.06333388634100226,0.875,0.875,1.0,True
122,Full Ridge,0.9688508307090363,0.04235586905636956,0.875,0.5789473684210527,0.6923076923076923,True
122,Reduced Ridge,0.9684126103695075,0.04263390795519684,0.875,0.6666666666666666,0.8333333333333334,True
122,Parsimonious Ridge,0.9666488110074982,0.04487208531307049,0.875,0.6666666666666666,1.0,True
122,Full LASSO,0.9896842894477883,0.05399356612621791,1.0,0.875,1.0,True
123,Full Ridge,0.9761261384493322,0.0470386122394485,1.0,0.5789473684210527,0.8333333333333334,True
123,Reduced Ridge,0.9763837741710074,0.045475844842279484,0.875,0.5789473684210527,0.8333333333333334,True
123,Parsimonious Ridge,0.9786183603612618,0.05000414164496209,0.875,0.7647058823529411,0.8333333333333334,True
123,Full LASSO,0.9879211995151957,0.051406482439295825,1.0,1.0,0.8333333333333334,True
124,Full Ridge,0.9738481511100079,0.05323364040086225,0.875,0.5,0.6923076923076923,True
124,Reduced Ridge,0.9737310325987636,0.05244164703308803,0.875,0.5,0.6923076923076923,True
124,Parsimonious Ridge,0.9740215890192052,0.05815196762479023,1.0,0.6666666666666666,0.6923076923076923,True
124,Full LASSO,0.9837014927609177,0.06480681496826862,0.875,0.5789473684210527,0.5714285714285714,True
125,Full Ridge,0.9695178915767622,0.040711281226415034,0.875,1.0,1.0,True
125,Reduced Ridge,0.9696079026012373,0.03859482040053082,0.875,0.6666666666666666,0.8333333333333334,True
125,Parsimonious Ridge,0.968441718101265,0.039942407834087,0.875,0.6666666666666666,0.8333333333333334,True
125,Full LASSO,0.9961543394025871,0.047197977159065166,0.875,1.0,1.0,True
126,Full Ridge,0.9956053992529628,0.032579162425079765,1.0,1.0,1.0,True
126,Reduced Ridge,0.9963425103670511,0.03167618617278545,1.0,0.6666666666666666,0.8333333333333334,True
126,Parsimonious Ridge,0.996102105922515,0.035616670562774885,0.875,0.5789473684210527,0.8333333333333334,True
126,Full LASSO,0.9962063690481375,0.02769789171345621,1.0,1.0,0.8333333333333334,True
127,Full Ridge,0.9638510516735999,0.06624234147474554,1.0,1.0,1.0,True
127,Reduced Ridge,0.9638990992250905,0.06075408301406994,1.0,0.6666666666666666,0.8333333333333334,True
127,Parsimonious Ridge,0.9633858905343845,0.060897751580184505,0.875,0.5789473684210527,0.6923076923076923,True
127,Full LASSO,0.987314275912954,0.04074618165424365,0.875,1.0,0.8333333333333334,True
128,Full Ridge,0.9954715078540558,0.06906409072287276,0.875,1.0,1.0,True
128,Reduced Ridge,0.9982823729598049,0.061655804035106274,0.875,1.0,1.0,True
128,Parsimonious Ridge,0.9986436463749384,0.06605955293354766,0.875,0.5,0.6923076923076923,True
128,Full LASSO,0.9972468376376287,0.04207927323754656,0.875,0.875,0.6923076923076923,True
129,Full Ridge,0.9515520244656632,0.06763371546665346,0.875,0.5789473684210527,0.8333333333333334,True
129,Reduced Ridge,0.9528821457111384,0.06320377575040216,0.875,1.0,1.0,True
129,Parsimonious Ridge,0.934971160321907,0.06879789340756216,0.875,0.6666666666666666,0.8333333333333334,True
129,Full LASSO,0.9860030933600155,0.04665950361422242,1.0,1.0,0.8333333333333334,True
130,Full Ridge,0.9618093016017525,0.058953418251834165,0.7647058823529411,1.0,1.0,True
130,Reduced Ridge,0.9608007614099235,0.06725188123495857,0.7647058823529411,1.0,1.0,True
130,Parsimonious Ridge,0.9639725457207561,0.06608105297120781,1.0,0.7647058823529411,0.8333333333333334,True
130,Full LASSO,0.9897969752825566,0.0670854116224049,0.875,1.0,0.8333333333333334,True
131,Full Ridge,0.9563541542931895,0.042750304023314,0.875,0.5,0.8333333333333334,True
131,Reduced Ridge,0.9578332729544105,0.037721957189658976,0.875,0.5,0.8333333333333334,True
131,Parsimonious Ridge,0.9605629614510495,0.03581905346326339,1.0,0.6666666666666666,0.8333333333333334,True
131,Full LASSO,0.9870736715329848,0.04297408163556739,0.875,1.0,0.8333333333333334,True
132,Full Ridge,0.9984453095828134,0.04483932746820482,0.875,1.0,1.0,True
132,Reduced Ridge,0.9980492819110074,0.035605314155216235,0.875,0.5,0.6923076923076923,True
132,Parsimonious Ridge,0.9973266309013139,0.04096538281290752,0.875,0.875,1.0,True
132,Full LASSO,0.996526508092072,0.0626449622695454,1.0,1.0,1.0,True
133,Full Ridge,0.9970615150968177,0.05276294415873079,0.875,0.5,0.8333333333333334,True
133,Reduced Ridge,0.9965676421076658,0.05113764740789962,0.7647058823529411,0.5789473684210527,0.8333333333333334,True
133,Parsimonious Ridge,0.9973638437924512,0.052797687839085033,0.875,0.7647058823529411,0.6923076923076923,True
133,Full LASSO,0.9877545985940795,0.05786579938590622,0.875,0.875,0.6923076923076923,True
134,Full Ridge,0.9962979215725194,0.05335146012080228,0.875,0.5,0.6923076923076923,True
134,Reduced Ridge,0.9963265084071443,0.05090366282508904,0.875,0.5,0.8333333333333334,True
134,Parsimonious Ridge,0.995907498753858,0.05090639574479062,0.875,0.6666666666666666,0.8333333333333334,True
134,Full LASSO,0.9705428730051949,0.07571707866963946,0.875,1.0,0.8333333333333334,True
135,Full Ridge,0.9338410635752659,0.08877186206086425,0.875,0.5789473684210527,0.6923076923076923,True
135,Reduced Ridge,0.9340874895906521,0.08314932015603543,0.875,0.5789473684210527,0.6923076923076923,True
135,Parsimonious Ridge,0.9360124336895347,0.09281667591853669,0.875,0.5789473684210527,0.8333333333333334,True
135,Full LASSO,0.9841719458099932,0.08287296276204903,0.875,0.875,0.6923076923076923,True
136,Full Ridge,0.992036795506683,0.049886993194059454,1.0,0.5789473684210527,0.8333333333333334,True
136,Reduced Ridge,0.9923748577455976,0.0487996099342622,1.0,1.0,1.0,True
136,Parsimonious Ridge,0.9950157228632233,0.04733534650262123,1.0,0.5,0.6923076923076923,True
136,Full LASSO,0.9964983525186649,0.05382333362805403,1.0,0.875,1.0,False
137,Full Ridge,0.9982036758210449,0.035221181595754304,1.0,0.5,0.8333333333333334,True
137,Reduced Ridge,0.9982696630697748,0.032761534185089064,1.0,0.5,0.8333333333333334,True
137,Parsimonious Ridge,0.9982408887121821,0.03861400359365721,0.875,0.7647058823529411,0.6923076923076923,True
137,Full LASSO,0.9960921225043813,0.03819925144276852,1.0,1.0,1.0,False
138,Full Ridge,0.9982820395856401,0.04687108766648228,1.0,0.6666666666666666,0.8333333333333334,True
138,Reduced Ridge,0.9983402550491549,0.0375036891894477,1.0,0.875,1.0,True
138,Parsimonious Ridge,0.9981668796476135,0.047883528110288724,0.875,0.5789473684210527,0.6923076923076923,True
138,Full LASSO,0.9984562584406537,0.038976800053274696,1.0,1.0,0.8333333333333334,True
139,Full Ridge,0.9918141432364185,0.05030369892286248,0.875,1.0,1.0,True
139,Reduced Ridge,0.9773793961139532,0.03894939844560274,0.7647058823529411,0.6666666666666666,0.8333333333333334,True
139,Parsimonious Ridge,0.997752953950339,0.03901871917503561,1.0,1.0,1.0,True
139,Full LASSO,0.9898737932244841,0.05133426122861432,0.875,0.875,0.8333333333333334,True
140,Full Ridge,0.9991464996306526,0.061126161424004545,0.875,0.5,0.6923076923076923,True
140,Reduced Ridge,0.999324250568106,0.04151211306859566,0.875,0.5,0.6923076923076923,True
140,Parsimonious Ridge,0.9992260718765951,0.038914310775895626,0.875,0.6666666666666666,0.8333333333333334,True
140,Full LASSO,0.9973121667730278,0.05649404215813535,0.7647058823529411,1.0,0.8333333333333334,True
141,Full Ridge,0.995309821384165,0.04570786887909313,1.0,0.5789473684210527,0.8333333333333334,True
141,Reduced Ridge,0.9957837335952044,0.04331200315399809,0.875,0.6666666666666666,0.8333333333333334,True
141,Parsimonious Ridge,0.9963230704860706,0.04955271500154297,0.875,0.6666666666666666,0.8333333333333334,True
141,Full LASSO,0.9897950511740194,0.05013959890400485,0.875,1.0,1.0,True
142,Full Ridge,0.9984248695793387,0.06489046027538195,1.0,0.5,0.8333333333333334,True
142,Reduced Ridge,0.9978822406185958,0.05614066487850675,1.0,0.5,0.8333333333333334,True
142,Parsimonious Ridge,0.9979301214830043,0.061053642157813566,0.7647058823529411,0.6666666666666666,0.8333333333333334,True
142,Full LASSO,0.9911986046950486,0.041086210797317106,0.875,0.875,1.0,False
143,Full Ridge,0.9766230534777375,0.06125337392217271,0.875,0.5789473684210527,0.8333333333333334,True
143,Reduced Ridge,0.97729624009574,0.06111361509046106,0.875,0.6666666666666666,0.8333333333333334,True
143,Parsimonious Ridge,0.9770739420355257,0.0672892928093263,0.875,0.5789473684210527,0.8333333333333334,True
143,Full LASSO,0.9879081266790799,0.05368778268533537,0.875,0.875,0.6923076923076923,True
144,Full Ridge,0.9983428178630462,0.06969874466441546,0.875,0.875,1.0,True
144,Reduced Ridge,0.9982003629152829,0.06919646928834927,1.0,0.5789473684210527,0.8333333333333334,True
144,Parsimonious Ridge,0.9980507195870928,0.07475759316826348,0.875,0.5789473684210527,0.5714285714285714,True
144,Full LASSO,0.9960612699414635,0.054909534051214674,0.875,0.875,0.6923076923076923,True
145,Full Ridge,0.9995543829211916,0.055822380541087326,0.875,0.5789473684210527,0.8333333333333334,True
145,Reduced Ridge,0.9997367177534099,0.05880589680726567,0.875,1.0,1.0,True
145,Parsimonious Ridge,0.999408948441831,0.06522701383391684,0.875,0.6666666666666666,0.6923076923076923,True
145,Full LASSO,0.9981698483162192,0.05450963506255138,0.875,0.875,0.8333333333333334,True
146,Full Ridge,0.9951780135737875,0.04701031593991397,0.875,0.5789473684210527,0.8333333333333334,True
146,Reduced Ridge,0.9950368504509126,0.04410556647136266,0.875,0.5789473684210527,0.6923076923076923,True
146,Parsimonious Ridge,0.9947225202853492,0.050142897967311466,1.0,0.5789473684210527,0.8333333333333334,True
146,Full LASSO,0.9972666574232772,0.04095043057777748,0.875,0.875,1.0,True
147,Full Ridge,0.9969955903557438,0.034394419534763104,1.0,0.5,0.6923076923076923,True
147,Reduced Ridge,0.9972312233825473,0.03407336629723586,1.0,0.5,0.8333333333333334,True
147,Parsimonious Ridge,0.9975112368450295,0.03995654059484167,1.0,0.7647058823529411,0.8333333333333334,True
147,Full LASSO,0.9889419173788787,0.045055499062607196,1.0,1.0,1.0,True
148,Full Ridge,0.9982027798779772,0.04386789940832407,1.0,0.6666666666666666,0.8333333333333334,True
148,Reduced Ridge,0.9981375010493473,0.03929400507459978,0.875,0.6666666666666666,0.8333333333333334,True
148,Parsimonious Ridge,0.9978309218331138,0.036591654591019894,0.875,0.6666666666666666,0.8333333333333334,True
148,Full LASSO,0.9884823389051752,0.03628789749684092,0.875,0.875,1.0,True
149,Full Ridge,0.9984293076229066,0.04198759485729495,0.875,0.5,0.6923076923076923,True
149,Reduced Ridge,0.9979260376494863,0.039877840375044625,0.875,0.6666666666666666,0.8333333333333334,True
149,Parsimonious Ridge,0.9987623484134651,0.031238102145558635,0.875,0.6666666666666666,0.8333333333333334,True
149,Full LASSO,0.9994312795276808,0.04448518293162856,0.7647058823529411,1.0,0.8333333333333334,False
150,Full Ridge,0.9906507715809609,0.07134421863259437,0.875,0.5,0.8333333333333334,True
150,Reduced Ridge,0.990860755632966,0.07134927113976094,0.875,0.875,1.0,True
150,Parsimonious Ridge,0.9943733941913429,0.07076221442704332,0.7647058823529411,0.5789473684210527,0.6923076923076923,True
150,Full LASSO,0.9886503776891185,0.0642437385700265,0.7647058823529411,0.875,0.6923076923076923,True
151,Full Ridge,0.9934333623903646,0.0577975850258576,1.0,0.5,0.6923076923076923,True
151,Reduced Ridge,0.9939505715710473,0.05376102408211622,1.0,0.5,0.6923076923076923,True
151,Parsimonious Ridge,0.9944177537911362,0.05373583392932555,1.0,0.42857142857142855,0.5714285714285714,True
151,Full LASSO,0.9953939501031096,0.05029283004140527,1.0,0.875,1.0,True
152,Full Ridge,0.9994701226010578,0.05289555088798564,0.875,0.36363636363636365,0.5714285714285714,True
152,Reduced Ridge,0.9995923459041993,0.046530447382268476,1.0,0.42857142857142855,0.6923076923076923,True
152,Parsimonious Ridge,0.9994443694468329,0.04428074624686586,0.7647058823529411,0.6666666666666666,0.8333333333333334,True
152,Full LASSO,0.9994935202560161,0.0491573423510656,1.0,1.0,1.0,True
153,Full Ridge,0.9641552347630244,0.07417466547125617,0.7647058823529411,0.5,0.8333333333333334,True
153,Reduced Ridge,0.9645983723714827,0.0693313946278062,0.875,0.6666666666666666,0.8333333333333334,True
153,Parsimonious Ridge,0.9660808872820069,0.07221926664124455,0.875,0.6666666666666666,0.6923076923076923,True
153,Full LASSO,0.9961501328007858,0.04982376851783466,0.7647058823529411,0.875,0.6923076923076923,True
154,Full Ridge,0.968443551659171,0.07865285761670482,0.875,0.6666666666666666,0.8333333333333334,True
154,Reduced Ridge,0.9670443594539423,0.0750670255212368,0.875,0.6666666666666666,0.8333333333333334,True
154,Parsimonious Ridge,0.9716090852044149,0.07577056494641878,1.0,0.5789473684210527,0.8333333333333334,True
154,Full LASSO,0.9914938034900747,0.08724034644674403,0.875,0.875,0.6923076923076923,False
155,Full Ridge,0.9962973173318457,0.04010007637574228,0.875,0.5789473684210527,0.6923076923076923,True
155,Reduced Ridge,0.9964411057762679,0.03527019270546871,1.0,0.6666666666666666,0.8333333333333334,True
155,Parsimonious Ridge,0.9982556405189711,0.03922722294850496,0.7647058823529411,0.6666666666666666,0.8333333333333334,True
155,Full LASSO,0.990135322289243,0.031259179454004034,0.875,1.0,0.8333333333333334,True
156,Full Ridge,0.9653337957788624,0.04846958510280394,0.875,1.0,1.0,True
156,Reduced Ridge,0.9643778453615184,0.04397819048228878,0.875,0.5789473684210527,0.6923076923076923,True
156,Parsimonious Ridge,0.9638410712845434,0.04883510808990072,1.0,0.5789473684210527,0.8333333333333334,True
156,Full LASSO,0.9886050180534592,0.04735853828748871,0.875,0.875,1.0,True
157,Full Ridge,0.9587077967320207,0.04192553899173509,0.875,0.5,0.8333333333333334,True
157,Reduced Ridge,0.9643915345381573,0.03494780658557797,1.0,0.875,1.0,True
157,Parsimonious Ridge,0.9603933365088612,0.03417032366031832,0.875,0.6666666666666666,0.6923076923076923,True
157,Full LASSO,0.9864951213757469,0.04975375668105613,0.875,0.875,0.8333333333333334,True
158,Full Ridge,0.9962657092938529,0.05815696477780157,0.875,0.5789473684210527,0.8333333333333334,True
158,Reduced Ridge,0.9966696754379563,0.050751749443120955,1.0,0.5,0.6923076923076923,True
158,Parsimonious Ridge,0.9992846207142746,0.05306703231338274,0.7647058823529411,0.7647058823529411,0.6923076923076923,True
158,Full LASSO,0.9972145124236035,0.03903567573528831,0.875,0.7647058823529411,0.8333333333333334,True
159,Full Ridge,0.9907489919442425,0.058216594211849014,0.875,0.42857142857142855,0.6923076923076923,True
159,Reduced Ridge,0.9905649068976594,0.058972619050321994,0.875,0.42857142857142855,0.6923076923076923,True
159,Parsimonious Ridge,0.9981115187003842,0.06351031560586126,0.7647058823529411,0.6666666666666666,0.8333333333333334,True
159,Full LASSO,0.990221976232647,0.07506907063906507,1.0,1.0,0.6923076923076923,True
160,Full Ridge,0.9633745974845545,0.042200601376104166,1.0,1.0,1.0,True
160,Reduced Ridge,0.9630634968812118,0.04124388751635364,1.0,1.0,1.0,True
160,Parsimonious Ridge,0.9633075684415597,0.04447428815972238,0.875,0.6666666666666666,0.8333333333333334,True
160,Full LASSO,0.9981306448991711,0.031170254324781117,0.875,0.875,0.8333333333333334,True
161,Full Ridge,0.9714940502817001,0.052749456832272314,0.875,0.5,0.8333333333333334,True
161,Reduced Ridge,0.9979059518560617,0.04439571354643965,1.0,0.5789473684210527,0.8333333333333334,True
161,Parsimonious Ridge,0.9991365609133668,0.03971207725637974,0.875,0.7647058823529411,0.6923076923076923,True
161,Full LASSO,0.9984957654083371,0.04512539766795832,0.875,1.0,0.8333333333333334,False
162,Full Ridge,0.9937170638045439,0.06454862401331635,0.875,1.0,1.0,True
162,Reduced Ridge,0.9940357903419047,0.06171837337157243,0.875,0.6666666666666666,0.8333333333333334,True
162,Parsimonious Ridge,0.9943224712876813,0.06721632580476032,0.875,0.5,0.6923076923076923,True
162,Full LASSO,0.995719297703312,0.05713762502723918,1.0,1.0,0.8333333333333334,False
163,Full Ridge,0.9883899113393493,0.06837342046617555,0.875,0.6666666666666666,0.8333333333333334,True
163,Reduced Ridge,0.9707867136476986,0.05950312277690235,0.875,0.6666666666666666,0.8333333333333334,True
163,Parsimonious Ridge,0.9984858770514832,0.06076812548005938,0.875,0.6666666666666666,0.8333333333333334,True
163,Full LASSO,0.9707929633378394,0.0780758398562762,0.875,0.875,0.8333333333333334,False
164,Full Ridge,0.9782741932079557,0.056683844735413824,1.0,0.5789473684210527,0.8333333333333334,True
164,Reduced Ridge,0.9794511915323962,0.05747195980316478,0.875,0.6666666666666666,0.8333333333333334,True
164,Parsimonious Ridge,0.9825391530766862,0.06375768935624103,0.875,0.6666666666666666,0.8333333333333334,True
164,Full LASSO,0.9882886624173637,0.049898757155393846,0.875,0.875,0.8333333333333334,True
165,Full Ridge,0.9889084123449204,0.06377562449478044,0.875,0.5789473684210527,0.8333333333333334,True
165,Reduced Ridge,0.9892926052338786,0.05771507875322739,0.875,0.5,0.6923076923076923,True
165,Parsimonious Ridge,0.9898568201717873,0.06382932607049095,0.6666666666666666,0.6666666666666666,0.8333333333333334,True
165,Full LASSO,0.9966275396755625,0.051042122607390106,0.875,1.0,1.0,True
166,Full Ridge,0.9597766776476644,0.04082172996146467,0.875,0.875,1.0,True
166,Reduced Ridge,0.9592262143940504,0.039352023239022094,0.875,0.6666666666666666,0.8333333333333334,True
166,Parsimonious Ridge,0.9602331293868265,0.034149059585895,0.875,0.5789473684210527,0.8333333333333334,True
166,Full LASSO,0.9876458539376218,0.050228451303835284,0.7647058823529411,0.875,0.6923076923076923,False
167,Full Ridge,0.9968986409814652,0.044367666680244305,1.0,1.0,1.0,True
167,Reduced Ridge,0.9967575403662461,0.04274178063703069,1.0,0.5789473684210527,0.8333333333333334,True
167,Parsimonious Ridge,0.9993878416900269,0.04322870226603515,0.875,0.5789473684210527,0.6923076923076923,True
167,Full LASSO,0.9967452589370337,0.055664336777251515,1.0,0.7647058823529411,0.8333333333333334,True
168,Full Ridge,0.9706762834556341,0.04290658886215612,1.0,0.5,0.8333333333333334,True
168,Reduced Ridge,0.9700331838559977,0.0414400532050606,1.0,0.875,1.0,True
168,Parsimonious Ridge,0.9692222720361939,0.040575503628597964,0.7647058823529411,0.6666666666666666,0.6923076923076923,True
168,Full LASSO,0.9958007464717894,0.053221121538251426,0.875,1.0,0.8333333333333334,True
169,Full Ridge,0.9963929540453508,0.05318258200230537,1.0,0.5,0.8333333333333334,True
169,Reduced Ridge,0.9963369888574478,0.04837799201585913,1.0,0.5,0.8333333333333334,True
169,Parsimonious Ridge,0.996175302387557,0.0543995173533849,0.7647058823529411,0.5789473684210527,0.8333333333333334,True
169,Full LASSO,0.9973717932234593,0.04741579747447071,0.875,0.875,1.0,True
170,Full Ridge,0.9978306301307196,0.06248557915246715,0.875,1.0,1.0,True
170,Reduced Ridge,0.9979137028053916,0.06338512870856335,0.7647058823529411,1.0,1.0,True
170,Parsimonious Ridge,0.9974345816230284,0.07056819914148607,1.0,0.6666666666666666,0.6923076923076923,True
170,Full LASSO,0.9957020356079902,0.06275370485800084,0.7647058823529411,0.875,0.6923076923076923,False
171,Full Ridge,0.9980457606463925,0.049621495566930435,0.875,0.5789473684210527,0.6923076923076923,True
171,Reduced Ridge,0.9978420273599761,0.043730619403205974,0.875,0.6666666666666666,0.8333333333333334,True
171,Parsimonious Ridge,0.9985977865914036,0.044645261230605714,0.875,0.6666666666666666,0.8333333333333334,True
171,Full LASSO,0.9748648682365768,0.06920585495822947,0.875,0.875,1.0,True
172,Full Ridge,0.998992293243583,0.03852446756381726,1.0,0.5789473684210527,0.8333333333333334,True
172,Reduced Ridge,0.9989961270464772,0.035933962316129914,0.875,0.875,1.0,True
172,Parsimonious Ridge,0.9989424538059568,0.03775125668927985,0.875,0.5,0.6923076923076923,True
172,Full LASSO,0.998229921551993,0.044533770279104316,0.875,0.875,1.0,True
173,Full Ridge,0.9977220126606757,0.04295735486641927,1.0,0.5789473684210527,0.8333333333333334,True
173,Reduced Ridge,0.9976638805407022,0.04332618023183181,1.0,0.5789473684210527,0.8333333333333334,True
173,Parsimonious Ridge,0.9976418570099451,0.04620030341697041,1.0,0.5789473684210527,0.8333333333333334,True
173,Full LASSO,0.9949077917525313,0.04937313350500895,1.0,0.875,1.0,True
174,Full Ridge,0.9642738742938953,0.041353791571091224,0.875,1.0,1.0,True
174,Reduced Ridge,0.9648652800621143,0.043617249784036985,0.875,1.0,1.0,True
174,Parsimonious Ridge,0.9670150016915614,0.04392640167454245,0.875,0.6666666666666666,0.8333333333333334,True
174,Full LASSO,0.9690188199879449,0.04003373514718308,1.0,0.875,1.0,True
175,Full Ridge,0.965608975315956,0.06976194267743173,1.0,1.0,1.0,True
175,Reduced Ridge,0.9651754847223892,0.060677816144423156,1.0,0.5789473684210527,0.6923076923076923,True
175,Parsimonious Ridge,0.9626922222411367,0.06282300397214932,0.7647058823529411,0.6666666666666666,0.8333333333333334,True
175,Full LASSO,0.9756547257837913,0.05293871906524476,1.0,0.875,0.6923076923076923,True
176,Full Ridge,0.9968782009779905,0.04941699603333465,1.0,1.0,1.0,True
176,Reduced Ridge,0.9972038033574987,0.048598813516784946,0.875,0.6666666666666666,0.8333333333333334,True
176,Parsimonious Ridge,0.99685521899651,0.041123760804221574,0.7647058823529411,0.5789473684210527,0.8333333333333334,True
176,Full LASSO,0.996358269051464,0.06308946858006961,0.7647058823529411,0.875,1.0,False
177,Full Ridge,0.9954721537664999,0.08066624815716417,1.0,0.42857142857142855,0.6923076923076923,True
177,Reduced Ridge,0.9948214282328455,0.07985808570464689,1.0,0.42857142857142855,0.6923076923076923,True
177,Parsimonious Ridge,0.9958132580446677,0.08170970358803824,0.875,0.5789473684210527,0.8333333333333334,True
177,Full LASSO,0.9894934680750291,0.05241976664199372,1.0,1.0,0.8333333333333334,True
178,Full Ridge,0.9950704378980084,0.054808974341772294,1.0,0.5789473684210527,0.8333333333333334,True
178,Reduced Ridge,0.9953933524483135,0.053942427155878304,0.875,1.0,1.0,True
178,Parsimonious Ridge,0.9979183075360417,0.050395006226683324,0.875,0.6666666666666666,0.6923076923076923,True
178,Full LASSO,0.9992374883352226,0.03530074824668123,1.0,0.875,1.0,True
179,Full Ridge,0.9985569274203399,0.05732224161821925,1.0,0.5789473684210527,0.6923076923076923,True
179,Reduced Ridge,0.9985133387483023,0.05318700626500896,1.0,0.6666666666666666,0.8333333333333334,True
179,Parsimonious Ridge,0.9988424623924252,0.06287122315335579,1.0,0.5,0.6923076923076923,True
179,Full LASSO,0.9973050648002103,0.06320323288321805,0.875,0.875,0.8333333333333334,True
180,Full Ridge,0.9982179275665868,0.06353562693889032,1.0,0.5,0.6923076923076923,True
180,Reduced Ridge,0.9982146563325954,0.0557622191187651,1.0,0.5,0.6923076923076923,True
180,Parsimonious Ridge,0.9982624121816921,0.05809477156846045,0.875,0.6666666666666666,0.8333333333333334,True
180,Full LASSO,0.9992778727471202,0.043302933394897915,0.875,1.0,1.0,True
181,Full Ridge,0.9974996104210349,0.03859798425508403,1.0,0.5789473684210527,0.8333333333333334,True
181,Reduced Ridge,0.9975840582641362,0.03369569244510547,1.0,0.875,1.0,True
181,Parsimonious Ridge,0.9974587720858561,0.03232160826373986,0.7647058823529411,0.6666666666666666,0.8333333333333334,True
181,Full LASSO,0.9958514546799083,0.04295665458988639,0.875,1.0,1.0,True
182,Full Ridge,0.9972605186372723,0.03391747898373237,1.0,0.5789473684210527,0.8333333333333334,True
182,Reduced Ridge,0.9967438303537218,0.03648176949313944,0.875,0.5,0.6923076923076923,True
182,Parsimonious Ridge,0.9817668918241049,0.04084255714117335,1.0,0.7647058823529411,0.8333333333333334,True
182,Full LASSO,0.9905270908155493,0.05138965526790197,0.875,0.875,1.0,True
183,Full Ridge,0.9751115141789971,0.06642537513878682,0.875,0.5,0.6923076923076923,True
183,Reduced Ridge,0.9768529774719701,0.060140419577248416,0.875,0.5,0.6923076923076923,True
183,Parsimonious Ridge,0.9768339334728102,0.0684238868784728,0.7647058823529411,0.5789473684210527,0.8333333333333334,True
183,Full LASSO,0.9925571468180232,0.0641128082327602,0.7647058823529411,0.875,0.6923076923076923,True
184,Full Ridge,0.9930026846413127,0.053331672241397295,0.875,0.5,0.6923076923076923,True
184,Reduced Ridge,0.9934344250205145,0.052921364684603234,0.875,0.5789473684210527,0.8333333333333334,True
184,Parsimonious Ridge,0.9937629235880786,0.059336045967696954,0.875,0.6666666666666666,0.8333333333333334,True
184,Full LASSO,0.9958931576410309,0.06536853895307294,0.875,1.0,0.8333333333333334,True
185,Full Ridge,0.9655875768617578,0.06080303273974153,1.0,0.42857142857142855,0.6923076923076923,True
185,Reduced Ridge,0.9654231192191227,0.05611319690646273,1.0,0.42857142857142855,0.6923076923076923,True
185,Parsimonious Ridge,0.9633510529341709,0.059781328952791854,0.875,0.5,0.6923076923076923,True
185,Full LASSO,0.9647069089921986,0.06395472570352782,1.0,0.875,0.8333333333333334,True
186,Full Ridge,0.9978753231046779,0.05012237263216114,0.875,0.875,1.0,True
186,Reduced Ridge,0.997764809569072,0.046750688799353846,1.0,0.875,1.0,True
186,Parsimonious Ridge,0.9971602146854611,0.04728891874175925,0.875,0.5789473684210527,0.8333333333333334,True
186,Full LASSO,0.9961281289390306,0.0398985698167696,0.875,0.875,1.0,False
187,Full Ridge,0.9978729478137541,0.05023710832284152,1.0,0.5789473684210527,0.8333333333333334,True
187,Reduced Ridge,0.9974741072974335,0.04889376687310945,0.875,0.5789473684210527,0.8333333333333334,True
187,Parsimonious Ridge,0.9972011572000663,0.05344670095530374,1.0,0.6666666666666666,0.8333333333333334,True
187,Full LASSO,0.9895635652032775,0.0590959561595707,0.875,0.875,1.0,True
188,Full Ridge,0.9879310843092637,0.08711824473489735,0.7647058823529411,0.5,0.6923076923076923,True
188,Reduced Ridge,0.9875547465490617,0.0861307932649825,0.875,0.5789473684210527,0.6923076923076923,False
188,Parsimonious Ridge,0.9920058333811345,0.08556006519647556,0.6666666666666666,0.5789473684210527,0.6923076923076923,True
188,Full LASSO,0.99806344749993,0.055687190235761005,0.875,1.0,1.0,False
189,Full Ridge,0.997512195295753,0.0522398005293272,1.0,1.0,1.0,True
189,Reduced Ridge,0.9973567804273361,0.050289051509590545,0.875,0.6666666666666666,0.8333333333333334,True
189,Parsimonious Ridge,0.9968301534264999,0.05609370490135266,0.875,0.6666666666666666,0.8333333333333334,True
189,Full LASSO,0.9956548818957607,0.03438109116079295,0.875,0.875,1.0,False
190,Full Ridge,0.996940687797991,0.03898885086448988,0.875,0.5789473684210527,0.8333333333333334,True
190,Reduced Ridge,0.9975583259457966,0.03481326874158863,0.875,1.0,1.0,True
190,Parsimonious Ridge,0.9991058279825564,0.03642152972119339,0.875,1.0,1.0,True
190,Full LASSO,0.9900703450944085,0.06778469208618108,1.0,0.875,1.0,True
191,Full Ridge,0.9634744847186596,0.040406214441161076,0.875,0.5,0.8333333333333334,True
191,Reduced Ridge,0.9621106510107771,0.03711304085257373,0.875,0.5,0.6923076923076923,True
191,Parsimonious Ridge,0.9630943339914487,0.03597473182597393,1.0,0.875,1.0,True
191,Full LASSO,0.9955296475270536,0.051471542800175726,0.7647058823529411,1.0,0.8333333333333334,True
192,Full Ridge,0.9950935865665714,0.05455124982352699,0.875,0.5,0.8333333333333334,True
192,Reduced Ridge,0.9951296743199026,0.05304905935593967,0.875,0.5,0.8333333333333334,True
192,Parsimonious Ridge,0.9964514612112596,0.05393171218212771,0.875,0.5,0.6923076923076923,True
192,Full LASSO,0.997290185924412,0.04962656419938761,1.0,1.0,0.8333333333333334,True
193,Full Ridge,0.999058363835854,0.04054103259841664,0.875,0.5789473684210527,0.8333333333333334,True
193,Reduced Ridge,0.9981071640003576,0.03842156024573159,0.875,0.5,0.6923076923076923,True
193,Parsimonious Ridge,0.9947167904168929,0.042486839304805187,0.875,0.6666666666666666,0.8333333333333334,True
193,Full LASSO,0.9984165005022918,0.044093264704965954,0.875,1.0,0.8333333333333334,True
194,Full Ridge,0.9990890967666645,0.044361778260887226,1.0,0.6666666666666666,0.8333333333333334,True
194,Reduced Ridge,0.999178920268172,0.03991236752431923,1.0,0.6666666666666666,0.8333333333333334,True
194,Parsimonious Ridge,0.9987701410345655,0.042572829858096704,0.875,0.5789473684210527,0.8333333333333334,True
194,Full LASSO,0.9885367905257356,0.04798325511454558,0.875,1.0,0.8333333333333334,True
195,Full Ridge,0.9687191270780854,0.04935385096325774,0.875,0.5789473684210527,0.8333333333333334,True
195,Reduced Ridge,0.9686432844556109,0.04814871110328182,0.875,0.5789473684210527,0.8333333333333334,True
195,Parsimonious Ridge,0.9682999090659459,0.04438382849310754,0.7647058823529411,0.6666666666666666,0.8333333333333334,True
195,Full LASSO,0.9969702867041237,0.06133641062633043,0.875,0.875,0.6923076923076923,True
196,Full Ridge,0.9994950006481003,0.038304835977608094,0.875,1.0,1.0,True
196,Reduced Ridge,0.9991942763156347,0.032309535941910196,0.875,1.0,1.0,True
196,Parsimonious Ridge,0.9988992193439692,0.04025834241810661,1.0,0.6666666666666666,0.8333333333333334,True
196,Full LASSO,0.9979127814357741,0.04991627503949016,0.875,0.875,0.8333333333333334,True
197,Full Ridge,0.9765416268380037,0.035698574117974315,0.875,0.5789473684210527,0.8333333333333334,True
197,Reduced Ridge,0.968324828784759,0.03192424109004414,0.875,0.6666666666666666,0.8333333333333334,True
197,Parsimonious Ridge,0.9674152798839676,0.028733115903411197,1.0,1.0,1.0,True
197,Full LASSO,0.9897474085734994,0.043168258110670606,0.875,0.875,0.8333333333333334,True
198,Full Ridge,0.9952791926327811,0.05411703974210399,1.0,0.5789473684210527,0.8333333333333334,True
198,Reduced Ridge,0.9976222921136529,0.052099368647990175,1.0,0.5789473684210527,0.8333333333333334,True
198,Parsimonious Ridge,0.9978956797646111,0.05631523828125311,1.0,0.5789473684210527,0.8333333333333334,True
198,Full LASSO,0.9958848546944081,0.06007125033905459,0.875,1.0,0.8333333333333334,True
199,Full Ridge,0.9933752094345055,0.04575242043638171,0.875,0.5,0.8333333333333334,True
199,Reduced Ridge,0.9962300382582275,0.04454728279668273,0.875,1.0,1.0,True
199,Parsimonious Ridge,0.9957776911884687,0.04433618494073922,0.875,0.5789473684210527,0.8333333333333334,True
199,Full LASSO,0.9965326100163172,0.05084396586115343,0.7647058823529411,0.875,1.0,False
200,Full Ridge,0.9988567974815082,0.07155077091758454,0.875,0.5789473684210527,0.8333333333333334,True
200,Reduced Ridge,0.998727969202728,0.06795983611091404,0.875,0.5,0.8333333333333334,True
200,Parsimonious Ridge,0.9988898640314717,0.06945187627564352,0.875,0.6666666666666666,0.6923076923076923,True
200,Full LASSO,0.999197032679972,0.05771570428298997,0.875,0.6666666666666666,0.5714285714285714,True
201,Full Ridge,0.9985425506594859,0.06412396494109227,0.875,0.875,1.0,True
201,Reduced Ridge,0.9990022319608687,0.05799662621773382,0.875,0.6666666666666666,0.8333333333333334,True
201,Parsimonious Ridge,0.9987090293829947,0.05559108463950516,0.875,0.5,0.6923076923076923,True
201,Full LASSO,0.9980939333133094,0.061779315619316766,0.875,0.875,0.6923076923076923,True
202,Full Ridge,0.9988215431635888,0.060234317690332224,1.0,0.5789473684210527,0.8333333333333334,True
202,Reduced Ridge,0.9988238559468565,0.05500922943661818,1.0,0.6666666666666666,0.8333333333333334,True
202,Parsimonious Ridge,0.9990542174946803,0.0611273219842148,0.875,0.6666666666666666,0.8333333333333334,True
202,Full LASSO,0.9981653625097343,0.06042216023442872,0.875,1.0,0.8333333333333334,True
203,Full Ridge,0.9970651197049739,0.054030367703639816,0.875,1.0,1.0,True
203,Reduced Ridge,0.9971987194014867,0.04573346259776608,0.7647058823529411,0.5,0.8333333333333334,True
203,Parsimonious Ridge,0.9976700687986347,0.03894896956424415,1.0,0.7647058823529411,0.8333333333333334,True
203,Full LASSO,0.9969755251222921,0.05986031816736579,0.7647058823529411,0.875,0.8333333333333334,True
204,Full Ridge,0.9986045165823539,0.03779487996849776,0.875,0.5789473684210527,0.6923076923076923,True
204,Reduced Ridge,0.9985879937253149,0.03255397652119939,0.875,0.6666666666666666,0.8333333333333334,True
204,Parsimonious Ridge,0.9989478086284777,0.03571089663242345,0.875,0.5789473684210527,0.8333333333333334,True
204,Full LASSO,0.9989466281931011,0.04169024632286853,0.875,0.875,0.8333333333333334,True
205,Full Ridge,0.9973636145977129,0.040648916354321614,1.0,0.5789473684210527,0.6923076923076923,True
205,Reduced Ridge,0.9972306608136443,0.03983149868482282,1.0,0.5789473684210527,0.6923076923076923,True
205,Parsimonious Ridge,0.9807962312717428,0.038682708977698724,0.875,0.6666666666666666,0.8333333333333334,True
205,Full LASSO,0.989985215915491,0.03619184927856769,1.0,0.875,1.0,True
206,Full Ridge,0.973085807738827,0.04404343521578793,0.875,0.5,0.8333333333333334,True
206,Reduced Ridge,0.9702630453425745,0.04026453311429705,1.0,0.875,1.0,True
206,Parsimonious Ridge,0.9791130667858257,0.033747790682531344,1.0,0.5789473684210527,0.6923076923076923,True
206,Full LASSO,0.9990414384066558,0.060210348705856724,1.0,0.875,0.8333333333333334,False
207,Full Ridge,0.9942640474653135,0.050762582241845704,1.0,0.5789473684210527,0.8333333333333334,True
207,Reduced Ridge,0.9942613388002252,0.05358313557951152,0.875,1.0,1.0,True
207,Parsimonious Ridge,0.9950800224052443,0.057612539844516086,1.0,0.7647058823529411,0.6923076923076923,True
207,Full LASSO,0.9981616397779994,0.03473688328136214,0.875,1.0,1.0,True
208,Full Ridge,0.9721008746050376,0.050324897534468664,0.875,0.5,0.8333333333333334,True
208,Reduced Ridge,0.9723317570499938,0.046484568203069974,0.875,1.0,1.0,True
208,Parsimonious Ridge,0.9724540011890207,0.05010337360672547,0.875,0.6666666666666666,0.6923076923076923,True
208,Full LASSO,0.9873459792195158,0.03841384498506396,0.875,0.875,0.8333333333333334,True
209,Full Ridge,0.999327980191574,0.04919713896847201,0.875,0.5789473684210527,0.8333333333333334,True
209,Reduced Ridge,0.9992468660901197,0.04219334110638938,0.875,0.5789473684210527,0.6923076923076923,True
209,Parsimonious Ridge,0.9984770843078885,0.047143063095745424,1.0,0.5789473684210527,0.8333333333333334,True
209,Full LASSO,0.9986281511622986,0.058943999733780644,0.875,0.875,0.8333333333333334,False
210,Full Ridge,0.9989798333841765,0.07235784704459942,0.875,1.0,1.0,True
210,Reduced Ridge,0.9989777497956469,0.06871848735069408,0.875,0.6666666666666666,0.8333333333333334,True
210,Parsimonious Ridge,0.9990680941942869,0.07848661129321176,0.875,0.5789473684210527,0.8333333333333334,True
210,Full LASSO,0.9907127672893936,0.05852072487109334,0.7647058823529411,1.0,0.8333333333333334,False
211,Full Ridge,0.9976527125061839,0.060985418260713374,0.875,0.5,0.8333333333333334,True
211,Reduced Ridge,0.9976348144807153,0.05878958049523691,0.875,0.5,0.8333333333333334,True
211,Parsimonious Ridge,0.9971874055157715,0.056785826192291465,0.875,0.6666666666666666,0.8333333333333334,True
211,Full LASSO,0.9965060235892207,0.06411604169046292,0.875,1.0,1.0,True
212,Full Ridge,0.9961142740795275,0.04343135146585282,0.875,0.5789473684210527,0.6923076923076923,True
212,Reduced Ridge,0.9957233303637335,0.04517005078744884,0.875,0.5789473684210527,0.6923076923076923,True
212,Parsimonious Ridge,0.9978566541514533,0.047845109660215185,0.875,0.6666666666666666,0.6923076923076923,True
212,Full LASSO,0.9899150988153651,0.04612295774507877,0.875,1.0,0.8333333333333334,True
213,Full Ridge,0.9734532694118933,0.060706664340934524,1.0,0.42857142857142855,0.6923076923076923,True
213,Reduced Ridge,0.9707099125745007,0.055914105644694866,0.875,0.5789473684210527,0.8333333333333334,True
213,Parsimonious Ridge,0.969856328861612,0.05623468018696222,1.0,0.5789473684210527,0.6923076923076923,True
213,Full LASSO,0.9968067238431848,0.04718242367828141,1.0,0.875,0.6923076923076923,True
214,Full Ridge,0.9993391898978627,0.06692924215676788,0.875,0.5789473684210527,0.8333333333333334,True
214,Reduced Ridge,0.9993733399138617,0.05105887016631982,0.875,0.6666666666666666,0.8333333333333334,True
214,Parsimonious Ridge,0.9995713850035924,0.05536244193766952,0.875,0.7647058823529411,1.0,True
214,Full LASSO,0.9984951639712507,0.04704447571122467,1.0,0.875,1.0,True
215,Full Ridge,0.9954496926821516,0.04825309962218629,1.0,0.5789473684210527,0.8333333333333334,True
215,Reduced Ridge,0.9952405837373289,0.04841361363478618,1.0,0.6666666666666666,0.8333333333333334,True
215,Parsimonious Ridge,0.9956172340358104,0.057336246890814145,1.0,0.6666666666666666,0.8333333333333334,True
215,Full LASSO,0.9954104948096252,0.0569562310777384,0.875,0.875,1.0,True
216,Full Ridge,0.9987120714222477,0.04572512201255427,1.0,1.0,1.0,True
216,Reduced Ridge,0.998936473906877,0.04591136957912795,1.0,0.6666666666666666,0.8333333333333334,True
216,Parsimonious Ridge,0.9991467704971615,0.04630666688105845,0.875,0.6666666666666666,0.8333333333333334,True
216,Full LASSO,0.9986479582107887,0.027413249214988167,1.0,1.0,1.0,True
217,Full Ridge,0.9758681276817216,0.07408383620223342,1.0,0.6666666666666666,0.8333333333333334,True
217,Reduced Ridge,0.9781601375718497,0.06672676001202042,1.0,0.6666666666666666,0.8333333333333334,True
217,Parsimonious Ridge,0.9758260808651961,0.06599766714715198,0.875,0.6666666666666666,0.8333333333333334,True
217,Full LASSO,0.994955091986453,0.06648688587806245,0.875,0.875,1.0,True
218,Full Ridge,0.9986526266415006,0.07596770991715023,0.875,0.5,0.6923076923076923,False
218,Reduced Ridge,0.9988807795854832,0.06948995750645039,0.875,0.5,0.6923076923076923,False
218,Parsimonious Ridge,0.9976753194417292,0.07853953958199683,0.7647058823529411,0.5,0.6923076923076923,True
218,Full LASSO,0.9898480268753381,0.03658747013302928,1.0,1.0,1.0,True
219,Full Ridge,0.9653795722188557,0.05951344091657626,0.7647058823529411,0.5,0.6923076923076923,True
219,Reduced Ridge,0.9655582816070327,0.05270453384854789,0.7647058823529411,0.5,0.8333333333333334,True
219,Parsimonious Ridge,0.9631906582891684,0.05675690815808719,0.875,0.5789473684210527,0.8333333333333334,True
219,Full LASSO,0.9898564135049791,0.038961180552040585,1.0,1.0,0.8333333333333334,True
220,Full Ridge,0.9959545045110837,0.05255952415991149,0.875,0.36363636363636365,0.5714285714285714,True
220,Reduced Ridge,0.9695813576833713,0.04450349610374024,0.875,0.5789473684210527,0.6923076923076923,True
220,Parsimonious Ridge,0.966954410937123,0.05125721198547378,0.875,0.5789473684210527,0.8333333333333334,True
220,Full LASSO,0.9899157889847318,0.05071917724672714,0.875,0.875,0.6923076923076923,True
221,Full Ridge,0.96845972030616,0.045144096659040074,0.875,0.42857142857142855,0.6923076923076923,True
221,Reduced Ridge,0.9667389262113999,0.04458541896968629,0.875,0.5,0.8333333333333334,True
221,Parsimonious Ridge,0.9668624830112005,0.04881083655962478,1.0,1.0,1.0,True
221,Full LASSO,0.9975465943012234,0.039754307725745265,1.0,1.0,0.8333333333333334,True
222,Full Ridge,0.9226287528007858,0.05578023907049853,1.0,0.5789473684210527,0.8333333333333334,True
222,Reduced Ridge,0.9245633230786746,0.050902725760093144,1.0,1.0,1.0,True
222,Parsimonious Ridge,0.9239095763416524,0.05908008674769799,0.7647058823529411,0.6666666666666666,0.6923076923076923,True
222,Full LASSO,0.9872000561839693,0.06879035856645248,0.7647058823529411,0.875,1.0,True
223,Full Ridge,0.9974363318373932,0.06032254472386215,1.0,0.6666666666666666,0.8333333333333334,True
223,Reduced Ridge,0.9975162166216149,0.05637408193549541,1.0,0.6666666666666666,0.8333333333333334,True
223,Parsimonious Ridge,0.9979182450283859,0.05982665102961933,0.875,0.5,0.6923076923076923,True
223,Full LASSO,0.9953533425321468,0.053834056798144514,1.0,0.875,0.8333333333333334,True
224,Full Ridge,0.9744399110882769,0.0621554695502094,0.875,0.5,0.8333333333333334,True
224,Reduced Ridge,0.9746573543872177,0.06231268822360997,0.875,0.5789473684210527,0.6923076923076923,True
224,Parsimonious Ridge,0.9746029310548265,0.06892483445498924,0.875,0.6666666666666666,0.8333333333333334,True
224,Full LASSO,0.9944386152437646,0.04847021296928286,0.875,0.875,1.0,True
225,Full Ridge,0.9960738107902841,0.08281322806632276,0.875,0.5,0.6923076923076923,True
225,Reduced Ridge,0.9960861664702642,0.08002500024103937,0.875,0.5789473684210527,0.8333333333333334,True
225,Parsimonious Ridge,0.9965198237509132,0.07878158884338678,0.7647058823529411,0.7647058823529411,0.6923076923076923,True
225,Full LASSO,0.9898873874695842,0.06914970688472073,0.875,0.875,0.8333333333333334,False
226,Full Ridge,0.9602504440075067,0.04984284299886296,1.0,0.5789473684210527,0.6923076923076923,True
226,Reduced Ridge,0.9596390357894043,0.048784756454337164,0.875,0.5,0.6923076923076923,True
226,Parsimonious Ridge,0.9611290932904054,0.05152370190856279,0.875,0.6666666666666666,0.8333333333333334,True
226,Full LASSO,0.9889835165699888,0.06820682231513676,0.875,1.0,0.8333333333333334,True
227,Full Ridge,0.9608298691416809,0.058735370673099564,0.875,0.5789473684210527,0.8333333333333334,True
227,Reduced Ridge,0.9607336073516172,0.0603624794188249,0.875,0.5789473684210527,0.8333333333333334,False
227,Parsimonious Ridge,0.9594747865056223,0.06315779579507375,1.0,0.6666666666666666,0.8333333333333334,True
227,Full LASSO,0.9877415842202167,0.07976778363627958,0.875,0.875,0.6923076923076923,False
228,Full Ridge,0.9632771688849141,0.05145321582001498,1.0,1.0,1.0,True
228,Reduced Ridge,0.9630855829196248,0.050172706671703336,1.0,0.5789473684210527,0.6923076923076923,True
228,Parsimonious Ridge,0.9627573552185694,0.05601248026372142,0.875,0.5,0.6923076923076923,True
228,Full LASSO,0.9953503554525956,0.05750587741461899,0.875,0.875,0.8333333333333334,True
229,Full Ridge,0.9831110772921543,0.05642291472802593,0.875,0.42857142857142855,0.5714285714285714,True
229,Reduced Ridge,0.9840459834653499,0.056051007875130364,0.875,0.5,0.6923076923076923,True
229,Parsimonious Ridge,0.9831169530118075,0.0607974812846677,0.875,0.6666666666666666,1.0,True
229,Full LASSO,0.9888051471370168,0.04982759329893299,0.875,1.0,1.0,False
230,Full Ridge,0.9596389107740926,0.04964876750338804,0.875,0.5,0.8333333333333334,True
230,Reduced Ridge,0.9596324308137658,0.04935504149487793,0.875,0.875,1.0,True
230,Parsimonious Ridge,0.9600050181146145,0.05411035269475374,0.875,0.7647058823529411,0.6923076923076923,True
230,Full LASSO,0.9956464743780218,0.039156608557467436,0.875,0.875,0.8333333333333334,True
231,Full Ridge,0.9948283249108782,0.05951841083071903,0.875,1.0,1.0,True
231,Reduced Ridge,0.9977328056492586,0.0506464213925787,0.875,0.5789473684210527,0.6923076923076923,True
231,Parsimonious Ridge,0.9984550399412461,0.04988742708964332,1.0,0.6666666666666666,0.8333333333333334,True
231,Full LASSO,0.9870672383227563,0.05899171723610178,0.875,0.7647058823529411,0.8333333333333334,True
232,Full Ridge,0.995919291864935,0.04515034091961763,0.875,1.0,1.0,True
232,Reduced Ridge,0.9960554127035685,0.037594331954774504,1.0,1.0,1.0,True
232,Parsimonious Ridge,0.9968279448226587,0.04386442579807839,0.7647058823529411,0.5,0.6923076923076923,True
232,Full LASSO,0.9955684749258428,0.04379108870490143,0.875,0.7647058823529411,1.0,True
233,Full Ridge,0.9980812441590502,0.06443235956477791,0.875,0.42857142857142855,0.6923076923076923,True
233,Reduced Ridge,0.9981654628074135,0.06210858951682532,0.7647058823529411,0.5,0.6923076923076923,True
233,Parsimonious Ridge,0.9975607637443762,0.06004155620219738,0.875,0.6666666666666666,0.8333333333333334,True
233,Full LASSO,0.9905058314212134,0.06516606478127672,0.875,1.0,0.8333333333333334,False
234,Full Ridge,0.9979057434972088,0.06052276109081231,0.7647058823529411,0.5789473684210527,0.6923076923076923,True
234,Reduced Ridge,0.9977340766382615,0.048803591831162056,0.7647058823529411,0.6666666666666666,0.8333333333333334,True
234,Parsimonious Ridge,0.9971529846332637,0.05131349318681581,1.0,0.6666666666666666,0.8333333333333334,True
234,Full LASSO,0.9979462441258302,0.04620988361547828,0.875,0.875,1.0,True
235,Full Ridge,0.9599755978445778,0.04498801975167585,1.0,0.5789473684210527,0.8333333333333334,True
235,Reduced Ridge,0.9602191485077934,0.04194844191073661,1.0,0.5,0.8333333333333334,True
235,Parsimonious Ridge,0.9597558625982546,0.03953088324990008,0.875,0.5,0.6923076923076923,True
235,Full LASSO,0.9866936004706698,0.05637173896382822,1.0,1.0,0.8333333333333334,False
236,Full Ridge,0.9928990052760838,0.04547732044344167,1.0,0.5789473684210527,0.8333333333333334,True
236,Reduced Ridge,0.9936879352369012,0.04078590025538543,1.0,0.6666666666666666,0.8333333333333334,True
236,Parsimonious Ridge,0.9967221818689002,0.0408764109557192,1.0,0.5,0.6923076923076923,True
236,Full LASSO,0.9954760216804308,0.049270883812235954,0.875,0.875,1.0,True
237,Full Ridge,0.9954714453463999,0.06703622010603298,0.875,0.5,0.6923076923076923,True
237,Reduced Ridge,0.9958312394136773,0.067748617637397,0.875,0.6666666666666666,0.8333333333333334,True
237,Parsimonious Ridge,0.9972912307321974,0.0660836510930555,0.875,0.5789473684210527,0.8333333333333334,True
237,Full LASSO,0.9895915157270762,0.060096492089273694,0.7647058823529411,0.875,0.8333333333333334,False
238,Full Ridge,0.9763724186135215,0.082658083042977,0.7647058823529411,0.5,0.6923076923076923,False
238,Reduced Ridge,0.9775747950462517,0.0701962475453053,0.7647058823529411,0.5,0.6923076923076923,False
238,Parsimonious Ridge,0.9770345413764324,0.07046269256235287,0.875,0.7647058823529411,1.0,False
238,Full LASSO,0.9882093084736822,0.09118842498918506,0.875,0.875,0.8333333333333334,True
239,Full Ridge,0.9971328571680687,0.05153113748122767,1.0,0.5,0.6923076923076923,True
239,Reduced Ridge,0.9977091360835634,0.04981376815374741,1.0,0.5,0.6923076923076923,True
239,Parsimonious Ridge,0.9973756785752989,0.045446392858608096,0.7647058823529411,0.5789473684210527,0.8333333333333334,True
239,Full LASSO,0.9889194981326789,0.05082216775970369,0.875,1.0,0.8333333333333334,True
240,Full Ridge,0.9594440327389265,0.04465495050476601,1.0,0.5789473684210527,0.8333333333333334,True
240,Reduced Ridge,0.9595622763879769,0.04084205718671949,1.0,0.5,0.8333333333333334,True
240,Parsimonious Ridge,0.9604067131472208,0.04250829050466269,0.7647058823529411,0.5,0.6923076923076923,True
240,Full LASSO,0.9919090831445222,0.05968966675990981,0.7647058823529411,0.7647058823529411,1.0,True
241,Full Ridge,0.9973001901628744,0.07305903357989638,1.0,0.5789473684210527,0.8333333333333334,True
241,Reduced Ridge,0.9974228510196071,0.06127311904272287,1.0,0.5,0.6923076923076923,True
241,Parsimonious Ridge,0.9980998506046189,0.06949417933351615,0.875,0.5789473684210527,0.8333333333333334,True
241,Full LASSO,0.9970707957227193,0.04977222405155672,1.0,1.0,1.0,True
242,Full Ridge,0.9958918301681159,0.044716850053777554,1.0,1.0,1.0,True
242,Reduced Ridge,0.9961625299898711,0.04334898601082095,0.7647058823529411,1.0,1.0,True
242,Parsimonious Ridge,0.9987108421050155,0.050065017539276946,1.0,0.5789473684210527,0.6923076923076923,True
242,Full LASSO,0.9947907685670123,0.05630504718796288,0.875,0.875,0.8333333333333334,False
243,Full Ridge,0.9987756833800541,0.07432171116725846,0.875,1.0,1.0,True
243,Reduced Ridge,0.9992718483165887,0.042917585268656806,0.875,1.0,1.0,True
243,Parsimonious Ridge,0.9993067275885728,0.04568912413468013,0.875,0.5789473684210527,0.8333333333333334,True
243,Full LASSO,0.9973680495775008,0.08579303178884967,0.875,0.7647058823529411,1.0,False
244,Full Ridge,0.9966090638476326,0.046993088747947505,1.0,0.5789473684210527,0.8333333333333334,True
244,Reduced Ridge,0.9970367203933167,0.05110361113268706,0.875,0.5789473684210527,0.8333333333333334,True
244,Parsimonious Ridge,0.9992785574716537,0.05381373462905732,0.875,0.5,0.6923076923076923,True
244,Full LASSO,0.9981015168869997,0.05366211208549513,1.0,1.0,0.8333333333333334,True
245,Full Ridge,0.9942729027165641,0.06304046551644314,0.875,0.5,0.6923076923076923,True
245,Reduced Ridge,0.9948277623419752,0.04697211628008152,1.0,0.875,1.0,True
245,Parsimonious Ridge,0.9942894880812589,0.042745338765940825,1.0,1.0,1.0,True
245,Full LASSO,0.9972005271311116,0.05303438208995403,0.875,0.875,1.0,True
246,Full Ridge,0.9984070757332966,0.03635238855171489,0.875,0.5789473684210527,0.5714285714285714,True
246,Reduced Ridge,0.9987677657436418,0.03688343651311163,0.875,0.5789473684210527,0.5714285714285714,True
246,Parsimonious Ridge,0.9979893787407838,0.04400213151811644,0.875,0.7647058823529411,1.0,True
246,Full LASSO,0.9984602321430678,0.030216577151868172,1.0,1.0,0.8333333333333334,True
247,Full Ridge,0.9952987783649585,0.07470485957286123,1.0,0.5789473684210527,0.8333333333333334,True
247,Reduced Ridge,0.9976802158747735,0.07444335335457021,1.0,1.0,1.0,True
247,Parsimonious Ridge,0.9714471487039007,0.0744273440151795,0.875,0.6666666666666666,0.6923076923076923,True
247,Full LASSO,0.9885114825516662,0.04966714914727267,0.875,0.875,0.8333333333333334,True
248,Full Ridge,0.9978559248954679,0.05099977736534576,1.0,1.0,1.0,True
248,Reduced Ridge,0.9978953255545612,0.05029979130416666,1.0,0.875,1.0,True
248,Parsimonious Ridge,0.9966270868884128,0.0525157361834669,0.7647058823529411,0.6666666666666666,0.8333333333333334,True
248,Full LASSO,0.9954954736862943,0.05052817074378405,0.875,0.875,1.0,True
249,Full Ridge,0.9981317295091207,0.04338288419922336,0.875,0.5789473684210527,0.8333333333333334,True
249,Reduced Ridge,0.9977611216173747,0.04370124960543936,0.875,0.6666666666666666,0.8333333333333334,True
249,Parsimonious Ridge,0.9899962330802975,0.04500632241611099,0.875,0.6666666666666666,0.8333333333333334,True
249,Full LASSO,0.9977932220662459,0.05957476695125798,0.7647058823529411,0.875,0.8333333333333334,True
250,Full Ridge,0.9991379152459111,0.045742124957449934,1.0,0.5,0.8333333333333334,True
250,Reduced Ridge,0.9991128288400157,0.04009641114659112,1.0,0.5,0.6923076923076923,True
250,Parsimonious Ridge,0.9994889790772499,0.035913651779224676,0.875,0.5789473684210527,0.8333333333333334,True
250,Full LASSO,0.9986090577555791,0.041491072702252184,1.0,1.0,0.8333333333333334,True
251,Full Ridge,0.9950398508183951,0.06881238814139137,0.875,1.0,1.0,True
251,Reduced Ridge,0.9954714870181703,0.06065819791845695,0.7647058823529411,0.875,1.0,True
251,Parsimonious Ridge,0.9985221939995527,0.06476208095724702,0.7647058823529411,0.6666666666666666,0.6923076923076923,True
251,Full LASSO,0.9910199725752181,0.052167230399764064,0.7647058823529411,0.875,0.6923076923076923,True
252,Full Ridge,0.9981410431498474,0.036529007855045606,1.0,0.5,0.8333333333333334,True
252,Reduced Ridge,0.9984397672373249,0.036848337279292306,1.0,0.5,0.8333333333333334,True
252,Parsimonious Ridge,0.9986706496822809,0.038719977659623206,0.7647058823529411,0.6666666666666666,0.8333333333333334,True
252,Full LASSO,0.9990201686416299,0.03319394849299276,0.875,1.0,1.0,False
253,Full Ridge,0.9651985917191818,0.058568160142389934,0.875,0.42857142857142855,0.5714285714285714,True
253,Reduced Ridge,0.96503013358657,0.053478130098030784,0.7647058823529411,0.42857142857142855,0.5714285714285714,True
253,Parsimonious Ridge,0.9660938472026606,0.059964549887874814,0.875,0.6666666666666666,0.8333333333333334,True
253,Full LASSO,0.9894986039456548,0.06489653406560987,1.0,0.875,0.8333333333333334,True
254,Full Ridge,0.9516095106731927,0.0613139730745734,0.875,0.5789473684210527,0.8333333333333334,True
254,Reduced Ridge,0.9519943494745952,0.05416019989232468,0.875,0.5789473684210527,0.8333333333333334,True
254,Parsimonious Ridge,0.9565802028127569,0.052803586666669275,0.875,0.7647058823529411,0.6923076923076923,True
254,Full LASSO,0.9859567683555589,0.05175854607888526,0.875,0.875,0.6923076923076923,True
255,Full Ridge,0.9981832774893409,0.05768209107112889,0.875,0.5789473684210527,0.8333333333333334,True
255,Reduced Ridge,0.997922203846592,0.053503116111534,0.875,0.5,0.6923076923076923,True
255,Parsimonious Ridge,0.9985252152029205,0.04862200015896343,0.7647058823529411,0.5789473684210527,0.8333333333333334,True
255,Full LASSO,0.9991264756383128,0.04631989753971793,0.7647058823529411,0.875,0.8333333333333334,True
256,Full Ridge,0.9975586593199613,0.044902820978916826,0.875,0.5,0.6923076923076923,True
256,Reduced Ridge,0.9978484239767617,0.04212685561042155,0.875,0.5,0.6923076923076923,True
256,Parsimonious Ridge,0.9982980623814323,0.040144669837730185,0.7647058823529411,0.6666666666666666,0.8333333333333334,True
256,Full LASSO,0.9978991035337812,0.04108751155742386,0.875,1.0,1.0,True
257,Full Ridge,0.9950997539886188,0.06518256088764485,0.875,0.5789473684210527,0.8333333333333334,True
257,Reduced Ridge,0.995287797853408,0.06100853586946119,0.875,0.42857142857142855,0.6923076923076923,True
257,Parsimonious Ridge,0.9953958110827783,0.061807723805817526,1.0,0.5,0.6923076923076923,True
257,Full LASSO,0.989803521434428,0.0593188402615005,0.875,0.875,0.8333333333333334,True
258,Full Ridge,0.9523478719403987,0.05562153252769176,1.0,0.5,0.8333333333333334,True
258,Reduced Ridge,0.955117377813837,0.05526525838823208,1.0,0.875,1.0,True
258,Parsimonious Ridge,0.9571259571562943,0.05992692517345227,0.7647058823529411,0.7647058823529411,0.6923076923076923,True
258,Full LASSO,0.9876370170499337,0.04880915476536808,0.875,1.0,1.0,True
259,Full Ridge,0.9988127504199943,0.05348377114457619,1.0,0.5,0.8333333333333334,True
259,Reduced Ridge,0.9988301900559864,0.04708332028431971,1.0,1.0,1.0,True
259,Parsimonious Ridge,0.998786622219834,0.05246029596222334,0.7647058823529411,0.6666666666666666,0.8333333333333334,True
259,Full LASSO,0.9977987570907191,0.04193771412143113,0.875,0.875,1.0,True
260,Full Ridge,0.9971208973699092,0.0674250134762049,0.7647058823529411,0.5,0.6923076923076923,True
260,Reduced Ridge,0.9968027125655661,0.05988312628585505,0.875,0.6666666666666666,0.8333333333333334,True
260,Parsimonious Ridge,0.9963961836075714,0.05650293847217891,1.0,0.5789473684210527,0.8333333333333334,True
260,Full LASSO,0.9956150148785716,0.05548115824661363,0.875,1.0,0.8333333333333334,True
261,Full Ridge,0.9855402498151804,0.04901428079444499,0.875,1.0,1.0,True
261,Reduced Ridge,0.9731975714275505,0.04507777421242702,0.875,1.0,1.0,True
261,Parsimonious Ridge,0.9682511114225844,0.04484590915980096,0.875,0.5789473684210527,0.8333333333333334,True
261,Full LASSO,0.996084769693178,0.06308408003533306,0.875,0.7647058823529411,0.8333333333333334,True
262,Full Ridge,0.956504464369709,0.05193639597041019,0.875,0.5,0.8333333333333334,True
262,Reduced Ridge,0.9560059449781361,0.05136197115149395,0.875,0.5,0.8333333333333334,True
262,Parsimonious Ridge,0.9543605559522593,0.0547982014655032,0.875,0.5789473684210527,0.6923076923076923,True
262,Full LASSO,0.9901495890862306,0.05380903000801805,0.875,1.0,0.8333333333333334,True
263,Full Ridge,0.997458126173412,0.05810115837302839,1.0,1.0,1.0,True
263,Reduced Ridge,0.9972795209646615,0.061205164129574906,0.875,0.6666666666666666,0.8333333333333334,True
263,Parsimonious Ridge,0.9971779668597327,0.06656848805024951,0.875,0.6666666666666666,0.8333333333333334,True
263,Full LASSO,0.9945611190510482,0.05525087885344169,0.875,0.875,1.0,True
264,Full Ridge,0.999059218107151,0.064777147142105,1.0,1.0,1.0,True
264,Reduced Ridge,0.9990754284259108,0.050748156877348446,1.0,0.6666666666666666,0.8333333333333334,True
264,Parsimonious Ridge,0.999188796477802,0.04465215743585877,0.875,0.6666666666666666,0.8333333333333334,True
264,Full LASSO,0.9992804043212927,0.04814093007737075,0.875,1.0,1.0,False
265,Full Ridge,0.921112025366607,0.05839755111109287,0.875,1.0,1.0,True
265,Reduced Ridge,0.9206339459785086,0.05841514329242731,0.875,1.0,1.0,True
265,Parsimonious Ridge,0.9249844371563759,0.061299693134673254,0.875,0.6666666666666666,0.6923076923076923,True
265,Full LASSO,0.9716773217910897,0.05993295868231069,0.875,0.875,0.6923076923076923,True
266,Full Ridge,0.9977789154634168,0.030720516020577307,1.0,0.5,0.6923076923076923,True
266,Reduced Ridge,0.9980044430858521,0.02889655672494696,1.0,0.5,0.8333333333333334,True
266,Parsimonious Ridge,0.9974364151809344,0.03080397838872937,0.875,0.5789473684210527,0.8333333333333334,True
266,Full LASSO,0.9980690734259791,0.0330003119145836,1.0,1.0,1.0,True
267,Full Ridge,0.978896394414641,0.06175072510857914,0.875,0.5789473684210527,0.8333333333333334,False
267,Reduced Ridge,0.9824139710778326,0.0637243185875543,0.875,0.5789473684210527,0.6923076923076923,False
267,Parsimonious Ridge,0.9823000612929238,0.07170156775381756,0.875,0.6666666666666666,0.8333333333333334,False
267,Full LASSO,0.9953477551377988,0.06244048765291687,0.875,1.0,0.8333333333333334,True
268,Full Ridge,0.9963627420116726,0.06499935173043024,0.875,0.5,0.8333333333333334,True
268,Reduced Ridge,0.9966934908548486,0.06383568150099145,0.875,0.5789473684210527,0.8333333333333334,True
268,Parsimonious Ridge,0.9996790231870275,0.06622552294278834,1.0,0.6666666666666666,0.8333333333333334,True
268,Full LASSO,0.9906905288872636,0.07627610915922745,0.7647058823529411,0.875,0.8333333333333334,True
269,Full Ridge,0.9974327272292371,0.05777765077993365,0.875,0.5,0.8333333333333334,True
269,Reduced Ridge,0.9974516878848558,0.053771701440993636,0.875,0.5,0.6923076923076923,True
269,Parsimonious Ridge,0.9963606584231433,0.04694757066666835,1.0,1.0,1.0,True
269,Full LASSO,0.9908112523665882,0.05341171110695654,0.875,1.0,0.8333333333333334,True
270,Full Ridge,0.999118141990766,0.04909576389991643,0.875,0.5789473684210527,0.8333333333333334,True
270,Reduced Ridge,0.9990769077737668,0.038017582736603904,0.875,0.5789473684210527,0.6923076923076923,True
270,Parsimonious Ridge,0.9985991200880625,0.0431124011536811,0.875,0.6666666666666666,0.8333333333333334,True
270,Full LASSO,0.999124677015115,0.046232215929463825,0.875,1.0,1.0,True
271,Full Ridge,0.9972894596819474,0.05939430804388237,0.875,0.5789473684210527,0.6923076923076923,True
271,Reduced Ridge,0.9974965475458965,0.05291375661654257,0.875,0.5789473684210527,0.6923076923076923,True
271,Parsimonious Ridge,0.9978226291507662,0.05624288017109457,0.875,0.5789473684210527,0.8333333333333334,True
271,Full LASSO,0.9975348614219909,0.060453892660297624,0.875,1.0,0.8333333333333334,True
272,Full Ridge,0.9946476777853688,0.06540702317871942,1.0,0.5,0.8333333333333334,True
272,Reduced Ridge,0.9948228659089309,0.06216189558312876,1.0,0.5789473684210527,0.8333333333333334,True
272,Parsimonious Ridge,0.9955040743427722,0.06542412481573476,0.875,0.7647058823529411,0.8333333333333334,True
272,Full LASSO,0.997310746517958,0.05705657729806066,1.0,1.0,0.8333333333333334,True
273,Full Ridge,0.9990124832164341,0.06346148784900092,0.875,0.5789473684210527,0.8333333333333334,False
273,Reduced Ridge,0.9995359223268201,0.060380531024356685,0.875,0.5789473684210527,0.6923076923076923,False
273,Parsimonious Ridge,0.999588282906567,0.06243557856535473,1.0,0.875,1.0,True
273,Full LASSO,0.9981566625285238,0.07653334432494575,0.875,0.875,0.8333333333333334,True
274,Full Ridge,0.9617262705988511,0.0536833341792924,1.0,0.6666666666666666,0.8333333333333334,True
274,Reduced Ridge,0.9645568047803188,0.041625089563561764,1.0,1.0,1.0,True
274,Parsimonious Ridge,0.9634405430615138,0.04686021029923817,1.0,0.5,0.5714285714285714,True
274,Full LASSO,0.9943459551756485,0.05992218570829747,0.7647058823529411,0.875,0.6923076923076923,True
275,Full Ridge,0.9978716976606364,0.05404110309568006,0.875,1.0,1.0,True
275,Reduced Ridge,0.9979554370836379,0.037164660662055655,0.7647058823529411,0.875,1.0,True
275,Parsimonious Ridge,0.9985411338192859,0.032498484152691104,0.7647058823529411,0.6666666666666666,0.8333333333333334,True
275,Full LASSO,0.9755387075933826,0.04716184651189909,0.875,0.875,1.0,False
276,Full Ridge,0.943872396371214,0.05883060656230968,0.875,0.5,0.6923076923076923,True
276,Reduced Ridge,0.9440136845094006,0.051688050300295295,0.875,0.5789473684210527,0.8333333333333334,False
276,Parsimonious Ridge,0.9444095038223537,0.05719021631140718,0.875,0.7647058823529411,1.0,True
276,Full LASSO,0.98570068360893,0.05633878124699521,0.875,1.0,0.8333333333333334,True
277,Full Ridge,0.9933314540753857,0.06000939801742839,0.875,0.5789473684210527,0.8333333333333334,True
277,Reduced Ridge,0.9934936406065235,0.055586048309775773,0.875,0.5789473684210527,0.8333333333333334,True
277,Parsimonious Ridge,0.9934742215614284,0.055791476000936396,1.0,0.7647058823529411,0.8333333333333334,True
277,Full LASSO,0.9893579500983927,0.06039107821109156,0.875,1.0,1.0,True
278,Full Ridge,0.9858222218508805,0.06850369425443321,0.875,1.0,1.0,True
278,Reduced Ridge,0.9962301007658836,0.055036650237090236,0.875,0.875,1.0,True
278,Parsimonious Ridge,0.9979559579807703,0.05700641467143935,0.875,0.6666666666666666,0.6923076923076923,True
278,Full LASSO,0.9883064772076777,0.08010141868570984,0.7647058823529411,0.875,1.0,True
279,Full Ridge,0.9970909353668548,0.04896367113365199,0.875,0.5789473684210527,0.6923076923076923,True
279,Reduced Ridge,0.9976483369702719,0.04453654682588726,0.875,0.5789473684210527,0.6923076923076923,True
279,Parsimonious Ridge,0.9876313392634071,0.046183540877426835,0.875,0.5789473684210527,0.8333333333333334,True
279,Full LASSO,0.9990136015755354,0.03394938100116836,1.0,1.0,0.8333333333333334,True
280,Full Ridge,0.972024677772513,0.06305110941412966,0.875,1.0,1.0,True
280,Reduced Ridge,0.9717522902440489,0.06603008060405977,0.7647058823529411,1.0,1.0,True
280,Parsimonious Ridge,0.9712137867885944,0.0672426916337955,1.0,0.7647058823529411,0.6923076923076923,True
280,Full LASSO,0.9879090692657219,0.05361250086202132,0.875,1.0,0.8333333333333334,False
281,Full Ridge,0.932016319248768,0.06162361591419604,1.0,0.6666666666666666,0.8333333333333334,True
281,Reduced Ridge,0.9327196553927928,0.06303150249983341,1.0,0.6666666666666666,0.8333333333333334,True
281,Parsimonious Ridge,0.9347462161042599,0.06907332718592073,0.875,0.5,0.6923076923076923,True
281,Full LASSO,0.9858988028074064,0.042254407116912356,0.875,0.875,1.0,True
282,Full Ridge,0.9978623631840242,0.08069102808631415,0.875,0.5789473684210527,0.6923076923076923,True
282,Reduced Ridge,0.9981106435932018,0.06905052910920607,0.875,0.5,0.8333333333333334,True
282,Parsimonious Ridge,0.9980641795689935,0.07037639090329045,0.875,1.0,1.0,True
282,Full LASSO,0.99767124307168,0.06864784124397609,0.875,0.875,1.0,False
283,Full Ridge,0.9978875120975754,0.061179950022684323,0.7647058823529411,0.5,0.6923076923076923,True
283,Reduced Ridge,0.9977335974128998,0.060133393917711574,0.6666666666666666,0.5789473684210527,0.8333333333333334,True
283,Parsimonious Ridge,0.9976210419605351,0.06907321445193518,0.875,0.5789473684210527,0.8333333333333334,True
283,Full LASSO,0.997482701349253,0.0651013804636566,0.875,0.875,1.0,True
284,Full Ridge,0.9996159321263537,0.05113293435015234,0.875,0.5,0.8333333333333334,True
284,Reduced Ridge,0.9995228998985106,0.05241361892177349,0.875,0.5,0.8333333333333334,True
284,Parsimonious Ridge,0.99955850842648,0.054292336579944256,0.875,0.6666666666666666,0.8333333333333334,True
284,Full LASSO,0.9991870675287636,0.04601797735545571,0.875,0.875,0.8333333333333334,True
285,Full Ridge,0.9957106413095888,0.035566450273627946,1.0,0.5,0.8333333333333334,True
285,Reduced Ridge,0.9960277426478964,0.03583786275922971,1.0,0.5,0.8333333333333334,True
285,Parsimonious Ridge,0.9973923681194203,0.03632704375849792,0.875,0.6666666666666666,0.8333333333333334,True
285,Full LASSO,0.9982529783813893,0.05411670416406816,0.7647058823529411,1.0,0.8333333333333334,True
286,Full Ridge,0.9965238659126605,0.08233385788138552,1.0,1.0,1.0,True
286,Reduced Ridge,0.9958931428288895,0.08330025100669242,1.0,0.6666666666666666,0.8333333333333334,True
286,Parsimonious Ridge,0.9965748304880926,0.07568203998088828,0.7647058823529411,0.6666666666666666,0.8333333333333334,True
286,Full LASSO,0.9955936005418503,0.099494752574276,0.875,0.875,1.0,True
287,Full Ridge,0.9986350619901968,0.06278841892493266,0.875,0.42857142857142855,0.6923076923076923,True
287,Reduced Ridge,0.9985847849989794,0.059250600239341464,0.875,0.5,0.8333333333333334,True
287,Parsimonious Ridge,0.9985984325038478,0.06665062461969692,0.875,0.6666666666666666,0.8333333333333334,True
287,Full LASSO,0.9881787340427071,0.08150793967064145,0.7647058823529411,1.0,0.6923076923076923,True
288,Full Ridge,0.9984023251514492,0.04909439870071422,0.875,0.5789473684210527,0.6923076923076923,True
288,Reduced Ridge,0.9984159309845472,0.046716908778230114,0.875,0.6666666666666666,0.8333333333333334,True
288,Parsimonious Ridge,0.9985397794867417,0.04627225531561628,0.875,0.6666666666666666,0.8333333333333334,True
288,Full LASSO,0.9976087988009122,0.04875320439414657,0.875,0.875,1.0,True
289,Full Ridge,0.9981575034992307,0.06326332053355528,0.875,0.42857142857142855,0.6923076923076923,True
289,Reduced Ridge,0.9979193493303066,0.05867938426005015,0.875,0.5,0.6923076923076923,True
289,Parsimonious Ridge,0.9966043341016706,0.07261045748805543,0.7647058823529411,0.6666666666666666,0.6923076923076923,True
289,Full LASSO,0.997500248515784,0.0350558426561836,0.875,0.875,1.0,True
290,Full Ridge,0.9951740755914668,0.060865625934239706,0.875,0.5,0.8333333333333334,True
290,Reduced Ridge,0.9982721217042396,0.04456115611652884,0.875,1.0,1.0,True
290,Parsimonious Ridge,0.9982967288847733,0.04759134858660869,0.875,0.6666666666666666,0.6923076923076923,True
290,Full LASSO,0.9986944296148078,0.04629616166674055,0.875,0.875,1.0,True
291,Full Ridge,0.9598875453933202,0.07849892011636705,0.875,0.5789473684210527,0.8333333333333334,True
291,Reduced Ridge,0.9601940829377832,0.06295885915132213,0.875,0.5,0.6923076923076923,True
291,Parsimonious Ridge,0.9565037142778384,0.06484946938697951,0.875,0.5789473684210527,0.8333333333333334,True
291,Full LASSO,0.9846028432271292,0.07507434271854546,0.875,0.875,1.0,False
292,Full Ridge,0.9950373088403891,0.04919616378320967,0.875,0.5,0.8333333333333334,True
292,Reduced Ridge,0.9956078578874274,0.042737787458610094,0.875,0.875,1.0,True
292,Parsimonious Ridge,0.9978551539677121,0.03784297024362445,0.875,0.6666666666666666,0.6923076923076923,True
292,Full LASSO,0.9989423886454339,0.05313819598800427,0.7647058823529411,0.875,0.8333333333333334,False
293,Full Ridge,0.9993726314937615,0.05575293039028488,0.875,0.5789473684210527,0.8333333333333334,True
293,Reduced Ridge,0.9994432443090271,0.05602647597800504,0.875,1.0,1.0,True
293,Parsimonious Ridge,0.9992000478558615,0.05762860146269151,0.875,0.7647058823529411,1.0,True
293,Full LASSO,0.9994918359412719,0.05326008595646257,0.875,0.875,1.0,True
294,Full Ridge,0.9822351575102292,0.051789313415248284,0.875,0.6666666666666666,0.8333333333333334,True
294,Reduced Ridge,0.9846229708009445,0.034678525432944245,1.0,0.6666666666666666,0.8333333333333334,True
294,Parsimonious Ridge,0.9847869700541031,0.03701718801745192,0.875,0.5789473684210527,0.8333333333333334,True
294,Full LASSO,0.9889428886556528,0.04362873444917639,1.0,1.0,0.8333333333333334,True
295,Full Ridge,0.9790705407439382,0.07852425866726918,0.875,0.5,0.6923076923076923,True
295,Reduced Ridge,0.9788149469390219,0.0797831918627757,0.875,0.5,0.6923076923076923,True
295,Parsimonious Ridge,0.9792545216110948,0.09013446390557323,0.875,0.5,0.6923076923076923,True
295,Full LASSO,0.9878513878380509,0.05164433242350282,0.875,0.875,1.0,True
296,Full Ridge,0.9988302942354127,0.07052266442522152,0.875,0.5789473684210527,0.8333333333333334,True
296,Reduced Ridge,0.9988186261396474,0.06939556384993625,0.875,1.0,1.0,True
296,Parsimonious Ridge,0.9980056515671992,0.0764028368725338,0.875,0.6666666666666666,0.8333333333333334,True
296,Full LASSO,0.9894559771227074,0.06124634832557797,0.875,0.875,0.8333333333333334,True
297,Full Ridge,0.99904855013388,0.06997119877555111,0.875,0.5,0.6923076923076923,True
297,Reduced Ridge,0.9993298762571358,0.04770347221578688,0.7647058823529411,0.5,0.8333333333333334,True
297,Parsimonious Ridge,0.9991895882414431,0.04917426795860013,0.875,0.6666666666666666,0.8333333333333334,True
297,Full LASSO,0.9984309940589907,0.03578828006135189,1.0,1.0,0.8333333333333334,True
298,Full Ridge,0.9989548511577074,0.057389145468240324,0.875,0.5789473684210527,0.6923076923076923,True
298,Reduced Ridge,0.9989793333229293,0.05256086525494914,0.875,0.875,1.0,True
298,Parsimonious Ridge,0.9988660694504645,0.04773661794803868,0.875,0.7647058823529411,1.0,True
298,Full LASSO,0.9993920444448996,0.05251850927345672,0.875,1.0,0.8333333333333334,True
299,Full Ridge,0.9971430875877486,0.049612477862702016,0.875,0.5789473684210527,0.6923076923076923,True
299,Reduced Ridge,0.9976412736051569,0.041983704753203406,0.875,0.5,0.6923076923076923,True
299,Parsimonious Ridge,0.9978838658176489,0.04417477974910007,0.875,0.875,1.0,True
299,Full LASSO,0.9808479372989546,0.0695001351850634,0.875,0.875,0.8333333333333334,True
300,Full Ridge,0.9977757692447373,0.061469456172023686,1.0,0.5,0.6923076923076923,True
300,Reduced Ridge,0.9979730017349416,0.06479280971450739,1.0,0.6666666666666666,0.8333333333333334,True
300,Parsimonious Ridge,0.9982735385444397,0.07511933434307597,0.875,0.5789473684210527,0.6923076923076923,True
300,Full LASSO,0.9981686248926186,0.057572364220955435,0.875,0.875,0.6923076923076923,True
301,Full Ridge,0.9993321682045183,0.06249738361299849,1.0,0.5789473684210527,0.8333333333333334,True
301,Reduced Ridge,0.999373089883238,0.054928167816096274,0.875,0.875,1.0,True
301,Parsimonious Ridge,0.9990113997503987,0.06023563570857502,1.0,0.5789473684210527,0.8333333333333334,True
301,Full LASSO,0.9978588227398384,0.06076631612182229,0.875,1.0,1.0,True
302,Full Ridge,0.9962065562154998,0.05148786728349679,1.0,1.0,1.0,True
302,Reduced Ridge,0.9992282804804364,0.04485192679648107,1.0,1.0,1.0,True
302,Parsimonious Ridge,0.9994918752653059,0.042188143865147944,0.875,0.6666666666666666,0.6923076923076923,True
302,Full LASSO,0.9911812040613205,0.06306024035584626,0.7647058823529411,0.875,0.8333333333333334,True
303,Full Ridge,0.9992999975976224,0.04972146772564589,1.0,1.0,1.0,True
303,Reduced Ridge,0.9979831696469658,0.0432465792201946,1.0,1.0,1.0,True
303,Parsimonious Ridge,0.9861859747363642,0.044309971674972595,0.875,0.6666666666666666,0.8333333333333334,True
303,Full LASSO,0.9892702611476902,0.056638155669872715,0.7647058823529411,0.875,0.8333333333333334,True
304,Full Ridge,0.99454506105029,0.054888068217028775,1.0,1.0,1.0,True
304,Reduced Ridge,0.9943876667727699,0.05272689374372873,1.0,0.6666666666666666,0.8333333333333334,True
304,Parsimonious Ridge,0.9944610299248945,0.056838977276335564,0.7647058823529411,0.5,0.6923076923076923,True
304,Full LASSO,0.9953389502397636,0.05190868945320107,0.875,1.0,1.0,True
305,Full Ridge,0.9753934028711558,0.042430686883271305,0.875,0.5789473684210527,0.8333333333333334,True
305,Reduced Ridge,0.9750348797928815,0.039491704661899774,0.875,1.0,1.0,True
305,Parsimonious Ridge,0.9747541370744138,0.03990051010292293,1.0,0.7647058823529411,1.0,True
305,Full LASSO,0.9866296594730506,0.04365916796030019,1.0,1.0,0.8333333333333334,True
306,Full Ridge,0.9687303159484888,0.0370141320470549,1.0,1.0,1.0,True
306,Reduced Ridge,0.9684861402087144,0.03665323737751368,1.0,0.6666666666666666,0.8333333333333334,True
306,Parsimonious Ridge,0.9700147440975114,0.04294008533178507,0.7647058823529411,0.6666666666666666,0.8333333333333334,True
306,Full LASSO,0.9970346141165297,0.04178540535866687,0.875,0.875,1.0,True
307,Full Ridge,0.9953072377343885,0.057558752928539056,1.0,1.0,1.0,True
307,Reduced Ridge,0.9960807491400874,0.05791296294568299,0.875,1.0,1.0,True
307,Parsimonious Ridge,0.9987361993774195,0.0658460248140885,0.875,0.7647058823529411,0.6923076923076923,True
307,Full LASSO,0.9901875739792623,0.05798710095331909,0.875,0.875,0.8333333333333334,True
308,Full Ridge,0.9986206227216872,0.05473618372542654,0.875,0.5,0.6923076923076923,True
308,Reduced Ridge,0.9987262606601337,0.05208729229563636,0.7647058823529411,0.5,0.8333333333333334,True
308,Parsimonious Ridge,0.9987674740412478,0.05446320463824538,0.875,0.7647058823529411,1.0,True
308,Full LASSO,0.9968954275726566,0.057805848880290764,1.0,0.875,1.0,True
309,Full Ridge,0.9958338022275687,0.03779404588880391,0.875,0.5789473684210527,0.8333333333333334,True
309,Reduced Ridge,0.9959450866909304,0.051025012840344205,0.875,0.5789473684210527,0.6923076923076923,True
309,Parsimonious Ridge,0.9991914426352345,0.05213594895808823,0.875,0.6666666666666666,0.8333333333333334,True
309,Full LASSO,0.9992258197327283,0.03333831044924969,0.875,0.875,0.8333333333333334,True
310,Full Ridge,0.9964445436973416,0.06410325570725821,1.0,0.6666666666666666,0.8333333333333334,True
310,Reduced Ridge,0.9993141034919673,0.06555368756576196,0.875,0.5789473684210527,0.8333333333333334,True
310,Parsimonious Ridge,0.9968399254567034,0.0695071729715067,0.875,0.6666666666666666,0.6923076923076923,True
310,Full LASSO,0.9978997419700674,0.05433308823781935,0.875,0.875,1.0,True
311,Full Ridge,0.9978805529118868,0.07891198376086946,0.875,0.5,0.6923076923076923,True
311,Reduced Ridge,0.9979501030970023,0.0711239512613432,0.875,0.5,0.6923076923076923,True
311,Parsimonious Ridge,0.9979467901912403,0.07314642967937965,0.7647058823529411,0.5,0.6923076923076923,True
311,Full LASSO,0.9965860480406352,0.05610089023149613,0.875,0.875,0.8333333333333334,True
312,Full Ridge,0.9729353309752251,0.04184578284421475,1.0,1.0,1.0,True
312,Reduced Ridge,0.986575584955499,0.03361325285497961,1.0,0.875,1.0,True
312,Parsimonious Ridge,0.986934837289759,0.036513092661059066,0.875,0.6666666666666666,0.8333333333333334,True
312,Full LASSO,0.9983361689708615,0.045287042049487254,0.875,0.875,1.0,True
313,Full Ridge,0.9979289338375422,0.048915641306268576,1.0,0.5,0.8333333333333334,True
313,Reduced Ridge,0.996564058335395,0.040748812449023356,0.875,0.5,0.8333333333333334,True
313,Parsimonious Ridge,0.9935874229262374,0.04651790431837794,0.875,0.5789473684210527,0.6923076923076923,True
313,Full LASSO,0.9902688210728702,0.04340481917932653,1.0,1.0,0.8333333333333334,True
314,Full Ridge,0.9981060805343221,0.041555772260737214,1.0,0.5789473684210527,0.8333333333333334,True
314,Reduced Ridge,0.9980177155447852,0.04145259832302476,0.875,0.6666666666666666,0.8333333333333334,True
314,Parsimonious Ridge,0.9983365254256871,0.04183986015237014,0.875,0.6666666666666666,0.8333333333333334,True
314,Full LASSO,0.9966320675899198,0.04844650435476595,1.0,0.875,1.0,True
315,Full Ridge,0.9970240730109424,0.055550290725713436,0.875,0.875,1.0,True
315,Reduced Ridge,0.9970887267630134,0.0480245328544039,0.875,0.6666666666666666,0.8333333333333334,True
315,Parsimonious Ridge,0.9968571358979572,0.049906734208861894,1.0,0.5,0.6923076923076923,True
315,Full LASSO,0.9975774846089356,0.043973784428501826,0.875,0.875,0.8333333333333334,True
316,Full Ridge,0.9989089705382874,0.0487210752479261,1.0,0.5789473684210527,0.8333333333333334,True
316,Reduced Ridge,0.9988277730932921,0.04632345516986193,1.0,0.5789473684210527,0.8333333333333334,True
316,Parsimonious Ridge,0.9970849346318896,0.053502082257337956,0.875,0.6666666666666666,0.8333333333333334,True
316,Full LASSO,0.9985829263155238,0.06570618964240008,0.875,0.875,1.0,True
317,Full Ridge,0.9986565854597067,0.043483860303732004,1.0,0.875,1.0,True
317,Reduced Ridge,0.9985807220013467,0.03547218876958697,0.875,0.5,0.8333333333333334,True
317,Parsimonious Ridge,0.9987114255098036,0.03490345550351601,0.875,0.6666666666666666,0.8333333333333334,True
317,Full LASSO,0.9981960018467678,0.03731592882455788,0.875,0.875,0.8333333333333334,True
318,Full Ridge,0.9926988765978233,0.053955447979400405,1.0,0.6666666666666666,0.8333333333333334,True
318,Reduced Ridge,0.9926357855371495,0.057735356724168276,0.875,0.6666666666666666,0.8333333333333334,True
318,Parsimonious Ridge,0.9926513707793504,0.05916523272842637,0.875,0.5789473684210527,0.8333333333333334,True
318,Full LASSO,0.995380243831193,0.04682036914247114,1.0,0.7647058823529411,0.6923076923076923,True
319,Full Ridge,0.99823580475617,0.04789780216716744,0.875,1.0,1.0,True
319,Reduced Ridge,0.9984205982228532,0.0393779743511124,0.875,0.6666666666666666,0.8333333333333334,True
319,Parsimonious Ridge,0.9981125188228783,0.04148103461098677,1.0,0.6666666666666666,0.8333333333333334,True
319,Full LASSO,0.9912660530649685,0.03525615222703517,0.875,0.875,1.0,True
320,Full Ridge,0.9991125371376216,0.05461682514938486,0.875,0.5789473684210527,0.6923076923076923,False
320,Reduced Ridge,0.9987232602926513,0.053642916674580855,0.875,0.5,0.6923076923076923,False
320,Parsimonious Ridge,0.9985503016088159,0.060543845782195536,0.875,0.6666666666666666,0.8333333333333334,True
320,Full LASSO,0.9946457818629579,0.05354649609811043,0.875,0.875,0.8333333333333334,False
321,Full Ridge,0.9957165378651274,0.036839005825241744,0.875,1.0,1.0,True
321,Reduced Ridge,0.9983123766346299,0.03363374538110852,0.875,0.6666666666666666,0.8333333333333334,True
321,Parsimonious Ridge,0.9988241268133653,0.03598999406968963,0.875,0.6666666666666666,0.6923076923076923,True
321,Full LASSO,0.9894589177782516,0.03762384271954364,0.875,0.875,0.8333333333333334,True
322,Full Ridge,0.9660240469869216,0.04954936255195556,1.0,0.36363636363636365,0.5714285714285714,True
322,Reduced Ridge,0.9659434746184851,0.044812929799349026,1.0,0.42857142857142855,0.6923076923076923,True
322,Parsimonious Ridge,0.9658404828374709,0.04657893466905799,0.7647058823529411,0.5,0.8333333333333334,True
322,Full LASSO,0.9885307863797085,0.05588473617966084,0.875,0.875,1.0,True
323,Full Ridge,0.9663742565469634,0.05683937452205721,1.0,0.5,0.6923076923076923,True
323,Reduced Ridge,0.9660079408475883,0.04654117955817268,0.875,0.5789473684210527,0.8333333333333334,True
323,Parsimonious Ridge,0.9653635077512931,0.052166059033389015,0.875,0.6666666666666666,0.8333333333333334,True
323,Full LASSO,0.9979974212971899,0.06825496632349583,0.875,0.875,1.0,True
324,Full Ridge,0.9719440220605353,0.056773332074460954,1.0,1.0,1.0,True
324,Reduced Ridge,0.9716154193135448,0.05001885006859359,1.0,1.0,1.0,True
324,Parsimonious Ridge,0.9734992125389691,0.054580832811474064,0.7647058823529411,0.6666666666666666,0.6923076923076923,True
324,Full LASSO,0.9853548039489918,0.04012416686028121,1.0,0.875,1.0,True
325,Full Ridge,0.9627982352255186,0.04733618356021734,0.875,1.0,1.0,True
325,Reduced Ridge,0.9629060817678066,0.04116163423451362,0.875,0.5789473684210527,0.8333333333333334,True
325,Parsimonious Ridge,0.9618351380995185,0.04080984241004397,0.875,1.0,1.0,True
325,Full LASSO,0.9951327373985766,0.060162087762158326,0.875,0.875,1.0,False
326,Full Ridge,0.9985357789967652,0.047484990033730315,1.0,0.6666666666666666,0.8333333333333334,True
326,Reduced Ridge,0.9985232983014733,0.04326193680456276,1.0,0.6666666666666666,0.8333333333333334,True
326,Parsimonious Ridge,0.9971287733345507,0.04154912152631829,0.875,0.5,0.6923076923076923,True
326,Full LASSO,0.9975777245861033,0.03379725368781555,0.875,1.0,0.8333333333333334,True
327,Full Ridge,0.9554670456408609,0.07629853543703662,0.875,0.5,0.6923076923076923,True
327,Reduced Ridge,0.9578200213313628,0.07593644256492976,0.875,0.5789473684210527,0.5714285714285714,True
327,Parsimonious Ridge,0.962267211852885,0.07953679432088773,0.875,0.5789473684210527,0.8333333333333334,True
327,Full LASSO,0.9833140142095963,0.09060575848226564,0.875,0.875,0.8333333333333334,True
328,Full Ridge,0.9986755044435547,0.06370809213710342,0.7647058823529411,0.875,1.0,True
328,Reduced Ridge,0.9985670744964785,0.06528652012777471,0.7647058823529411,0.6666666666666666,0.8333333333333334,True
328,Parsimonious Ridge,0.9976327517280711,0.06782868854572414,1.0,0.6666666666666666,0.8333333333333334,True
328,Full LASSO,0.9907676022452968,0.04254000844539847,0.875,0.875,0.8333333333333334,False
329,Full Ridge,0.968160308634468,0.04284464695415678,1.0,1.0,1.0,True
329,Reduced Ridge,0.9820965363653603,0.03693152123411628,0.875,1.0,1.0,True
329,Parsimonious Ridge,0.9949994500368077,0.03881185487360626,0.875,0.6666666666666666,0.8333333333333334,True
329,Full LASSO,0.9979183446191536,0.03149100472095971,0.875,0.875,1.0,True
330,Full Ridge,0.9984427259330367,0.04638598860251689,1.0,0.5789473684210527,0.6923076923076923,True
330,Reduced Ridge,0.9985154848444876,0.03878163640992225,1.0,0.5,0.8333333333333334,True
330,Parsimonious Ridge,0.9987014451207472,0.040932079313518895,1.0,0.5,0.6923076923076923,True
330,Full LASSO,0.9884240559137317,0.05210545252687547,0.875,0.875,1.0,True
331,Full Ridge,0.958876859105306,0.03568836659011343,1.0,0.875,1.0,True
331,Reduced Ridge,0.9589785590614317,0.03434878134254587,1.0,0.875,1.0,True
331,Parsimonious Ridge,0.9495523003744564,0.03642366934543059,0.875,0.5789473684210527,0.6923076923076923,True
331,Full LASSO,0.9880585913822588,0.029216831207763937,0.875,1.0,0.8333333333333334,True
332,Full Ridge,0.9847867616952503,0.05454357778353403,1.0,1.0,1.0,True
332,Reduced Ridge,0.9918557108275825,0.04793222882946218,1.0,1.0,1.0,True
332,Parsimonious Ridge,0.9962478529401548,0.04624619038439014,0.875,0.7647058823529411,0.6923076923076923,True
332,Full LASSO,0.988470336395485,0.05238258631273935,0.7647058823529411,0.875,0.8333333333333334,True
333,Full Ridge,0.9967153060267528,0.04472255942880555,0.875,0.42857142857142855,0.5714285714285714,True
333,Reduced Ridge,0.9684959122389178,0.03795062698661301,0.875,0.5,0.6923076923076923,True
333,Parsimonious Ridge,0.9898414224525542,0.039616918796369555,0.7647058823529411,0.5,0.8333333333333334,True
333,Full LASSO,0.9963517019853695,0.04975895090289974,1.0,1.0,1.0,True
334,Full Ridge,0.995158636200463,0.0605052977511741,0.875,0.5,0.8333333333333334,True
334,Reduced Ridge,0.9949679670141267,0.0624258117728023,0.875,0.5,0.8333333333333334,True
334,Parsimonious Ridge,0.9946708889615877,0.056894454722608095,0.875,0.6666666666666666,0.6923076923076923,True
334,Full LASSO,0.9958649443538923,0.07584374514032126,0.875,0.875,0.8333333333333334,True
335,Full Ridge,0.9957026611655208,0.06593134058794455,1.0,0.5789473684210527,0.8333333333333334,True
335,Reduced Ridge,0.9958635141999997,0.05835332971795616,1.0,0.6666666666666666,0.8333333333333334,True
335,Parsimonious Ridge,0.9968423424193976,0.060706837787301585,0.7647058823529411,0.6666666666666666,0.8333333333333334,True
335,Full LASSO,0.9973780945709948,0.05733476922421951,0.7647058823529411,0.875,0.8333333333333334,True
336,Full Ridge,0.9955100334059666,0.04557896757579249,1.0,1.0,1.0,True
336,Reduced Ridge,0.9956642189571511,0.04155914023307238,0.875,1.0,1.0,True
336,Parsimonious Ridge,0.9983778846579981,0.045205451733014136,0.875,0.7647058823529411,0.6923076923076923,True
336,Full LASSO,0.9960381252971082,0.050173395959656045,0.875,0.875,1.0,True
337,Full Ridge,0.9954216475805443,0.07489856159923983,0.875,0.6666666666666666,0.8333333333333334,True
337,Reduced Ridge,0.9953892269430249,0.06770875532600881,0.875,0.6666666666666666,0.8333333333333334,True
337,Parsimonious Ridge,0.9961601130271769,0.07515809413397462,0.6666666666666666,0.6666666666666666,0.8333333333333334,True
337,Full LASSO,0.9968667983893246,0.050581565570848364,0.875,0.875,0.8333333333333334,True
338,Full Ridge,0.9982896655196581,0.05325323140065619,1.0,0.5,0.8333333333333334,True
338,Reduced Ridge,0.9982661834769305,0.0449989643668964,1.0,0.875,1.0,True
338,Parsimonious Ridge,0.9982991875192381,0.048656267106999905,0.875,0.7647058823529411,1.0,True
338,Full LASSO,0.9967040038173571,0.04495461913368143,0.875,1.0,0.8333333333333334,True
339,Full Ridge,0.9993936340661391,0.048877565351444406,1.0,0.5,0.6923076923076923,True
339,Reduced Ridge,0.9992830788587629,0.04903641511010315,1.0,0.6666666666666666,0.8333333333333334,True
339,Parsimonious Ridge,0.9994241586380966,0.04840166112137331,0.875,0.875,1.0,True
339,Full LASSO,0.9971592514519051,0.04235744217688246,0.875,1.0,1.0,True
340,Full Ridge,0.9936731834301122,0.0594370612759524,1.0,0.5789473684210527,0.8333333333333334,True
340,Reduced Ridge,0.9938692699466255,0.05673730087887276,0.875,0.5789473684210527,0.8333333333333334,True
340,Parsimonious Ridge,0.9964279374967615,0.05069250898888979,0.875,0.6666666666666666,0.6923076923076923,True
340,Full LASSO,0.9727639711990378,0.061753859961133147,0.7647058823529411,0.875,1.0,True
341,Full Ridge,0.9841833127853307,0.07413042608603192,0.875,0.5789473684210527,0.8333333333333334,True
341,Reduced Ridge,0.9869760298349874,0.07357888480508978,0.875,0.5,0.8333333333333334,True
341,Parsimonious Ridge,0.993115781826695,0.07986847015780048,0.875,0.6666666666666666,0.8333333333333334,True
341,Full LASSO,0.9926548011172209,0.06168150317790892,0.875,0.875,0.6923076923076923,True
342,Full Ridge,0.980967064695278,0.06425837069019495,1.0,0.5,0.6923076923076923,True
342,Reduced Ridge,0.9864505904796133,0.06361695366474972,0.875,0.5,0.5714285714285714,True
342,Parsimonious Ridge,0.9922235475465839,0.07297711953298852,0.875,0.7647058823529411,1.0,True
342,Full LASSO,0.9874511309094968,0.07469884606027491,0.875,0.875,1.0,True
343,Full Ridge,0.9994319304233117,0.033303012625590246,1.0,0.42857142857142855,0.5714285714285714,True
343,Reduced Ridge,0.9994314303620646,0.032559033838794965,0.875,0.5,0.6923076923076923,True
343,Parsimonious Ridge,0.9991691482379687,0.0366301076889983,0.875,0.6666666666666666,0.8333333333333334,True
343,Full LASSO,0.9896260224218668,0.032713688700005635,1.0,1.0,0.8333333333333334,True
344,Full Ridge,0.9981482315302744,0.0507755215880731,1.0,0.5789473684210527,0.8333333333333334,True
344,Reduced Ridge,0.998033363294642,0.04181160851995596,1.0,0.5789473684210527,0.8333333333333334,True
344,Parsimonious Ridge,0.9983664665928563,0.050402090722091106,0.875,0.5,0.6923076923076923,True
344,Full LASSO,0.9985656519925478,0.04911127365555948,0.875,0.875,1.0,True
345,Full Ridge,0.9986545852147183,0.060222713872864285,1.0,0.5,0.6923076923076923,True
345,Reduced Ridge,0.9987319280209341,0.0578428455969815,1.0,0.5789473684210527,0.6923076923076923,True
345,Parsimonious Ridge,0.9986250190934844,0.06103171580144833,0.7647058823529411,0.5789473684210527,0.6923076923076923,True
345,Full LASSO,0.9974104636222133,0.06809142743413528,0.875,0.7647058823529411,0.6923076923076923,True
346,Full Ridge,0.9626931806918602,0.047559519121825634,1.0,0.5,0.8333333333333334,True
346,Reduced Ridge,0.9626092954176618,0.04822132367423815,1.0,0.5,0.8333333333333334,True
346,Parsimonious Ridge,0.9634009548794528,0.05229329505157874,0.7647058823529411,0.6666666666666666,0.8333333333333334,True
346,Full LASSO,0.9878567837076444,0.05695175351354887,0.875,1.0,1.0,True
347,Full Ridge,0.9994372644099473,0.04589018192790824,0.875,0.5789473684210527,0.8333333333333334,True
347,Reduced Ridge,0.999407531601631,0.037692734127780216,0.875,1.0,1.0,True
347,Parsimonious Ridge,0.9991068697768213,0.03829839748195117,0.875,1.0,1.0,True
347,Full LASSO,0.9992948351353219,0.034786065739022515,0.875,0.875,1.0,True
348,Full Ridge,0.9990057740613688,0.055912434899855236,1.0,1.0,1.0,True
348,Reduced Ridge,0.9987655154680299,0.055260361664179636,1.0,0.875,1.0,True
348,Parsimonious Ridge,0.9969861933714758,0.05838918817572152,0.875,0.5,0.6923076923076923,True
348,Full LASSO,0.9994306311867607,0.026661477852404362,1.0,0.875,1.0,True
349,Full Ridge,0.9865871072000673,0.039935148821432315,0.875,0.42857142857142855,0.6923076923076923,True
349,Reduced Ridge,0.9887102005681072,0.035611468244012484,0.875,0.42857142857142855,0.6923076923076923,True
349,Parsimonious Ridge,0.9962890246494982,0.04032514671049348,0.875,0.5789473684210527,0.6923076923076923,True
349,Full LASSO,0.9886973054250733,0.04845286720009987,0.875,1.0,0.8333333333333334,True
350,Full Ridge,0.9625026573567209,0.054978173549640526,1.0,1.0,1.0,True
350,Reduced Ridge,0.9622404169043955,0.049705927801883515,1.0,1.0,1.0,True
350,Parsimonious Ridge,0.9608874178568664,0.048042257281320506,0.7647058823529411,0.5,0.5714285714285714,True
350,Full LASSO,0.9970487103029874,0.04753869599678709,0.875,0.875,1.0,True
351,Full Ridge,0.9959628805369725,0.06572430166094866,0.875,0.5,0.6923076923076923,True
351,Reduced Ridge,0.9958389903630072,0.06016340725202515,0.875,0.5,0.6923076923076923,True
351,Parsimonious Ridge,0.9968531562438657,0.06853725348808107,0.7647058823529411,0.6666666666666666,0.8333333333333334,True
351,Full LASSO,0.9975877325783188,0.053106962206267865,0.7647058823529411,0.875,1.0,True
352,Full Ridge,0.9979378515964487,0.0715090223214523,0.875,0.5789473684210527,0.8333333333333334,True
352,Reduced Ridge,0.9976833204216825,0.06562048913682426,0.875,0.5789473684210527,0.8333333333333334,True
352,Parsimonious Ridge,0.998266704374063,0.07510201909551953,0.875,0.6666666666666666,0.8333333333333334,True
352,Full LASSO,0.9883662083543691,0.039778429605174435,1.0,0.875,0.6923076923076923,True
353,Full Ridge,0.9819141181896007,0.07011118307826117,0.875,0.5,0.6923076923076923,True
353,Reduced Ridge,0.9843543754036042,0.058657215137063394,0.875,0.6666666666666666,0.8333333333333334,True
353,Parsimonious Ridge,0.9830669677229843,0.05709489185050913,0.875,0.6666666666666666,0.8333333333333334,True
353,Full LASSO,0.9884240192701145,0.035450803076044514,1.0,1.0,0.8333333333333334,False
354,Full Ridge,0.9980439479243719,0.05018768269027128,1.0,0.5,0.6923076923076923,True
354,Reduced Ridge,0.9980725764307675,0.05017541148057382,1.0,0.5,0.5714285714285714,True
354,Parsimonious Ridge,0.9987717870695039,0.050683672290155565,0.7647058823529411,0.5,0.6923076923076923,True
354,Full LASSO,0.99863612076044,0.07138925645026518,0.7647058823529411,0.7647058823529411,0.6923076923076923,True
355,Full Ridge,0.9977148867879048,0.03597371680557423,1.0,0.5789473684210527,0.8333333333333334,True
355,Reduced Ridge,0.9975808912095714,0.02589378059684164,1.0,1.0,1.0,True
355,Parsimonious Ridge,0.996786606426233,0.02909037140726588,1.0,0.5789473684210527,0.8333333333333334,True
355,Full LASSO,0.97324837941438,0.042036334881048056,1.0,0.875,1.0,True
356,Full Ridge,0.9957353735054341,0.043960165205187085,0.875,0.5,0.8333333333333334,True
356,Reduced Ridge,0.9954484216931486,0.03564821697372659,1.0,0.875,1.0,True
356,Parsimonious Ridge,0.9976589216000018,0.03158030914560287,1.0,0.5789473684210527,0.8333333333333334,True
356,Full LASSO,0.9883064354303415,0.04320885928537431,1.0,1.0,0.8333333333333334,True
357,Full Ridge,0.9993105613914671,0.0465921839286634,1.0,0.6666666666666666,0.8333333333333334,True
357,Reduced Ridge,0.999075865979502,0.04208435872313704,1.0,0.6666666666666666,0.8333333333333334,True
357,Parsimonious Ridge,0.9987741623604275,0.04790370632129687,0.875,0.5,0.6923076923076923,True
357,Full LASSO,0.9959180781210163,0.03674832435529862,0.875,1.0,1.0,True
358,Full Ridge,0.9954586729487139,0.05413683042364453,0.875,0.5789473684210527,0.6923076923076923,True
358,Reduced Ridge,0.995273962825572,0.054105847387789945,0.875,0.5,0.6923076923076923,True
358,Parsimonious Ridge,0.9953318657508075,0.05942465343594023,0.875,1.0,1.0,True
358,Full LASSO,0.9952495015068751,0.05258584605559771,0.875,1.0,0.8333333333333334,True
359,Full Ridge,0.9989116792033756,0.05677283206450431,1.0,1.0,1.0,True
359,Reduced Ridge,0.9991613556168681,0.04941392736186898,1.0,0.5,0.6923076923076923,True
359,Parsimonious Ridge,0.9988635899801145,0.05132466783928172,0.875,0.6666666666666666,0.8333333333333334,True
359,Full LASSO,0.9965460954621252,0.04115862242177901,1.0,0.875,1.0,True
360,Full Ridge,0.9708819544793831,0.05296316472521402,0.875,0.5789473684210527,0.8333333333333334,True
360,Reduced Ridge,0.9684924326460735,0.05023865869489655,0.875,0.5789473684210527,0.8333333333333334,True
360,Parsimonious Ridge,0.9652368880763542,0.04237810817005301,0.875,1.0,1.0,True
360,Full LASSO,0.9970826331730681,0.059551455047033214,0.875,0.875,1.0,True
361,Full Ridge,0.9647210123923304,0.04256369079479891,0.875,0.42857142857142855,0.6923076923076923,True
361,Reduced Ridge,0.9641185010972491,0.03461470927456309,0.875,0.42857142857142855,0.6923076923076923,True
361,Parsimonious Ridge,0.9624411498233294,0.03817497959654826,0.875,0.6666666666666666,0.8333333333333334,True
361,Full LASSO,0.9662841598151585,0.051399421088194897,0.875,1.0,1.0,True
362,Full Ridge,0.9984093676806791,0.03633380067652254,1.0,0.42857142857142855,0.5714285714285714,True
362,Reduced Ridge,0.9987177596189333,0.032987859375125377,1.0,0.6666666666666666,0.8333333333333334,True
362,Parsimonious Ridge,0.9986123300393397,0.04036938766390368,0.875,0.875,1.0,True
362,Full LASSO,0.9964123114042929,0.054230926802756006,1.0,0.875,1.0,True
363,Full Ridge,0.9995806153007784,0.043174910562296866,1.0,0.5,0.6923076923076923,True
363,Reduced Ridge,0.9971547556835139,0.04014382499426368,1.0,0.875,1.0,True
363,Parsimonious Ridge,0.9994714144259461,0.04449963382815315,0.7647058823529411,0.5,0.6923076923076923,True
363,Full LASSO,0.998478197460823,0.0602779538863854,0.875,1.0,0.8333333333333334,True
364,Full Ridge,0.9959606302613606,0.07144805470959542,1.0,0.5789473684210527,0.8333333333333334,True
364,Reduced Ridge,0.9969325618027257,0.03408293289363601,0.875,1.0,1.0,True
364,Parsimonious Ridge,0.9997640752708025,0.03253316954702277,0.875,0.7647058823529411,0.6923076923076923,True
364,Full LASSO,0.9987986242749445,0.03260140257269577,0.875,1.0,1.0,True
365,Full Ridge,0.9590650696571774,0.04957470467235946,0.875,0.5789473684210527,0.6923076923076923,True
365,Reduced Ridge,0.9592036491302758,0.04744847458461296,1.0,0.5789473684210527,0.6923076923076923,True
365,Parsimonious Ridge,0.9584241786613823,0.05647156189220626,0.7647058823529411,0.6666666666666666,0.8333333333333334,True
365,Full LASSO,0.997471386754485,0.04174803690998666,0.875,0.875,0.8333333333333334,True
366,Full Ridge,0.9590646529394715,0.07005350305322462,1.0,1.0,1.0,True
366,Reduced Ridge,0.9591419540739168,0.06551599145369737,1.0,0.875,1.0,True
366,Parsimonious Ridge,0.9586589782527739,0.06108604719246652,0.875,0.6666666666666666,0.6923076923076923,True
366,Full LASSO,0.9964353588782934,0.04789700480667271,0.875,0.875,1.0,True
367,Full Ridge,0.956180278830401,0.05067421330930016,0.875,0.5789473684210527,0.8333333333333334,True
367,Reduced Ridge,0.9567357426964856,0.05124274911426368,0.875,0.5789473684210527,0.8333333333333334,True
367,Parsimonious Ridge,0.9747557206016962,0.052163997804049296,0.875,0.5789473684210527,0.8333333333333334,True
367,Full LASSO,0.9865200720440614,0.04819890400895098,0.875,0.875,0.8333333333333334,True
368,Full Ridge,0.9584365968490183,0.06290027707434238,1.0,1.0,1.0,True
368,Reduced Ridge,0.957668648624693,0.05557324411852519,1.0,0.875,1.0,True
368,Parsimonious Ridge,0.956246703632722,0.057518623958558904,0.7647058823529411,0.7647058823529411,0.6923076923076923,True
368,Full LASSO,0.9965717977432107,0.060342045328779945,0.875,0.875,0.6923076923076923,True
369,Full Ridge,0.9687750297583323,0.047267002663517535,1.0,0.6666666666666666,0.8333333333333334,True
369,Reduced Ridge,0.9688215771260817,0.04709035703137759,0.875,0.6666666666666666,0.8333333333333334,True
369,Parsimonious Ridge,0.9672352786709023,0.04543240315160569,0.875,0.5789473684210527,0.6923076923076923,True
369,Full LASSO,0.9892309194632544,0.05855352569511562,0.875,0.875,0.8333333333333334,True
370,Full Ridge,0.9562608303629522,0.03387751298753095,1.0,0.5789473684210527,0.6923076923076923,True
370,Reduced Ridge,0.958401009156934,0.028351720550523676,0.875,0.5,0.8333333333333334,True
370,Parsimonious Ridge,0.9587379045862722,0.031204831878545575,0.875,0.6666666666666666,0.8333333333333334,True
370,Full LASSO,0.9958405165411586,0.042789754452782415,1.0,1.0,0.8333333333333334,True
371,Full Ridge,0.9578339188668545,0.03796433280597702,1.0,0.5789473684210527,0.6923076923076923,True
371,Reduced Ridge,0.9595978432441757,0.02985048551443287,0.875,0.5789473684210527,0.6923076923076923,True
371,Parsimonious Ridge,0.957781787481846,0.03359211739356255,0.875,0.875,1.0,True
371,Full LASSO,0.9864019066828065,0.04345504600205311,0.875,1.0,0.8333333333333334,True
372,Full Ridge,0.9987486800727114,0.03916751056844059,0.875,0.5789473684210527,0.8333333333333334,True
372,Reduced Ridge,0.9988874470687774,0.03981702173156703,0.875,0.5789473684210527,0.8333333333333334,True
372,Parsimonious Ridge,0.997976272968933,0.046092681310813,0.7647058823529411,0.6666666666666666,0.8333333333333334,True
372,Full LASSO,0.991003851448322,0.03903118678238062,0.875,1.0,0.8333333333333334,True
373,Full Ridge,0.9596857706801215,0.07664405667741117,0.875,0.5789473684210527,0.6923076923076923,True
373,Reduced Ridge,0.9599467609793292,0.07418611046855202,0.7647058823529411,0.5789473684210527,0.8333333333333334,True
373,Parsimonious Ridge,0.9591691865759976,0.07494226854311689,0.875,0.42857142857142855,0.5714285714285714,True
373,Full LASSO,0.9968407810956254,0.04875271740888677,1.0,1.0,0.8333333333333334,False
374,Full Ridge,0.9761948343631505,0.051975688925956366,0.875,1.0,1.0,True
374,Reduced Ridge,0.9789987194473257,0.04859671499519373,0.875,1.0,1.0,True
374,Parsimonious Ridge,0.9782932997147713,0.053996746351773275,1.0,0.5789473684210527,0.6923076923076923,True
374,Full LASSO,0.9873984066770917,0.04013858962515408,0.875,0.875,1.0,False
375,Full Ridge,0.9937743208173352,0.0635459027829284,1.0,1.0,1.0,True
375,Reduced Ridge,0.9938068456342809,0.05277427332095938,0.875,0.6666666666666666,0.8333333333333334,True
375,Parsimonious Ridge,0.9947932581159264,0.05646237150309126,1.0,0.6666666666666666,0.6923076923076923,True
375,Full LASSO,0.988516711107474,0.05536167016014673,0.875,1.0,0.8333333333333334,True
376,Full Ridge,0.9805376787711145,0.03481301964775289,1.0,1.0,1.0,True
376,Reduced Ridge,0.9817149271261787,0.033680851363045126,0.875,0.5,0.8333333333333334,True
376,Parsimonious Ridge,0.9976069777379608,0.03674292669879343,0.7647058823529411,0.6666666666666666,0.8333333333333334,True
376,Full LASSO,0.9873503667063303,0.055165389823627925,0.875,1.0,0.8333333333333334,True
377,Full Ridge,0.9991014941184152,0.043569538348444174,0.875,0.5789473684210527,0.8333333333333334,True
377,Reduced Ridge,0.9990665523387751,0.04734814961420233,0.7647058823529411,0.5789473684210527,0.8333333333333334,True
377,Parsimonious Ridge,0.995806507217832,0.03459770088886543,0.875,0.6666666666666666,0.8333333333333334,True
377,Full LASSO,0.9976701764462951,0.06335678328016826,0.875,0.875,0.8333333333333334,True
378,Full Ridge,0.9982078638339893,0.05354464573156635,1.0,0.5,0.6923076923076923,True
378,Reduced Ridge,0.9981795270299877,0.05305567617131158,0.875,0.5,0.6923076923076923,True
378,Parsimonious Ridge,0.9981855694367234,0.05311958864185898,1.0,0.6666666666666666,0.8333333333333334,True
378,Full LASSO,0.996300748860232,0.0757965118728455,0.7647058823529411,0.875,0.8333333333333334,True
379,Full Ridge,0.9608238267349454,0.06323442485743792,1.0,0.5789473684210527,0.8333333333333334,True
379,Reduced Ridge,0.9608569766284499,0.0608357452079345,0.875,0.875,1.0,True
379,Parsimonious Ridge,0.9589455758550094,0.0641797572345434,0.7647058823529411,0.7647058823529411,1.0,True
379,Full LASSO,0.9940442775647451,0.06380198973797192,0.875,1.0,0.8333333333333334,True
380,Full Ridge,0.9637197230885842,0.04669115768031889,0.875,0.5789473684210527,0.8333333333333334,True
380,Reduced Ridge,0.9630338890882073,0.04699366020358923,0.875,0.5,0.6923076923076923,True
380,Parsimonious Ridge,0.9619633413017399,0.053914713536117355,1.0,0.5789473684210527,0.8333333333333334,True
380,Full LASSO,0.9886497723397389,0.052252671497951125,0.875,0.875,1.0,True
381,Full Ridge,0.994776360212952,0.04605110495748031,1.0,0.5789473684210527,0.8333333333333334,True
381,Reduced Ridge,0.9955547263799247,0.040801368830741945,0.875,0.5789473684210527,0.6923076923076923,True
381,Parsimonious Ridge,0.9988591727724319,0.045000159005694616,0.7647058823529411,0.6666666666666666,0.8333333333333334,True
381,Full LASSO,0.9893844004008796,0.04841978604221374,0.875,0.875,0.8333333333333334,True
382,Full Ridge,0.9988609229867967,0.04495356268297588,0.875,0.5789473684210527,0.8333333333333334,True
382,Reduced Ridge,0.9987795171829483,0.03813006893485391,0.875,0.5,0.6923076923076923,True
382,Parsimonious Ridge,0.9992125077152679,0.03982041976192559,0.875,0.6666666666666666,0.8333333333333334,True
382,Full LASSO,0.9980754731782878,0.040767330287018566,0.875,1.0,0.8333333333333334,True
383,Full Ridge,0.9972601227554517,0.0585741215109452,0.875,0.5789473684210527,0.8333333333333334,True
383,Reduced Ridge,0.9975255719341125,0.0558481502715768,0.875,0.5,0.6923076923076923,True
383,Parsimonious Ridge,0.9983085845035062,0.06074154288664116,1.0,1.0,1.0,True
383,Full LASSO,0.9990921763122143,0.03642607162454876,1.0,0.875,0.8333333333333334,True
384,Full Ridge,0.9514723272044091,0.07018090245555124,0.875,0.5789473684210527,0.6923076923076923,True
384,Reduced Ridge,0.9517225036791486,0.06719589433779646,0.875,0.5789473684210527,0.6923076923076923,False
384,Parsimonious Ridge,0.9500301922395871,0.06809435779963273,0.7647058823529411,1.0,1.0,False
384,Full LASSO,0.9892999331022634,0.06940830518389073,0.875,0.875,0.8333333333333334,True
385,Full Ridge,0.9967837519099474,0.043805018131761624,1.0,0.5789473684210527,0.6923076923076923,True
385,Reduced Ridge,0.9966155021361888,0.04335968998648948,1.0,0.5,0.8333333333333334,True
385,Parsimonious Ridge,0.9973368821568793,0.04534885852859709,0.875,0.5,0.8333333333333334,True
385,Full LASSO,0.9739448724708705,0.06232522202658723,0.875,0.875,0.8333333333333334,True
386,Full Ridge,0.9991437076220232,0.05514253621499253,1.0,0.5789473684210527,0.8333333333333334,True
386,Reduced Ridge,0.9992934342937545,0.03418192639543985,1.0,1.0,1.0,True
386,Parsimonious Ridge,0.9995950128975172,0.03585964266504798,0.875,0.6666666666666666,0.8333333333333334,True
386,Full LASSO,0.9978076038071457,0.05918038026183037,1.0,1.0,0.8333333333333334,True
387,Full Ridge,0.954654446114348,0.06391912563729302,0.7647058823529411,0.5789473684210527,0.5714285714285714,True
387,Reduced Ridge,0.942078697513806,0.055662079370539914,0.6666666666666666,0.6666666666666666,0.8333333333333334,False
387,Parsimonious Ridge,0.9449389645035899,0.06462559189637823,0.7647058823529411,0.6666666666666666,1.0,False
387,Full LASSO,0.9690730296545595,0.04898389180829148,0.875,1.0,0.8333333333333334,True
388,Full Ridge,0.9973975354189736,0.05360918117804856,1.0,1.0,1.0,True
388,Reduced Ridge,0.9973596141077362,0.048735159991528026,0.875,0.6666666666666666,0.8333333333333334,True
388,Parsimonious Ridge,0.9968713042999581,0.05526076647034635,0.875,0.5789473684210527,0.8333333333333334,True
388,Full LASSO,0.9959611296661574,0.04118111104436805,0.875,1.0,0.8333333333333334,False
389,Full Ridge,0.9948788519327191,0.07458305995139396,0.875,0.5,0.8333333333333334,True
389,Reduced Ridge,0.9931488483766585,0.06789669511341391,0.875,0.5,0.6923076923076923,True
389,Parsimonious Ridge,0.9948789352762603,0.07173290380773871,0.875,0.6666666666666666,0.8333333333333334,True
389,Full LASSO,0.9916795481724676,0.05215741034568998,0.875,1.0,1.0,True
390,Full Ridge,0.9984905859615598,0.05740461227235696,1.0,0.6666666666666666,0.8333333333333334,True
390,Reduced Ridge,0.9981131438994373,0.04670987290565889,1.0,0.6666666666666666,0.8333333333333334,True
390,Parsimonious Ridge,0.998382051835057,0.04739874664862511,0.7647058823529411,0.5789473684210527,0.8333333333333334,True
390,Full LASSO,0.9981559511092806,0.04738279258117555,0.875,0.875,0.8333333333333334,True
391,Full Ridge,0.9985884937865619,0.040443658079183376,1.0,0.5,0.6923076923076923,True
391,Reduced Ridge,0.9985881395765119,0.038812361103843056,1.0,0.5,0.6923076923076923,True
391,Parsimonious Ridge,0.9981242494262995,0.04493497807236118,0.875,0.5789473684210527,0.6923076923076923,True
391,Full LASSO,0.9970487921745127,0.047633280295581316,1.0,0.875,0.8333333333333334,True
392,Full Ridge,0.9961441735749261,0.05547417059281206,0.875,0.5789473684210527,0.8333333333333334,True
392,Reduced Ridge,0.9794182291618594,0.05449405866508065,0.875,0.5,0.8333333333333334,True
392,Parsimonious Ridge,0.9685862358016725,0.05923857475199168,0.875,0.5,0.6923076923076923,True
392,Full LASSO,0.9963116930763287,0.04733181004947137,1.0,1.0,0.8333333333333334,True
393,Full Ridge,0.998238971810735,0.05318521723857076,0.875,0.6666666666666666,0.8333333333333334,True
393,Reduced Ridge,0.9982623288381509,0.05195189927179156,1.0,0.6666666666666666,0.8333333333333334,True
393,Parsimonious Ridge,0.998420514879312,0.05487408888099634,0.7647058823529411,0.5,0.6923076923076923,True
393,Full LASSO,0.989933735792735,0.049151947014168786,0.7647058823529411,0.875,0.8333333333333334,True
394,Full Ridge,0.9979648965755619,0.043250373375757184,0.875,1.0,1.0,True
394,Reduced Ridge,0.998001755256649,0.038717675133643784,0.875,0.6666666666666666,0.8333333333333334,True
394,Parsimonious Ridge,0.9982456184581442,0.03581607175595218,0.875,0.5,0.6923076923076923,True
394,Full LASSO,0.9974969127609059,0.04299117182399535,0.875,0.875,0.8333333333333334,True
395,Full Ridge,0.9973077535892365,0.06387196556896402,0.875,0.5789473684210527,0.8333333333333334,True
395,Reduced Ridge,0.9972364531897563,0.05904895379788141,0.6666666666666666,0.5789473684210527,0.8333333333333334,True
395,Parsimonious Ridge,0.983397279012569,0.05645883470399814,0.875,0.5789473684210527,0.8333333333333334,True
395,Full LASSO,0.9882189553113347,0.06546231885536824,1.0,0.875,1.0,False
396,Full Ridge,0.9618355548172244,0.04930419187249616,0.875,0.5,0.8333333333333334,True
396,Reduced Ridge,0.9648408812404337,0.0435657097704716,0.875,0.5,0.8333333333333334,True
396,Parsimonious Ridge,0.9666497694582219,0.04287314773194598,0.875,0.6666666666666666,0.8333333333333334,True
396,Full LASSO,0.9896535757191243,0.04683559068522667,0.875,0.875,0.8333333333333334,False
397,Full Ridge,0.9976257300347267,0.05053405237031655,1.0,0.875,1.0,True
397,Reduced Ridge,0.9982549112629858,0.04649223026600936,1.0,0.875,1.0,True
397,Parsimonious Ridge,0.9985330494957915,0.04714953144163136,0.875,0.5789473684210527,0.5714285714285714,True
397,Full LASSO,0.9881923315051618,0.05235890509481307,0.875,0.875,0.8333333333333334,True
398,Full Ridge,0.9993436904490864,0.039252252218469064,1.0,0.5789473684210527,0.6923076923076923,True
398,Reduced Ridge,0.9991847334801695,0.040514788522710975,0.875,0.5789473684210527,0.6923076923076923,True
398,Parsimonious Ridge,0.9972481629572924,0.03864805407269753,0.875,0.5789473684210527,0.8333333333333334,True
398,Full LASSO,0.9979577261014976,0.04240470120638967,0.875,0.875,0.6923076923076923,True
399,Full Ridge,0.9941995395644396,0.08315860379562352,0.875,0.5789473684210527,0.8333333333333334,True
399,Reduced Ridge,0.9945566041307435,0.07880159989436344,0.875,0.5789473684210527,0.6923076923076923,True
399,Parsimonious Ridge,0.995258940152274,0.08034986078093195,0.875,0.5789473684210527,0.8333333333333334,True
399,Full LASSO,0.9961397695565243,0.08318573763193682,0.7647058823529411,0.7647058823529411,0.6923076923076923,True
400,Full Ridge,0.9963690136131466,0.0682200144652089,0.875,0.5,0.8333333333333334,True
400,Reduced Ridge,0.9961006057387737,0.06544445575649468,0.875,1.0,1.0,True
400,Parsimonious Ridge,0.9991077865557743,0.07281803149545778,0.7647058823529411,0.6666666666666666,0.6923076923076923,True
400,Full LASSO,0.9973169236864539,0.053021940889878307,0.7647058823529411,0.875,0.6923076923076923,True
401,Full Ridge,0.9983546109741234,0.08283373893707902,0.875,0.875,1.0,True
401,Reduced Ridge,0.9986501054993798,0.06394256851955624,0.875,0.6666666666666666,0.8333333333333334,True
401,Parsimonious Ridge,0.9985941611473622,0.07019322957583787,0.875,0.5,0.6923076923076923,True
401,Full LASSO,0.990303392283871,0.058730736410059645,0.875,1.0,1.0,False
402,Full Ridge,0.9961287966915781,0.05984843684849964,1.0,1.0,1.0,True
402,Reduced Ridge,0.9960926672664763,0.05580464848248787,1.0,1.0,1.0,True
402,Parsimonious Ridge,0.9965860193584961,0.05761730830709373,0.7647058823529411,0.7647058823529411,0.6923076923076923,True
402,Full LASSO,0.9975500993224212,0.0421296521426576,0.875,0.875,1.0,True
403,Full Ridge,0.9763060771547416,0.05465971160673246,0.875,0.6666666666666666,0.8333333333333334,True
403,Reduced Ridge,0.9704568607475904,0.052333851314740144,0.875,0.6666666666666666,0.6923076923076923,True
403,Parsimonious Ridge,0.9702501687654619,0.055501111224012155,0.875,0.5789473684210527,0.8333333333333334,True
403,Full LASSO,0.9880038316111814,0.07167354707357351,1.0,1.0,0.8333333333333334,True
404,Full Ridge,0.998715613522748,0.05676594332216898,0.875,0.5,0.6923076923076923,True
404,Reduced Ridge,0.9986363954868557,0.05543350053415808,0.875,0.5,0.6923076923076923,True
404,Parsimonious Ridge,0.9988934894755132,0.06003847375756733,1.0,0.5,0.6923076923076923,True
404,Full LASSO,0.9989269906758196,0.031077618865237914,0.875,0.875,1.0,True
405,Full Ridge,0.9954583604104345,0.05847645589838553,1.0,0.6666666666666666,0.8333333333333334,True
405,Reduced Ridge,0.9957745032980185,0.05997052879020584,1.0,0.6666666666666666,0.8333333333333334,True
405,Parsimonious Ridge,0.9962694597532061,0.0620561273364834,0.7647058823529411,0.5789473684210527,0.8333333333333334,True
405,Full LASSO,0.9978330145883714,0.0566413027627325,0.875,0.875,0.8333333333333334,True
406,Full Ridge,0.9987707661111244,0.042745524100879694,1.0,0.6666666666666666,0.8333333333333334,True
406,Reduced Ridge,0.9987000699523177,0.04041798673258351,1.0,0.6666666666666666,0.8333333333333334,True
406,Parsimonious Ridge,0.998522006476585,0.042277946890356743,0.875,0.5789473684210527,0.8333333333333334,True
406,Full LASSO,0.9896469494346425,0.04471703645321017,0.7647058823529411,0.875,0.8333333333333334,True
407,Full Ridge,0.9924430327622835,0.05735027272523431,1.0,1.0,1.0,True
407,Reduced Ridge,0.9933988581643156,0.04797353917607224,1.0,0.6666666666666666,0.8333333333333334,True
407,Parsimonious Ridge,0.9960474117236151,0.050989546378953934,0.7647058823529411,0.6666666666666666,0.6923076923076923,True
407,Full LASSO,0.9890184933910623,0.050720820407723355,0.875,0.875,0.8333333333333334,True
408,Full Ridge,0.9973690110920045,0.049099630048247155,0.875,0.5789473684210527,0.8333333333333334,True
408,Reduced Ridge,0.999446348855936,0.0429267277238975,0.875,0.5789473684210527,0.8333333333333334,True
408,Parsimonious Ridge,0.9996759186401185,0.04599409401230385,0.6666666666666666,0.7647058823529411,0.6923076923076923,True
408,Full LASSO,0.9991783638261489,0.05180686162176113,0.7647058823529411,0.875,1.0,True
409,Full Ridge,0.9313523004202953,0.04999028362121478,0.875,1.0,1.0,True
409,Reduced Ridge,0.9320612414174645,0.04751991574601444,0.875,0.875,1.0,True
409,Parsimonious Ridge,0.9333381478118956,0.05052343692040347,0.875,0.6666666666666666,0.6923076923076923,True
409,Full LASSO,0.9844651868689506,0.05737020058654276,0.875,0.875,0.8333333333333334,True
410,Full Ridge,0.9988246893822683,0.05003372231491075,0.875,0.5789473684210527,0.6923076923076923,True
410,Reduced Ridge,0.9989163464416819,0.03846059457881227,1.0,1.0,1.0,True
410,Parsimonious Ridge,0.9736156851377693,0.044410949523456936,0.875,0.5,0.5714285714285714,True
410,Full LASSO,0.9919990965892134,0.053349965570917764,0.7647058823529411,0.7647058823529411,1.0,True
411,Full Ridge,0.9925781951501935,0.04965912933972329,0.875,0.5789473684210527,0.8333333333333334,True
411,Reduced Ridge,0.9947468357634887,0.033839837644579714,0.875,0.5,0.6923076923076923,True
411,Parsimonious Ridge,0.9944829492762249,0.03413297488353937,0.875,0.6666666666666666,0.8333333333333334,True
411,Full LASSO,0.9945259948684235,0.03990012196088486,1.0,1.0,1.0,True
412,Full Ridge,0.9807289730340097,0.06248560297462161,0.875,1.0,1.0,True
412,Reduced Ridge,0.9809143915772519,0.06027683482738543,0.875,0.6666666666666666,0.8333333333333334,True
412,Parsimonious Ridge,0.9967010959529815,0.0630768896380598,1.0,0.6666666666666666,0.8333333333333334,True
412,Full LASSO,0.9947767007195429,0.045734952109193545,0.875,0.875,1.0,True
413,Full Ridge,0.9767557572311826,0.050380494753615584,1.0,0.5789473684210527,0.8333333333333334,True
413,Reduced Ridge,0.9785773553390008,0.04897904158374053,0.875,1.0,1.0,True
413,Parsimonious Ridge,0.9854155470416888,0.05350531072859322,0.875,0.7647058823529411,0.6923076923076923,True
413,Full LASSO,0.9954692054219162,0.05562958751096656,0.875,0.875,1.0,True
414,Full Ridge,0.9966499230186964,0.0444830944154838,1.0,0.5789473684210527,0.6923076923076923,True
414,Reduced Ridge,0.9754798092874751,0.029113343105406236,0.875,0.5,0.6923076923076923,True
414,Parsimonious Ridge,0.9692192299969407,0.026466088423663155,0.875,0.6666666666666666,0.8333333333333334,True
414,Full LASSO,0.9975197816632027,0.04642810765825961,0.7647058823529411,0.875,1.0,True
415,Full Ridge,0.991671104883867,0.070492942764708,0.7647058823529411,0.5,0.6923076923076923,True
415,Reduced Ridge,0.9980722430566028,0.052908192827408884,0.875,0.5789473684210527,0.6923076923076923,True
415,Parsimonious Ridge,0.998172130290708,0.05124427061055225,0.7647058823529411,0.875,1.0,True
415,Full LASSO,0.9992235385483277,0.04866960353452028,0.875,1.0,1.0,True
416,Full Ridge,0.9544089160420294,0.06264061497480872,1.0,0.5,0.8333333333333334,True
416,Reduced Ridge,0.9525878388313435,0.05816843433777187,0.875,0.5,0.6923076923076923,True
416,Parsimonious Ridge,0.9413142705540957,0.05104153876968266,0.7647058823529411,0.6666666666666666,0.8333333333333334,True
416,Full LASSO,0.9852683976121354,0.0718787554506108,1.0,1.0,0.8333333333333334,True
417,Full Ridge,0.9787539394668777,0.06796784447238738,0.875,0.5,0.6923076923076923,True
417,Reduced Ridge,0.9800426806441564,0.06658600603602172,0.875,0.5,0.6923076923076923,True
417,Parsimonious Ridge,0.9798002967905175,0.0703091090081564,0.875,0.5789473684210527,0.8333333333333334,True
417,Full LASSO,0.9887903405744658,0.048825627758933086,0.875,0.875,0.8333333333333334,True
418,Full Ridge,0.9988820505744861,0.060438944555611794,0.875,0.42857142857142855,0.6923076923076923,True
418,Reduced Ridge,0.9988430041254428,0.05773601243627117,0.875,0.36363636363636365,0.5714285714285714,True
418,Parsimonious Ridge,0.9979573956568555,0.05493753889231815,0.6666666666666666,0.6666666666666666,0.8333333333333334,True
418,Full LASSO,0.9969099653460732,0.06230328948441346,0.7647058823529411,0.875,0.6923076923076923,True
419,Full Ridge,0.995453172274996,0.04615790475071513,1.0,0.5789473684210527,0.6923076923076923,True
419,Reduced Ridge,0.9954371286433187,0.04762250213582332,0.875,0.5789473684210527,0.6923076923076923,True
419,Parsimonious Ridge,0.9959873210304238,0.05071860188242675,0.875,0.5789473684210527,0.6923076923076923,True
419,Full LASSO,0.9804609915175989,0.05604784953037802,0.875,0.7647058823529411,0.6923076923076923,True
420,Full Ridge,0.9975962680929191,0.051006230752464216,1.0,0.875,1.0,True
420,Reduced Ridge,0.9976332934610888,0.05238773088005793,1.0,0.5,0.6923076923076923,True
420,Parsimonious Ridge,0.9975164666522385,0.051555131663751565,0.875,0.5789473684210527,0.8333333333333334,True
420,Full LASSO,0.9877400720312686,0.04695567501949251,0.875,0.875,0.8333333333333334,True
421,Full Ridge,0.9891210842261285,0.04009318266942393,1.0,1.0,1.0,True
421,Reduced Ridge,0.996651444038323,0.039399579573240535,1.0,1.0,1.0,True
421,Parsimonious Ridge,0.9887222437098078,0.0341427707818816,0.875,0.7647058823529411,1.0,True
421,Full LASSO,0.9888327107661725,0.045878296572735996,0.875,1.0,0.8333333333333334,False
422,Full Ridge,0.9935427716240496,0.04211820359688523,0.875,0.5,0.6923076923076923,True
422,Reduced Ridge,0.9938770834036111,0.040020051166003344,0.875,0.5,0.6923076923076923,True
422,Parsimonious Ridge,0.9955010531394043,0.04024721177780521,1.0,0.6666666666666666,0.8333333333333334,True
422,Full LASSO,0.989787501139433,0.04810856262708939,1.0,1.0,1.0,True
423,Full Ridge,0.9977340141306057,0.0512933578568852,0.7647058823529411,0.5,0.6923076923076923,True
423,Reduced Ridge,0.9981402513862063,0.041518595294781774,0.7647058823529411,0.5789473684210527,0.8333333333333334,True
423,Parsimonious Ridge,0.9978234000785222,0.04498662880625291,0.875,1.0,1.0,True
423,Full LASSO,0.9959655835960797,0.04821406163373846,1.0,0.875,1.0,True
424,Full Ridge,0.9945279547884626,0.040440543466723995,1.0,0.5789473684210527,0.6923076923076923,True
424,Reduced Ridge,0.9975621805845762,0.03902615957118578,0.875,0.5,0.6923076923076923,True
424,Parsimonious Ridge,0.9988703199710648,0.03956798420467399,0.7647058823529411,0.5789473684210527,0.8333333333333334,True
424,Full LASSO,0.9739893570236828,0.05037687410247693,1.0,1.0,0.8333333333333334,False
425,Full Ridge,0.9949037299797615,0.06435952119098542,1.0,0.5789473684210527,0.8333333333333334,True
425,Reduced Ridge,0.9949155647626091,0.05909348207681016,0.875,0.5789473684210527,0.8333333333333334,True
425,Parsimonious Ridge,0.9949262952435363,0.062454480519619264,0.875,0.6666666666666666,0.8333333333333334,True
425,Full LASSO,0.9891188036697006,0.06305889956441721,0.875,0.875,0.8333333333333334,True
426,Full Ridge,0.9969126635322689,0.04897201427267341,1.0,0.5,0.8333333333333334,True
426,Reduced Ridge,0.9970225103195453,0.047664230110964836,0.875,0.875,1.0,True
426,Parsimonious Ridge,0.9964979669072386,0.05416186966525708,0.875,0.6666666666666666,0.8333333333333334,True
426,Full LASSO,0.9903505900551487,0.043035652152023714,0.875,0.875,1.0,True
427,Full Ridge,0.9953405334790901,0.05610294217859442,1.0,1.0,1.0,True
427,Reduced Ridge,0.995701056802353,0.048327917541668194,1.0,1.0,1.0,True
427,Parsimonious Ridge,0.9987141133390068,0.04576667128173817,0.875,0.5,0.5714285714285714,True
427,Full LASSO,0.9980079799629072,0.04832415148355033,0.7647058823529411,0.875,1.0,False
428,Full Ridge,0.995430440324139,0.037598769290792276,0.875,0.5,0.6923076923076923,True
428,Reduced Ridge,0.9893959512249427,0.037811326864465616,0.875,0.5,0.6923076923076923,True
428,Parsimonious Ridge,0.9945777733902034,0.03855709563701891,0.875,0.7647058823529411,1.0,True
428,Full LASSO,0.9990765324732372,0.04142858306854571,1.0,1.0,1.0,False
429,Full Ridge,0.9994156367610109,0.05974539514720335,1.0,1.0,1.0,True
429,Reduced Ridge,0.9994253671194436,0.061712938778942364,1.0,1.0,1.0,True
429,Parsimonious Ridge,0.9994387854295738,0.05997910131030081,0.7647058823529411,0.6666666666666666,0.6923076923076923,True
429,Full LASSO,0.9799466898541266,0.06471277376332989,0.875,0.875,1.0,True
430,Full Ridge,0.9981318961962029,0.051115392690131885,0.875,0.5789473684210527,0.8333333333333334,True
430,Reduced Ridge,0.9981437934867065,0.04421719848300601,0.875,0.5789473684210527,0.8333333333333334,True
430,Parsimonious Ridge,0.9982883736947699,0.04783974397980468,1.0,1.0,1.0,True
430,Full LASSO,0.9981074510256079,0.06854932374341795,0.7647058823529411,1.0,0.8333333333333334,True
431,Full Ridge,0.9685203944041397,0.05906554735498597,1.0,0.5789473684210527,0.8333333333333334,True
431,Reduced Ridge,0.9653362960850976,0.03758675166633781,1.0,0.5,0.8333333333333334,True
431,Parsimonious Ridge,0.9709879466278797,0.040804580997380234,0.7647058823529411,0.5,0.6923076923076923,True
431,Full LASSO,0.9876396064756898,0.039727849742798756,0.875,1.0,0.8333333333333334,True
432,Full Ridge,0.9949541528221759,0.0823432754670515,1.0,0.5,0.6923076923076923,True
432,Reduced Ridge,0.995173242156055,0.08228898818758826,1.0,0.42857142857142855,0.6923076923076923,True
432,Parsimonious Ridge,0.9949400052560605,0.08403593459671296,0.7647058823529411,0.5,0.6923076923076923,True
432,Full LASSO,0.9985412747580876,0.05531853571113649,0.875,0.875,0.8333333333333334,True
433,Full Ridge,0.9805771002660931,0.07071912182417318,0.875,0.5,0.6923076923076923,True
433,Reduced Ridge,0.9801821768962079,0.06906645457922672,0.875,0.5,0.6923076923076923,True
433,Parsimonious Ridge,0.9800022590266838,0.07970677687554638,0.875,0.5,0.6923076923076923,True
433,Full LASSO,0.9883816261396252,0.06268007552831979,0.875,0.875,0.6923076923076923,True
434,Full Ridge,0.9570126932838295,0.0644433585479996,0.875,0.5,0.6923076923076923,False
434,Reduced Ridge,0.9547573962235917,0.06211686719630442,0.875,0.5,0.6923076923076923,False
434,Parsimonious Ridge,0.9594126330597866,0.06469013496331218,0.875,0.875,1.0,False
434,Full LASSO,0.9887029023851639,0.0726166340052656,0.875,0.875,0.8333333333333334,False
435,Full Ridge,0.957544279225366,0.07211210875966513,0.875,0.5789473684210527,0.6923076923076923,False
435,Reduced Ridge,0.9573386915451583,0.07609004540670872,0.7647058823529411,0.5789473684210527,0.6923076923076923,False
435,Parsimonious Ridge,0.9572952070525471,0.07898989075086962,0.875,0.6666666666666666,0.6923076923076923,True
435,Full LASSO,0.9953013800637072,0.07457448323480353,0.875,0.875,0.6923076923076923,True
436,Full Ridge,0.9980065891820376,0.0803676352724381,1.0,1.0,1.0,True
436,Reduced Ridge,0.998655335306589,0.05092182610792364,0.875,0.6666666666666666,0.8333333333333334,True
436,Parsimonious Ridge,0.9988065204902908,0.05393624392088002,0.875,0.6666666666666666,0.8333333333333334,True
436,Full LASSO,0.9954605013999651,0.045538224306608296,0.875,1.0,0.8333333333333334,True
437,Full Ridge,0.9710375568707675,0.0723084420036961,0.875,0.5,0.8333333333333334,True
437,Reduced Ridge,0.9714255002190789,0.06882727131953142,0.875,0.5789473684210527,0.8333333333333334,True
437,Parsimonious Ridge,0.9724430415133554,0.0677390774887163,1.0,0.6666666666666666,0.8333333333333334,True
437,Full LASSO,0.9865163829955682,0.05959759461846096,0.875,0.875,0.8333333333333334,True
438,Full Ridge,0.9976481702831895,0.04819052868689548,0.7647058823529411,0.42857142857142855,0.6923076923076923,True
438,Reduced Ridge,0.9975167375187475,0.0420031006047209,0.7647058823529411,0.6666666666666666,0.8333333333333334,True
438,Parsimonious Ridge,0.9960941257784469,0.03589262753916345,1.0,1.0,1.0,True
438,Full LASSO,0.9970146828617907,0.0448051870796611,1.0,1.0,0.8333333333333334,False
439,Full Ridge,0.9663409816381469,0.062327287817310936,1.0,1.0,1.0,True
439,Reduced Ridge,0.965785851146227,0.037934740308963655,1.0,0.6666666666666666,0.8333333333333334,True
439,Parsimonious Ridge,0.9643242763004245,0.03981817831826148,0.875,0.6666666666666666,0.8333333333333334,True
439,Full LASSO,0.9955748222492325,0.042472665794627634,1.0,1.0,1.0,True
440,Full Ridge,0.9537781929582584,0.06698915346381855,1.0,0.5789473684210527,0.8333333333333334,True
440,Reduced Ridge,0.9538764341574253,0.06545605874818049,0.875,0.6666666666666666,0.8333333333333334,True
440,Parsimonious Ridge,0.9551904075917966,0.0690425606898692,0.875,0.6666666666666666,0.6923076923076923,True
440,Full LASSO,0.9872075016474395,0.07550577065262185,0.7647058823529411,0.875,0.8333333333333334,True
441,Full Ridge,0.9858477666462524,0.044039145260966944,1.0,1.0,1.0,True
441,Reduced Ridge,0.988041139455393,0.04309344135424947,1.0,0.875,1.0,True
441,Parsimonious Ridge,0.9968401963232122,0.044867218575336126,0.7647058823529411,0.6666666666666666,0.6923076923076923,True
441,Full LASSO,0.9699912344406619,0.05762029470606921,0.875,0.875,0.8333333333333334,True
442,Full Ridge,0.9761617053055311,0.05130734340759317,1.0,0.5789473684210527,0.8333333333333334,True
442,Reduced Ridge,0.970157782450063,0.04506424376096861,0.875,0.5,0.6923076923076923,True
442,Parsimonious Ridge,0.9951889524135675,0.04239412437005756,0.875,0.6666666666666666,0.8333333333333334,True
442,Full LASSO,0.9898823680560086,0.04801431433778271,0.875,1.0,0.8333333333333334,True
443,Full Ridge,0.9658828838640467,0.047567354049530226,0.875,0.5789473684210527,0.6923076923076923,True
443,Reduced Ridge,0.965027383249711,0.04689390588668064,0.875,0.5789473684210527,0.6923076923076923,True
443,Parsimonious Ridge,0.9623829135239295,0.050728231395571026,0.875,0.6666666666666666,0.8333333333333334,True
443,Full LASSO,0.9992382526443618,0.04512492774895933,1.0,0.875,1.0,True
444,Full Ridge,0.9595945303384138,0.07188789293069059,0.875,1.0,1.0,True
444,Reduced Ridge,0.9602394218241855,0.06874878068387176,0.875,0.5,0.6923076923076923,True
444,Parsimonious Ridge,0.960293303423559,0.07249927385550267,0.875,0.5789473684210527,0.8333333333333334,True
444,Full LASSO,0.9879541357717525,0.08119951545462707,0.7647058823529411,0.875,0.8333333333333334,True
445,Full Ridge,0.9714909665706765,0.0584734414512769,0.875,0.5,0.8333333333333334,True
445,Reduced Ridge,0.9717058053839552,0.05513061141179361,0.875,0.5789473684210527,0.8333333333333334,True
445,Parsimonious Ridge,0.9729502494690965,0.056771319418601335,0.875,0.7647058823529411,0.8333333333333334,True
445,Full LASSO,0.9864182999752797,0.05501614240188756,0.875,0.875,1.0,True
446,Full Ridge,0.9976580464928195,0.06408542878407437,0.875,0.6666666666666666,0.8333333333333334,True
446,Reduced Ridge,0.9979579373898734,0.06172287453704002,0.875,0.6666666666666666,0.8333333333333334,True
446,Parsimonious Ridge,0.9982747470257868,0.06669842754245885,0.875,0.6666666666666666,0.8333333333333334,True
446,Full LASSO,0.9890581657768804,0.06048111620373872,0.875,0.875,0.6923076923076923,False
447,Full Ridge,0.9778475159488805,0.054771362580148635,1.0,0.5,0.8333333333333334,True
447,Reduced Ridge,0.9855353533821362,0.05137470373291693,0.875,1.0,1.0,True
447,Parsimonious Ridge,0.9922936603006022,0.054567124508301444,1.0,0.6666666666666666,0.8333333333333334,True
447,Full LASSO,0.9918706832585754,0.05110113062701097,0.875,0.875,0.8333333333333334,True
448,Full Ridge,0.9979575415080526,0.05278335588287891,0.875,0.5789473684210527,0.8333333333333334,True
448,Reduced Ridge,0.9981819023209115,0.051325332733022686,1.0,0.875,1.0,True
448,Parsimonious Ridge,0.9974206632516512,0.05160866086678492,0.875,1.0,1.0,True
448,Full LASSO,0.9975414452788045,0.034430946330631915,0.875,1.0,0.8333333333333334,True
449,Full Ridge,0.9962916499710455,0.05866281203060254,1.0,0.5,0.6923076923076923,True
449,Reduced Ridge,0.9962144946877974,0.05656210563510309,1.0,0.5789473684210527,0.5714285714285714,True
449,Parsimonious Ridge,0.9684251744083406,0.056194682507509044,0.7647058823529411,0.6666666666666666,0.6923076923076923,True
449,Full LASSO,0.9985008475645821,0.04402734156680841,1.0,0.875,0.6923076923076923,True
450,Full Ridge,0.9956750327816193,0.06442002138629128,0.875,0.5,0.6923076923076923,True
450,Reduced Ridge,0.9941157793055528,0.057909902003129635,0.875,0.5,0.6923076923076923,True
450,Parsimonious Ridge,0.9711511124456265,0.06386748623578853,0.875,1.0,1.0,True
450,Full LASSO,0.9992132717983631,0.06531835957725418,0.875,1.0,1.0,True
451,Full Ridge,0.9972732285273025,0.06430975190214568,1.0,1.0,1.0,True
451,Reduced Ridge,0.9974056614142386,0.0627884907311643,0.875,0.875,1.0,True
451,Parsimonious Ridge,0.9974326230498106,0.06869026781071828,0.875,0.5789473684210527,0.6923076923076923,True
451,Full LASSO,0.9965470463645723,0.05375794147978227,0.875,0.875,0.8333333333333334,True
452,Full Ridge,0.9677692607392476,0.0506357057637141,1.0,0.6666666666666666,0.8333333333333334,True
452,Reduced Ridge,0.9677756573560333,0.04439154125592769,1.0,0.6666666666666666,0.8333333333333334,True
452,Parsimonious Ridge,0.9685819852810724,0.0514966084527924,0.875,0.6666666666666666,0.6923076923076923,True
452,Full LASSO,0.9988121139489283,0.06313123794730657,0.875,0.875,1.0,True
453,Full Ridge,0.999330313810727,0.0450056739999526,1.0,0.5,0.8333333333333334,True
453,Reduced Ridge,0.9992936218167221,0.042843720437985684,1.0,0.875,1.0,True
453,Parsimonious Ridge,0.9993326057581096,0.04846389836770367,0.875,0.6666666666666666,0.8333333333333334,True
453,Full LASSO,0.9992960481602694,0.034132252905118426,0.875,0.875,1.0,True
454,Full Ridge,0.9986730458090899,0.06707397640662663,0.875,1.0,1.0,True
454,Reduced Ridge,0.9988477130355197,0.06577732406075439,0.7647058823529411,0.5,0.6923076923076923,True
454,Parsimonious Ridge,0.9991359150009228,0.06904640569968756,0.7647058823529411,0.6666666666666666,0.6923076923076923,True
454,Full LASSO,0.9906886741042317,0.0731988593802486,0.875,0.7647058823529411,0.8333333333333334,False
455,Full Ridge,0.9990187131461372,0.053223700679081505,0.7647058823529411,0.5789473684210527,0.8333333333333334,True
455,Reduced Ridge,0.9989355987996946,0.0437635483445261,0.875,1.0,1.0,True
455,Parsimonious Ridge,0.9988425457359664,0.04900619743283119,0.875,0.5789473684210527,0.8333333333333334,True
455,Full LASSO,0.9915825480051225,0.06522170409170204,0.7647058823529411,0.875,0.8333333333333334,True
456,Full Ridge,0.9929148613847933,0.06834874684216204,1.0,0.5789473684210527,0.6923076923076923,True
456,Reduced Ridge,0.992949990687401,0.0668353927464247,1.0,0.5789473684210527,0.6923076923076923,True
456,Parsimonious Ridge,0.9931469731469819,0.070319956748687,0.875,0.5,0.6923076923076923,True
456,Full LASSO,0.9719283409167373,0.06994760649737063,0.875,0.875,0.8333333333333334,True
457,Full Ridge,0.9963060267318993,0.05206250098881387,0.875,0.5,0.6923076923076923,True
457,Reduced Ridge,0.9959765905494967,0.053435580783736523,0.875,0.5789473684210527,0.8333333333333334,True
457,Parsimonious Ridge,0.9993182498331411,0.05373409171732765,1.0,0.5,0.6923076923076923,True
457,Full LASSO,0.9914643576707641,0.07411096195861827,0.7647058823529411,1.0,0.6923076923076923,False
458,Full Ridge,0.933353566367014,0.07662847300735509,1.0,0.42857142857142855,0.5714285714285714,True
458,Reduced Ridge,0.9321800476354178,0.07635908176094576,1.0,0.42857142857142855,0.5714285714285714,True
458,Parsimonious Ridge,0.9310720994348454,0.0811938115528897,0.7647058823529411,0.6666666666666666,0.8333333333333334,True
458,Full LASSO,0.983817368804372,0.07683428903120407,0.875,0.7647058823529411,1.0,True
459,Full Ridge,0.9368386598850306,0.060625541953729295,0.7647058823529411,0.5,0.6923076923076923,True
459,Reduced Ridge,0.937014223054528,0.052652635920843904,0.875,0.5,0.6923076923076923,True
459,Parsimonious Ridge,0.9350850701068159,0.0569959896822037,0.875,0.6666666666666666,0.8333333333333334,True
459,Full LASSO,0.9649098543099393,0.07427709778849685,0.7647058823529411,1.0,0.8333333333333334,True
460,Full Ridge,0.9978544247117267,0.07225862261760696,0.7647058823529411,0.5789473684210527,0.8333333333333334,True
460,Reduced Ridge,0.9978597378624771,0.06940170673162763,0.7647058823529411,0.6666666666666666,0.8333333333333334,False
460,Parsimonious Ridge,0.9969903605485347,0.07287615325688777,0.875,0.5789473684210527,0.8333333333333334,False
460,Full LASSO,0.994386332406732,0.07426961990668586,0.875,0.875,0.6923076923076923,True
461,Full Ridge,0.9792495835062799,0.04589392118422809,0.875,0.42857142857142855,0.5714285714285714,True
461,Reduced Ridge,0.9797322884609138,0.03679353274230212,0.875,0.5789473684210527,0.6923076923076923,True
461,Parsimonious Ridge,0.985242630029624,0.036615014170179976,0.875,0.5789473684210527,0.8333333333333334,True
461,Full LASSO,0.9869984012435764,0.061560616037132795,0.7647058823529411,1.0,0.8333333333333334,True
462,Full Ridge,0.9610769827412821,0.050431020252430486,0.875,0.6666666666666666,0.8333333333333334,True
462,Reduced Ridge,0.9613283468614834,0.043832892161423935,0.875,0.6666666666666666,0.8333333333333334,True
462,Parsimonious Ridge,0.9611236759602286,0.04875241691860301,1.0,0.5789473684210527,0.8333333333333334,True
462,Full LASSO,0.9974549272608021,0.0359993839889396,0.875,0.875,1.0,True
463,Full Ridge,0.9988104793084971,0.07089570622936381,1.0,0.5789473684210527,0.8333333333333334,True
463,Reduced Ridge,0.9986117466345514,0.07162867252059427,1.0,1.0,1.0,True
463,Parsimonious Ridge,0.9984032627662875,0.07828069310925624,0.7647058823529411,0.6666666666666666,0.6923076923076923,True
463,Full LASSO,0.9982132142524869,0.06323075292729038,0.7647058823529411,0.875,1.0,True
464,Full Ridge,0.9787081005192282,0.04976194066868703,1.0,0.5,0.8333333333333334,True
464,Reduced Ridge,0.9790167633239912,0.045841445464068646,1.0,0.5,0.8333333333333334,True
464,Parsimonious Ridge,0.9788480759966414,0.05185922695701594,0.875,0.6666666666666666,0.6923076923076923,True
464,Full LASSO,0.9960833464201266,0.066444709547582,0.875,1.0,0.8333333333333334,True
465,Full Ridge,0.9598897539971615,0.06353391941346564,0.875,0.5789473684210527,0.8333333333333334,True
465,Reduced Ridge,0.9607887599399935,0.059565569363942916,0.875,0.5789473684210527,0.8333333333333334,True
465,Parsimonious Ridge,0.9631967840394453,0.06390445793467923,1.0,0.6666666666666666,0.6923076923076923,True
465,Full LASSO,0.9883431217370757,0.061988413297430184,0.875,0.6666666666666666,0.5714285714285714,True
466,Full Ridge,0.9958633683488026,0.045146527081907445,1.0,0.6666666666666666,0.8333333333333334,True
466,Reduced Ridge,0.9821392499302155,0.040308064953081306,1.0,0.42857142857142855,0.6923076923076923,True
466,Parsimonious Ridge,0.9709470874568159,0.04172547368469648,0.7647058823529411,0.6666666666666666,0.8333333333333334,True
466,Full LASSO,0.9973071055310059,0.03853983371531553,0.875,0.875,0.8333333333333334,True
467,Full Ridge,0.9529873877677644,0.05483746075090919,1.0,0.6666666666666666,0.8333333333333334,True
467,Reduced Ridge,0.9351385349884832,0.04227307661162268,1.0,0.6666666666666666,0.8333333333333334,True
467,Parsimonious Ridge,0.9366652219758334,0.05410266923504603,1.0,0.5,0.6923076923076923,True
467,Full LASSO,0.9869981990302265,0.06128359246236188,0.875,1.0,0.8333333333333334,True
468,Full Ridge,0.9993882792436183,0.04581240988525948,1.0,0.5,0.6923076923076923,True
468,Reduced Ridge,0.9994772484738287,0.045116190404545974,0.875,0.5789473684210527,0.6923076923076923,True
468,Parsimonious Ridge,0.9996455190834728,0.046803194237832815,0.875,0.875,1.0,True
468,Full LASSO,0.9990763633778259,0.0532510016492587,0.875,1.0,0.8333333333333334,True
469,Full Ridge,0.9657072165151228,0.06116305266844677,0.875,0.5789473684210527,0.8333333333333334,True
469,Reduced Ridge,0.9659646230420598,0.05654969939933724,0.875,0.5789473684210527,0.8333333333333334,False
469,Parsimonious Ridge,0.9683425809590305,0.06487270579524666,0.875,0.6666666666666666,0.8333333333333334,True
469,Full LASSO,0.9882564335993647,0.043569709035477924,0.875,1.0,0.8333333333333334,True
470,Full Ridge,0.9600942165395633,0.04709182237634146,1.0,0.5,0.6923076923076923,True
470,Reduced Ridge,0.9597284425732061,0.04460272528932987,1.0,0.5,0.6923076923076923,True
470,Parsimonious Ridge,0.9596987514366604,0.04616650795240354,1.0,0.5789473684210527,0.8333333333333334,True
470,Full LASSO,0.9872850944434916,0.0489040972091474,1.0,0.875,1.0,True
471,Full Ridge,0.9786104218889643,0.04671934733013139,1.0,0.5,0.8333333333333334,True
471,Reduced Ridge,0.9792493751474269,0.045499672015437115,1.0,0.875,1.0,True
471,Parsimonious Ridge,0.9790202220809504,0.0494051451944552,0.7647058823529411,0.5789473684210527,0.6923076923076923,True
471,Full LASSO,0.9962886665165513,0.04717532777327907,0.875,1.0,0.8333333333333334,True
472,Full Ridge,0.9623129466211081,0.039449892191679416,1.0,0.42857142857142855,0.5714285714285714,True
472,Reduced Ridge,0.9620776469684694,0.03564632036133186,0.875,0.5,0.6923076923076923,True
472,Parsimonious Ridge,0.9610273724983942,0.03821367013394204,0.875,0.5,0.8333333333333334,True
472,Full LASSO,0.9975258264775552,0.031193026204216028,1.0,0.875,1.0,True
473,Full Ridge,0.9297163083786867,0.07587115755921978,0.875,0.5789473684210527,0.8333333333333334,True
473,Reduced Ridge,0.9325813884579739,0.06749134145391206,0.7647058823529411,1.0,1.0,False
473,Parsimonious Ridge,0.9333604213732762,0.07115185668409242,0.875,0.6666666666666666,0.8333333333333334,True
473,Full LASSO,0.9823233443348466,0.07103172419598307,0.875,0.875,0.8333333333333334,True
474,Full Ridge,0.9963954751874714,0.055135922237716885,0.875,0.36363636363636365,0.5714285714285714,True
474,Reduced Ridge,0.9773435583912454,0.043866768002291126,0.875,0.36363636363636365,0.5714285714285714,True
474,Parsimonious Ridge,0.997448812532685,0.04550844450664156,0.7647058823529411,0.5789473684210527,0.8333333333333334,True
474,Full LASSO,0.9980981651104934,0.05278454266422469,0.875,1.0,0.8333333333333334,True
475,Full Ridge,0.9986422295347384,0.05009351416016989,0.875,0.5789473684210527,0.8333333333333334,True
475,Reduced Ridge,0.9988948646439425,0.04117295555459684,1.0,0.875,1.0,True
475,Parsimonious Ridge,0.9989827087363471,0.042895513766249636,0.7647058823529411,0.6666666666666666,0.6923076923076923,True
475,Full LASSO,0.9986748748160869,0.0638428506636546,0.875,1.0,0.8333333333333334,True
476,Full Ridge,0.9350792360589332,0.04607308465994534,1.0,1.0,1.0,True
476,Reduced Ridge,0.9341445174087051,0.04203388842177053,1.0,1.0,1.0,True
476,Parsimonious Ridge,0.9395391573063709,0.046384543848717485,0.7647058823529411,0.6666666666666666,0.6923076923076923,True
476,Full LASSO,0.9878488572170399,0.04469800213850992,0.875,1.0,0.8333333333333334,True
477,Full Ridge,0.9179110916522464,0.05108131420764363,0.875,0.5789473684210527,0.8333333333333334,True
477,Reduced Ridge,0.9176226396562197,0.03799708640724081,1.0,0.5,0.6923076923076923,True
477,Parsimonious Ridge,0.9152135529266179,0.0432471314809457,0.875,0.6666666666666666,0.8333333333333334,True
477,Full LASSO,0.9815190073648007,0.08987742006964222,0.7647058823529411,0.875,1.0,True
478,Full Ridge,0.9621850559571662,0.05810853875599732,0.875,0.5789473684210527,0.8333333333333334,True
478,Reduced Ridge,0.9609448415567398,0.05666582409031815,0.875,0.5,0.6923076923076923,True
478,Parsimonious Ridge,0.9575071913495405,0.05906927038160835,0.7647058823529411,0.7647058823529411,1.0,True
478,Full LASSO,0.9874421905062615,0.06042850800023827,0.875,0.875,0.8333333333333334,True
479,Full Ridge,0.9853793134371603,0.0744662651858734,0.875,0.5,0.6923076923076923,True
479,Reduced Ridge,0.9902256986850535,0.06900953642331291,0.875,0.5,0.6923076923076923,True
479,Parsimonious Ridge,0.9838963193012745,0.07182040596111536,1.0,0.5789473684210527,0.8333333333333334,True
479,Full LASSO,0.988340497127471,0.05722742776656461,0.875,0.875,0.6923076923076923,True
480,Full Ridge,0.9945266629635744,0.06630701854337866,0.875,0.6666666666666666,0.8333333333333334,True
480,Reduced Ridge,0.9951553024588158,0.06169128181627902,0.875,0.6666666666666666,0.8333333333333334,True
480,Parsimonious Ridge,0.9948461187569203,0.06561966024466181,1.0,0.5789473684210527,0.6923076923076923,True
480,Full LASSO,0.9967158913523678,0.06124945607769156,0.875,0.875,0.8333333333333334,True
481,Full Ridge,0.9985845349683559,0.06091352126501412,1.0,0.5,0.6923076923076923,True
481,Reduced Ridge,0.998621956218346,0.06018251235975082,0.875,0.6666666666666666,0.6923076923076923,True
481,Parsimonious Ridge,0.9983848855154572,0.06464814719921888,0.7647058823529411,0.6666666666666666,0.8333333333333334,True
481,Full LASSO,0.9975116150492532,0.04758536527970874,0.875,0.875,1.0,True
482,Full Ridge,0.9735719089427641,0.06583168184472349,0.875,0.5789473684210527,0.6923076923076923,True
482,Reduced Ridge,0.9744407236878033,0.06071486756556143,0.875,0.5789473684210527,0.8333333333333334,True
482,Parsimonious Ridge,0.9734711257655911,0.0605213797149595,0.875,0.6666666666666666,0.8333333333333334,True
482,Full LASSO,0.9866482199592993,0.0754268951802724,0.875,1.0,0.8333333333333334,True
483,Full Ridge,0.9551600288710361,0.04906163355930529,1.0,0.5789473684210527,0.6923076923076923,True
483,Reduced Ridge,0.9556962195432229,0.045245778830142025,1.0,0.5,0.5714285714285714,True
483,Parsimonious Ridge,0.9594462205068826,0.048575788534411635,0.875,0.5789473684210527,0.8333333333333334,True
483,Full LASSO,0.9864560858690075,0.06096646714142469,1.0,0.875,0.6923076923076923,True
484,Full Ridge,0.9969194977026459,0.06572326500807953,0.875,0.5789473684210527,0.8333333333333334,True
484,Reduced Ridge,0.9967888358659596,0.06233466093399844,0.875,0.5,0.8333333333333334,True
484,Parsimonious Ridge,0.9971115212215264,0.07032302123174483,1.0,0.5789473684210527,0.8333333333333334,True
484,Full LASSO,0.9906525970691582,0.03542500400628734,0.875,1.0,0.8333333333333334,True
485,Full Ridge,0.9552228490652012,0.05751100432167446,1.0,0.5,0.6923076923076923,True
485,Reduced Ridge,0.9583919455468306,0.04188425410503513,0.875,0.5789473684210527,0.6923076923076923,True
485,Parsimonious Ridge,0.9573871349784696,0.03718497907753273,1.0,0.6666666666666666,0.8333333333333334,True
485,Full LASSO,0.985972976878563,0.06905538198140439,0.875,0.875,1.0,True
486,Full Ridge,0.996474068146805,0.05223219383909758,1.0,0.42857142857142855,0.6923076923076923,True
486,Reduced Ridge,0.9970211768228864,0.046997427389133234,1.0,0.5,0.6923076923076923,True
486,Parsimonious Ridge,0.9991682939666714,0.05366313491267908,0.875,0.6666666666666666,0.8333333333333334,True
486,Full LASSO,0.9987487856809852,0.057586868574239135,0.875,0.875,0.6923076923076923,True
487,Full Ridge,0.9984275990803124,0.046981726476732204,1.0,0.5789473684210527,0.8333333333333334,True
487,Reduced Ridge,0.9862319386993252,0.04406607572089417,1.0,0.5,0.8333333333333334,True
487,Parsimonious Ridge,0.9716082100972325,0.03983730636281647,1.0,0.6666666666666666,0.8333333333333334,True
487,Full LASSO,0.9980309467970291,0.053728058274082766,0.875,0.875,0.8333333333333334,True
488,Full Ridge,0.9948844776217487,0.04898927667082218,0.875,0.5789473684210527,0.8333333333333334,True
488,Reduced Ridge,0.9976826120015826,0.03962577744269208,0.875,0.5789473684210527,0.8333333333333334,True
488,Parsimonious Ridge,0.9980334883099536,0.04606840793470921,1.0,0.7647058823529411,1.0,True
488,Full LASSO,0.9886282257457415,0.054121563025017465,1.0,0.875,1.0,True
489,Full Ridge,0.9796388603512503,0.05509042581975312,0.875,1.0,1.0,True
489,Reduced Ridge,0.9813452776851566,0.04441516967635296,0.875,1.0,1.0,True
489,Parsimonious Ridge,0.9855265398026563,0.05005305867717632,0.875,0.6666666666666666,0.6923076923076923,True
489,Full LASSO,0.9887718349576301,0.05365394031536266,0.7647058823529411,1.0,0.8333333333333334,True
490,Full Ridge,0.9596836245839362,0.04245869282709825,1.0,0.5789473684210527,0.8333333333333334,True
490,Reduced Ridge,0.9597135032434494,0.03785417714767306,1.0,0.5789473684210527,0.8333333333333334,True
490,Parsimonious Ridge,0.9599279461749077,0.04060670316833567,1.0,0.5,0.6923076923076923,True
490,Full LASSO,0.9877993114222058,0.0492058141523218,1.0,0.875,1.0,True
491,Full Ridge,0.9311001028646821,0.07388471169415052,1.0,0.5789473684210527,0.8333333333333334,True
491,Reduced Ridge,0.9316650887303469,0.07300374676343088,0.875,1.0,1.0,True
491,Parsimonious Ridge,0.9339636202525722,0.07555127414539134,0.7647058823529411,0.6666666666666666,0.6923076923076923,True
491,Full LASSO,0.9856471751090712,0.08152187015208323,0.7647058823529411,0.875,1.0,True
492,Full Ridge,0.9951425092252445,0.056743166203923924,0.875,1.0,1.0,True
492,Reduced Ridge,0.9957203091603658,0.04919888800378152,0.7647058823529411,1.0,1.0,True
492,Parsimonious Ridge,0.9966103348366355,0.050251424843132476,0.875,0.7647058823529411,0.6923076923076923,True
492,Full LASSO,0.9984790549439755,0.05208285193546146,0.875,0.875,0.8333333333333334,False
493,Full Ridge,0.9972274729231942,0.041215199912976515,1.0,0.5789473684210527,0.8333333333333334,True
493,Reduced Ridge,0.9972431831807067,0.036647868250195316,1.0,0.6666666666666666,0.8333333333333334,True
493,Parsimonious Ridge,0.9972167841140377,0.041010799392496494,0.7647058823529411,0.6666666666666666,0.8333333333333334,True
493,Full LASSO,0.9984396525474084,0.02861258220605805,0.875,1.0,0.8333333333333334,True
494,Full Ridge,0.9967118472697938,0.06593509002221581,0.875,0.5789473684210527,0.8333333333333334,True
494,Reduced Ridge,0.996876179897117,0.06209694929967773,0.875,0.5,0.8333333333333334,True
494,Parsimonious Ridge,0.9965915825398699,0.0647937546972408,0.875,0.6666666666666666,0.8333333333333334,True
494,Full LASSO,0.9909765165585591,0.038716058400634516,1.0,0.875,0.6923076923076923,True
495,Full Ridge,0.9725130709238325,0.053985360133919254,1.0,0.5789473684210527,0.8333333333333334,True
495,Reduced Ridge,0.9723289233695936,0.05460059701529905,0.875,0.6666666666666666,0.8333333333333334,True
495,Parsimonious Ridge,0.971889932102309,0.059152657642485805,1.0,0.5789473684210527,0.8333333333333334,True
495,Full LASSO,0.9855611967373687,0.0585967447930851,1.0,0.875,0.8333333333333334,True
496,Full Ridge,0.9636179814606877,0.04943862998086065,1.0,0.5,0.8333333333333334,True
496,Reduced Ridge,0.9633964334923437,0.049781454537058754,1.0,0.5,0.6923076923076923,True
496,Parsimonious Ridge,0.9655308199102136,0.04909769786117796,0.875,0.7647058823529411,0.8333333333333334,True
496,Full LASSO,0.9937078168067568,0.0633677716083299,0.875,1.0,0.8333333333333334,True
497,Full Ridge,0.9953664741562827,0.05452248408244822,0.875,1.0,1.0,True
497,Reduced Ridge,0.9953425962317343,0.050398642907969006,0.875,1.0,1.0,True
497,Parsimonious Ridge,0.9986154762580194,0.05399488786581627,0.875,0.6666666666666666,0.8333333333333334,True
497,Full LASSO,0.9987366175982744,0.04044960940218677,0.875,0.875,0.8333333333333334,True
498,Full Ridge,0.9953614735438118,0.05530728908317158,1.0,0.5,0.6923076923076923,True
498,Reduced Ridge,0.9955334529410383,0.04602438491441203,0.875,0.5789473684210527,0.6923076923076923,True
498,Parsimonious Ridge,0.9966545069134615,0.044960632079945446,0.875,0.7647058823529411,1.0,True
498,Full LASSO,0.9964925972994498,0.06085996574329109,1.0,1.0,0.8333333333333334,True
499,Full Ridge,0.9975638266195146,0.050918676318254696,0.875,0.6666666666666666,0.8333333333333334,True
499,Reduced Ridge,0.9976377106687713,0.04798275786376244,0.875,0.5789473684210527,0.8333333333333334,True
499,Parsimonious Ridge,0.9985755963735643,0.04664450622209095,1.0,1.0,1.0,True
499,Full LASSO,0.9970596489100283,0.07171926302375964,0.7647058823529411,0.7647058823529411,0.8333333333333334,True
500,Full Ridge,0.9762569878089861,0.05098652825775294,1.0,0.5789473684210527,0.8333333333333334,True
500,Reduced Ridge,0.9782254789081355,0.051731526293710695,0.875,0.5,0.6923076923076923,True
500,Parsimonious Ridge,0.9788573271297124,0.05763858438255905,0.875,0.5789473684210527,0.6923076923076923,True
500,Full LASSO,0.9871816192176965,0.06019159623324796,0.7647058823529411,1.0,0.8333333333333334,True
