model,name,position,reference_cost,bootstrap_mean_cost,bootstrap_sd_cost,absolute_cv
Full Ridge,Aaron Connolly,FWD,0.199570451271094,0.1965032948316294,0.03328578705909458,0.16939047809663932
Full Ridge,Aaron Cresswell,DEF,0.19573171441526566,0.19586188494120757,0.019141684196244024,0.09773052169895045
Full Ridge,Aaron Hickey,DEF,0.14377396822948552,0.1438703246014839,0.019536706016780134,0.1357938551323643
Full Ridge,Aaron Ramsdale,GK,0.11066856472398427,0.1086286280206132,0.05254977231404769,0.4837562001066232
Full Ridge,Aaron Ramsey,MID,1.0139487593945982,1.013543223344697,0.04196928969848595,0.0414084853332521
Full Ridge,Aaron Wan-Bissaka,DEF,0.3287877735061356,0.32807569300283795,0.02140944709754267,0.06525764497084358
Full Ridge,Abdoulaye Doucouré,MID,1.6119001610385981,1.6081539516009928,0.06398635920195592,0.039788702529539845
Full Ridge,Abdul Rahman Baba,DEF,0.13912041565716407,0.13922179149659086,0.019911664323735537,0.14302117584963786
Full Ridge,Adam Davies,GK,0.03536833254977563,0.03657089109454398,0.013078394896053863,0.35761761621403404
Full Ridge,Adam Lallana,MID,0.7125903989705793,0.7138797874518087,0.02086673466106107,0.029230039886049726
Full Ridge,Adam Smith,DEF,1.7142869697322531,1.7149558573559915,0.061768929580535814,0.036017795627560446
Full Ridge,Adam Webster,DEF,0.658677168864011,0.6523738767658372,0.03185373077847253,0.04882741616875946
Full Ridge,Adam Wharton,MID,2.434949842425003,2.4383420433239538,0.07259191213865587,0.02977101278198788
Full Ridge,Adama Traoré,MID,1.104382911828629,1.103945314495991,0.052750067582641565,0.04778322521050306
Full Ridge,Ademola Ola-Adebomi,FWD,0.19968687410739783,0.19663951745736666,0.03327415607028693,0.16921398353970782
Full Ridge,Admiral Muskwe,FWD,0.2003264254591029,0.1973878359762157,0.03321160217414153,0.16825556655954912
Full Ridge,Adrián San Miguel del Castillo,GK,0.036402024300780024,0.03755550993450675,0.013087689486832872,0.3484891966493482
Full Ridge,Aidan Francis-Clarke,DEF,0.13920798195896467,0.139310257104429,0.01987450638434434,0.14266362576192881
Full Ridge,Albert Sambi Lokonga,MID,3.2185596637930907,3.2243243898746314,0.10225842666877737,0.0317146832340754
Full Ridge,Alejandro Garnacho,MID,4.654752874561325,4.64904454301293,0.10505865860460965,0.022597903210564586
Full Ridge,Alejo Véliz,FWD,0.30929374780546987,0.3064014668373823,0.032819049339574136,0.10711126705210039
Full Ridge,Aleksandar Mitrović,FWD,0.2113002835349514,0.21022092094024655,0.032502822402228515,0.15461269152877108
Full Ridge,Alex Iwobi,MID,2.820077686661097,2.820452844245213,0.058205397678160686,0.020636898006262238
Full Ridge,Alex Matos,MID,0.15944520427921843,0.15980619680611732,0.01681394593455259,0.10521460538199202
Full Ridge,Alex Mighten,MID,0.159524488254753,0.1598831327935489,0.0168052069094709,0.10510931713585343
Full Ridge,Alex Murphy,DEF,0.14219391951635532,0.14232099695120368,0.019192699317676754,0.1348550089503461
Full Ridge,Alex Scott,MID,1.338559773698043,1.3383656272521303,0.03822457408922872,0.028560636429156978
Full Ridge,Alex Telles,DEF,0.13913656889619067,0.1392381106294041,0.01990474729019152,0.14295473559799987
Full Ridge,Alexander Isak,FWD,1.852136272862698,1.8867046687755962,0.139309987129568,0.07383772851952244
Full Ridge,Alexandre Moreno Lopera,DEF,2.211263377346648,2.2082388081590345,0.04737845436047631,0.02145531279743009
Full Ridge,Alexis Mac Allister,MID,5.423198113718911,5.425616061937328,0.1070646227435648,0.019733173435301128
Full Ridge,Alfie Dorrington,DEF,0.13922816282024875,0.13933064522318567,0.019866060976124544,0.14258213578428675
Full Ridge,Alfie Doughty,DEF,4.0506552323239085,4.057335924161242,0.1435535052259915,0.0353812225335194
Full Ridge,Alfie Gilchrist,DEF,0.33707714655347937,0.33989089724497135,0.020249945555250393,0.059577781339214694
Full Ridge,Alfie Whiteman,GK,0.03580079468945022,0.03698282276554782,0.013076709667280065,0.3535887390256746
Full Ridge,Alisson Ramses Becker,GK,1.4163166081040233,1.4134108983429619,0.11679751735165035,0.082635217747776
Full Ridge,Allan Campbell,MID,0.15946987751932268,0.15982935217763017,0.016808267069871864,0.10516383155449191
Full Ridge,Allan Saint-Maximin,MID,0.15968852088053187,0.16004467201428452,0.01679620927773822,0.1049470067722036
Full Ridge,Alphonse Areola,GK,3.1040827422398927,3.0905010597991454,0.26341764428153036,0.0852346073289003
Full Ridge,Altay Bayindir,GK,0.034388102514972,0.03563719595880612,0.01311186335665029,0.36792634784753
Full Ridge,Amad Diallo,MID,0.4089298160798136,0.40967989239324837,0.022776600925455626,0.055596091847223375
Full Ridge,Amadou Diallo,MID,0.15994043062959323,0.16030143084878565,0.016813974988453297,0.10488973741172736
Full Ridge,Amadou Onana,MID,1.575621126164411,1.5751567037968806,0.04831551521375782,0.030673465755689154
Full Ridge,Amari'i Bell,DEF,2.703237888521606,2.7171787990422667,0.11366173927511114,0.04183079130279314
Full Ridge,Ameen Al-Dakhil,DEF,0.5457539006235902,0.5428100853551586,0.04641878703081944,0.08551570481681046
Full Ridge,Anass Zaroury,MID,0.19696672968857196,0.1973983353440606,0.01675276817363019,0.08486782902414307
Full Ridge,Andi Zeqiri,FWD,0.20723799023913236,0.2054748361918041,0.03268314683916934,0.15906155442148975
Full Ridge,Andre Brooks,MID,0.6895734382953788,0.6902322982544191,0.022912368466536652,0.03319515549255154
Full Ridge,Andreas Hoelgebaum Pereira,MID,3.2713199373496225,3.276766288458152,0.11751781065090913,0.03586395864265495
Full Ridge,Andrew Omobamidele,DEF,0.7057395542813252,0.7124380078419924,0.03226637440982976,0.04529008005561929
Full Ridge,Andrew Robertson,DEF,2.7762426303790653,2.7783907660753315,0.14753688001017834,0.0531015585754283
Full Ridge,Andrey Nascimento dos Santos,MID,0.1611397672441851,0.16147793092008098,0.016742864315402756,0.10368515511688821
Full Ridge,Andros Townsend,MID,1.511028859006895,1.5133690163845357,0.07190451889870246,0.04751287896093154
Full Ridge,André Onana,GK,3.1072194990216997,3.0382235145440957,0.1449358197975611,0.047704133387075576
Full Ridge,André Tavares Gomes,MID,0.26204380500854657,0.2624055329768166,0.016570862723659367,0.06314982209282681
Full Ridge,Andy Lonergan,GK,0.03412178604466246,0.03538352244946031,0.013128034723049131,0.3710211367961012
Full Ridge,Anel Ahmedhodžić,DEF,1.6520418591571728,1.650163537780003,0.10465267751309366,0.06341957940355714
Full Ridge,Angelo Ogbonna,DEF,0.3030864826709303,0.3039351133687773,0.0181445416979873,0.0596987346966119
Full Ridge,Anis Slimane,MID,0.3417391633516754,0.34187867060053695,0.01746106429254697,0.051073862729942264
Full Ridge,Anssumane Fati Vieira,MID,1.040154851117249,1.0398880216733446,0.04193733840286324,0.040328706099892773
Full Ridge,Anthony Elanga,MID,3.7282914962387146,3.724513372519032,0.15011333180490133,0.040304146284585333
Full Ridge,Anthony Gordon,MID,3.9962649019824235,3.988568992143837,0.15890935222604147,0.03984119430779319
Full Ridge,Anthony Knockaert,MID,0.1596835558675255,0.1600397824727789,0.016796477345272082,0.10495188812274842
Full Ridge,Anthony Martial,FWD,0.2312314435904064,0.22899980141150092,0.03242940717290383,0.14161325456623364
Full Ridge,Antoine Semenyo,FWD,2.6664595071943924,2.6601047228836934,0.11315502114354851,0.04253780694050365
Full Ridge,Antonee Robinson,DEF,3.1435444233240677,3.1384803085992936,0.07909520287328287,0.025201752152647125
Full Ridge,Antony Matheus dos Santos,MID,0.5402381559186386,0.5405544327776186,0.016525482635986834,0.030571357173173594
Full Ridge,Antwoine Hackford,FWD,0.2005508751297996,0.1976469270519987,0.033192105746111006,0.16793636127405376
Full Ridge,Aribim Pepple,FWD,0.20024220402081397,0.1972892911732256,0.0332197099851193,0.16838070524543294
Full Ridge,Arijanet Muric,GK,0.03493003756168685,0.03615340348054857,0.013088282217913798,0.36202074930388284
Full Ridge,Armando Broja,FWD,0.5343219073786798,0.5314485680871638,0.03059855889275042,0.0575757669324116
Full Ridge,Arnaut Danjuma Groeneveld,MID,0.4820482745361347,0.4822194647301282,0.01878377617363013,0.03895275397923304
Full Ridge,Ashley Phillips,DEF,0.1395493289045751,0.13965510968363062,0.019737667679176486,0.14133151106242692
Full Ridge,Ashley Young,DEF,1.691469163229304,1.684944031266818,0.035487011676383406,0.021061240621566907
Full Ridge,Auston Trusty,DEF,1.340961148942521,1.3408111529603024,0.04286351902585538,0.031968349108089836
Full Ridge,Axel Disasi,DEF,1.9825090882928171,1.9828843354663124,0.07371082935814038,0.037173539595695027
Full Ridge,Aymeric Laporte,DEF,0.13979879871195186,0.13990608370885638,0.01966338749788647,0.14054705111184335
Full Ridge,Bailey Peacock-Farrell,GK,0.03351201314753312,0.034802697573931486,0.013176361026928205,0.37860171611518384
Full Ridge,Bart Verbruggen,GK,2.1134540187779587,2.110840792212853,0.14950184262247948,0.07082573123184366
Full Ridge,Bashir Humphreys,DEF,0.13915944305962116,0.13926121971052377,0.01989500062927984,0.14286102527778163
Full Ridge,Ben Brereton,MID,1.305721968545591,1.3033035620049802,0.035644287825690193,0.027349183156421073
Full Ridge,Ben Chilwell,DEF,1.7546034717609815,1.7548764784601776,0.0468594063482087,0.026702395822938856
Full Ridge,Ben Davies,DEF,1.4889694450375828,1.4841733198564266,0.1365811908367819,0.09202509505425839
Full Ridge,Ben Doak,MID,0.15977189135927375,0.1601271395128244,0.016792854287140578,0.10487200569642136
Full Ridge,Ben Godfrey,DEF,2.0508216875637526,2.0375284886058234,0.06988876151693114,0.03430075304848987
Full Ridge,Ben Greenwood,DEF,0.1401097560488891,0.14022129241547168,0.019541192080519257,0.13935966317169052
Full Ridge,Ben Jackson,DEF,0.1392819854311309,0.13938502059235408,0.019843754131068,0.1423664755849419
Full Ridge,Ben Johnson,DEF,0.8658327166633186,0.8760482438433707,0.046342223201839734,0.05289916797107957
Full Ridge,Ben Mee,DEF,2.2385984634768956,2.238923960490919,0.12808682787000883,0.05720910139436973
Full Ridge,Ben Osborn,MID,1.4195635233182005,1.4207271818168163,0.04522617382892783,0.03183311645455597
Full Ridge,Ben Parkinson,FWD,0.20354610078787064,0.20053402190684974,0.033132017486708056,0.16521893478054434
Full Ridge,Ben Pearson,MID,0.15927311362416985,0.15963557922459184,0.016819560194869382,0.1053622273716681
Full Ridge,Bendegúz Bolla,DEF,0.14154782616588957,0.14167413151451108,0.019203578980539825,0.13554753274469789
Full Ridge,Benicio Baker-Boaitey,MID,0.24118137955823854,0.24167980287138566,0.016685567965169686,0.0690399767251102
Full Ridge,Benjamin Fredrick,DEF,0.1391339477183844,0.13923546253209826,0.019905867793160607,0.14296550197168098
Full Ridge,Benjamin White,DEF,2.880926052233626,2.8648316150442428,0.13065438687599332,0.04560630586100802
Full Ridge,Benoît Badiashile,DEF,0.5076188291413187,0.5112433441935821,0.021757940338308784,0.042558872571004366
Full Ridge,Bernardo Veiga de Carvalho e Silva,MID,3.3364132650763265,3.3395457166942624,0.11138520007681696,0.033353398793137215
Full Ridge,Bernd Leno,GK,2.917400969529007,2.9161948473516346,0.11567547120556741,0.039666578284581706
Full Ridge,Bertrand Traoré,MID,0.15975336958433856,0.1601126312235658,0.016803942639159884,0.10495076191519508
Full Ridge,Billy Blacker,FWD,0.19928865994587466,0.19617357984228534,0.03331424870815134,0.16982026190751315
Full Ridge,Billy Gilmour,MID,1.8149029140563595,1.8142125861792833,0.0815357952743065,0.04494280102312608
Full Ridge,Bobby Clark,MID,0.4829995382338585,0.4833843306054065,0.021293496138248075,0.04405086137479756
Full Ridge,Bobby De Cordova-Reid,MID,2.2997038455565635,2.300597319843468,0.03317096151167825,0.014418412655516435
Full Ridge,Bobby Thomas,DEF,0.13916700668683363,0.13926886101619787,0.019891790258883272,0.14283013527747404
Full Ridge,Boubacar Kamara,MID,0.9252220780321796,0.9259603243203781,0.031125604835400403,0.033614404438165844
Full Ridge,Boubacar Traoré,MID,0.3072806986605504,0.3079869461273658,0.01957324484887945,0.06355218977620264
Full Ridge,Bradley Ibrahim,MID,0.15932330626592434,0.15968500890479823,0.016816639694904777,0.10531132390098435
Full Ridge,Braian Ojeda Rodríguez,MID,0.15928987833864056,0.15965208910424883,0.016818581701737865,0.10534520278501179
Full Ridge,Brandon Aguilera Zamora,MID,0.1739560357851931,0.17431772605600312,0.01681659257586084,0.09647092671721846
Full Ridge,Brandon Austin,GK,0.03570045883593871,0.03688725020090742,0.013076386058953534,0.3544960924908373
Full Ridge,Brandon Williams,DEF,0.13948703533988108,0.13959217636394328,0.019761681816135745,0.14156725921811902
Full Ridge,Brennan Johnson,MID,2.6623788376335575,2.658312824255632,0.07463453613096403,0.028075904178757754
Full Ridge,Bruno Borges Fernandes,MID,4.166843666930845,4.163084456698903,0.10533855293736132,0.025303006468643443
Full Ridge,Bruno Cavaco Jordão,MID,0.16210939272690839,0.16242874499797683,0.01669754071760179,0.10279917337174385
Full Ridge,Bruno Guimarães Rodriguez Moura,MID,4.16761198603224,4.176455942981962,0.1266367552455353,0.03032158293405042
Full Ridge,Bryan Gil Salvatierra,MID,0.39817415471332124,0.39890458225153164,0.024985601328790717,0.06263553350970508
Full Ridge,Bryan Mbeumo,MID,0.338992505194917,0.3376037193372238,0.04626628471141221,0.1370431723982223
Full Ridge,Bukayo Saka,MID,8.553246033409394,8.5378919602257,0.35416218535141536,0.04148122124305413
Full Ridge,Bénie Traoré,FWD,0.2063951882734526,0.20338391551284346,0.03313406318782004,0.16291388187837139
Full Ridge,CJ Egan-Riley,DEF,0.14029839490604967,0.14041186859394952,0.019483096457938005,0.13875676360579073
Full Ridge,Callum Hudson-Odoi,MID,4.369773014714318,4.3676638908721515,0.07469888693149689,0.01710270954860053
Full Ridge,Callum Marshall,FWD,0.19927818072922993,0.19616131844707851,0.033315315582757334,0.16983631557179468
Full Ridge,Callum Scanlon,DEF,0.1392143180121649,0.13931665822890413,0.019871850058719373,0.14263800403587734
Full Ridge,Callum Wilson,FWD,0.7362603152030507,0.7419941046748393,0.044557631079720966,0.06005119285852986
Full Ridge,Calum Chambers,DEF,0.32642010240374475,0.3344643026264602,0.031396681165031845,0.09387154598706637
Full Ridge,Calvin Bassey,DEF,2.1580637501148514,2.151537353476098,0.05205071254357356,0.024192335057292236
Full Ridge,Cameron Archer,FWD,1.3283337858278834,1.343390468592694,0.05305477937317136,0.03949319324019796
Full Ridge,Cameron Peupion,MID,0.15927042941994932,0.15963293582206148,0.016819717143435577,0.10536495527579635
Full Ridge,Caoimhin Kelleher,GK,2.59094575398312,2.509369635500532,0.15733888350185118,0.06270056084043893
Full Ridge,Carlos Baleba,MID,0.3278986315661224,0.32849521263151604,0.01747663151299023,0.053202088922356214
Full Ridge,Carlos Henrique Casimiro,MID,1.8448177743507062,1.8423328383169253,0.06608385158304893,0.035869659492917816
Full Ridge,Carlos Mendes Gomes,MID,0.15937068435559493,0.15973166681598483,0.016813907917389403,0.10526345997978896
Full Ridge,Carlos Vinícius Alves Morais,FWD,0.26165133906332316,0.2619951485083931,0.03233149276823525,0.12340492926035804
Full Ridge,Carlton Morris,FWD,5.847341372941058,5.850401286946783,0.21549209357553736,0.0368337286634228
Full Ridge,Carney Chukwuemeka,MID,0.5466925635797633,0.5473641054757429,0.02864471796743453,0.0523321088848855
Full Ridge,Cauley Woodrow,FWD,1.7066284901459654,1.7030359578800414,0.11650862652068333,0.06841231154374133
Full Ridge,Cesare Casadei,MID,0.5178008404826866,0.5189436100541057,0.024649760030878032,0.04749988159273802
Full Ridge,Charles Sagoe,MID,0.1593227628829943,0.15968447378165027,0.016816671166467297,0.10531187389866166
Full Ridge,Charlie Goode,DEF,0.14030293703753452,0.14041645737313102,0.01948174814269441,0.13874262680566873
Full Ridge,Charlie Taylor,DEF,0.856521193111526,0.861755939034338,0.04626478226403924,0.05368664162138806
Full Ridge,Cheick Doucouré,MID,0.16713024548169828,0.16748682226504422,0.01675652858243319,0.10004684760163611
Full Ridge,Cheikhou Kouyaté,MID,0.19073965763053033,0.19107159259665105,0.016597168723676274,0.08686361221007155
Full Ridge,Chiedozie Ogbene,FWD,5.845516351046007,5.832004748019691,0.23149617306573467,0.03969409886786208
Full Ridge,Chris Basham,DEF,0.14220756791744185,0.1423334417147713,0.01919619075286031,0.13486774802599422
Full Ridge,Chris Mepham,DEF,0.19669591726550148,0.1967503927729328,0.018747579259575257,0.09528610843085639
Full Ridge,Chris Richards,DEF,3.5794360669231295,3.560849449239127,0.09391235463667524,0.026373581915051812
Full Ridge,Chris Wood,FWD,0.8879304465632887,0.8863870493757939,0.03016333938661954,0.03402953530047735
Full Ridge,Christian Eriksen,MID,1.2230710283116648,1.2333488073892496,0.1308659631030788,0.10610620638624982
Full Ridge,Christian Nørgaard,MID,3.443199755075717,3.4413242964135966,0.08109254557173233,0.023564342847968024
Full Ridge,Christian Pulisic,MID,0.15931851134600397,0.15968028687085056,0.0168169175163377,0.10531617800724033
Full Ridge,Christopher Nkunku,FWD,1.620507943208095,1.6223904355718965,0.0631847986585316,0.038945495038164975
Full Ridge,Clément Lenglet,DEF,2.0451922495717603,2.0460339953276594,0.06232520391042223,0.030461470363028473
Full Ridge,Cody Gakpo,FWD,4.636272884923695,4.632951413314571,0.12831359350646313,0.027695864268661347
Full Ridge,Cole Palmer,MID,5.1911104007002695,5.188574254943068,0.20600914392913555,0.039704383864772506
Full Ridge,Connor Roberts,DEF,0.19310256155612757,0.19422198994855286,0.01900402676565339,0.09784693674844613
Full Ridge,Conor Bradley,DEF,3.3082679709507667,3.2889833961371657,0.13040645103904033,0.03964947077330937
Full Ridge,Conor Coventry,MID,0.1604416632131349,0.16078636608236235,0.016758646909856248,0.10422927837843962
Full Ridge,Conor Gallagher,MID,3.939340272947865,3.9378875134528095,0.06671299584538225,0.01694131577336172
Full Ridge,Craig Dawson,DEF,3.0704454005926207,3.05830836912712,0.08476224600118777,0.027715402036250517
Full Ridge,Cristian Romero,DEF,1.8735893917943494,1.8721334563743874,0.07657513737637435,0.04090260612332165
Full Ridge,Curtis Jones,MID,2.244830237518359,2.244223930061731,0.061707958795140364,0.027496346495798654
Full Ridge,Cédric Alves Soares,DEF,0.2778462978656554,0.2788551037413595,0.018899900934153568,0.06777677969876207
Full Ridge,César Azpilicueta,DEF,0.13911267269516348,0.13921396901436003,0.019914989977573794,0.14305310105424512
Full Ridge,Daiki Hashioka,DEF,0.1391202779915696,0.13922165241717055,0.019911723395383253,0.1430217430239859
Full Ridge,Dan Burn,DEF,1.9874146429198858,1.99134498040915,0.05359567394596168,0.026914308908419116
Full Ridge,Dan Potts,DEF,0.13963427349680493,0.13974092665693724,0.019705616700703955,0.14101535729100376
Full Ridge,Dane Scarlett,FWD,0.20168363414943524,0.19897586232345185,0.033086407404752695,0.16628352312889078
Full Ridge,Dango Ouattara,MID,0.8680448024143563,0.8678719446705285,0.03887881404498287,0.04479786941349105
Full Ridge,Daniel Bentley,GK,0.0872922660147901,0.0880892057830946,0.014598821687572585,0.16572770247832427
Full Ridge,Daniel Castelo Podence,MID,0.15990131092161133,0.1602542275051691,0.016784971690616702,0.10473964994199789
Full Ridge,Daniel Gore,MID,0.1666767805855459,0.1670335067769082,0.01682159400821229,0.10070790186234549
Full Ridge,Daniel Jebbison,FWD,0.19949802993096794,0.19641855694493476,0.033293059955505785,0.16950058321037037
Full Ridge,Daniel Muñoz,DEF,2.3756821854561485,2.359289683813007,0.07910473680733238,0.03352904789524866
Full Ridge,Danilo dos Santos de Oliveira,MID,2.201569573106892,2.202178556630695,0.057197903953458445,0.0259733270861426
Full Ridge,Danny Ings,FWD,0.6388208287363591,0.6372834008841196,0.03133356519219083,0.049167395775130775
Full Ridge,Danny Welbeck,FWD,2.95078868371783,2.941184428531948,0.09437503639410376,0.03208742555502028
Full Ridge,Dara Costelloe,MID,0.15939676621056487,0.15975735220940696,0.016812414409018192,0.10523718737514373
Full Ridge,Dara O'Shea,DEF,2.145478302770581,2.151695663189678,0.07539195629873698,0.03503839208699979
Full Ridge,Darko Churlinov,MID,0.15953797716613566,0.15989641666450455,0.01680445601494986,0.10509588873532452
Full Ridge,Darren Randolph,GK,0.038126822955232134,0.03919842645064013,0.013204614430154048,0.3368659312582791
Full Ridge,Darwin Núñez Ribeiro,FWD,4.477062289314224,4.519811713613881,0.17879987427278946,0.03955914219484764
Full Ridge,David Brooks,MID,0.29246749894845847,0.2925072038824509,0.02012501715225689,0.0688017829480346
Full Ridge,David Datro Fofana,FWD,2.63713705410535,2.6369905837498644,0.15351549783162927,0.05821617216900582
Full Ridge,David Ozoh,MID,0.41922403581987466,0.4197851458329822,0.01743124330373711,0.041524202265776196
Full Ridge,David Raya Martin,GK,3.3640636279988776,3.3545607116084484,0.21893693533715486,0.06526545624275756
Full Ridge,Davinson Sánchez,DEF,0.13960292447155026,0.1397105732424045,0.01972665500060089,0.1411965790618739
Full Ridge,Dean Henderson,GK,0.944486221494122,0.9447704909640938,0.04933603538597404,0.05222012738313719
Full Ridge,Declan Rice,MID,4.559141058701155,4.566480282185299,0.17822325935949507,0.039028584017931196
Full Ridge,Deivid Washington de Souza Eugênio,FWD,0.2014179288146378,0.1985180460087577,0.033149034688866756,0.16698247517207768
Full Ridge,Dejan Kulusevski,MID,3.8879611888279877,3.890434986484143,0.09205138630497152,0.023660949643104057
Full Ridge,Dele Alli,MID,0.15951949067252738,0.15987821117789827,0.016805485612367048,0.105114295991637
Full Ridge,Demarai Gray,MID,0.1604577139133813,0.16080217280128636,0.016757913597289977,0.10421447238775072
Full Ridge,Denis Franchi,GK,0.03494571248168195,0.036168334258052694,0.013087786803501035,0.36185760477999085
Full Ridge,Deniz Undav,FWD,0.19951079570719799,0.19643349377015615,0.03329177585228414,0.16948115727778248
Full Ridge,Destiny Udogie,DEF,2.239642811483944,2.241110135371483,0.07991976815855967,0.03566079457550277
Full Ridge,Detlef Esapa Osong,FWD,0.19933209964910775,0.19622440724542647,0.033309832626720964,0.16975376862807334
Full Ridge,Devan Tanton,DEF,0.13923188529868438,0.1393344059314799,0.01986450801722335,0.1425671418658222
Full Ridge,Diego Carlos Santos Silva,DEF,0.9692284646661175,0.9674729321359365,0.02431744528906105,0.025135013581593705
Full Ridge,Diego Manuel Jadon da Silva Moreira,MID,0.15929689330259938,0.1596589974360883,0.016818173164957706,0.10533808576425542
Full Ridge,Diogo Dalot Teixeira,DEF,2.6361318422541427,2.6323266510870558,0.056481301289368895,0.021456798025444205
Full Ridge,Diogo Teixeira da Silva,MID,4.6937281170246035,4.682800722031908,0.13867329464450806,0.029613323922171197
Full Ridge,Dion Pereira,MID,0.15999950822111866,0.16035093214039275,0.016779951559570495,0.1046451762742425
Full Ridge,Divin Mubama,FWD,0.3490471930629212,0.3610551722048847,0.04522004853331295,0.12524415107298986
Full Ridge,Divock Origi,FWD,1.6119864551976617,1.6052976173367606,0.12429776641294049,0.07742973332207047
Full Ridge,Djed Spence,DEF,0.1403391060524422,0.14045299784387036,0.019471096611168356,0.13863069432531955
Full Ridge,Djordje Petrovic,GK,2.317699061741441,2.3220147706693606,0.07712479889828973,0.033214603056145584
Full Ridge,Dominic Calvert-Lewin,FWD,2.2402091589570094,2.234042595669148,0.09988149591264413,0.04470885922509785
Full Ridge,Dominic Sadi,MID,0.15927160933397003,0.15963409780060395,0.016819648142904403,0.10536375608119464
Full Ridge,Dominic Solanke,FWD,4.957787612789579,5.020081471287346,0.21880402185219983,0.04358575116831518
Full Ridge,Dominik Szoboszlai,MID,1.0822893390031807,1.0815571953544674,0.029575018113623047,0.027344848927689108
Full Ridge,Donny van de Beek,MID,0.15996498951453025,0.16031838083577962,0.01678712816245824,0.10471118829258855
Full Ridge,Douglas Luiz Soares de Paulo,MID,5.92724554000891,5.922037767894959,0.10248497072137099,0.017305693536263985
Full Ridge,Dovydas Sasnauskas,DEF,0.1391053155379968,0.13920653629917948,0.019918155934020153,0.1430834820228018
Full Ridge,Dwight McNeil,MID,3.4554855411018663,3.465331117175446,0.1398116548241633,0.04034582846389648
Full Ridge,Eberechi Eze,MID,1.2277574208803843,1.2264706304705224,0.029585341092212926,0.024122339628192175
Full Ridge,Eddie Beach,GK,0.03359710456594474,0.034883749409361,0.013168677238470304,0.37750177264306656
Full Ridge,Eddie Nketiah,FWD,0.9455177896942777,0.9533769326892206,0.04077427558979502,0.042768263203916336
Full Ridge,Ederson Santana de Moraes,GK,4.9913922619631474,4.8976745503797,0.21141142008399638,0.04316567340465821
Full Ridge,Edson Álvarez Velázquez,MID,2.1643557988818767,2.1641796806578206,0.07638222106679159,0.035293844475785194
Full Ridge,Elijah Adebayo,FWD,3.202864480878353,3.2038885402285167,0.0801537775414276,0.02501765480758911
Full Ridge,Elijah Campbell,DEF,0.13915509222890643,0.1392568241967719,0.019896850145149754,0.14287881588506726
Full Ridge,Ellery Balcombe,GK,0.03573656379407038,0.036921641132205765,0.01307645277557399,0.35416770150468063
Full Ridge,Elliot Anderson,MID,0.18580425886110513,0.18578730717471123,0.018637766347053067,0.10031775921875237
Full Ridge,Elliot Thorpe,MID,0.1593171503343933,0.15967894654752204,0.016816996419646547,0.10531755615410227
Full Ridge,Ellis Simms,FWD,0.1994192584193173,0.1963263889262625,0.03330100344691721,0.16962061814025728
Full Ridge,Emerson Leite de Souza Junior,DEF,1.0637563663285428,1.0623637604907823,0.026238810059076047,0.024698517621642564
Full Ridge,Emerson Palmieri dos Santos,DEF,3.9521881967001935,3.9433436113141602,0.10255092513080855,0.02600608398329061
Full Ridge,Emil Krafth,DEF,0.25052040281021914,0.2507801972267392,0.020412952368851982,0.08139778417350838
Full Ridge,Emile Smith Rowe,MID,0.7566158694250293,0.7565129106177962,0.050411495669620096,0.06663666272192528
Full Ridge,Emiliano Buendía Stati,MID,0.15985818742446556,0.16021175951387032,0.016787209380860067,0.10478138079125655
Full Ridge,Emiliano Marcondes,MID,0.15984912041584787,0.16020283032981594,0.01678768243881553,0.10479017383309684
Full Ridge,Emiliano Martínez Romero,GK,2.910035667221969,2.912704313253586,0.1282733106373859,0.044039249042104246
Full Ridge,Emmanuel Dennis,FWD,0.20162110589701468,0.19890270002129593,0.03309194844132357,0.16637254515791144
Full Ridge,Enes Ünal,FWD,0.517496138901487,0.5147687028329737,0.03765608321296785,0.07315146201727432
Full Ridge,Enock Agyei,MID,0.16592205713197497,0.16618345436750032,0.016673274260721706,0.10033053124440539
Full Ridge,Enso González,MID,0.159515757588224,0.15987453483896008,0.016805693973617582,0.10511801639045129
Full Ridge,Enzo Fernández,MID,3.4126360398918294,3.416351828729542,0.0753039288183493,0.022042205426585994
Full Ridge,Eric Bailly,DEF,0.13963815847470845,0.13974485153356891,0.019704170070989145,0.14100104479524164
Full Ridge,Eric Dier,DEF,0.17613084183328223,0.1766890220092811,0.018681636017966276,0.10573173027685313
Full Ridge,Erling Haaland,FWD,6.119878940087894,6.325964135762226,0.5313384204387337,0.08399327107072065
Full Ridge,Ethan Ampadu,DEF,0.139145778949602,0.13924741527007625,0.019900816073124356,0.1429169513453868
Full Ridge,Ethan Brierley,MID,0.15944008902727128,0.1598000164904764,0.01680994988802301,0.10519366804336239
Full Ridge,Ethan Horvath,GK,0.03444772520793974,0.03569398815699132,0.013108655922556394,0.3672510862305765
Full Ridge,Ethan Nwaneri,MID,0.2636335998047714,0.2642518744409486,0.018273161337128172,0.06915054576542505
Full Ridge,Ethan Pinnock,DEF,1.1565836460195857,1.1562655845924852,0.031466977693802384,0.027214316600880775
Full Ridge,Evan Ferguson,FWD,1.380116624747397,1.3870580589626798,0.05650483233212742,0.04073717892846167
Full Ridge,Ezri Konsa Ngoyo,DEF,0.772697267505087,0.7690695609262037,0.025561391419870263,0.03323677430307635
Full Ridge,Fabian Mrozek,GK,0.03342017048059446,0.0347152149950173,0.013184995048779227,0.3798045050468989
Full Ridge,Fabian Schär,DEF,2.9400309178129005,2.943920417743885,0.08925312036150246,0.030317776195153686
Full Ridge,Fabio Henrique Tavares,MID,0.1593769265376547,0.1597378141127243,0.016813549806397335,0.10525716718855495
Full Ridge,Facundo Buonanotte,MID,3.2765266025609736,3.2721976373033916,0.09928230405761775,0.030341169777090848
Full Ridge,Facundo Pellistri Rebollo,MID,0.18484340825370588,0.1852212770990368,0.016683891417849792,0.09007545827971485
Full Ridge,Felipe Augusto de Almeida Monteiro,DEF,1.0783390848876842,1.0769397444718634,0.036659562134804764,0.03404049513724911
Full Ridge,Femi Seriki,DEF,0.13957728674225517,0.13968335464834147,0.019727030029138733,0.1412267773694463
Full Ridge,Filip Marschall,GK,0.03375069104494092,0.0350300446087145,0.013155578374706146,0.3755512880915203
Full Ridge,Flynn Downes,MID,0.15942749830842096,0.1597876171589293,0.016810664049885436,0.10520630039288383
Full Ridge,Fodé Ballo-Touré,DEF,0.21204753230560547,0.21268673933270324,0.019406269551482256,0.09124343911787217
Full Ridge,Folarin Balogun,FWD,0.20263609904565993,0.20009031094199983,0.03300472904434793,0.1649491616508858
Full Ridge,Francisco Jorge Tomás Oliveira,MID,0.15933525937785364,0.15969678032147366,0.0168159482029589,0.10529923126257129
Full Ridge,Franco Umeh-Chibueze,FWD,0.19928962405901154,0.19617470792013664,0.03331415058352224,0.16981878518756116
Full Ridge,Frank Onyeka,MID,1.801513639234151,1.7994984469299788,0.05951570692294831,0.03307349724279265
Full Ridge,Fraser Forster,GK,0.058791811873660706,0.05888237710317902,0.021695389825673938,0.3684530226702179
Full Ridge,Fred Onyedinma,MID,0.1592788164511954,0.1596411953648524,0.01681922700196629,0.1053564336168164
Full Ridge,Frederico Rodrigues de Paula Santos,MID,0.15982658416533538,0.16018063664530477,0.016788862099504726,0.10481205750655781
Full Ridge,Fábio Ferreira Vieira,MID,0.16249364049708404,0.16282852132211906,0.016763425467965776,0.10295140760262242
Full Ridge,Fábio Silva,FWD,0.2030975744881272,0.20050627261299245,0.03300363603805396,0.16460151399730016
Full Ridge,Gabriel Fernando de Jesus,FWD,1.0804267487074815,1.082679173792455,0.046557368168528575,0.04300199846409295
Full Ridge,Gabriel Martinelli Silva,MID,4.373546905770972,4.380951490983515,0.21887041223778683,0.049959560768533154
Full Ridge,Gabriel Osho,DEF,2.755317505139238,2.762206694030078,0.12743863518620474,0.046136531151573935
Full Ridge,Gabriel Słonina,GK,0.03371479922592509,0.03499585669808333,0.013158550608530087,0.3760031000827238
Full Ridge,Gabriel dos Santos Magalhães,DEF,3.7478759974258047,3.711100748876709,0.25391894088459,0.06842146254354511
Full Ridge,Garang Kuol,MID,0.1593079930948887,0.15966992850415013,0.016817527821539655,0.10532683254193688
Full Ridge,Gavin Kilkenny,MID,0.16032003859910407,0.1606665902433822,0.01676429491690765,0.10434213417682314
Full Ridge,George Baldock,DEF,0.2952217961780056,0.2953355354184579,0.0509865923310592,0.17263954457365524
Full Ridge,George Earthy,MID,0.15926091173711057,0.15962356281433387,0.016820274280099787,0.10537463256389212
Full Ridge,George Shelvey,GK,0.03394348242797133,0.03521368352014985,0.013140542531739999,0.3731658042596073
Full Ridge,Gianluca Scamacca,FWD,0.1996189484771565,0.1965600398565791,0.0332809329381222,0.16931688130713535
Full Ridge,Giovani Lo Celso,MID,0.8597824156596428,0.8634362811821156,0.047887070306677784,0.05546103557417859
Full Ridge,Giovanni Reyna,MID,0.5600200647792256,0.5602562323220424,0.0241499319278891,0.04310515534614778
Full Ridge,Giulian Biancone,DEF,0.13949312244366965,0.139598325982296,0.019759316277665754,0.1415440775426752
Full Ridge,Glen Rea,MID,0.1595824534838402,0.15994021691258942,0.01680199407720131,0.10505171495661995
Full Ridge,Gonzalo Montiel,DEF,0.6523944796923862,0.6504012508356609,0.02197703140336668,0.03378995869877208
Full Ridge,Gonçalo Manuel Ganchinho Guedes,MID,0.15978544042204823,0.1601401183142887,0.016791029983661075,0.10485211426350541
Full Ridge,Granit Xhaka,MID,0.15940791460063752,0.1597683311365333,0.01681177826823701,0.10522597406284578
Full Ridge,Guglielmo Vicario,GK,2.7709905114489337,2.772008114195467,0.07565319756694797,0.027291838425554233
Full Ridge,Gustavo Hamer,MID,2.3708181700718542,2.372906534209488,0.058607858964123315,0.024698764202968484
Full Ridge,Gustavo Henrique Furtado Scarpa,MID,0.15950195926274705,0.1598609462572103,0.01680646543244378,0.10513177749744332
Full Ridge,Hakim Ziyech,MID,0.16039816564601034,0.16074352970719719,0.016760648322453234,0.104269505298183
Full Ridge,Halil Dervişoğlu,FWD,0.19937089801745245,0.19626980397151583,0.03330589717921968,0.16969445378390088
Full Ridge,Hamed Traorè,MID,0.1596133124431733,0.15997240001247792,0.016807014797893153,0.10506196566771642
Full Ridge,Han-Noah Massengo,MID,0.2946881697794971,0.29532356526902864,0.017678573158657687,0.05986170843682309
Full Ridge,Hannes Delcroix,DEF,0.7519921910249812,0.7588340616192158,0.03725432454707309,0.04909416489236004
Full Ridge,Hannibal Mejbri,MID,0.172713583748297,0.17306224781152274,0.016677661252508115,0.09636799165275658
Full Ridge,Harrison Ashby,DEF,0.1391798287114126,0.13928181472298667,0.019886362157136114,0.1427778794861877
Full Ridge,Harrison Reed,MID,1.0956448637472356,1.0953170080369057,0.04082255370030623,0.03727008108225299
Full Ridge,Harry Arter,MID,0.1614539236646882,0.16178323950158957,0.01671791473108196,0.10333526997348635
Full Ridge,Harry Kane,FWD,0.20990566431755667,0.20859619604792115,0.03255309697476001,0.15605796074671244
Full Ridge,Harry Maguire,DEF,3.1444879999773447,3.1315473918455186,0.23277400547381275,0.07433194403506432
Full Ridge,Harry Toffolo,DEF,0.6094126602111386,0.6179494023334317,0.037971938684499495,0.061448297451399896
Full Ridge,Harry Wilson,MID,1.3277420710165493,1.3316170731296912,0.05672064200625282,0.04259530998122655
Full Ridge,Harvey Barnes,MID,1.3092224928557354,1.3113514368770587,0.03885045432244985,0.029626271974026244
Full Ridge,Harvey Elliott,MID,4.722402955469606,4.727678597185522,0.1607774655197746,0.03400769790389061
Full Ridge,Harvey Griffiths,MID,0.15928398319244574,0.15964628356819813,0.01681892543340473,0.10535118674541508
Full Ridge,Hjalmar Ekdal,DEF,0.41381989113807693,0.41174383946309806,0.02085840427726273,0.05065869183243028
Full Ridge,Hugo Bueno López,DEF,0.24089726539290746,0.24096219627240006,0.01936257162271847,0.08035522551773931
Full Ridge,Hugo Lloris,GK,0.04024626298876891,0.041217249359078785,0.01351699089796336,0.3279450013804965
Full Ridge,Hwang Hee-chan,MID,1.835377816558563,1.8327371133641628,0.07302568286998617,0.03984514873272829
Full Ridge,Hwang Ui-jo,FWD,0.20427232073322021,0.20200480144613042,0.032876438362706616,0.16275077684959846
Full Ridge,Hákon Valdimarsson,GK,0.03344420688356142,0.03473811030707067,0.013182701291311574,0.37948815219889315
Full Ridge,Ian Maatsen,MID,0.2291932593070377,0.22935003645077165,0.017237861265897506,0.0751596186015758
Full Ridge,Ibrahim Sangaré,MID,0.21127758071465272,0.21161040700797829,0.016428995338709167,0.0776379364843325
Full Ridge,Ibrahima Konaté,DEF,1.4907332248681384,1.4922866245315205,0.0433167614729964,0.029027105624963304
Full Ridge,Idrissa Gueye,MID,1.4949931263864413,1.4928518442746448,0.08109598517269354,0.05432286230124658
Full Ridge,Igor Julio dos Santos de Paulo,DEF,1.0584744682357954,1.0499083190236658,0.04187730472221523,0.03988663006419257
Full Ridge,Iliman Ndiaye,FWD,0.19943389979806417,0.1963435203338165,0.0332995243870726,0.16959828534426752
Full Ridge,Illia Zabarnyi,DEF,1.951994499558177,1.9495252510567602,0.06114874519546647,0.03136596725911612
Full Ridge,Ionuț Radu,GK,0.038385929342255806,0.039640770528866186,0.013085288812460735,0.33009673217457014
Full Ridge,Isaac Hayden,MID,0.1595978553428501,0.1599553846530956,0.016801146515429896,0.10503645470808941
Full Ridge,Ishé Samuels-Smith,DEF,0.1391053155379968,0.13920653629917948,0.019918155934020153,0.1430834820228018
Full Ridge,Ismaila Coulibaly,MID,0.15983346231653908,0.1601874102440341,0.01678850147812462,0.10480537423352144
Full Ridge,Issa Diop,DEF,1.3541591905521444,1.3580081247752993,0.038646030270829745,0.028457878539735724
Full Ridge,Issa Kaboré,DEF,0.335156650283226,0.3431903235505075,0.07115891269888307,0.20734533527257384
Full Ridge,Ivan Neves Abreu Cavaleiro,MID,0.15931475337214943,0.15967658602069904,0.016817135429803055,0.1053199836551054
Full Ridge,Ivan Perišić,DEF,0.14424421170447405,0.144396088437491,0.019188342926294517,0.13288686095261606
Full Ridge,Ivan Toney,FWD,4.540901929490559,4.5557136228682165,0.16429330544226106,0.03606313281360829
Full Ridge,Ivo Grbic,GK,1.2214875357816974,1.2257190798099538,0.10488561325321254,0.08557067845388759
Full Ridge,Jack Cork,MID,0.2952402392127135,0.29554414284404323,0.016989675734887827,0.05748608506125317
Full Ridge,Jack Grealish,MID,0.5708760123665617,0.5710207263301192,0.019954861409881033,0.03494594940209701
Full Ridge,Jack Harrison,MID,2.4265915387352024,2.424429083585721,0.05184040272469159,0.021382519734509966
Full Ridge,Jack Hinshelwood,MID,1.051085606344564,1.0500774079151676,0.026243296727053188,0.024991773491400835
Full Ridge,Jack Robinson,DEF,1.7617011344439661,1.7632781266071704,0.05155310030891434,0.02923707810526225
Full Ridge,Jack Walton,GK,0.03350683392255534,0.03479776422461867,0.01317683851812728,0.3786691131381639
Full Ridge,Jacob Brown,FWD,0.5434477038374746,0.540027750541616,0.03311455721033772,0.06132010285976188
Full Ridge,Jacob Bruun Larsen,MID,0.45870455550274347,0.45933842323960333,0.018836308985974014,0.04100747517075985
Full Ridge,Jacob Murphy,MID,1.0291811793050007,1.029455900479699,0.029301541459132188,0.028463134210487743
Full Ridge,Jacob Ramsey,MID,2.973113913422451,2.9785111996646827,0.08804935921096636,0.02956153370209884
Full Ridge,Jacob Wright,MID,0.15926440482996265,0.15962700280985037,0.016820069691363074,0.10537108005090684
Full Ridge,Jadan Raymond,MID,0.15933598631154777,0.159697496205292,0.016815906199340567,0.1052984962126371
Full Ridge,Jaden Philogene-Bidace,MID,0.1601305627052253,0.160480382312882,0.016774146720063388,0.1045245934631407
Full Ridge,Jadon Sancho,MID,0.16525447428894174,0.16552724026894847,0.016664824108441025,0.10067723041454711
Full Ridge,Jaidon Anthony,MID,0.16009531921755474,0.16044776857211457,0.016781175027410073,0.10458964419855821
Full Ridge,Jairo Riedewald,MID,0.17643536558235645,0.17678803775247004,0.01658571736652369,0.0938169662233946
Full Ridge,Jake O'Brien,DEF,0.13937689659625843,0.13948090649527525,0.019805190454405815,0.1419921260339435
Full Ridge,Jakub Kiwior,DEF,3.6568160097278652,3.6322109301269756,0.11132810463947533,0.030650231162534246
Full Ridge,Jakub Moder,MID,0.4154504768598407,0.41576814350008845,0.021898830795325206,0.05267077609884401
Full Ridge,Jamaal Lascelles,DEF,0.3822041389255322,0.3844299717330958,0.03401496284693655,0.08848155801585796
Full Ridge,Jamal Lewis,DEF,0.1391403667930975,0.13924194753071722,0.01990312508305772,0.14293914611232386
Full Ridge,Jamal Lowe,MID,0.15939573865610446,0.159756340274458,0.01681247311012837,0.10523822141421678
Full Ridge,James Garner,MID,2.3471483449062713,2.3461293484613166,0.06442304166274204,0.02745928808443285
Full Ridge,James Hill,DEF,0.21107814753616036,0.21057443867452402,0.019068346726986832,0.09055394779638931
Full Ridge,James Maddison,MID,3.0229438410927965,3.02508833216118,0.0780619514677805,0.025804850270937898
Full Ridge,James McAtee,MID,3.09564280582611,3.0934350429046344,0.06601328634734735,0.0213398003939863
Full Ridge,James McConnell,MID,0.3452993371731931,0.34565804314717197,0.01680569122761921,0.048619413205622394
Full Ridge,James Milner,MID,0.6234418351759865,0.6250538514377774,0.02536575471223928,0.040581710926013516
Full Ridge,James Shea,GK,0.03477815279710168,0.03600872920935647,0.01309362671206196,0.36362368235588066
Full Ridge,James Sweet,DEF,0.13910896571897835,0.13921022396752458,0.019916584444316314,0.14306840314374122
Full Ridge,James Tarkowski,DEF,2.6237857457007694,2.6105386625343026,0.07869257859454415,0.030144191972299558
Full Ridge,James Tomkins,DEF,0.2548193352964812,0.2555069726422186,0.018778428213906868,0.07349477793000167
Full Ridge,James Trafford,GK,2.5219461461651003,2.4226205692915492,0.24135333574551956,0.09962490156520833
Full Ridge,James Ward-Prowse,MID,3.4451420345201114,3.4439704402206597,0.07988252117000492,0.023194891639339025
Full Ridge,James Wright,GK,0.03344993147290028,0.034743563130418216,0.013182158567853146,0.3794129726525395
Full Ridge,Jamie Donley,FWD,0.21370107192210766,0.21082224398723026,0.0327876012919614,0.15552249455208048
Full Ridge,Jamie McDonnell,MID,0.1592744798153647,0.1596369246487715,0.016819480341927547,0.10536083916007075
Full Ridge,Jan Paul van Hecke,DEF,2.8796796780488108,2.8613936731292133,0.09099398555199514,0.031800582494643015
Full Ridge,Japhet Tanganga,DEF,0.14104419427857434,0.14116532732703474,0.019293982315143576,0.13667649613736674
Full Ridge,Jarell Quansah,DEF,1.2014598650377177,1.1961546797563845,0.03739214353210149,0.031260291135354654
Full Ridge,Jarrad Branthwaite,DEF,3.583934469242492,3.56573058619705,0.10500513255121535,0.02944842018005803
Full Ridge,Jarrod Bowen,MID,5.94073291408817,5.92871041677298,0.17968430588673914,0.03030748565124589
Full Ridge,Jason Steele,GK,1.0056098746175448,1.0074576166035376,0.026793479184871342,0.026595142806305583
Full Ridge,Javier Manquillo Gaitán,DEF,0.13933643424313283,0.13944002859372853,0.019821510039118022,0.14215078868686862
Full Ridge,Jay Rodriguez,FWD,0.6364979725592321,0.6346685862302418,0.040867194441888306,0.06439139312791309
Full Ridge,Jay Stansfield,FWD,0.19950627776780056,0.1964282074742093,0.033292230206726545,0.16948803145341415
Full Ridge,Jayden Bogle,DEF,2.148089181244605,2.146727078990793,0.0720774293358431,0.033575497342553544
Full Ridge,Jayden Danns,FWD,0.5541271853306536,0.5506098573718508,0.03440912650665867,0.06249275425416275
Full Ridge,Jayden Luker,MID,0.15931230347989245,0.15967417336843417,0.01681727757369724,0.10532246523608327
Full Ridge,Jean-Philippe Gbamin,MID,0.15944837042345408,0.15980817200392763,0.01680948109074866,0.10518536617974411
Full Ridge,Jean-Philippe Mateta,FWD,3.4234659653903825,3.4152106842243963,0.09173573228722837,0.026860929169311792
Full Ridge,Jean-Ricner Bellegarde,MID,1.1443532649650174,1.1448996309800092,0.045521189435757135,0.0397599826255442
Full Ridge,Jeff Hendrick,MID,0.15961593404130436,0.15997318854330564,0.016800154924325777,0.10501856640669434
Full Ridge,Jefferson Lerma Solís,MID,2.5293397211445,2.5259585008160834,0.07132685841875575,0.028237541668127784
Full Ridge,Jeffrey Schlupp,MID,0.5641686976206466,0.5643989015100237,0.017290753450369088,0.03063569649782886
Full Ridge,Jenson Metcalfe,MID,0.1592806218538565,0.15964297332419192,0.01681912159280045,0.10535459997130811
Full Ridge,Jeremy Sarmiento Morante,MID,0.15938906586364276,0.15974976891288115,0.016812854584384536,0.10524493837329651
Full Ridge,Jesurun Rak-Sakyi,MID,0.1607724160836433,0.1611315811595539,0.016799894868967793,0.1042619624785559
Full Ridge,Jhon Durán,FWD,0.3029270239994104,0.30038229145315454,0.0330260280955627,0.10994665476381188
Full Ridge,Ji-Soo Kim,DEF,0.13926760614156067,0.1393704936274605,0.01984968268299218,0.1424238528999595
Full Ridge,Jili Buyabu,DEF,0.13921261074231595,0.13931493342539153,0.019872565384061798,0.14264490457302137
Full Ridge,Joachim Andersen,DEF,2.6519268504902387,2.6484978966418677,0.13627065581875308,0.05145205363067718
Full Ridge,Joe Gardner,FWD,0.19934833133745378,0.1962433994232227,0.03330818518266699,0.1697289451801324
Full Ridge,Joe Gauci,GK,0.03341927983620274,0.03471436663258526,0.013185080506134858,0.3798162485775687
Full Ridge,Joe Gomez,DEF,1.986122722253883,1.9873786205680453,0.0404738624035002,0.020365451245486228
Full Ridge,Joe Hodge,MID,0.16002074017740503,0.16037184135681784,0.016778879896137786,0.10462485031150683
Full Ridge,Joe Hugill,FWD,0.19940329606533114,0.19630771188796006,0.03330261729831283,0.1696449771536222
Full Ridge,Joe Rodon,DEF,0.13947127995396774,0.13957625917019537,0.01976782363679804,0.14162740679769698
Full Ridge,Joe Rothwell,MID,0.17256910576533857,0.17295684309079967,0.016748871043783926,0.09683844099184342
Full Ridge,Joe Taylor,FWD,0.20052274761874567,0.1976175462368999,0.03319285590691778,0.1679651252582949
Full Ridge,Joe White,MID,0.23958267908829683,0.24001275110517903,0.016608904738916276,0.06920009317187435
Full Ridge,Joe Whitworth,GK,0.04527629627899491,0.046008489628128216,0.014922753181214988,0.32434781714919986
Full Ridge,Joe Willock,MID,1.124036176455951,1.1229466623238498,0.04640302684902351,0.041322556454280825
Full Ridge,Joe Worrall,DEF,0.14949646594879323,0.14960432248765118,0.01969388820942669,0.1316398342103537
Full Ridge,Joel Matip,DEF,0.16001181201936082,0.16002158002868017,0.019103239328393865,0.11937914451894582
Full Ridge,Joel Ward,DEF,1.6545307967654164,1.6459135142711618,0.04393812389789669,0.02669528108064246
Full Ridge,Joelinton Cássio Apolinário de Lira,MID,0.33081632093036384,0.33132820269125385,0.01872965750596888,0.05652901670861384
Full Ridge,John Egan,DEF,0.13985184433390033,0.13996187132227467,0.019755705281293248,0.1411506226278154
Full Ridge,John Fleck,MID,0.1680596519206848,0.1684875192694317,0.016771185390205747,0.09953963037099867
Full Ridge,John McAtee,FWD,0.20688198715728445,0.20505828840685505,0.03270365523649973,0.15948467867639946
Full Ridge,John McGinn,MID,3.579052207630565,3.579168888594771,0.05683434466043642,0.01587920168884524
Full Ridge,John Stones,DEF,2.6793597729227923,2.666439233928193,0.05905379077053553,0.022147060401424414
Full Ridge,John-Kymani Gordon,FWD,0.1999799706693804,0.19698246034155859,0.03324520697285144,0.1687724222512287
Full Ridge,Jonathan Castro Otto,DEF,0.13943788727254136,0.13954182184521358,0.019806350542141377,0.14193845458110418
Full Ridge,Jonathan Panzo,DEF,0.13947283288027604,0.13957782804505897,0.019767217049452283,0.14162146901348088
Full Ridge,Jonjo Shelvey,MID,0.15949824758320658,0.1598572909976683,0.016806673302459302,0.10513548176357153
Full Ridge,Jonny Evans,DEF,0.6169396757670952,0.6171042328130928,0.02170598931090759,0.03517394332552221
Full Ridge,Jordan Amissah,GK,0.03732417397704446,0.038433881986555375,0.013134538748794299,0.3417437445790388
Full Ridge,Jordan Ayew,MID,4.921813787240025,4.919527484735724,0.12085584883227915,0.024566556281527006
Full Ridge,Jordan Beyer,DEF,0.3091163015672387,0.3082592235176806,0.019425181323132992,0.06301573429486965
Full Ridge,Jordan Clark,MID,1.5716490458791352,1.572787477198207,0.06047729732182674,0.0384523008979968
Full Ridge,Jordan Henderson,MID,0.15934797595715358,0.159709303600308,0.01681521423793617,0.10528637880745065
Full Ridge,Jordan Pickford,GK,3.421110038081181,3.0676591699796014,0.6231670694091849,0.20314090806030732
Full Ridge,Jorge Luiz Frello Filho,MID,1.2451227820500375,1.246391371199405,0.055077002495183165,0.04418917185071849
Full Ridge,Joseph Anang,GK,0.03407070590537553,0.03533486726048262,0.013131480380845285,0.3716295375907952
Full Ridge,Joseph Johnson,DEF,0.13938750355757681,0.13949162239010066,0.01980094214212465,0.141950762367288
Full Ridge,Josh Bowler,MID,0.15929245867042902,0.15965463021327764,0.016818431366872406,0.10534258445499005
Full Ridge,Josh Brooking,DEF,0.13924061482183872,0.13934322510684877,0.01986087212315769,0.14253202556441708
Full Ridge,Josh Brownhill,MID,2.3275141403716,2.3313673378153763,0.1384840849385606,0.0594003710579252
Full Ridge,Josh Cullen,MID,0.6683806796586742,0.6698341047045245,0.05690673700955995,0.08495646401083519
Full Ridge,Josh Dasilva,MID,0.25274359135813296,0.2537731515734093,0.019634050850525074,0.07736851092715183
Full Ridge,Josh Powell,DEF,0.14002154592389277,0.14013217637237302,0.019569758648393627,0.13965214239155851
Full Ridge,Joshua Duffus,MID,0.15931702988355356,0.1596788279276152,0.016817003403629165,0.10531767812857798
Full Ridge,Joshua King,MID,0.15927963113213833,0.1596419976621031,0.016819179432132795,0.10535560615905175
Full Ridge,José Malheiro de Sá,GK,3.3006196072053386,3.3034424150575057,0.09793049055308002,0.029644981885169404
Full Ridge,João Cancelo,DEF,0.14541629099102887,0.14558232547861588,0.019534696477816672,0.1341831600339841
Full Ridge,João Neves Virgínia,GK,0.03913982084362162,0.040163333836987794,0.013331272306834353,0.3319264372061944
Full Ridge,João Palhinha Gonçalves,MID,1.9054389067261073,1.9036196052469512,0.055799619757390354,0.02931237921882593
Full Ridge,João Pedro Junqueira de Jesus,FWD,1.562176744496941,1.583886731726181,0.05885820497273204,0.03716061495671858
Full Ridge,João Victor Gomes da Silva,MID,3.672849050809962,3.6681326897499225,0.07331032663139259,0.01998573465901272
Full Ridge,Joël Veltman,DEF,0.4179128185067068,0.41892912836774304,0.01996297391714158,0.047652389307285756
Full Ridge,Joško Gvardiol,DEF,0.8486652208247423,0.8451327728389209,0.03097193979590406,0.0366474248677695
Full Ridge,Julio Enciso,MID,0.5209113845333679,0.5199705516199944,0.03400506143260487,0.0653980524986663
Full Ridge,Julián Álvarez,FWD,4.059317392886975,4.127036263003563,0.18045948554480212,0.04372616910651224
Full Ridge,Jurriën Timber,DEF,0.14186706118474923,0.1419955794003546,0.019165702785543595,0.1349739397978451
Full Ridge,Justin Hubner,DEF,0.1392523209915626,0.1393550514989515,0.01985600948436807,0.14248503567534807
Full Ridge,Justin Kluivert,MID,2.0320563866336756,2.0300346189663783,0.05555119503930979,0.027364654041020488
Full Ridge,Jérémy Doku,MID,2.5037802544590253,2.508795273208753,0.11052843118446813,0.04405637732372721
Full Ridge,Jóhann Berg Gudmundsson,MID,1.6139114715169187,1.616626793304158,0.06391467248479805,0.03953582406868653
Full Ridge,Kacper Kozłowski,MID,0.15927891458345034,0.1596412920054319,0.01681922127156853,0.10535633394270102
Full Ridge,Kaden Rodney,MID,0.15926091173711057,0.15962356281433387,0.016820274280099787,0.10537463256389212
Full Ridge,Kaelan Casey,DEF,0.1391590912172893,0.13926086425477072,0.01989515011933606,0.1428624633762066
Full Ridge,Kai Havertz,MID,5.403088530419085,5.38782441884338,0.2647427547303815,0.04913722759867045
Full Ridge,Kaide Gordon,MID,0.2555105935155752,0.2560689348835625,0.017309741412072185,0.0675979748185508
Full Ridge,Kaine Kesler-Hayden,DEF,0.13913821466668286,0.13923977330196158,0.019904044135412493,0.14294797860843753
Full Ridge,Kalvin Phillips,MID,0.7433926629644213,0.7449364555085606,0.05923132188483748,0.0795119119850308
Full Ridge,Kaoru Mitoma,MID,2.0616849449461805,2.057134536900998,0.09511248304924402,0.04623542181763556
Full Ridge,Karl Darlow,GK,0.03349675257297731,0.034788161471460306,0.01317777117791592,0.3788004487884986
Full Ridge,Karl Hein,GK,0.03402913375771299,0.03529526868598834,0.013134366237773998,0.37212824060433153
Full Ridge,Keane Lewis-Potter,MID,2.5994292995487114,2.6021000861346666,0.06445727850315133,0.02477125259194026
Full Ridge,Keinan Davis,FWD,0.20131431945329697,0.19854373904567835,0.03311945312753813,0.16681187372984066
Full Ridge,Kell Watts,DEF,0.13942278315379641,0.13952726430782111,0.019786901036734906,0.1418138679554528
Full Ridge,Kenny Tete,DEF,0.313117338838435,0.31368384732380633,0.01759127230718264,0.05607962430090862
Full Ridge,Kepa Arrizabalaga,GK,0.03556067363955062,0.03675410108969715,0.013076655019000811,0.35578764359078385
Full Ridge,Kevin De Bruyne,MID,3.1445910920087154,3.143540093080607,0.17584455121831744,0.05593838348216938
Full Ridge,Kevin Mbabu,DEF,0.1402431405139799,0.14035604673919863,0.019499689216038257,0.1389301684470455
Full Ridge,Kevin Schade,MID,0.16072824131416416,0.16107767821506339,0.016775326285016108,0.10414432633315261
Full Ridge,Ki-Jana Hoever,DEF,0.13936327715332678,0.13946714718064634,0.019810663471335605,0.14204537679168003
Full Ridge,Kieffer Moore,FWD,0.26136076998538,0.25921776932051127,0.03247111858948545,0.12526578974351232
Full Ridge,Kieran Tierney,DEF,0.139706355651431,0.13981374909538838,0.019679050649845146,0.14075189870217306
Full Ridge,Kieran Trippier,DEF,3.105952971363926,3.1179548016112486,0.3368450293913368,0.10803396804125166
Full Ridge,Kjell Scherpen,GK,0.033421389803357515,0.0347163764323252,0.013184878108544369,0.3797884302310892
Full Ridge,Kobbie Mainoo,MID,2.5694606693032873,2.575286375512821,0.0866222104111097,0.03363595258172423
Full Ridge,Konstantinos Mavropanos,DEF,1.199921948127617,1.197840606451263,0.03541126695985946,0.029562586849321552
Full Ridge,Konstantinos Tsimikas,DEF,0.3752948951557442,0.3748572010672301,0.026812574507820305,0.07152743613163645
Full Ridge,Kortney Hause,DEF,0.14029678818230806,0.14041024536915303,0.01948357397871498,0.13876176861233064
Full Ridge,Kristian Sekularac,MID,0.15926856967144012,0.15963110434296676,0.016819825930708687,0.10536684564037947
Full Ridge,Kristoffer Ajer,DEF,1.640588252298048,1.6458329449204099,0.0573587266165125,0.0348508800929892
Full Ridge,Kurt Zouma,DEF,1.6319553880134285,1.6307643858318726,0.06228319103381757,0.03819263627225104
Full Ridge,Kyle Walker,DEF,2.65824148736079,2.6530943076762563,0.14170230654909186,0.053410203376148914
Full Ridge,Lawrence Vigouroux,GK,0.03650873368033395,0.03765715345193577,0.013091255578772212,0.3476432597456262
Full Ridge,Leander Dendoncker,MID,0.31140607061338343,0.31140791099158455,0.017699067022837855,0.056835637111724346
Full Ridge,Leandro Trossard,MID,3.1366806503849314,3.1290203659285862,0.09340881213976661,0.029852414243410036
Full Ridge,Leigh Kavanagh,DEF,0.13918221111677292,0.13928422159565326,0.019885355551942263,0.14276818525554252
Full Ridge,Leo Castledine,MID,0.15928941193443946,0.159651629789702,0.0168186088829708,0.10534567611445486
Full Ridge,Leon Bailey,MID,5.492403738351352,5.500082052580043,0.2075935671055048,0.03774372184286312
Full Ridge,Lesley Ugochukwu,MID,0.19343017401340368,0.19372635223759482,0.016501247310509972,0.08517812429706048
Full Ridge,Levi Colwill,DEF,1.4786283407204235,1.4837900612556083,0.05617800634653601,0.03786115557277505
Full Ridge,Lewis Cook,MID,2.130152357352149,2.132769573688972,0.07161576908484028,0.03357876536140243
Full Ridge,Lewis Dobbin,MID,0.31788078031688205,0.31855572348283123,0.01817422996815929,0.05705196494182218
Full Ridge,Lewis Dunk,DEF,4.886264142517038,4.861219587910873,0.1421483503048942,0.02924129382231486
Full Ridge,Lewis Hall,DEF,0.1837379633149987,0.1852067189990004,0.019030078546204466,0.10275047605755154
Full Ridge,Lewis Koumas,FWD,0.19928644815691357,0.1961709918989796,0.03331447383695124,0.16982364983966078
Full Ridge,Lewis Miley,MID,2.512090010545121,2.5135950876740116,0.10218004331852935,0.04065095600305418
Full Ridge,Lewis O'Brien,MID,0.15938647121104316,0.1597472137007272,0.016813003046963274,0.1052475511620566
Full Ridge,Lewis Orford,MID,0.1592802688786728,0.15964262571446589,0.016819142198633303,0.10535495844772522
Full Ridge,Lisandro Martínez,DEF,0.596717250262076,0.5964451917611675,0.02466201137490875,0.04134832791943115
Full Ridge,Lloyd Kelly,DEF,0.9434519508798257,0.9425336397458389,0.03435613359183513,0.03645083012750559
Full Ridge,Lorenz Assignon,DEF,2.0714877071894477,2.080032587658843,0.07222578179530584,0.03472338953910272
Full Ridge,Loris Karius,GK,0.7450026383366357,0.7500775058436114,0.05222982923954669,0.06963257641062554
Full Ridge,Louie Marsh,FWD,0.19966797468023204,0.19661740384396248,0.03327603908419104,0.16924259212881906
Full Ridge,Louie Watson,MID,0.16118149218757122,0.16151494916417503,0.01672777277902419,0.10356795371319419
Full Ridge,Loïc Mbe Soh,DEF,0.13940030160545316,0.13950455187394606,0.019795832735587535,0.14190098079003696
Full Ridge,Luc De Fougerolles,DEF,0.13958248613096194,0.13968860743477718,0.019725061307512923,0.14120737309750092
Full Ridge,Luca Barrington,MID,0.15929816679369568,0.15966025156927283,0.0168180990564732,0.10533679416868652
Full Ridge,Luca Koleosho,MID,0.18947704813116564,0.18977102145476393,0.01676336471176417,0.08833469190004906
Full Ridge,Lucas Bergström,GK,0.03374140794602898,0.035021202210511075,0.013156341915879582,0.37566791216353246
Full Ridge,Lucas Digne,DEF,0.5897640466046182,0.594488529895765,0.028312571765975028,0.047625093407503136
Full Ridge,Lucas Tolentino Coelho de Lima,MID,1.1445441062572081,1.1456049378466389,0.04995567330228191,0.043606370444057414
Full Ridge,Luis Díaz,MID,7.437450906612916,7.417425930680339,0.307856452060796,0.04150448618400412
Full Ridge,Luis Sinisterra,MID,1.4702602365585902,1.4694760315416708,0.033815963766998504,0.02301225950008941
Full Ridge,Lukasz Fabianski,GK,0.1132236068468268,0.11489382900989668,0.02392660107314441,0.2082496621388032
Full Ridge,Luke Berry,MID,0.6181881654669706,0.6189927344780847,0.031564926215323794,0.05099401730771259
Full Ridge,Luke Chambers,DEF,0.13921627112786053,0.13931863140310077,0.01987103211612318,0.14263011282840463
Full Ridge,Luke Cundle,MID,0.1594137171602335,0.159774045493363,0.016811447698523593,0.10522014164823748
Full Ridge,Luke Freeman,MID,0.15938985526257193,0.15975054631242142,0.016812809430457674,0.1052441435635353
Full Ridge,Luke Harris,MID,0.15961439926474622,0.1599729354675664,0.01680369746248308,0.10504087715443548
Full Ridge,Luke McNally,DEF,0.1391670670167604,0.13926892196571322,0.019891764676892916,0.14282988908171554
Full Ridge,Luke Plange,FWD,0.1994419662620721,0.1963529586445681,0.033298710025026775,0.16958598563978375
Full Ridge,Luke Shaw,DEF,1.1746074144254437,1.172208261458965,0.04407188274220849,0.037597314565378785
Full Ridge,Luke Thomas,DEF,0.1885077928381065,0.18897366832108992,0.01870826902349509,0.09899934308153134
Full Ridge,Lyle Foster,FWD,0.8385039899160656,0.8347188500838716,0.047928953166676905,0.057419277355316774
Full Ridge,Mackenzie Hunt,MID,0.15937019555490642,0.159731185445392,0.01681393597742122,0.10526395287518525
Full Ridge,Mads Bech Sørensen,DEF,0.13957274258904856,0.13967876382667524,0.019728753112958672,0.14124375511684592
Full Ridge,Mads Bidstrup,MID,0.1592803893921102,0.15964274439601894,0.016819135163199748,0.10535483605491795
Full Ridge,Mads Juel Andersen,DEF,0.16688045524199488,0.16715063329667937,0.01887449084754687,0.11291905077048746
Full Ridge,Mads Roerslev Rasmussen,DEF,2.184689957133708,2.185612560437392,0.055098651693269905,0.0252097067388025
Full Ridge,Mahamadou Susoho,MID,0.15927738572712236,0.15963978638873735,0.016819310560350218,0.10535788690792702
Full Ridge,Mahmoud Dahoud,MID,0.17016270845591983,0.17049400931182818,0.016739838416642557,0.0981843202832184
Full Ridge,Malang Sarr,DEF,0.13966774709929625,0.13977474403337103,0.019693207634006157,0.14089246072455286
Full Ridge,Malcolm Ebiowei,MID,0.1596644393118869,0.16002095650150447,0.016797511967136313,0.10497070092802743
Full Ridge,Malo Gusto,DEF,3.026355395796016,3.0274341492299714,0.11313370864063278,0.0373695027088891
Full Ridge,Manor Solomon,MID,0.16161680752298693,0.1619616966509062,0.01675917066378507,0.10347613670600121
Full Ridge,Manuel Akanji,DEF,3.599444895479225,3.5840950127626923,0.07393228306412065,0.02062788034381158
Full Ridge,Manuel Benson Hedilazio,MID,0.28063560243593894,0.28096476815934496,0.016814477930235508,0.059845503193836136
Full Ridge,Marc Cucurella Saseta,DEF,0.1805598161911874,0.18066689139193265,0.01865267875298532,0.1032434809127303
Full Ridge,Marc Guéhi,DEF,0.6218365828077569,0.61967676065092,0.031041226445626565,0.05009261023928069
Full Ridge,Marcelo de Araújo Pitaluga Filho,GK,0.03343542560708952,0.034729745908066094,0.01318353647205118,0.37960359707063857
Full Ridge,Marcos Senesi,DEF,2.361515681094783,2.363744675085115,0.07374576308747088,0.031198700885414116
Full Ridge,Marcus Bettinelli,GK,0.02723438651510535,0.028514368191108763,0.013156667717747582,0.4614048478847251
Full Ridge,Marcus Oliveira Alencar,MID,0.15992553601256354,0.16027808435862176,0.016783723501124233,0.10471627214841611
Full Ridge,Marcus Rashford,MID,3.2239073928664137,3.2200395802352886,0.0827546501067438,0.025699885993543253
Full Ridge,Marcus Tavernier,MID,2.906403293876984,2.909204670262013,0.06782526069895077,0.023314021661061817
Full Ridge,Marek Rodák,GK,0.037615104896825326,0.038710531400212266,0.013157629694988402,0.33989793524033757
Full Ridge,Mario Lemina,MID,2.7053345628964864,2.701092526477832,0.07025903274202808,0.026011338765075324
Full Ridge,Mark Flekken,GK,3.5915286454839253,3.5170827949545473,0.17988344396665396,0.051145638147815815
Full Ridge,Mark Gillespie,GK,0.03443058833346413,0.035677664829025915,0.013109562316025562,0.367444516866478
Full Ridge,Mark O’Mahony,FWD,0.1997057652728762,0.19666162140403562,0.03327227585389296,0.16918540392553783
Full Ridge,Mark Travers,GK,0.03445567894346713,0.035701564301272914,0.013108239486228775,0.3671614883766146
Full Ridge,Martin Dubravka,GK,1.7716420789424812,1.776678765223532,0.119495209946301,0.0672576338983073
Full Ridge,Martin Ødegaard,MID,5.01710792516452,5.020377244466329,0.16958464437414064,0.033779263213947516
Full Ridge,Marvelous Nakamba,MID,0.20511257299496255,0.20533680679015567,0.016516980010586508,0.08043847700167105
Full Ridge,Mason Burstow,FWD,0.20040072340469053,0.19746848803737233,0.0332074853731402,0.16816599804448518
Full Ridge,Mason Holgate,DEF,0.40605390377344475,0.4226780126829878,0.07625421948938245,0.18040734838642714
Full Ridge,Mason Mount,MID,0.175111800714009,0.17528580483514378,0.01694984582894375,0.09669833700957742
Full Ridge,Mateo Kovačić,MID,1.3616527619746408,1.363584956682656,0.04166319912862797,0.030554164538443316
Full Ridge,Matheus França de Oliveira,MID,1.6716646236253232,1.6757641406330248,0.058164377851663396,0.03470916726365301
Full Ridge,Matheus Luiz Nunes,MID,1.69300376619249,1.6958642042166046,0.07035220777821868,0.041484576184398866
Full Ridge,Matheus Santos Carneiro Da Cunha,FWD,2.2881694432273116,2.2954533998790407,0.04770745295232237,0.020783455222761798
Full Ridge,Mathias Jensen,MID,2.3619406772180342,2.365377984480003,0.07358222532891817,0.031108019864780408
Full Ridge,Mathias Jorgensen,DEF,0.9091311328615346,0.9109168578853403,0.03865206841612081,0.04243204863487778
Full Ridge,Matija Šarkić,GK,0.03662693386108821,0.03776974226261803,0.013095773815982177,0.34672658671921885
Full Ridge,Matt Doherty,DEF,0.7519645054689696,0.7535289860707319,0.018331411162267258,0.024327413412264586
Full Ridge,Matt Macey,GK,0.03569189923829944,0.03687909695687703,0.013076378440708731,0.3545742580410531
Full Ridge,Matt Ritchie,MID,0.9642011918492646,0.9613210868180835,0.05630854793317295,0.05857413168741669
Full Ridge,Matt Targett,DEF,0.13977233903191208,0.13987888971609735,0.019705738378096336,0.1408771432064676
Full Ridge,Matt Turner,GK,0.6334443006111043,0.6286898803963945,0.09231797987031028,0.14684184165983868
Full Ridge,Matthew Cox,GK,0.03347422545043388,0.034766703789085515,0.013179870629113076,0.3790946276952116
Full Ridge,Matthew Dibley-Dias,MID,0.15938172517382201,0.15974253980642944,0.016813274797112275,0.10525233176764329
Full Ridge,Matthew Whittingham,MID,0.15930462073814883,0.15966660740947639,0.016817723750159257,0.10533025047015002
Full Ridge,Matty Cash,DEF,1.823335518809573,1.8326254874416077,0.13240144386716318,0.07224686373428048
Full Ridge,Matz Sels,GK,2.6821075048278153,2.5820232898418736,0.26547334126735095,0.10281601343867386
Full Ridge,Mauro Bandeira,MID,0.15926566435863526,0.1596282431928495,0.016819995953678155,0.10536979933656003
Full Ridge,Max Aarons,DEF,0.2213239312516258,0.22211113930670032,0.01867859229735231,0.08409570251926957
Full Ridge,Max Kilman,DEF,2.874283866339426,2.868358650191634,0.055363112363127305,0.019301321457631707
Full Ridge,Max Kinsey,DEF,0.13914331688162035,0.1392449279166533,0.019901866081417807,0.14292704502192213
Full Ridge,Max Kinsey-Wellings,DEF,0.13911990530041832,0.13922127589848063,0.019911883325667085,0.14302327856976918
Full Ridge,Max Lowe,DEF,0.5322750138600993,0.5355023884597749,0.024844198596289436,0.04639418820847266
Full Ridge,Maxime Esteve,DEF,1.2129456279126356,1.2190119746968962,0.0573254494537877,0.047026157776703964
Full Ridge,Maxwel Cornet,MID,0.6994393195476638,0.6992371949891208,0.033785989633034336,0.048318353021194756
Full Ridge,Micah Hamilton,MID,0.15927513635980312,0.15963757121329777,0.016819441974516593,0.10536017208657919
Full Ridge,Michael Keane,DEF,0.2538906894631227,0.2537829693060922,0.018836260275546673,0.07422192405995504
Full Ridge,Michael Ndiweni,FWD,0.20122335647220957,0.19814602342457893,0.03329179424680684,0.16801646417839325
Full Ridge,Michael Obafemi,FWD,0.20164595515855924,0.19860947216646585,0.033272443165585135,0.16752697040399772
Full Ridge,Michael Olakigbe,MID,0.18883083373028628,0.1891937941171629,0.016764059989151266,0.08860787462600232
Full Ridge,Michael Olise,MID,1.3932383047183658,1.3941122498970138,0.03467340560740683,0.024871315498424345
Full Ridge,Michail Antonio,FWD,0.8132916461545914,0.8165566791269625,0.06705152966397945,0.08211497300551004
Full Ridge,Michale Olakigbe,MID,0.32550625298654456,0.3256366535966423,0.018279079912867667,0.056133361250879
Full Ridge,Michał Karbownik,DEF,0.13918111508637523,0.139283114309022,0.019885818566106522,0.14277264451444296
Full Ridge,Micky van de Ven,DEF,1.7258684238360804,1.7233966007078132,0.05279527021927508,0.03063442866116344
Full Ridge,Miguel Almirón Rejala,MID,2.448080626562809,2.4528943541355592,0.09772629583631486,0.03984121683493997
Full Ridge,Mike Trésor,MID,0.2623540614518115,0.26288270558414906,0.016524256815030402,0.06285790759157021
Full Ridge,Mikkel Damsgaard,MID,1.5687963414653012,1.5702630640658957,0.06946342558726415,0.04423680794439749
Full Ridge,Milos Kerkez,DEF,1.185309355247879,1.1822757969311732,0.03695026205960183,0.031253504601475746
Full Ridge,Mohamed Dräger,DEF,0.13943290134101433,0.1395374864088353,0.019782899363622593,0.1417748009711172
Full Ridge,Mohamed Elneny,MID,0.3670791509741199,0.36722384928586543,0.01760660792848188,0.04794516468012952
Full Ridge,Mohamed Salah,MID,3.6882876192513927,3.6816859282998258,0.15864867866103743,0.043091312445084136
Full Ridge,Mohammed Kudus,MID,3.3058427478629007,3.311437826847659,0.08441236764040065,0.025491152802575023
Full Ridge,Moisés Caicedo Corozo,MID,2.333634479571222,2.3353394775717637,0.07692034000998017,0.03293754109358024
Full Ridge,Morgan Gibbs-White,MID,3.843984225330706,3.8431462828784766,0.094533391777339,0.0245979166076745
Full Ridge,Morgan Rogers,MID,0.49905562228443845,0.49795407288651117,0.04338197354694994,0.08712043119855581
Full Ridge,Morgan Sanson,MID,0.15932265667108747,0.1596843691842351,0.016816677318403618,0.10531198140627938
Full Ridge,Moussa Diaby,MID,1.3530876650764907,1.351832930282581,0.05309913492473514,0.039279361920585516
Full Ridge,Moussa Niakhaté,DEF,1.830214263207468,1.8262694513463704,0.19063237262140564,0.10438348650078268
Full Ridge,Murillo Santiago Costa dos Santos,DEF,1.9408775444692519,1.932690560024777,0.05723398409566273,0.029613630489781557
Full Ridge,Mykhailo Mudryk,MID,0.9043106903047303,0.904527774339207,0.030078256385026286,0.03325299370381372
Full Ridge,Myles Lewis-Skelly,MID,0.15928967868089394,0.15965189248143272,0.016818593337159713,0.10534540540517358
Full Ridge,Myles Peart-Harris,MID,0.17309219210967297,0.17343584153414157,0.016853274089456263,0.09717295998554386
Full Ridge,Máximo Perrone,MID,0.15940997235703885,0.15977035761366826,0.016811660996965152,0.10522390541064248
Full Ridge,Naouirou Ahamada,MID,0.6988157560788344,0.6993081239966304,0.04205822803191331,0.060142627532403674
Full Ridge,Nathan Aké,DEF,3.406092827340367,3.3923338562461067,0.08902714777907192,0.02624362800116251
Full Ridge,Nathan Collins,DEF,1.68515644590362,1.688503314455504,0.04624976947349873,0.027390985304884055
Full Ridge,Nathan Fraser,FWD,0.3073658435189162,0.30437659204913464,0.03377013098262843,0.11094851530888097
Full Ridge,Nathan Patterson,DEF,0.2906557137985232,0.29145089293183774,0.018117665176028825,0.06216369760879766
Full Ridge,Nathan Redmond,MID,0.1855116961732901,0.18593920631419364,0.016670638402401464,0.08965639217708607
Full Ridge,Nathaniel Clyne,DEF,0.35081938615799907,0.3515687274135961,0.017786284853358855,0.05059120298954955
Full Ridge,Nathaniel Phillips,DEF,0.13972629853528257,0.13983389679268374,0.019671803421184353,0.14067979132663064
Full Ridge,Nayef Aguerd,DEF,0.9007031057923334,0.9069427851764365,0.04163786985257724,0.0459101395734429
Full Ridge,Neal Maupay,FWD,3.8293855146548577,3.8211771766587885,0.1412596324039784,0.03696756938329012
Full Ridge,Neco Williams,DEF,1.9099291285019384,1.9120745279579354,0.053287065692795114,0.027868717936274604
Full Ridge,Nick Pope,GK,0.12420993497620048,0.12235747082902385,0.04706488984911417,0.3846507248820162
Full Ridge,Nicolas Jackson,FWD,2.74927818793994,2.757640902384059,0.10048239198349025,0.03643780881572375
Full Ridge,Nicolas Pépé,MID,0.15993757172318507,0.16028993711843434,0.01678310573510238,0.10470467477132861
Full Ridge,Nicolás Domínguez,MID,2.8729228102921827,2.874759395480362,0.05933230662051005,0.020639051293750387
Full Ridge,Nicolò Zaniolo,MID,0.5283211752073961,0.5289686086382336,0.025339009362065908,0.047902671251698954
Full Ridge,Nikola Vlašić,MID,0.16000247176523708,0.1603538506366689,0.016779801683198273,0.10464233703509926
Full Ridge,Noha Lemina,MID,0.1593169859536158,0.15967878466544164,0.016817005950815353,0.10531772261449934
Full Ridge,Noni Madueke,MID,1.0344579738731292,1.0340868482986205,0.029120640122916888,0.028160729604896316
Full Ridge,Norberto Bercique Gomes Betuncal,FWD,0.7813605750701768,0.7794783831816255,0.0424732667095463,0.05448934521593993
Full Ridge,Norberto Murara Neto,GK,2.8301031649966664,2.83309212593694,0.08485920979414749,0.02995285928659431
Full Ridge,Nuno Varela Tavares,DEF,1.4793382253740803,1.4724208807610795,0.05304452709259282,0.03602538362888106
Full Ridge,Nélson Cabral Semedo,DEF,2.6030556041993007,2.595322712769969,0.06498124003702867,0.0250378265937012
Full Ridge,Odsonne Edouard,FWD,1.68141006809849,1.676408782108363,0.051835233879074016,0.03092040225050753
Full Ridge,Odysseas Vlachodimos,GK,0.05731026050004127,0.05845604928179815,0.013060580255276386,0.22342564055801056
Full Ridge,Oleksandr Zinchenko,DEF,1.0190684157505958,1.0126780051331992,0.07897851533664467,0.07798976074952521
Full Ridge,Oliver Arblaster,MID,0.1592655971837727,0.1596281770390893,0.016819999885925065,0.10536986763813153
Full Ridge,Oliver McBurnie,FWD,0.8918371608091886,0.888020670973125,0.03366664533017235,0.03791200636498611
Full Ridge,Oliver Norwood,MID,1.1690368653721348,1.1723317942778162,0.042188424335005525,0.035986761206109386
Full Ridge,Oliver Scarles,DEF,0.13913615707050325,0.13923769457426624,0.019904923288451358,0.1429564267730282
Full Ridge,Oliver Skipp,MID,0.6683379378142177,0.6692787600759122,0.02013718020141675,0.03008788176563785
Full Ridge,Oliwier Zych,GK,0.03400197796815552,0.035269402075379874,0.013136290838822118,0.37245572836041996
Full Ridge,Ollie Harrison,MID,0.15926091173711057,0.15962356281433387,0.016820274280099787,0.10537463256389212
Full Ridge,Ollie Watkins,FWD,7.224960443799813,7.377977906714114,0.40223050953086387,0.054517716726262586
Full Ridge,Olu Aina,DEF,0.2587115617395016,0.25846798182407765,0.018436267671080114,0.07132901932754086
Full Ridge,Omar Richards,DEF,0.13922205631686269,0.13932447600600156,0.019868611782371683,0.14260675763471609
Full Ridge,Omari Forson,MID,0.7264173581163962,0.7254723658994358,0.03693674461785797,0.05091406145024427
Full Ridge,Omari Kellyman,MID,0.16007963419626714,0.16042984014741068,0.016775932925213947,0.10456865698924471
Full Ridge,Orel Mangala,MID,0.44261165718060785,0.4425736439093873,0.01973623314441784,0.04459423514261198
Full Ridge,Oscar Bobb,MID,1.0890750728991645,1.0875083749496013,0.049355574898536016,0.045384087180775336
Full Ridge,Owen Beck,DEF,0.22522682630067176,0.22824549118284396,0.02040870329604197,0.08941558139999739
Full Ridge,Owen Dodgson,DEF,0.13927167410916522,0.13937460337309807,0.019848003176277478,0.1424076029342697
Full Ridge,Owen Hesketh,MID,0.15926992825769465,0.15963244227780618,0.016819746455597532,0.10536546466116427
Full Ridge,Pablo Fornals Malla,MID,0.357614490587808,0.3581108291842375,0.016656033053339306,0.04651083322802916
Full Ridge,Pablo Sarabia,MID,4.633861928678142,4.631568892663463,0.1115169405241026,0.024077573519579645
Full Ridge,Pape Matar Sarr,MID,2.3655473256679063,2.3645945949382257,0.040674088969636917,0.017201294909793836
Full Ridge,Pascal Groß,MID,6.277865590158344,6.28060801140374,0.1835581267884154,0.02922617148771707
Full Ridge,Pau Torres,DEF,1.122122411758112,1.1183228219418053,0.05355752981412827,0.04789093879094177
Full Ridge,Paul Dummett,DEF,0.1418669164324146,0.1419881350501571,0.01926227994662779,0.135661194083741
Full Ridge,Pedro Lomba Neto,MID,3.5739145337933156,3.5728984019167505,0.06687992252587556,0.018718674589234482
Full Ridge,Pedro Porro,DEF,2.0271133463293625,2.0296251211277023,0.2427510148510269,0.11960386788874063
Full Ridge,Pelly Ruddock Mpanzu,MID,0.7600343407441392,0.7622063635218181,0.07472488960984017,0.0980376092172329
Full Ridge,Pervis Estupiñán,DEF,1.5054328626415616,1.5100968560787449,0.21365264986596214,0.14148274596157498
Full Ridge,Phil Foden,MID,7.629893587573609,7.614152388827969,0.22119426796569816,0.029050412530520178
Full Ridge,Philip Billing,MID,0.2644937113752007,0.26516670284856886,0.017156617459658005,0.06470125123309992
Full Ridge,Philippe Coutinho Correia,MID,0.16201902098581197,0.1623403237719467,0.01670094446086761,0.10287613128287738
Full Ridge,Pierre-Emerick Aubameyang,FWD,0.19957281908984528,0.19650606534038714,0.033285549760574296,0.169386882297588
Full Ridge,Pierre-Emile Højbjerg,MID,1.1289965901645682,1.1307954096196582,0.02946065509308889,0.02605303739515351
Full Ridge,Radek Vítek,GK,0.033742252856538826,0.03502200701020619,0.01315627227128657,0.37565729078440707
Full Ridge,Radu Dragusin,DEF,0.3119434413868779,0.31571714210399293,0.02134973245196305,0.06762297514061096
Full Ridge,Raheem Sterling,MID,3.285249174967658,3.281344694649978,0.0797048508847205,0.024290301172770465
Full Ridge,Raphaël Varane,DEF,1.713358076587288,1.712417790667634,0.05758383427596035,0.03362721094687394
Full Ridge,Rasmus Højlund,FWD,4.092757510620018,4.105270286086439,0.09978661729103988,0.024306954314125474
Full Ridge,Rayan Aït-Nouri,DEF,3.4960092412524184,3.4927388078861292,0.10377282801965908,0.029711018695516008
Full Ridge,Raúl Jiménez,FWD,0.6783699869136308,0.6778692413670983,0.03181412524036603,0.04693253993381472
Full Ridge,Reece Burke,DEF,0.8952058010340065,0.8934076377374276,0.023481336790202253,0.02628289237561165
Full Ridge,Reece James,DEF,0.19025235917451908,0.19043962452627292,0.02908995681159098,0.1527515971739261
Full Ridge,Reiss Nelson,MID,0.6899528531776038,0.690394047768831,0.034226401116234366,0.04957516830691827
Full Ridge,Remi Matthews,GK,0.036745665492066176,0.03797590957913086,0.013090795055463537,0.34471314052889473
Full Ridge,Remo Freuler,MID,0.15944088024151687,0.1598007956777392,0.016809905066551882,0.10519287463656578
Full Ridge,Reuell Walters,DEF,0.1392864768607589,0.13938955814897028,0.019841906956233214,0.1423485892323979
Full Ridge,Rhian Brewster,FWD,1.2271289244309271,1.2205656970389391,0.050935843010618875,0.04173134074977522
Full Ridge,Rhys Bennett,DEF,0.13914533661324505,0.1392469683909243,0.019901004669718968,0.14291876440604834
Full Ridge,Rhys Norrington-Davies,DEF,0.41766686140395665,0.41537040589714447,0.02353365935133154,0.05665704397139701
Full Ridge,Richarlison de Andrade,MID,4.706274486841272,4.6922663132268045,0.18065764121098654,0.038501148304762534
Full Ridge,Richie Laryea,DEF,0.13912681885102357,0.13922826045125997,0.019908919010447165,0.14299481258991048
Full Ridge,Rico Henry,DEF,0.1451928018695752,0.1453490959372482,0.01929454230163895,0.13274621474060638
Full Ridge,Rico Lewis,DEF,0.37038121490099635,0.37011892635303234,0.018072455138792784,0.04882877867627511
Full Ridge,Riyad Mahrez,MID,0.15989936610285027,0.16025231224894698,0.016785072173074032,0.1047415287649575
Full Ridge,Rob Holding,DEF,0.13979034335172386,0.1398985993494763,0.019648831662955252,0.14045052455365278
Full Ridge,Robert Sánchez,GK,0.1596075057081559,0.15913406227937923,0.029526308150216698,0.18554360849771853
Full Ridge,Robin Olsen,GK,0.04057809137333194,0.041536944260196905,0.013565646384184575,0.3265923053753369
Full Ridge,Rodrigo Bentancur,MID,1.6739460244294393,1.6742959503358898,0.03750710146903009,0.022401715456282133
Full Ridge,Rodrigo Duarte Ribeiro,FWD,0.304484864213583,0.301260610338417,0.03358516081867651,0.11148208450135276
Full Ridge,Rodrigo Hernandez,MID,4.953624553430755,4.950753381678536,0.11784327239381891,0.023803098904083272
Full Ridge,Rodrigo Muniz Carvalho,FWD,4.214605595380037,4.205484833040066,0.10277375252570708,0.02443802714927731
Full Ridge,Romain Faivre,MID,0.3747374931961669,0.3749458016152804,0.019546955278686808,0.05213274877189663
Full Ridge,Romelu Lukaku Bolingoli,FWD,0.20408422676142984,0.20178471872407983,0.032890408497619664,0.16299751886858174
Full Ridge,Roméo Lavia,MID,0.17452316572690724,0.17491385802454776,0.01673394266409931,0.09566962191040823
Full Ridge,Ronnie Stutter,FWD,0.1998972696213555,0.19688569449844034,0.033253327148155015,0.16889661401183434
Full Ridge,Ross Barkley,MID,5.450558173401729,5.454228955430694,0.15758956864498677,0.0288930974355371
Full Ridge,Ryan Christie,MID,2.623463784366768,2.6293316147296295,0.08444071406504368,0.03211489703010573
Full Ridge,Ryan Fraser,MID,0.15954185044234165,0.15990023106433532,0.01680424076300896,0.10509203552212398
Full Ridge,Ryan Fredericks,DEF,0.13917300719011322,0.1392749231446543,0.01988924777131548,0.14280566323241137
Full Ridge,Ryan Giles,DEF,0.23449421707333173,0.23528789924324753,0.01847626214873289,0.07852618943922648
Full Ridge,Ryan Gravenberch,MID,1.8230942917406314,1.8262118389864006,0.05199661326087556,0.028472388663154848
Full Ridge,Ryan Oné,MID,0.15965258410100713,0.16001616810829078,0.016808355864064924,0.10504160962465922
Full Ridge,Ryan Sessegnon,DEF,0.13914746805966144,0.1392491217272984,0.0199000960914086,0.14291002948212767
Full Ridge,Ryan Trevitt,MID,0.15943829868441495,0.15979825336202289,0.016810051334077526,0.10519546353234763
Full Ridge,Ryan Yates,MID,1.289791853925717,1.2865738606748058,0.06642004008274892,0.05162551650778271
Full Ridge,Rúben Gato Alves Dias,DEF,3.6726196184247617,3.650837653239458,0.10788219200439333,0.02954998338769389
Full Ridge,Rúnar Alex Rúnarsson,GK,0.03431884034878078,0.0355712219064233,0.01311577922938852,0.36871882736814643
Full Ridge,Sam Curtis,DEF,0.1391053155379968,0.13920653629917948,0.019918155934020153,0.1430834820228018
Full Ridge,Sam Johnstone,GK,2.059175884419548,2.058780547955892,0.09907071406379336,0.04812106572609598
Full Ridge,Sam Proctor,GK,0.03348248230706511,0.03477456866426723,0.01317909864986326,0.37898668929876633
Full Ridge,Sam Surridge,FWD,0.20146366092488957,0.1987184787104868,0.033105998016178854,0.16659748117542214
Full Ridge,Saman Ghoddos,MID,0.545493777352635,0.5465896140891576,0.02171216510147444,0.03972297413234938
Full Ridge,Samuel Bastien,MID,0.15947247915176216,0.1598319142635256,0.01680812055342647,0.1051612291004273
Full Ridge,Sander Berge,MID,2.316927267218157,2.3181239585212814,0.10310009747013792,0.04447566192098929
Full Ridge,Sandro Tonali,MID,0.17828527388261084,0.17837801860366115,0.017503759991501576,0.09812733726117483
Full Ridge,Santiago Bueno,DEF,0.18553642166217538,0.18595754839186357,0.01900455194562219,0.1021983356415002
Full Ridge,Sasa Kalajdzic,FWD,0.20948480055855742,0.2067205746574145,0.03306120536167979,0.15993185688686345
Full Ridge,Saïd Benrahma,MID,0.2796615361615199,0.279625295422637,0.017828352774367767,0.06375801140387272
Full Ridge,Saša Lukić,MID,0.9768732169051435,0.9763299214063378,0.02876998863360523,0.029467486351502974
Full Ridge,Scott Carson,GK,0.03431074052788478,0.03556350661194908,0.013116250489354086,0.3688120699815108
Full Ridge,Scott McKenna,DEF,0.140042743604504,0.14014670937787183,0.019722479410564608,0.14072738131430326
Full Ridge,Scott McTominay,MID,1.7534015532898695,1.7509628128886836,0.07258774548759866,0.041455903548200244
Full Ridge,Scott Twine,MID,0.15939141927687422,0.15975208655266573,0.016812719988111582,0.10524256897620492
Full Ridge,Seamus Coleman,DEF,0.3719072952920748,0.3734892933808732,0.018716833792859464,0.05011344133437474
Full Ridge,Sean Longstaff,MID,3.13734064860006,3.1377611550757996,0.09387094314362493,0.02991653555012452
Full Ridge,Sepp van den Berg,DEF,0.13920224761410527,0.1393044638678402,0.019876914216268186,0.14268684336724236
Full Ridge,Serge Aurier,DEF,0.1532778939991555,0.15337859459922562,0.01906873198447028,0.1243245971466644
Full Ridge,Sergi Canós Tenés,MID,0.15943496827905596,0.15979497358104094,0.016810240136750202,0.10519880419282895
Full Ridge,Sergio Gómez,DEF,0.1685912225864749,0.16981014095073502,0.018755588305356265,0.11045034295565186
Full Ridge,Sergio Reguilón,DEF,2.8922953337375414,2.8932978029556353,0.0837232921339857,0.028936977053816773
Full Ridge,Shandon Baptiste,MID,0.3771395681515518,0.37699356869930356,0.0175678404060351,0.04659984112367579
Full Ridge,Shea Charles,MID,0.15926635388982815,0.15962892224270928,0.016819955593105514,0.10536909826109993
Full Ridge,Shola Shoretire,FWD,0.20322602492509137,0.2007805642878019,0.03295671621936508,0.16414296043178972
Full Ridge,Simon Adingra,MID,3.00179544157435,2.996912384418787,0.08200106276673381,0.02736184854554461
Full Ridge,Siriki Dembélé,MID,0.1592985477001061,0.1596606266856523,0.016818076893723635,0.10533640787240482
Full Ridge,Sofyan Amrabat,MID,0.34539637612961754,0.34572528373155087,0.016618886174357014,0.04806962914306628
Full Ridge,Solly March,MID,0.1966240528348732,0.19646204728538383,0.020877454686675973,0.1062671135476312
Full Ridge,Son Heung-min,MID,2.642775967895484,2.6445924175848794,0.12492930601474617,0.047239531197338654
Full Ridge,Stefan Bajcetic,MID,0.1596256101551275,0.15998271757376115,0.01679962565717871,0.10500900292203828
Full Ridge,Stefan Ortega Moreno,GK,0.07167908719116678,0.07280462392529345,0.016722110553777376,0.22968473226283442
Full Ridge,Steve Cook,DEF,0.13916644101860798,0.13926828953855894,0.019892030141122778,0.14283244381783916
Full Ridge,Steven Alzate,MID,0.1599925297868329,0.1603440597829509,0.016780304859414022,0.10465186475962136
Full Ridge,Steven Benda,GK,0.033727764832497766,0.03500820678261349,0.013157470657147006,0.37583960637714087
Full Ridge,Sven Botman,DEF,1.688476981998928,1.6966595586936626,0.09097076384127493,0.05361757069952063
Full Ridge,Sydie Peck,MID,0.16560673779240007,0.16597462013888975,0.016791243309862668,0.10116753571004732
Full Ridge,Tahith Chong,MID,3.133527316550671,3.1393640985435636,0.08249783102413587,0.026278516423886244
Full Ridge,Taiwo Awoniyi,FWD,3.156608078203928,3.148291564514361,0.11710991331235988,0.037197924942007285
Full Ridge,Takehiro Tomiyasu,DEF,0.19385650222735337,0.19406507170739604,0.01915235147781043,0.09869035839013639
Full Ridge,Tanguy Ndombélé Alvaro,MID,0.1620804074221689,0.1624002002891534,0.016698341648030836,0.10282217397699914
Full Ridge,Tariq Lamptey,DEF,2.2490804851653072,2.2322343122833406,0.07468898943538968,0.03345929637601113
Full Ridge,Tawanda Chirewa,MID,0.17797601319304657,0.1783211213507213,0.01684204953712086,0.09444786691306174
Full Ridge,Tayo Adaramola,DEF,0.13915067049935348,0.13925235705605038,0.019898731903373053,0.14289691265594612
Full Ridge,Teden Mengi,DEF,2.0171701083894225,2.0297312727437444,0.09458659699333655,0.04660055164124093
Full Ridge,Terence Kongolo,DEF,0.1394882752111534,0.13959342896869528,0.019761199651133092,0.14156253483510794
Full Ridge,Thiago Alcántara do Nascimento,MID,0.21326604202419808,0.21360807875292334,0.016715945466701493,0.07825521190158978
Full Ridge,Thiago Emiliano da Silva,DEF,1.9641429298748152,1.9568167455720091,0.06021511307388859,0.030771973517779123
Full Ridge,Thilo Kehrer,DEF,0.1397026561510221,0.1398126774467256,0.01969357941838825,0.14085689350947675
Full Ridge,Thomas Cannon,FWD,0.1996637080476758,0.19661015818007294,0.0332776081995386,0.16925681006298784
Full Ridge,Thomas Kaminski,GK,3.7381778738030906,3.7524360973661817,0.19966456614203032,0.05320931814992772
Full Ridge,Thomas Partey,MID,0.161858564172957,0.16218612646621822,0.01671326590525427,0.10304991104609357
Full Ridge,Thomas Strakosha,GK,0.05554151419308837,0.055769638879051626,0.019031465491541347,0.3412513667663358
Full Ridge,Tim Iroegbunam,MID,0.3098753413435004,0.31045869452928093,0.01774592114963951,0.05716032909481233
Full Ridge,Tim Krul,GK,0.03393577998581443,0.03520634673947611,0.013141113154634586,0.3732597776156008
Full Ridge,Tim Ream,DEF,1.0458118513066745,1.0462569905317836,0.03453449567213391,0.03300766062703292
Full Ridge,Timo Werner,FWD,2.565421375750959,2.5543764522271575,0.12027304942687088,0.04708509167550655
Full Ridge,Timothy Castagne,DEF,2.7929551125605143,2.7903874247173284,0.05345568026067694,0.019157081840021586
Full Ridge,Tino Livramento,DEF,0.9028099064706001,0.9090693759997392,0.036505734533436696,0.040157259167695435
Full Ridge,Toby Collyer,MID,0.15926091173711057,0.15962356281433387,0.016820274280099787,0.10537463256389212
Full Ridge,Tom Cairney,MID,1.8428657170623437,1.8454767019767875,0.06717525390772158,0.036399946873220686
Full Ridge,Tom Davies,MID,0.4746449139539145,0.4752434130242395,0.02462952427438082,0.05182507237217532
Full Ridge,Tom Heaton,GK,0.03447920875709213,0.03572397707352684,0.013107023300033344,0.3668970919183091
Full Ridge,Tom King,GK,0.041504557896342734,0.042415808669455934,0.013785804882019637,0.3250157267883693
Full Ridge,Tom Lockyer,DEF,0.19242506331743534,0.19246666249087427,0.018889859020162946,0.09814613489782212
Full Ridge,Tom McGill,GK,0.036591404193974844,0.03773589931129005,0.013094352944728853,0.3469998909184922
Full Ridge,Tommi O'Reilly,MID,0.15929629754726227,0.15965841073662868,0.01681820783985925,0.10533869003370226
Full Ridge,Tommy Doyle,MID,0.7509765816427796,0.7514827184056878,0.018303461302916952,0.024356463368510668
Full Ridge,Tomáš Souček,MID,2.181176374750693,2.1775187419561326,0.08969397566810243,0.04119090868881686
Full Ridge,Tosin Adarabioyo,DEF,1.346865761756896,1.3457300062195463,0.038814654074599844,0.028842824262824314
Full Ridge,Toti António Gomes,DEF,2.4459023097472525,2.43728109877702,0.059028945723588695,0.024219178392352145
Full Ridge,Travis Hernes,MID,0.15926866110389187,0.15963119438558426,0.016819820581433283,0.10536675269625259
Full Ridge,Trent Alexander-Arnold,DEF,1.9020764650976318,1.899072419037204,0.1456339691555543,0.07668689603179438
Full Ridge,Trevoh Chalobah,DEF,0.30283067675955544,0.30659411534534814,0.02185159892357682,0.0712720754570359
Full Ridge,Treymaurice Nyoni,MID,0.15928478419780118,0.15964707239773934,0.01681887870670651,0.10535037350891423
Full Ridge,Ty Barnett,MID,0.15931545403962954,0.15967727603756718,0.016817094788665644,0.10531927401309812
Full Ridge,Tyler Adams,MID,0.15930763673623188,0.15966957756238206,0.016817548519615335,0.10532719367310162
Full Ridge,Tyler Onyango,MID,0.15947700508847093,0.15983647173276774,0.016808237372757655,0.10515896147194441
Full Ridge,Tyrell Malacia,DEF,0.1392425378487118,0.1393451678832105,0.01986007228878527,0.1425242984057446
Full Ridge,Tyrese Francois,MID,0.1596335254570913,0.15999051255786886,0.016799193457453943,0.10500118531327064
Full Ridge,Tyrick Mitchell,DEF,2.3544463964381634,2.3435134531818127,0.06595643560014536,0.028144253027690375
Full Ridge,Tyrone Mings,DEF,0.14635293424186552,0.14652801973348636,0.019857100542317145,0.13551742921547966
Full Ridge,Valentín Barco,DEF,0.1391372398235539,0.1392387884471921,0.019904460601317682,0.14295198071812207
Full Ridge,Valintino Adedokun,DEF,0.1392911257885192,0.13939425482122522,0.019839997331321753,0.14233009356638682
Full Ridge,Vicente Guaita,GK,0.035608480152810776,0.03679963806296131,0.0130764687385529,0.3553423192961866
Full Ridge,Victor Lindelöf,DEF,1.085585873024944,1.0853165969435787,0.0357530380147556,0.03294249633281362
Full Ridge,Victor da Silva,DEF,1.0004670669926032,1.00691257097282,0.0319763561391711,0.031756834764986024
Full Ridge,Viljami Sinisalo,GK,0.03345200233006351,0.03474553567685271,0.013181962576793904,0.37938579216021867
Full Ridge,Vincent Angelini,GK,0.03351891450915152,0.03480927130412164,0.013175726513372506,0.3785119888968321
Full Ridge,Vini de Souza Costa,MID,3.062553157433799,3.0628890857498714,0.07888024755539776,0.025753543581577623
Full Ridge,Virgil van Dijk,DEF,4.387162073744025,4.369921759291857,0.16596983250020825,0.03798004670159211
Full Ridge,Vitalii Mykolenko,DEF,2.4129636604939044,2.40419414653647,0.06817148666861914,0.028355233609909724
Full Ridge,Vitaly Janelt,MID,2.4410328529276706,2.4439644480432707,0.0764763926351039,0.03129194154044825
Full Ridge,Vladimír Coufal,DEF,2.3705225589590597,2.371661965248216,0.06439831811105363,0.027153244878350007
Full Ridge,Wataru Endo,MID,2.502387022411159,2.509832582406771,0.106729084828529,0.04252438412692154
Full Ridge,Wayne Hennessey,GK,0.035615664544841774,0.03680648138713459,0.013076449216372486,0.3552757211109904
Full Ridge,Wes Foderingham,GK,1.5985705905345808,1.4910210289783803,0.22548020900904828,0.15122537149160337
Full Ridge,Wesley Fofana,DEF,0.13925470368046816,0.1393574586580753,0.01985502156799526,0.1424754854113058
Full Ridge,Wesley Moraes Ferreira da Silva,FWD,0.19935703031767327,0.19625357782090092,0.03330730287285473,0.1697156466785571
Full Ridge,Will Hughes,MID,0.9629855163123955,0.9632540798415244,0.03395986785523898,0.03525535844169598
Full Ridge,William Osula,FWD,1.1929522778296002,1.1926735371563775,0.07502380407629834,0.06290388923625594
Full Ridge,William Saliba,DEF,3.2280733281767464,3.2034260386711773,0.36663662941353775,0.11445141076696229
Full Ridge,Willian Borges da Silva,MID,2.1964688091015843,2.200823569543117,0.06970930277526752,0.0316741894897731
Full Ridge,Willy Boly,DEF,0.18991577925986916,0.19039113755746515,0.018521333447379832,0.0972804390214308
Full Ridge,Willy Kambwala,DEF,0.16621679065504513,0.16624732836744804,0.019580303245168282,0.11777815281272327
Full Ridge,Wilson Odobert,MID,2.4460207152583875,2.448305995489777,0.09400254011785149,0.03839493114464499
Full Ridge,Wout Weghorst,FWD,0.19998807197655055,0.1969919394211763,0.0332444135683488,0.1687602734712458
Full Ridge,Yago de Santiago Alonso,MID,0.15930783297588005,0.15966977081905698,0.01681753712142485,0.10532699480406366
Full Ridge,Yasin Ayari,MID,0.15951261822200352,0.15987144319319452,0.016805869313332316,0.10512114595114705
Full Ridge,Yasser Larouci,DEF,1.0539921894932642,1.0553939587260988,0.03960962776658206,0.037530656148906154
Full Ridge,Yegor Yarmoliuk,MID,0.4010090444939136,0.40269785640866906,0.022381922116135416,0.055579938556766524
Full Ridge,Yegor Yarmolyuk,MID,0.6891530437794136,0.6876627739344964,0.055059514005360057,0.08006760885184222
Full Ridge,Yerson Mosquera,DEF,0.13910654347008405,0.13920777684213106,0.019917627119256424,0.14307840819729534
Full Ridge,Yoane Wissa,FWD,2.0615835186364464,2.0669626138153867,0.07510627810158163,0.0363365440669213
Full Ridge,Youri Tielemans,MID,2.736595528806853,2.738028319879934,0.05317606115154426,0.019421296984202155
Full Ridge,Youssef Ramalho Chermiti,FWD,0.3373191233847805,0.33481707915204345,0.03257551391212605,0.09729346541886895
Full Ridge,Yves Bissouma,MID,1.1035578335042753,1.103759535639215,0.03325455200020181,0.03012843914498393
Full Ridge,Zack Nelson,MID,0.1593538781756168,0.15971511610112368,0.01681487417195588,0.10528041792430928
Full Ridge,Zack Steffen,GK,0.035266372705951676,0.03647377163600981,0.013079960448235669,0.358612774647141
Full Ridge,Zeki Amdouni,FWD,2.13716176248923,2.127074823463638,0.12134084240030264,0.05704587401524333
Full Ridge,Álvaro Fernández Carreras,DEF,0.13985339354944198,0.13996229707280994,0.019626667886229125,0.14022824929787422
Full Ridge,Ângelo Gabriel Borges Damaceno,MID,0.15930787137095984,0.15966980863050598,0.016817534891371035,0.10532695589489129
Full Ridge,Đorđe Petrović,GK,3.1818701541838186,3.1876160315467748,0.10120994456216353,0.03175098366946408
Reduced Ridge,Aaron Connolly,FWD,0.19991672686144946,0.19682966648968908,0.03328784740878682,0.1691200722048198
Reduced Ridge,Aaron Cresswell,DEF,0.19535155894250572,0.1955047745077775,0.019068519840389802,0.09753480388598501
Reduced Ridge,Aaron Hickey,DEF,0.1433203721487909,0.1434217620963455,0.019439405822875493,0.13554014076201917
Reduced Ridge,Aaron Ramsdale,GK,0.11185379166101625,0.1115460412675645,0.052343124694463866,0.4692512983845736
Reduced Ridge,Aaron Ramsey,MID,1.014550902666666,1.014646649451582,0.04171847017411045,0.04111625480324539
Reduced Ridge,Aaron Wan-Bissaka,DEF,0.3298709040353337,0.3294636453907328,0.020934220236814634,0.06354030415704091
Reduced Ridge,Abdoulaye Doucouré,MID,1.6438839898282385,1.6431843199319924,0.05466432433048676,0.033267311321927166
Reduced Ridge,Abdul Rahman Baba,DEF,0.13850281410606735,0.13858364175516646,0.019778818186481854,0.14272116056399198
Reduced Ridge,Adam Davies,GK,0.03486518052849015,0.035887622720368786,0.013209123058478755,0.36806904601629226
Reduced Ridge,Adam Lallana,MID,0.7000504136910326,0.7004177912234322,0.017107898365606625,0.024425276713379816
Reduced Ridge,Adam Smith,DEF,1.6984681651178697,1.6981065009546485,0.06234031652606914,0.03671166472245551
Reduced Ridge,Adam Webster,DEF,0.6547562482120266,0.6487305215525321,0.031457608782743736,0.048491026300812645
Reduced Ridge,Adam Wharton,MID,2.4161160543176115,2.4165823900307655,0.05578688246584648,0.02308503227367152
Reduced Ridge,Adama Traoré,MID,1.1233172027040796,1.1253463349587627,0.053313031461142066,0.047374776817570276
Reduced Ridge,Ademola Ola-Adebomi,FWD,0.20003968676571163,0.19697536025316245,0.03327476307662186,0.16892855549981223
Reduced Ridge,Admiral Muskwe,FWD,0.20071514851765837,0.19777570704355524,0.03320436070416918,0.16788897484187343
Reduced Ridge,Adrián San Miguel del Castillo,GK,0.03592378832599159,0.03692607520535262,0.01321010435037091,0.3577446093825872
Reduced Ridge,Aidan Francis-Clarke,DEF,0.13860670804721056,0.13869078707109558,0.019745466494789986,0.14237042641244857
Reduced Ridge,Albert Sambi Lokonga,MID,3.1709573931784236,3.1718797855806673,0.08598724584501483,0.027109238577045686
Reduced Ridge,Alejandro Garnacho,MID,4.744862786190698,4.744559010748009,0.10775858739924127,0.022712034386153088
Reduced Ridge,Alejo Véliz,FWD,0.31281310355337066,0.3097724847870982,0.03298538497318556,0.10648261738241827
Reduced Ridge,Aleksandar Mitrović,FWD,0.21230334126037406,0.2114985915317199,0.032399425581172564,0.1531897935893034
Reduced Ridge,Alex Iwobi,MID,2.8413862719276732,2.8429725979547458,0.06385412287886172,0.022460337086892365
Reduced Ridge,Alex Matos,MID,0.15753384965704362,0.15792674374557117,0.016679152591295033,0.10561322418048512
Reduced Ridge,Alex Mighten,MID,0.15761569900578923,0.15800521487788077,0.016670724748190743,0.10550743379625305
Reduced Ridge,Alex Murphy,DEF,0.14204295152835175,0.142216701403962,0.019138157557304178,0.13457039411245275
Reduced Ridge,Alex Scott,MID,1.3638954667396903,1.3651617112778054,0.042631808616702065,0.031228394603008792
Reduced Ridge,Alex Telles,DEF,0.13852197928296978,0.13860340670884364,0.01977260858257016,0.1426560071795736
Reduced Ridge,Alexander Isak,FWD,1.8983685205396506,1.9383208261864984,0.13488192603860583,0.06958699726916516
Reduced Ridge,Alexandre Moreno Lopera,DEF,2.197340246642844,2.193527612331741,0.04685095601398198,0.02135872635046475
Reduced Ridge,Alexis Mac Allister,MID,5.423451214809235,5.423535294175472,0.09777785311255315,0.018028434924644128
Reduced Ridge,Alfie Dorrington,DEF,0.13863065183804504,0.1387154801860673,0.019737888265722855,0.1422904512116979
Reduced Ridge,Alfie Doughty,DEF,3.999952546539938,4.0012459407187695,0.1214005016958121,0.030340674753425466
Reduced Ridge,Alfie Gilchrist,DEF,0.33578478082006313,0.3381796337915176,0.019950874811076515,0.0589949033517965
Reduced Ridge,Alfie Whiteman,GK,0.035308066710699526,0.03632207659229928,0.013204036652483582,0.36352648007143396
Reduced Ridge,Alisson Ramses Becker,GK,1.4231315818670986,1.4233297693039784,0.11725880611939628,0.08238344243775421
Reduced Ridge,Allan Campbell,MID,0.15756018129542415,0.1579508915191283,0.01667367451914246,0.10556239574705555
Reduced Ridge,Allan Saint-Maximin,MID,0.15778245588493905,0.15816838431896346,0.016662061137218794,0.10534381576294012
Reduced Ridge,Alphonse Areola,GK,3.1203444532094458,3.115250529886555,0.2621590956693918,0.08415345512482379
Reduced Ridge,Altay Bayindir,GK,0.033861323085321006,0.0349028781729651,0.013249857661142558,0.37962077498255054
Reduced Ridge,Amad Diallo,MID,0.40955598535377225,0.4102264662045719,0.023317354754865405,0.05684020090317014
Reduced Ridge,Amadou Diallo,MID,0.1580290676029448,0.15842197275891898,0.01667918063108385,0.10528325295169531
Reduced Ridge,Amadou Onana,MID,1.6053728215327705,1.60713576420937,0.053257559614196155,0.033138183344700936
Reduced Ridge,Amari'i Bell,DEF,2.688667962931504,2.699670054386047,0.1126139735565904,0.04171397662971108
Reduced Ridge,Ameen Al-Dakhil,DEF,0.5810781566863505,0.5812446448698688,0.03403141487375035,0.05854921017185359
Reduced Ridge,Anass Zaroury,MID,0.19501785492138915,0.1954505649610449,0.016636784441218435,0.08512016552387199
Reduced Ridge,Andi Zeqiri,FWD,0.2080147932491807,0.20642497136539872,0.03260642136177501,0.1579577371192047
Reduced Ridge,Andre Brooks,MID,0.6867648166038528,0.687365158901871,0.0231064012276149,0.03361590404804558
Reduced Ridge,Andreas Hoelgebaum Pereira,MID,3.234502115526724,3.2348733323996446,0.0858529534205287,0.026539819213521592
Reduced Ridge,Andrew Omobamidele,DEF,0.7041138342935094,0.7098302173102574,0.03199798458168128,0.045078363531677296
Reduced Ridge,Andrew Robertson,DEF,2.694550405511729,2.6894874328770277,0.10325181242359117,0.03839088859885079
Reduced Ridge,Andrey Nascimento dos Santos,MID,0.15925699505283128,0.15961840444938505,0.016611128045381566,0.1040677489709462
Reduced Ridge,Andros Townsend,MID,1.5161863356263785,1.5189094842340496,0.0781836274332076,0.05147352639820652
Reduced Ridge,André Onana,GK,3.1281622025652713,3.0774475917532254,0.13189474648741772,0.04285848663706313
Reduced Ridge,André Tavares Gomes,MID,0.26180227266662465,0.26223062557132204,0.016522219957561788,0.06300644679302739
Reduced Ridge,Andy Lonergan,GK,0.033588587338132594,0.034635335164987804,0.013267891087127968,0.3830738470964827
Reduced Ridge,Anel Ahmedhodžić,DEF,1.7290256128742842,1.7332038377635859,0.0739305176286408,0.04265540845099671
Reduced Ridge,Angelo Ogbonna,DEF,0.3023105582161567,0.30303759648689643,0.018041771769409888,0.05953641389242614
Reduced Ridge,Anis Slimane,MID,0.34155260860594616,0.34180842591559446,0.01729664176275218,0.050603321777162334
Reduced Ridge,Anssumane Fati Vieira,MID,1.0506589332474277,1.0521130780265284,0.042254788912211794,0.040161832216238605
Reduced Ridge,Anthony Elanga,MID,3.7476415540107677,3.7499221866756813,0.13992634466745565,0.03731446619469745
Reduced Ridge,Anthony Gordon,MID,4.0537992324407535,4.050853418961439,0.13355607926114482,0.032969862260626065
Reduced Ridge,Anthony Knockaert,MID,0.15777740841301108,0.1581634454332181,0.01666231904062088,0.10534873589141854
Reduced Ridge,Anthony Martial,FWD,0.23259451620158236,0.23043340294345982,0.032399491570432655,0.14060240901091212
Reduced Ridge,Antoine Semenyo,FWD,2.6950060050490467,2.686818006156922,0.10398207551289135,0.038700825762896254
Reduced Ridge,Antonee Robinson,DEF,3.1325387749963545,3.1260662704597904,0.07622620559399644,0.024384065787186552
Reduced Ridge,Antony Matheus dos Santos,MID,0.540174664580832,0.5404704217048911,0.016501767354114613,0.030532230241315492
Reduced Ridge,Antwoine Hackford,FWD,0.2009510635522592,0.19805140381332537,0.03318241220671461,0.16754444335063087
Reduced Ridge,Aribim Pepple,FWD,0.20062619809935903,0.19767031072528143,0.03321348892291309,0.16802467098396273
Reduced Ridge,Arijanet Muric,GK,0.03441632090322392,0.03544730913646471,0.013222337619419967,0.3730138603332834
Reduced Ridge,Armando Broja,FWD,0.5377566384800425,0.5345741586936047,0.030869552994203242,0.057746062902932736
Reduced Ridge,Arnaut Danjuma Groeneveld,MID,0.47894507989021856,0.4792886111645044,0.01885755522775907,0.03934488487415084
Reduced Ridge,Ashley Phillips,DEF,0.13901170264841484,0.13910845603252137,0.019622780961242314,0.14106102188823674
Reduced Ridge,Ashley Young,DEF,1.6871352780174171,1.681062492946364,0.03530166021254849,0.02099961206717306
Reduced Ridge,Auston Trusty,DEF,1.341470224236275,1.3412216566238127,0.04079095818702893,0.030413286264486573
Reduced Ridge,Axel Disasi,DEF,1.9981502840668177,1.9992885328073275,0.06624963756348999,0.033136606585976204
Reduced Ridge,Aymeric Laporte,DEF,0.13930319962706617,0.13940719906622684,0.019556601702182767,0.14028401569772733
Reduced Ridge,Bailey Peacock-Farrell,GK,0.03296411651017157,0.03402275391948154,0.013320291925619841,0.39151127969075417
Reduced Ridge,Bart Verbruggen,GK,2.1386508037928724,2.136551589819324,0.14453538312574535,0.06764890855641258
Reduced Ridge,Bashir Humphreys,DEF,0.13854911856989044,0.13863139532337923,0.01976385960359253,0.14256409637579034
Reduced Ridge,Ben Brereton,MID,1.338888710401159,1.3393526607441217,0.024340053827530104,0.018172998449868447
Reduced Ridge,Ben Chilwell,DEF,1.756024873764953,1.7565411047631523,0.0461760906427292,0.026288078609441632
Reduced Ridge,Ben Davies,DEF,1.5427851639080061,1.542544211086566,0.12933449685118437,0.08384492056800195
Reduced Ridge,Ben Doak,MID,0.15786689272856128,0.15825151475749563,0.01665883488546087,0.10526809118376428
Reduced Ridge,Ben Godfrey,DEF,2.069234506698294,2.058496590136219,0.06832055532489383,0.033189540197573406
Reduced Ridge,Ben Greenwood,DEF,0.13967662720899515,0.1397941894961728,0.019447084654650403,0.13911225298232308
Reduced Ridge,Ben Jackson,DEF,0.1386945102293689,0.13878133703429016,0.019717875710109748,0.142078727093095
Reduced Ridge,Ben Johnson,DEF,0.8682522854383673,0.8775435389412156,0.04635108603266737,0.05281912973639056
Reduced Ridge,Ben Mee,DEF,2.3216832711912296,2.3287331809279195,0.09639681252248253,0.04139452871284796
Reduced Ridge,Ben Osborn,MID,1.427855626558718,1.4289856804020584,0.046888825916194074,0.032812663247263237
Reduced Ridge,Ben Parkinson,FWD,0.20399029476235953,0.2009837471398858,0.03312764386683026,0.16482747654104207
Reduced Ridge,Ben Pearson,MID,0.1573601495460739,0.1577551630495942,0.016684573289072753,0.10576245472122868
Reduced Ridge,Bendegúz Bolla,DEF,0.14138284031864182,0.1415537987733281,0.019147672376050036,0.13526781013282058
Reduced Ridge,Benicio Baker-Boaitey,MID,0.2391173931883147,0.23963095445671356,0.01666378978258891,0.06953938743168099
Reduced Ridge,Benjamin Fredrick,DEF,0.13851886935955018,0.13860019945995475,0.019773614453619026,0.1426665656374625
Reduced Ridge,Benjamin White,DEF,2.819258784244778,2.8017877537228695,0.12222275775053223,0.04362313226193847
Reduced Ridge,Benoît Badiashile,DEF,0.5042371748642218,0.5071322412140749,0.021268782291596552,0.04193932186342378
Reduced Ridge,Bernardo Veiga de Carvalho e Silva,MID,3.2917989909282337,3.291489610559434,0.09240908622091316,0.02807515658699192
Reduced Ridge,Bernd Leno,GK,2.9300653601199853,2.9309281463782755,0.11599515250973286,0.03957625254411888
Reduced Ridge,Bertrand Traoré,MID,0.15784615658197929,0.1582364404342541,0.016669518244008332,0.10534563466077446
Reduced Ridge,Billy Blacker,FWD,0.19961911313315608,0.1964770274371742,0.03331985790905428,0.16958653306025145
Reduced Ridge,Billy Gilmour,MID,1.813798454290337,1.8121680622778968,0.08612243587620294,0.047524530240284094
Reduced Ridge,Bobby Clark,MID,0.48858277894471003,0.4892815011084647,0.022540355726186824,0.046068277004386565
Reduced Ridge,Bobby De Cordova-Reid,MID,2.2981830427169494,2.2988429453385666,0.032120958612535014,0.013972663368616658
Reduced Ridge,Bobby Thomas,DEF,0.13855809251333998,0.1386406501075894,0.019760978072262524,0.14253379551327405
Reduced Ridge,Boubacar Kamara,MID,0.9173604887972213,0.9173399217503906,0.03160075176559141,0.03444824651836097
Reduced Ridge,Boubacar Traoré,MID,0.3047657499832108,0.30539863439790704,0.020135678164837023,0.06593244336057522
Reduced Ridge,Bradley Ibrahim,MID,0.15741117578707647,0.15780509156389216,0.01668175288213342,0.10571111943735546
Reduced Ridge,Braian Ojeda Rodríguez,MID,0.15737719268887376,0.15777183954353616,0.01668362818938687,0.10574528532883795
Reduced Ridge,Brandon Aguilera Zamora,MID,0.1720439188194883,0.17243781680149683,0.01668170738849404,0.09674042328949989
Reduced Ridge,Brandon Austin,GK,0.03520531236754746,0.03622127863554793,0.01320451230566503,0.36455124730759747
Reduced Ridge,Brandon Williams,DEF,0.13893779380664753,0.1390322342036639,0.01964429471989229,0.1412930953200104
Reduced Ridge,Brennan Johnson,MID,2.7354283745668395,2.737235981308502,0.06922890308274444,0.02529153626339897
Reduced Ridge,Bruno Borges Fernandes,MID,4.234511349850168,4.233014680394587,0.1135697562916327,0.02682952100724728
Reduced Ridge,Bruno Cavaco Jordão,MID,0.16024353356388513,0.16057651687326896,0.016568742966644977,0.10318285194666071
Reduced Ridge,Bruno Guimarães Rodriguez Moura,MID,4.09501249801436,4.097276110481844,0.091713610360338,0.022384044396156738
Reduced Ridge,Bryan Gil Salvatierra,MID,0.39625255128902004,0.3973247784186128,0.026077242911653146,0.06563205802427637
Reduced Ridge,Bryan Mbeumo,MID,0.33904134233485045,0.3370779354847197,0.04615367501789427,0.13692286014367883
Reduced Ridge,Bukayo Saka,MID,8.51851169685458,8.49926654511362,0.3553564160067438,0.041810244933551885
Reduced Ridge,Bénie Traoré,FWD,0.20656921474885073,0.20356960949159214,0.03310928440486169,0.16264355218615859
Reduced Ridge,CJ Egan-Riley,DEF,0.13990043972499921,0.1400250062548047,0.019395268038521058,0.13851288821389032
Reduced Ridge,Callum Hudson-Odoi,MID,4.4270083122857455,4.429205777631844,0.07844465954260864,0.017710773326171925
Reduced Ridge,Callum Marshall,FWD,0.19960804551518452,0.19646391354509207,0.03332105760585121,0.16960395934596617
Reduced Ridge,Callum Scanlon,DEF,0.1386142255228231,0.13869853980711316,0.019743082837736715,0.1423452825472658
Reduced Ridge,Callum Wilson,FWD,0.7364943401469553,0.7438070005973386,0.04275255670234667,0.05747802409497736
Reduced Ridge,Calum Chambers,DEF,0.3276783994779816,0.3349426830729179,0.03123575962045002,0.09325702933373203
Reduced Ridge,Calvin Bassey,DEF,2.1952531634007677,2.1915640891598858,0.039868616534549484,0.018191855183132117
Reduced Ridge,Cameron Archer,FWD,1.3476405386322043,1.3634646399691046,0.04999784677132974,0.03666970547359605
Reduced Ridge,Cameron Peupion,MID,0.15735742076259754,0.15775249297039304,0.016684724894578687,0.1057652058640371
Reduced Ridge,Caoimhin Kelleher,GK,2.6144346301742143,2.552459974433647,0.14518324827649726,0.0568797355220864
Reduced Ridge,Carlos Baleba,MID,0.3264444817234945,0.3270569470190524,0.017696060295595374,0.05410696961763208
Reduced Ridge,Carlos Henrique Casimiro,MID,1.879573024703454,1.8783885899859767,0.06440963598192233,0.03428983562043634
Reduced Ridge,Carlos Mendes Gomes,MID,0.15745934073192216,0.15785222033705204,0.016679115901295623,0.10566285267119932
Reduced Ridge,Carlos Vinícius Alves Morais,FWD,0.26325416241270927,0.26399616642413914,0.032273461071753426,0.12224973380826495
Reduced Ridge,Carlton Morris,FWD,5.98820462140092,5.985661961789709,0.2041778489460985,0.03411115600070564
Reduced Ridge,Carney Chukwuemeka,MID,0.5491773517711893,0.5497475088010004,0.030538108194828467,0.05554933438703905
Reduced Ridge,Cauley Woodrow,FWD,1.7364847364861307,1.7325089457840497,0.11532275613595831,0.06656401770195121
Reduced Ridge,Cesare Casadei,MID,0.515128760158752,0.515949730547257,0.024639289847840223,0.04775521410139288
Reduced Ridge,Charles Sagoe,MID,0.15741062337964423,0.1578045510403924,0.016681783268246177,0.10571167408204994
Reduced Ridge,Charlie Goode,DEF,0.13990582878370628,0.14003056396482502,0.019394066356042863,0.1384988091665085
Reduced Ridge,Charlie Taylor,DEF,0.8502914679323264,0.8548649767840182,0.0463913570739275,0.054267467183473445
Reduced Ridge,Cheick Doucouré,MID,0.16509636281862555,0.1654665306356748,0.016620609670561025,0.10044695810511906
Reduced Ridge,Cheikhou Kouyaté,MID,0.18888501622125373,0.18925801228839353,0.01645659597143008,0.0869532326396482
Reduced Ridge,Chiedozie Ogbene,FWD,5.704343672512717,5.688604260705568,0.21336628231246818,0.03750766840757595
Reduced Ridge,Chris Basham,DEF,0.14204033572823294,0.14221048995114752,0.01914010092035209,0.1345899372607966
Reduced Ridge,Chris Mepham,DEF,0.1956701222058363,0.1956798764968732,0.01861452459019222,0.09512743427395644
Reduced Ridge,Chris Richards,DEF,3.6244488164710367,3.6102587048707147,0.07750662601734834,0.021468441004735116
Reduced Ridge,Chris Wood,FWD,0.9070916760986809,0.904408146792807,0.030236743527670387,0.033432630648999886
Reduced Ridge,Christian Eriksen,MID,1.1047358123617372,1.1064333064804959,0.0636939196577602,0.05756688567191373
Reduced Ridge,Christian Nørgaard,MID,3.4763014823399985,3.477807912251016,0.07394637813832976,0.02126235260948264
Reduced Ridge,Christian Pulisic,MID,0.15740630123313998,0.1578003218761566,0.016682021126740915,0.10571601457082669
Reduced Ridge,Christopher Nkunku,FWD,1.6675926412336097,1.667806410531997,0.05786045329651248,0.034692547606922884
Reduced Ridge,Clément Lenglet,DEF,2.07052481895472,2.073086129953177,0.05547999641360519,0.026762031549001905
Reduced Ridge,Cody Gakpo,FWD,4.738142232752288,4.726099435924219,0.11682888057852187,0.0247199370564397
Reduced Ridge,Cole Palmer,MID,5.129530270289482,5.119433352185835,0.2117987395199914,0.04137152003933406
Reduced Ridge,Connor Roberts,DEF,0.19264906695444725,0.19361561687744977,0.018898604292582093,0.09760888402170619
Reduced Ridge,Conor Bradley,DEF,3.320856816662144,3.3040086603961916,0.1311148889002919,0.039683579063188534
Reduced Ridge,Conor Coventry,MID,0.1585481064032071,0.15891756340991028,0.01662607931508683,0.10462077921621349
Reduced Ridge,Conor Gallagher,MID,3.9886285812979896,3.990195251047991,0.06944837026852527,0.017404754880174157
Reduced Ridge,Craig Dawson,DEF,3.091232630021872,3.0809435832002023,0.07531601667953983,0.02444576300917151
Reduced Ridge,Cristian Romero,DEF,1.8709099404529037,1.8698573388937383,0.07496023184901421,0.040088743825431546
Reduced Ridge,Curtis Jones,MID,2.244799530791443,2.244286043330708,0.06453244707615903,0.028754109694674873
Reduced Ridge,Cédric Alves Soares,DEF,0.2764642432752546,0.2773166604235501,0.018715314592801673,0.06748716274102494
Reduced Ridge,César Azpilicueta,DEF,0.13849362738901033,0.13857416753857024,0.019781803892045615,0.14275246421047139
Reduced Ridge,Daiki Hashioka,DEF,0.13850265077130408,0.13858347330881998,0.019778871218820028,0.14272171671397432
Reduced Ridge,Dan Burn,DEF,1.998158161089946,2.0022469490090247,0.049826965311426406,0.024885524403514436
Reduced Ridge,Dan Potts,DEF,0.139112486035221,0.13921239344889944,0.01959407916924627,0.1407495315884979
Reduced Ridge,Dane Scarlett,FWD,0.20214856360979305,0.19947414394984125,0.03306327964043347,0.16575220720710246
Reduced Ridge,Dango Ouattara,MID,0.8917440578902205,0.8927967054292092,0.04423459028270585,0.04954609488779443
Reduced Ridge,Daniel Bentley,GK,0.08719574820097795,0.08806742362168812,0.014602971742253886,0.16581581635661308
Reduced Ridge,Daniel Castelo Podence,MID,0.15799877994240066,0.15838005460044607,0.01665126231673213,0.10513484389646897
Reduced Ridge,Daniel Gore,MID,0.16489378597622117,0.1652877265180449,0.01668629660820449,0.10095302875608736
Reduced Ridge,Daniel Jebbison,FWD,0.19984023910929408,0.196739037039886,0.03329602816730009,0.16923956052783667
Reduced Ridge,Daniel Muñoz,DEF,2.4133836560105926,2.4010016789741333,0.07235253909611263,0.030134314244639103
Reduced Ridge,Danilo dos Santos de Oliveira,MID,2.215508088517266,2.2168250367869065,0.057827543279905115,0.026085749808979545
Reduced Ridge,Danny Ings,FWD,0.6460999520266026,0.644402663964396,0.03129331551647639,0.04856174138691236
Reduced Ridge,Danny Welbeck,FWD,2.891829374999848,2.8756702686252043,0.08132544501932429,0.028280518078383245
Reduced Ridge,Dara Costelloe,MID,0.15748585575426347,0.1578781649421428,0.016677674709993134,0.1056363602661898
Reduced Ridge,Dara O'Shea,DEF,2.1461523284767283,2.1512195805419783,0.0734232798110123,0.03413100200236836
Reduced Ridge,Darko Churlinov,MID,0.1576294119409729,0.15801863280690975,0.016670001182709407,0.10549389579315782
Reduced Ridge,Darren Randolph,GK,0.03769016142798143,0.03865881753116901,0.013311911479009732,0.34434347269615495
Reduced Ridge,Darwin Núñez Ribeiro,FWD,4.292231887407647,4.333771596665799,0.17149787333930455,0.03957243004482446
Reduced Ridge,David Brooks,MID,0.29380869741087257,0.2944320749797874,0.019567987190040045,0.06646010694107758
Reduced Ridge,David Datro Fofana,FWD,2.724953355729657,2.7235890568196517,0.14692335096510414,0.053944757413832194
Reduced Ridge,David Ozoh,MID,0.4180609585940527,0.41866667277279873,0.01763617875535301,0.04212463017070332
Reduced Ridge,David Raya Martin,GK,3.405187687176139,3.399209753352799,0.21230375979695235,0.06245679884495131
Reduced Ridge,Davinson Sánchez,DEF,0.13907302274414893,0.13917234768828612,0.019612928334728177,0.14092546874797715
Reduced Ridge,Dean Henderson,GK,0.9499399922092545,0.9499241013641233,0.04838338580706084,0.05093394907822704
Reduced Ridge,Declan Rice,MID,4.451152494076985,4.44835383004186,0.1229801190669676,0.027646208859651418
Reduced Ridge,Deivid Washington de Souza Eugênio,FWD,0.20185194398237394,0.19895567806632422,0.03314809124985273,0.16661043088603095
Reduced Ridge,Dejan Kulusevski,MID,3.869660879143444,3.87113403101236,0.08560773191759041,0.02211438075555413
Reduced Ridge,Dele Alli,MID,0.1576106184237327,0.15800024359430426,0.016670993332108437,0.10551245335364412
Reduced Ridge,Demarai Gray,MID,0.1585644236734364,0.15893352964696691,0.016625380520983522,0.10460587239151396
Reduced Ridge,Denis Franchi,GK,0.03443237365058878,0.035463056248314036,0.013221725356531922,0.37283096143639627
Reduced Ridge,Deniz Undav,FWD,0.19985372167571241,0.19675501237635482,0.033294583822866375,0.16921847845573654
Reduced Ridge,Destiny Udogie,DEF,2.2200795481231657,2.2206004994992163,0.07444036567485968,0.03352262853748221
Reduced Ridge,Detlef Esapa Osong,FWD,0.19966499194800283,0.19653138871241144,0.03331489188455927,0.16951435647416943
Reduced Ridge,Devan Tanton,DEF,0.1386350684109452,0.13872003497620727,0.01973649485097703,0.14227573439094185
Reduced Ridge,Diego Carlos Santos Silva,DEF,0.9667840515815649,0.9650370061332945,0.023831236926932644,0.024694635309810063
Reduced Ridge,Diego Manuel Jadon da Silva Moreira,MID,0.15738432415733353,0.15777881759282952,0.016683233637054106,0.10573810788788861
Reduced Ridge,Diogo Dalot Teixeira,DEF,2.6343631118736486,2.6306578123264006,0.05570428281141681,0.021175039395243574
Reduced Ridge,Diogo Teixeira da Silva,MID,4.824127800413953,4.820013190349899,0.12127555333993628,0.025160834327744346
Reduced Ridge,Dion Pereira,MID,0.158098608102372,0.15847773515881275,0.016646446740592357,0.10503965572142182
Reduced Ridge,Divin Mubama,FWD,0.35520733280928146,0.3696306287070718,0.045954990735690066,0.12432679320010813
Reduced Ridge,Divock Origi,FWD,1.3735157605066404,1.3709675314112741,0.05574696323811258,0.04066249707659134
Reduced Ridge,Djed Spence,DEF,0.13994874188416562,0.14007482003650387,0.019384574760656987,0.13838729013255427
Reduced Ridge,Djordje Petrovic,GK,2.3265039613343315,2.3288069636666586,0.0755889573448584,0.03245823227265052
Reduced Ridge,Dominic Calvert-Lewin,FWD,2.311020696789276,2.2992203887615896,0.10274620076178737,0.044687408507684954
Reduced Ridge,Dominic Sadi,MID,0.15735862027262693,0.1577536666753824,0.016684658242609864,0.10576399645241032
Reduced Ridge,Dominic Solanke,FWD,5.042787261496025,5.1029503431341805,0.19342870628215192,0.037905269163044604
Reduced Ridge,Dominik Szoboszlai,MID,1.0811997499096615,1.0799392153176823,0.029982011487813494,0.027762684290517016
Reduced Ridge,Donny van de Beek,MID,0.158063701281704,0.15844577377185515,0.01665335612118968,0.10510445135108949
Reduced Ridge,Douglas Luiz Soares de Paulo,MID,6.005281891621202,6.004876599914424,0.10222479395099394,0.017023629420203364
Reduced Ridge,Dovydas Sasnauskas,DEF,0.13848489841407444,0.1385651653891959,0.019784646331427017,0.14278225177198578
Reduced Ridge,Dwight McNeil,MID,3.345946058882301,3.346293221241248,0.061484236097077274,0.018373833980475502
Reduced Ridge,Eberechi Eze,MID,1.245612922539274,1.2455341940000169,0.028773032314796086,0.023100957367048966
Reduced Ridge,Eddie Beach,GK,0.03305125896723722,0.034108237231904724,0.013312055597134977,0.3902885835648794
Reduced Ridge,Eddie Nketiah,FWD,0.9425881033091039,0.9511202391845396,0.04221488300431952,0.044384380928023597
Reduced Ridge,Ederson Santana de Moraes,GK,5.037311706693229,4.968862956290875,0.1947719972615021,0.03919850456227802
Reduced Ridge,Edson Álvarez Velázquez,MID,2.1944517470199405,2.195037997704901,0.07681735031051252,0.03499590913270367
Reduced Ridge,Elijah Adebayo,FWD,3.3019894428825256,3.2986761048828184,0.07242929937078903,0.021957081285906364
Reduced Ridge,Elijah Campbell,DEF,0.13854395648195356,0.13862607168720967,0.019765519722961363,0.14258154676386917
Reduced Ridge,Ellery Balcombe,GK,0.03524228759751269,0.03625754987739118,0.013204292110897351,0.36418048532096325
Reduced Ridge,Elliot Anderson,MID,0.18433570393623958,0.18418889139586725,0.01857633322975415,0.1008547968825603
Reduced Ridge,Elliot Thorpe,MID,0.15740491761785247,0.15779896802656262,0.016682097312297542,0.10571740437167758
Reduced Ridge,Ellis Simms,FWD,0.19975704462753563,0.1966404608640158,0.03330496243133664,0.16936983510412063
Reduced Ridge,Emerson Leite de Souza Junior,DEF,1.0615351021841772,1.0599046883984666,0.026047756555663767,0.02457556499256773
Reduced Ridge,Emerson Palmieri dos Santos,DEF,3.965116689581918,3.956518693266655,0.09845103928393316,0.02488324886508957
Reduced Ridge,Emil Krafth,DEF,0.24868707827040482,0.2488058470957996,0.020074616625136155,0.08068386197293295
Reduced Ridge,Emile Smith Rowe,MID,0.7467487246965303,0.7475872204970223,0.05062704616050877,0.06772058800958385
Reduced Ridge,Emiliano Buendía Stati,MID,0.15795494025033996,0.15833715803097737,0.01665341059012471,0.10517689465454853
Reduced Ridge,Emiliano Marcondes,MID,0.1579457226568695,0.1583281387354478,0.016653864879727132,0.10518575543639944
Reduced Ridge,Emiliano Martínez Romero,GK,2.91886899729373,2.922243271564658,0.1290315935129181,0.044154980103292586
Reduced Ridge,Emmanuel Dennis,FWD,0.20208252443590413,0.1993958948991588,0.0330695293035754,0.16584859643324038
Reduced Ridge,Enes Ünal,FWD,0.5052158500334754,0.5019402070795512,0.036308981288960415,0.07233726403433127
Reduced Ridge,Enock Agyei,MID,0.16411951868828006,0.16436911799183926,0.01655441264275614,0.1007148596099302
Reduced Ridge,Enso González,MID,0.15760682334037607,0.15799653015451529,0.01667119413692599,0.10551620418892824
Reduced Ridge,Enzo Fernández,MID,3.3848163880393614,3.386396906736734,0.0670229839323579,0.01979182764992066
Reduced Ridge,Eric Bailly,DEF,0.13911709540728934,0.1392171470718834,0.019592784040295703,0.14073542270033132
Reduced Ridge,Eric Dier,DEF,0.1762035227795758,0.17675103195857308,0.0186487396784331,0.10550851936640455
Reduced Ridge,Erling Haaland,FWD,6.24058873890776,6.462255642387266,0.5428352462167831,0.08400089322623125
Reduced Ridge,Ethan Ampadu,DEF,0.13853290664574938,0.13861467604490338,0.01976907964937322,0.1426189507016497
Reduced Ridge,Ethan Brierley,MID,0.15752989807618345,0.15792125978229765,0.01667529729495047,0.10559247892233256
Reduced Ridge,Ethan Horvath,GK,0.03392238292024996,0.03496277546208801,0.013246226621938325,0.37886656442083416
Reduced Ridge,Ethan Nwaneri,MID,0.26140453799695745,0.26190527903098315,0.01804989676400915,0.0689176515677405
Reduced Ridge,Ethan Pinnock,DEF,1.1582268160575098,1.158264979088987,0.03040464759931462,0.026250165677312337
Reduced Ridge,Evan Ferguson,FWD,1.426015165722432,1.4322456367636243,0.051853331421877716,0.03620421671456313
Reduced Ridge,Ezri Konsa Ngoyo,DEF,0.7785447207255493,0.7758583211122185,0.02400073471517769,0.0309344297303815
Reduced Ridge,Fabian Mrozek,GK,0.03287006007287285,0.0339304882652212,0.013329516413468398,0.39284776302883834
Reduced Ridge,Fabian Schär,DEF,2.9897568773123675,2.9965660845459396,0.07154213483678276,0.023874706186439176
Reduced Ridge,Fabio Henrique Tavares,MID,0.15746568658412352,0.15785842967103658,0.01667877030290025,0.10565650714793866
Reduced Ridge,Facundo Buonanotte,MID,3.336877125101234,3.3357629845076295,0.10558058725467792,0.03165110583246729
Reduced Ridge,Facundo Pellistri Rebollo,MID,0.18238570497321469,0.1827537714904637,0.016572979051457114,0.09068474437651707
Reduced Ridge,Felipe Augusto de Almeida Monteiro,DEF,1.070415206691657,1.0687535039617169,0.0367666780820757,0.03440145734801043
Reduced Ridge,Femi Seriki,DEF,0.1390448735130362,0.13914266498378833,0.01961325334792601,0.140957867597341
Reduced Ridge,Filip Marschall,GK,0.033208547485887197,0.03426253106332845,0.013297946156158738,0.38811920028849445
Reduced Ridge,Flynn Downes,MID,0.15751709825071117,0.15790873531926544,0.016675986115144006,0.10560521608527805
Reduced Ridge,Fodé Ballo-Touré,DEF,0.21169025221607876,0.21224445024591704,0.019301265582894876,0.09093884697824355
Reduced Ridge,Folarin Balogun,FWD,0.20315450880208524,0.20066607673306938,0.03297108916111269,0.1643082363391775
Reduced Ridge,Francisco Jorge Tomás Oliveira,MID,0.1574233274162539,0.1578169817752661,0.01668108527765417,0.105698924729205
Reduced Ridge,Franco Umeh-Chibueze,FWD,0.19962013138063034,0.19647823394678865,0.0333197475675118,0.16958493008714462
Reduced Ridge,Frank Onyeka,MID,1.856834380983084,1.8582425882893392,0.05857036347215716,0.03151922350788218
Reduced Ridge,Fraser Forster,GK,0.058853258050425294,0.0594189803878955,0.021631685727475553,0.36405346551322243
Reduced Ridge,Fred Onyedinma,MID,0.15736594708563417,0.15776083586677883,0.01668425145124428,0.10575661164303983
Reduced Ridge,Frederico Rodrigues de Paula Santos,MID,0.15792281212437423,0.15830572107687046,0.016654997939676397,0.10520780819784159
Reduced Ridge,Fábio Ferreira Vieira,MID,0.16067289623171294,0.16104174636655816,0.016630695169374345,0.10326946611420917
Reduced Ridge,Fábio Silva,FWD,0.20361864095580035,0.20108007578786402,0.032972860423169034,0.1639787547024541
Reduced Ridge,Gabriel Fernando de Jesus,FWD,1.0394209001108992,1.0415731771845393,0.03745874473945693,0.035963622681520174
Reduced Ridge,Gabriel Martinelli Silva,MID,4.205153270055937,4.2028723197194,0.1942910540432368,0.046228159997068016
Reduced Ridge,Gabriel Osho,DEF,2.840463677423896,2.8523931323272285,0.09941223212949507,0.03485221970380569
Reduced Ridge,Gabriel Słonina,GK,0.03317179053253068,0.034226473942226894,0.013301156076266979,0.3886218632605529
Reduced Ridge,Gabriel dos Santos Magalhães,DEF,3.898129166624781,3.8773020964588527,0.19082624113362973,0.049216242734325934
Reduced Ridge,Garang Kuol,MID,0.15739560829494095,0.1577898589749654,0.016682610435025582,0.1057267592695701
Reduced Ridge,Gavin Kilkenny,MID,0.1584244618479409,0.15879657881797857,0.016631466885227476,0.10473441562170797
Reduced Ridge,George Baldock,DEF,0.3000969091334162,0.30106129083901656,0.04886080798412832,0.16229521851832876
Reduced Ridge,George Earthy,MID,0.15734774501011,0.15774302537221366,0.01668526309370128,0.10577496567173347
Reduced Ridge,George Shelvey,GK,0.03340598590132271,0.03445621035949851,0.013281617796277114,0.3854636844186721
Reduced Ridge,Gianluca Scamacca,FWD,0.19996794715468194,0.19689035682067177,0.03328238696482057,0.16904020848077517
Reduced Ridge,Giovani Lo Celso,MID,0.8239392783997461,0.8248678494665933,0.028251198496197838,0.03424936311248726
Reduced Ridge,Giovanni Reyna,MID,0.5691928267017301,0.5699734312440881,0.026215570385934705,0.04599437263016568
Reduced Ridge,Giulian Biancone,DEF,0.1389450159136652,0.139039682327487,0.019642175151728374,0.14127028214480664
Reduced Ridge,Glen Rea,MID,0.15767462692123219,0.15806287507802383,0.016667629531586504,0.1054493632572414
Reduced Ridge,Gonzalo Montiel,DEF,0.6485012629251131,0.6463239807293785,0.021434928784926522,0.033164371776422626
Reduced Ridge,Gonçalo Manuel Ganchinho Guedes,MID,0.15788098506591847,0.15826479384325248,0.016657080924429638,0.10524817629956937
Reduced Ridge,Granit Xhaka,MID,0.15749718929676604,0.15788925466632722,0.01667706095992545,0.10562505342855442
Reduced Ridge,Guglielmo Vicario,GK,2.783756470459465,2.7848285259861227,0.07428439026181825,0.0266746729892512
Reduced Ridge,Gustavo Hamer,MID,2.3671318045671486,2.367982519732514,0.05565388783399334,0.02350265990995574
Reduced Ridge,Gustavo Henrique Furtado Scarpa,MID,0.1575927958523498,0.15798280443961385,0.016671937681986857,0.1055300780431418
Reduced Ridge,Hakim Ziyech,MID,0.1585038864286145,0.1588742947389218,0.016627987356637546,0.10466128195226498
Reduced Ridge,Halil Dervişoğlu,FWD,0.1997059688199693,0.19657994173242216,0.03331046613541806,0.16944997461012132
Reduced Ridge,Hamed Traorè,MID,0.15770819575992903,0.1580986963578835,0.016672478882394405,0.10545614395613605
Reduced Ridge,Han-Noah Massengo,MID,0.2924814525828012,0.29311732130646007,0.017921674701885378,0.061141643291519804
Reduced Ridge,Hannes Delcroix,DEF,0.7435578633794987,0.7488889700481598,0.036470398425315284,0.04869933980062483
Reduced Ridge,Hannibal Mejbri,MID,0.17077298663797635,0.17113790232297021,0.016550365414516266,0.0967077730290426
Reduced Ridge,Harrison Ashby,DEF,0.13857330533653278,0.1386563390181192,0.019756106223382985,0.1424825317276069
Reduced Ridge,Harrison Reed,MID,1.091023124867418,1.0905352449703458,0.043533353658798374,0.03991925420070412
Reduced Ridge,Harry Arter,MID,0.15957717847338984,0.15992449706914974,0.016587591504290188,0.10372139233377035
Reduced Ridge,Harry Kane,FWD,0.21083225552462018,0.2097633497157676,0.03245748440320636,0.1547338200271245
Reduced Ridge,Harry Maguire,DEF,3.2596283072601837,3.256767732098893,0.21433646143671883,0.06581263358888205
Reduced Ridge,Harry Toffolo,DEF,0.5969149334234997,0.6034283629420699,0.032719887222199866,0.054223316687785565
Reduced Ridge,Harry Wilson,MID,1.2768079659780818,1.2772402511363257,0.03697898504480222,0.028952254684976482
Reduced Ridge,Harvey Barnes,MID,1.2909385276703975,1.292139960396381,0.03861923208543098,0.029887808804848058
Reduced Ridge,Harvey Elliott,MID,4.722839579085953,4.726477645889868,0.1592922466258446,0.033702105153160876
Reduced Ridge,Harvey Griffiths,MID,0.15737119963610816,0.15776597541921847,0.01668396017419142,0.10575132014275267
Reduced Ridge,Hjalmar Ekdal,DEF,0.41379432609192185,0.41200356648984016,0.02042633580624562,0.049578055792750826
Reduced Ridge,Hugo Bueno López,DEF,0.24102852384587253,0.24108013968010605,0.01930454411325043,0.08007521539877158
Reduced Ridge,Hugo Lloris,GK,0.03986068832215343,0.040788018782375694,0.013604216947334997,0.33353463476419976
Reduced Ridge,Hwang Hee-chan,MID,1.8275283327174066,1.8247562593965725,0.07731152793084167,0.04236813959822106
Reduced Ridge,Hwang Ui-jo,FWD,0.20488260329317837,0.2027136758390976,0.032825995734513176,0.1619328128634427
Reduced Ridge,Hákon Valdimarsson,GK,0.032894675847914126,0.033954635369391147,0.013327068718002521,0.39249629904776956
Reduced Ridge,Ian Maatsen,MID,0.2279908241490534,0.2283614546918725,0.016993028165515112,0.07441285653239404
Reduced Ridge,Ibrahim Sangaré,MID,0.21000267064292488,0.21037006318555473,0.016272760092970472,0.07735302184425953
Reduced Ridge,Ibrahima Konaté,DEF,1.4803109973947874,1.480989889721535,0.04347426548705553,0.02935486986695759
Reduced Ridge,Idrissa Gueye,MID,1.5086389187010574,1.506973217039152,0.08488135905340237,0.0563257250319115
Reduced Ridge,Igor Julio dos Santos de Paulo,DEF,1.050344545359466,1.04211148068595,0.04130815791664149,0.039638904936975826
Reduced Ridge,Iliman Ndiaye,FWD,0.1997725081103551,0.19665878336533724,0.03330329895472841,0.16934559639200125
Reduced Ridge,Illia Zabarnyi,DEF,1.9457125631904777,1.9427590721527117,0.05974052768602887,0.03075035321792744
Reduced Ridge,Ionuț Radu,GK,0.0378884159128527,0.038935063269607544,0.013213420891572474,0.33937073121149347
Reduced Ridge,Isaac Hayden,MID,0.15769028457427164,0.15807819588822464,0.016666813298405532,0.10543397971337207
Reduced Ridge,Ishé Samuels-Smith,DEF,0.13848489841407444,0.1385651653891959,0.019784646331427017,0.14278225177198578
Reduced Ridge,Ismaila Coulibaly,MID,0.1579298045078931,0.15831256303335506,0.016654651533700358,0.10520107320978292
Reduced Ridge,Issa Diop,DEF,1.354286751252097,1.357440312270658,0.037494371977126593,0.027621377999602716
Reduced Ridge,Issa Kaboré,DEF,0.288979445377706,0.29351090289219195,0.04515688430937348,0.1538507900878893
Reduced Ridge,Ivan Neves Abreu Cavaleiro,MID,0.15740248084686673,0.15779658367779176,0.016682231536665905,0.10571985240649895
Reduced Ridge,Ivan Perišić,DEF,0.14450334067632822,0.14476173468383993,0.019144280188415175,0.13224682772851776
Reduced Ridge,Ivan Toney,FWD,4.590125936248773,4.60284486751307,0.16116194792249422,0.03501355195782874
Reduced Ridge,Ivo Grbic,GK,1.2319262034682197,1.2351809314146232,0.10290056427866695,0.0833080900632245
Reduced Ridge,Jack Cork,MID,0.2948931424512305,0.29529110963669986,0.016881488854116895,0.057168970900906536
Reduced Ridge,Jack Grealish,MID,0.5723370358182805,0.5723208728125923,0.020252145072772662,0.03538599767163179
Reduced Ridge,Jack Harrison,MID,2.452001585750936,2.4523633135697547,0.045619084430133225,0.018602090553918916
Reduced Ridge,Jack Hinshelwood,MID,1.0746281884575835,1.075059642694237,0.026184672656485924,0.02435648369318728
Reduced Ridge,Jack Robinson,DEF,1.7482728434982098,1.7483306746512015,0.04965828592554021,0.02840325725878328
Reduced Ridge,Jack Walton,GK,0.03295881244545288,0.034017550841249355,0.01332080287815994,0.3915861826833007
Reduced Ridge,Jacob Brown,FWD,0.5544421113895227,0.5506915705199436,0.03319226130307822,0.060273777700536185
Reduced Ridge,Jacob Bruun Larsen,MID,0.45647589813957024,0.457229507633499,0.019270036292359807,0.042145215850342865
Reduced Ridge,Jacob Murphy,MID,1.0365280832208583,1.0377907331265852,0.030582017494105395,0.029468385598289144
Reduced Ridge,Jacob Ramsey,MID,2.917322544461113,2.9196952054469665,0.07550032467159586,0.025858974776114606
Reduced Ridge,Jacob Wright,MID,0.157351296116238,0.1577465000834521,0.016685065453806703,0.10577138285147283
Reduced Ridge,Jadan Raymond,MID,0.1574240664228606,0.15781770488363564,0.016681044727393648,0.10569818348133468
Reduced Ridge,Jaden Philogene-Bidace,MID,0.15823152487389425,0.1586083133481918,0.016640886371749024,0.10491812201052408
Reduced Ridge,Jadon Sancho,MID,0.16343991627940016,0.1637057319152087,0.016543968250903505,0.10105918746615693
Reduced Ridge,Jaidon Anthony,MID,0.1581937581197962,0.15857435831812966,0.016647493285429926,0.10498225225059374
Reduced Ridge,Jairo Riedewald,MID,0.1743932425649692,0.17476016005984463,0.01645105982752106,0.09413506958272172
Reduced Ridge,Jake O'Brien,DEF,0.13880711855929523,0.13889746945696538,0.019683291802813068,0.14171094606523083
Reduced Ridge,Jakub Kiwior,DEF,3.666387524036456,3.6440011348804284,0.11100027384006414,0.03046109749461053
Reduced Ridge,Jakub Moder,MID,0.41830134819861986,0.4191840867861298,0.022584281302175123,0.05387676205775855
Reduced Ridge,Jamaal Lascelles,DEF,0.38619044672069297,0.3887846015591486,0.03274626311814771,0.08422726359743901
Reduced Ridge,Jamal Lewis,DEF,0.1385264853368922,0.13860805378032653,0.019771152357125916,0.14264071832694727
Reduced Ridge,Jamal Lowe,MID,0.1574848111341816,0.15787714279495602,0.016677731348193316,0.10563740293839514
Reduced Ridge,James Garner,MID,2.364225198283871,2.3636531478275797,0.06585598494516318,0.02786194962898471
Reduced Ridge,James Hill,DEF,0.21062530856403655,0.2101715429310715,0.018971078540881516,0.0902647345892271
Reduced Ridge,James Maddison,MID,2.9852126705113973,2.9826480721447246,0.06282200148389532,0.021062492109141816
Reduced Ridge,James McAtee,MID,3.1287614846385083,3.1299275721250486,0.05757726125957943,0.018395716812222476
Reduced Ridge,James McConnell,MID,0.3433940064460361,0.3437837910671296,0.016671177556275257,0.048493204128463197
Reduced Ridge,James Milner,MID,0.6030879841432539,0.603362411736097,0.020301775358424902,0.03364772972848803
Reduced Ridge,James Shea,GK,0.03426077511701127,0.035294724856807465,0.013228805934511983,0.37480971981455974
Reduced Ridge,James Sweet,DEF,0.13848922920891504,0.1385696317168406,0.019783235413273183,0.14276746764903822
Reduced Ridge,James Tarkowski,DEF,2.641777528632391,2.6310079981735255,0.07817636079656867,0.029713463756415624
Reduced Ridge,James Tomkins,DEF,0.25461288276331767,0.2552792945339863,0.01872446895270337,0.07334895290620803
Reduced Ridge,James Trafford,GK,2.5298177694123787,2.4538788865857013,0.22560482492544803,0.09193804395104112
Reduced Ridge,James Ward-Prowse,MID,3.4658890351754095,3.4650809797983957,0.07963829472248991,0.022983097707322098
Reduced Ridge,James Wright,GK,0.03290053842242502,0.03396038632369512,0.013326489269953286,0.3924127700707285
Reduced Ridge,Jamie Donley,FWD,0.21438005580961486,0.21157176933412022,0.03276336187007327,0.15485696401362709
Reduced Ridge,Jamie McDonnell,MID,0.1573615384269682,0.157756522051516,0.016684496155991137,0.10576105468744265
Reduced Ridge,Jan Paul van Hecke,DEF,2.8730703109545694,2.855606450725168,0.09151506275040293,0.032047505260104414
Reduced Ridge,Japhet Tanganga,DEF,0.14078530107600354,0.1409375594601578,0.019227278829727433,0.13642409378575107
Reduced Ridge,Jarell Quansah,DEF,1.2003874858883004,1.1956418431283296,0.03637937145734676,0.03042664629581897
Reduced Ridge,Jarrad Branthwaite,DEF,3.6553073948609835,3.6436587332726673,0.07220737436281739,0.019817271497861177
Reduced Ridge,Jarrod Bowen,MID,6.088485732538882,6.084418397359045,0.1525241967221074,0.02506799939798862
Reduced Ridge,Jason Steele,GK,1.0081816843354443,1.0095932761731141,0.026305525267048362,0.02605556701680903
Reduced Ridge,Javier Manquillo Gaitán,DEF,0.13875911158346432,0.13884796009640374,0.019697925086500534,0.14186686698763193
Reduced Ridge,Jay Rodriguez,FWD,0.6484910895869868,0.6473873675840859,0.039482613741185786,0.060987618415426666
Reduced Ridge,Jay Stansfield,FWD,0.1998489500569011,0.19674935854060532,0.033295094877973094,0.16922593865078153
Reduced Ridge,Jayden Bogle,DEF,2.1439532975328066,2.141436266478178,0.0691760251406688,0.032303564772644955
Reduced Ridge,Jayden Danns,FWD,0.5567056248784779,0.5530134489686505,0.03431259524857524,0.062046583699848445
Reduced Ridge,Jayden Luker,MID,0.15739999026680618,0.15779414667754016,0.016682368789901817,0.10572235498692503
Reduced Ridge,Jean-Philippe Gbamin,MID,0.15753831700977,0.15792949759950087,0.01667484517767061,0.1055841082959496
Reduced Ridge,Jean-Philippe Mateta,FWD,3.5135608193790997,3.497183169233009,0.09037879402554706,0.025843311503002758
Reduced Ridge,Jean-Ricner Bellegarde,MID,1.1597699156102887,1.1616276476511753,0.05037922003458381,0.043369508410419796
Reduced Ridge,Jeff Hendrick,MID,0.1577086635236971,0.15809617945160567,0.016665858522081762,0.1054159473043009
Reduced Ridge,Jefferson Lerma Solís,MID,2.566155588818166,2.5654489970120142,0.06760277834850315,0.026351246283687686
Reduced Ridge,Jeffrey Schlupp,MID,0.5662630402977062,0.5666641425213186,0.0170552669557166,0.030097663988109077
Reduced Ridge,Jenson Metcalfe,MID,0.15736778247241734,0.15776263176891547,0.01668414963780428,0.10575476239672883
Reduced Ridge,Jeremy Sarmiento Morante,MID,0.1574780275200022,0.15787050511655953,0.016678099429710554,0.10564417601246488
Reduced Ridge,Jesurun Rak-Sakyi,MID,0.15889508664031046,0.15928842910779883,0.016665989955757896,0.10462775010781948
Reduced Ridge,Jhon Durán,FWD,0.30555093273811335,0.3027793907916717,0.03317985121495515,0.10958424590326442
Reduced Ridge,Ji-Soo Kim,DEF,0.13867744977307953,0.1387637426687389,0.019723193957268653,0.14213506769093476
Reduced Ridge,Jili Buyabu,DEF,0.13861219991491738,0.13869645080753698,0.01974372472820954,0.1423520545281079
Reduced Ridge,Joachim Andersen,DEF,2.6022968553931767,2.5972327001873246,0.13240218653391328,0.05097817631988224
Reduced Ridge,Joe Gardner,FWD,0.19968213503529056,0.196551701357574,0.03331303921651756,0.16948741214869095
Reduced Ridge,Joe Gauci,GK,0.03286914796043994,0.03392959351890926,0.013329607566729532,0.39286080923135214
Reduced Ridge,Joe Gomez,DEF,1.9812369456380285,1.9818078293158807,0.040045297078614144,0.02020644811582855
Reduced Ridge,Joe Hodge,MID,0.15812019267892646,0.15849885538671799,0.016645419477483183,0.1050191778159557
Reduced Ridge,Joe Hugill,FWD,0.1997401859975602,0.19662048526902093,0.033306777473329725,0.16939627337283084
Reduced Ridge,Joe Rodon,DEF,0.13891910066667124,0.13901295605937164,0.019649798243383573,0.14135227967522146
Reduced Ridge,Joe Rothwell,MID,0.17056594116462176,0.17097284370479404,0.016619541437190907,0.09720573792342496
Reduced Ridge,Joe Taylor,FWD,0.20092249404127385,0.19802138834801067,0.03318325141107918,0.1675740771636325
Reduced Ridge,Joe White,MID,0.23746133109688422,0.23791094841124924,0.01650564629612298,0.06937741371864724
Reduced Ridge,Joe Whitworth,GK,0.045011965245424904,0.04584121821509945,0.014960916519428736,0.3263638511792608
Reduced Ridge,Joe Willock,MID,1.1606857756874218,1.1615908736772211,0.052008707677725904,0.044773688272087706
Reduced Ridge,Joe Worrall,DEF,0.1490499677799301,0.1491476340068034,0.01958989963465578,0.13134569492240275
Reduced Ridge,Joel Matip,DEF,0.15988025566293623,0.15993532782085249,0.01904538058506022,0.11908176163801297
Reduced Ridge,Joel Ward,DEF,1.6486380574067163,1.6405686033325895,0.043132680634909416,0.026291299581920138
Reduced Ridge,Joelinton Cássio Apolinário de Lira,MID,0.3299217122924448,0.33046249927414156,0.019035571834529287,0.05760281991554497
Reduced Ridge,John Egan,DEF,0.13930162857678594,0.13940007496173049,0.01963758680028903,0.1408721394567409
Reduced Ridge,John Fleck,MID,0.16531655114224758,0.16571875270167294,0.016629496354099833,0.10034770406482765
Reduced Ridge,John McAtee,FWD,0.2076388008214854,0.2059794623016353,0.032629794671306375,0.1584128548870735
Reduced Ridge,John McGinn,MID,3.59083234475238,3.5918744433619194,0.056847847449157184,0.015826791371902404
Reduced Ridge,John Stones,DEF,2.679782778179481,2.668595108758897,0.0583957391840428,0.021882577462716452
Reduced Ridge,John-Kymani Gordon,FWD,0.20034924051259764,0.19734214689513038,0.03324218865599056,0.1684495135935447
Reduced Ridge,Jonathan Castro Otto,DEF,0.13886795648981093,0.13895814630805045,0.0196843732167426,0.14165684948837146
Reduced Ridge,Jonathan Panzo,DEF,0.13892094315209258,0.13901485620562068,0.01964925467511765,0.141346437434384
Reduced Ridge,Jonjo Shelvey,MID,0.15758902252924636,0.1579791122919499,0.016672138047777837,0.10553381270409501
Reduced Ridge,Jonny Evans,DEF,0.6183386422097811,0.6183778334359006,0.02091216571789703,0.03381778030706971
Reduced Ridge,Jordan Amissah,GK,0.036868165445000635,0.03785247190138248,0.01324904292434389,0.35001790527344656
Reduced Ridge,Jordan Ayew,MID,4.991074097464437,4.991590356323543,0.13444441906932952,0.026934185193905197
Reduced Ridge,Jordan Beyer,DEF,0.31177304303321335,0.3113401585159917,0.018937772954636445,0.06082663105493255
Reduced Ridge,Jordan Clark,MID,1.577079536847447,1.5784517680611114,0.06145829512320817,0.038935808091684905
Reduced Ridge,Jordan Henderson,MID,0.1574362551924658,0.15782963143643577,0.01668037674730452,0.10568596400747705
Reduced Ridge,Jordan Pickford,GK,3.4756350262334093,3.2108953427712996,0.548856347396355,0.17093560792381393
Reduced Ridge,Jorge Luiz Frello Filho,MID,1.223687015462064,1.2228477279551457,0.051729193330833215,0.04230223612332757
Reduced Ridge,Joseph Anang,GK,0.03353627596610701,0.03458401977282736,0.013271688227404828,0.3837520425497901
Reduced Ridge,Joseph Johnson,DEF,0.13881970329785634,0.13891044803660307,0.019679482988915146,0.14167028662760903
Reduced Ridge,Josh Bowler,MID,0.15737981587480504,0.1577744062969106,0.01668348299767561,0.10574264476254466
Reduced Ridge,Josh Brooking,DEF,0.13864542564364957,0.1387307163398945,0.019733232597119336,0.14224126507623813
Reduced Ridge,Josh Brownhill,MID,2.3264826642165746,2.329517952100799,0.14257743715633117,0.06120469560140217
Reduced Ridge,Josh Cullen,MID,0.6777003446786846,0.6797176308525099,0.0619744279190525,0.09117672560784312
Reduced Ridge,Josh Dasilva,MID,0.24320980072153128,0.243685670479505,0.017803366733080056,0.07305873463157693
Reduced Ridge,Josh Powell,DEF,0.13957196939718686,0.1396862564041437,0.019472589429641383,0.13940232869655272
Reduced Ridge,Joshua Duffus,MID,0.15740479516656558,0.1577988482095681,0.016682104055769118,0.10571752737772899
Reduced Ridge,Joshua King,MID,0.1573667752967959,0.15776164626064698,0.01668420550391404,0.10575577714464969
Reduced Ridge,José Malheiro de Sá,GK,3.317028075994827,3.318419239041037,0.09488192605577324,0.028592507221357717
Reduced Ridge,João Cancelo,DEF,0.14597262027500918,0.14628721650741025,0.01946337026857022,0.1330490164024981
Reduced Ridge,João Neves Virgínia,GK,0.038727576559194045,0.039676480846619976,0.013429129615274038,0.3384657441567946
Reduced Ridge,João Palhinha Gonçalves,MID,1.9507037129859668,1.951247128224768,0.05366765196830858,0.027504282359731163
Reduced Ridge,João Pedro Junqueira de Jesus,FWD,1.5386968990000103,1.5623233965143324,0.06434326857115942,0.04118434679702958
Reduced Ridge,João Victor Gomes da Silva,MID,3.7555873079708664,3.7559571365507365,0.06941524875539383,0.018481374049742472
Reduced Ridge,Joël Veltman,DEF,0.41837640364622786,0.4191883449226115,0.0198052996355751,0.047246780296888884
Reduced Ridge,Joško Gvardiol,DEF,0.8573676394129393,0.855027058932897,0.029607224471920532,0.03462723683724274
Reduced Ridge,Julio Enciso,MID,0.546799381712431,0.5475058946227674,0.0366096936734329,0.06686630049646689
Reduced Ridge,Julián Álvarez,FWD,3.961033854027756,4.034793988762429,0.19044471154620313,0.04720060356901078
Reduced Ridge,Jurriën Timber,DEF,0.1417545374867955,0.1419354250795461,0.019114585798663167,0.13467100118205597
Reduced Ridge,Justin Hubner,DEF,0.13865931454935065,0.1387450399007575,0.019728869893945216,0.14219513654727417
Reduced Ridge,Justin Kluivert,MID,2.049519497744962,2.049388477418093,0.052185626180832355,0.025463999020126252
Reduced Ridge,Jérémy Doku,MID,2.4729850334223786,2.4735722673392866,0.08656568444530496,0.034996222098827086
Reduced Ridge,Jóhann Berg Gudmundsson,MID,1.6087394221146019,1.6105059008673173,0.06493851017186157,0.0403218082820372
Reduced Ridge,Kacper Kozłowski,MID,0.15736604684766925,0.15776093348263476,0.016684245916283324,0.10575651112079539
Reduced Ridge,Kaden Rodney,MID,0.15734774501011,0.15774302537221366,0.01668526309370128,0.10577496567173347
Reduced Ridge,Kaelan Casey,DEF,0.13854870112293005,0.13863096481236037,0.019763993784023506,0.1425655069974767
Reduced Ridge,Kai Havertz,MID,5.520291984894377,5.5203457809259024,0.22063578364286066,0.03996774702142923
Reduced Ridge,Kaide Gordon,MID,0.2541577808516168,0.25475565760834207,0.017481485953369156,0.06862059950890259
Reduced Ridge,Kaine Kesler-Hayden,DEF,0.13852393192432988,0.1386054204583764,0.019771977370080275,0.1426493805559203
Reduced Ridge,Kalvin Phillips,MID,0.7433189775267938,0.7451106200695631,0.0616965057005293,0.082801806924681
Reduced Ridge,Kaoru Mitoma,MID,2.0905780169695314,2.0857110744710674,0.09351836930461403,0.04483764335783187
Reduced Ridge,Karl Darlow,GK,0.032948488095604724,0.03400742306136616,0.01332180061437584,0.391732140078263
Reduced Ridge,Karl Hein,GK,0.03349370176578888,0.03454225616195949,0.013274858785303345,0.3843078090516453
Reduced Ridge,Keane Lewis-Potter,MID,2.6001182866884025,2.601929622777147,0.06345160110562563,0.024386363316737644
Reduced Ridge,Keinan Davis,FWD,0.20175851212916035,0.19901197647742278,0.033100543554330925,0.16632437976960682
Reduced Ridge,Kell Watts,DEF,0.13886156113834774,0.13895361582381205,0.019666896026369448,0.14153569095536406
Reduced Ridge,Kenny Tete,DEF,0.31341214219717645,0.3139589146534466,0.017526791003095763,0.05582511018182791
Reduced Ridge,Kepa Arrizabalaga,GK,0.03506215779682753,0.03608084964942889,0.013205884630505836,0.36600813891074396
Reduced Ridge,Kevin De Bruyne,MID,3.1251657175163405,3.1174881265824053,0.1747942369900722,0.056068934312732445
Reduced Ridge,Kevin Mbabu,DEF,0.13983488258213086,0.13995739749238084,0.01941005980101322,0.13868548678943454
Reduced Ridge,Kevin Schade,MID,0.15883112593844936,0.15920821583700584,0.016641978176043164,0.10452964433117501
Reduced Ridge,Ki-Jana Hoever,DEF,0.13879095963088042,0.13888080483272428,0.019688198941326035,0.14176328373845176
Reduced Ridge,Kieffer Moore,FWD,0.2629092671139381,0.260636184377567,0.03254131473345158,0.12485340364832478
Reduced Ridge,Kieran Tierney,DEF,0.13919800865038462,0.13930059250574517,0.019570300058985614,0.1404897115436065
Reduced Ridge,Kieran Trippier,DEF,3.0858456397161182,3.097990935328038,0.3304923627709156,0.10667957707756193
Reduced Ridge,Kjell Scherpen,GK,0.032871308786121656,0.033931713203653804,0.013329391674403463,0.39282990500368076
Reduced Ridge,Kobbie Mainoo,MID,2.4946578853887273,2.494830512754379,0.06466645674067137,0.025920180312881205
Reduced Ridge,Konstantinos Mavropanos,DEF,1.2035192788476674,1.2016872933557317,0.03281308362562217,0.027305842216231724
Reduced Ridge,Konstantinos Tsimikas,DEF,0.37585837433369734,0.37575776395046456,0.02637893921319339,0.07020198048834163
Reduced Ridge,Kortney Hause,DEF,0.13989853341105873,0.1400230402825146,0.019395693638137354,0.13851787248015776
Reduced Ridge,Kristian Sekularac,MID,0.15735553012739048,0.1577506430083908,0.01668482998049266,0.10576711233820574
Reduced Ridge,Kristoffer Ajer,DEF,1.6214445549522791,1.6242135118160304,0.0541142314494447,0.033317190785428004
Reduced Ridge,Kurt Zouma,DEF,1.6430754460425172,1.6427646511254204,0.05710273142971739,0.034760141320667945
Reduced Ridge,Kyle Walker,DEF,2.629004191819928,2.6235991744011433,0.13924287655301973,0.05307322776727241
Reduced Ridge,Lawrence Vigouroux,GK,0.03603306982229119,0.037033276041831355,0.013212777458147968,0.35678122138649915
Reduced Ridge,Leander Dendoncker,MID,0.3130958570252578,0.3135137724580425,0.01716133483465681,0.05473869520980456
Reduced Ridge,Leandro Trossard,MID,3.2249988649154377,3.2245440922764055,0.07040551941830289,0.021834255449302686
Reduced Ridge,Leigh Kavanagh,DEF,0.13857613196592325,0.13865925410725446,0.019755202806374012,0.14247302088537953
Reduced Ridge,Leo Castledine,MID,0.15737671853863305,0.15777137559368187,0.016683654441075137,0.10574576267903982
Reduced Ridge,Leon Bailey,MID,5.361087056623474,5.363320805402598,0.18972480155126925,0.03537450181241351
Reduced Ridge,Lesley Ugochukwu,MID,0.1915801449958614,0.19187627529967569,0.01636692136267281,0.08529934895343716
Reduced Ridge,Levi Colwill,DEF,1.4836575736747137,1.4887198372697479,0.053516558873637717,0.03594803906944971
Reduced Ridge,Lewis Cook,MID,2.1080298692891493,2.108169683069821,0.06839562346128951,0.03244313017617012
Reduced Ridge,Lewis Dobbin,MID,0.3152595044306815,0.3158486143463835,0.018138287951539187,0.0574271569595913
Reduced Ridge,Lewis Dunk,DEF,4.913152873840877,4.891310346766755,0.14436035060157598,0.029513635481543468
Reduced Ridge,Lewis Hall,DEF,0.1829824698864987,0.1842727666608901,0.018891750882325694,0.10252057981574368
Reduced Ridge,Lewis Koumas,FWD,0.1996167771536564,0.1964742595621769,0.03332011106682812,0.16959021065191252
Reduced Ridge,Lewis Miley,MID,2.529239846945325,2.5306542598668127,0.10337042681898861,0.04084731306773963
Reduced Ridge,Lewis O'Brien,MID,0.15747538977541975,0.15786792411773393,0.016678242686292432,0.10564681064567757
Reduced Ridge,Lewis Orford,MID,0.15736742363502287,0.15776228065118425,0.01668416954059823,0.1057551239227283
Reduced Ridge,Lisandro Martínez,DEF,0.5989987789771045,0.5990489131314839,0.023448114352847972,0.03914223670029662
Reduced Ridge,Lloyd Kelly,DEF,0.9389097457696116,0.9378579023849645,0.0342381147672598,0.03650671885388242
Reduced Ridge,Lorenz Assignon,DEF,2.0312261654630372,2.0356837799088034,0.06241547316957369,0.030660691894086732
Reduced Ridge,Loris Karius,GK,0.7427056269907959,0.7460635388281074,0.05231333980626675,0.07011914814713886
Reduced Ridge,Louie Marsh,FWD,0.20001972614777191,0.19695170914863078,0.03327688150489506,0.16895959750104256
Reduced Ridge,Louie Watson,MID,0.15930022245509484,0.15965349920123506,0.016596832115985935,0.10395532950434413
Reduced Ridge,Loïc Mbe Soh,DEF,0.1388348876736433,0.13892610760946153,0.019674902451506805,0.14162134670047324
Reduced Ridge,Luc De Fougerolles,DEF,0.13905104238134713,0.1391490269076583,0.019611490229144567,0.14093875224983854
Reduced Ridge,Luca Barrington,MID,0.15738561879856627,0.15778008438246616,0.016683162068019536,0.10573680533456166
Reduced Ridge,Luca Koleosho,MID,0.18796982744699242,0.1883247264667041,0.01661743058626746,0.08823817720614309
Reduced Ridge,Lucas Bergström,GK,0.03319904062769311,0.03425320521050615,0.013298771261605712,0.38824895888945044
Reduced Ridge,Lucas Digne,DEF,0.5972905744507476,0.6022668459772917,0.027043861119675616,0.04490345317911671
Reduced Ridge,Lucas Tolentino Coelho de Lima,MID,1.1160025269454545,1.11515759143536,0.04888933968420885,0.04384074507467738
Reduced Ridge,Luis Díaz,MID,7.641800860588971,7.643494448755915,0.22911694559675214,0.02997541859064791
Reduced Ridge,Luis Sinisterra,MID,1.4931289297009247,1.4935308856571414,0.03691972432943971,0.02471975952020258
Reduced Ridge,Lukasz Fabianski,GK,0.11114221367399531,0.11267065408741798,0.024113839107173823,0.21402058328750426
Reduced Ridge,Luke Berry,MID,0.6089066462563397,0.6098056428158399,0.03134477494370125,0.05140125433894567
Reduced Ridge,Luke Chambers,DEF,0.13861654281706706,0.13870092962139055,0.019742348871511828,0.14233753822272255
Reduced Ridge,Luke Cundle,MID,0.15750308822525483,0.15789502669126193,0.016676742050950644,0.10561917243637638
Reduced Ridge,Luke Freeman,MID,0.15747883002926644,0.15787129036145495,0.016678055859841254,0.10564337455946508
Reduced Ridge,Luke Harris,MID,0.15770695511027358,0.15809654865737147,0.016669315382599272,0.10543756662724618
Reduced Ridge,Luke McNally,DEF,0.13855816409240324,0.1386407239267289,0.01976095511108598,0.14253355400487933
Reduced Ridge,Luke Plange,FWD,0.1997810275011691,0.19666887789263574,0.0333023830416065,0.16933224716819065
Reduced Ridge,Luke Shaw,DEF,1.1665557363149588,1.1641933066211612,0.044136778075185894,0.0379118981565734
Reduced Ridge,Luke Thomas,DEF,0.18749421210545927,0.1878871814051787,0.018571726545220685,0.09884509633028533
Reduced Ridge,Lyle Foster,FWD,0.8584349884484141,0.8542019214204711,0.046734772678767224,0.054711622049562876
Reduced Ridge,Mackenzie Hunt,MID,0.1574588438132333,0.1578517341085667,0.01667914298174194,0.10566334969922102
Reduced Ridge,Mads Bech Sørensen,DEF,0.13903948205563665,0.13913710480000802,0.019614796525062383,0.1409745915962257
Reduced Ridge,Mads Bidstrup,MID,0.15736754614994714,0.15776240053044682,0.016684162745196532,0.10575500048870408
Reduced Ridge,Mads Juel Andersen,DEF,0.16717988464039057,0.1675218245794575,0.018844769376438864,0.11249142864666314
Reduced Ridge,Mads Roerslev Rasmussen,DEF,2.198831800146121,2.200642804990285,0.05301731070395097,0.024091738370137276
Reduced Ridge,Mahamadou Susoho,MID,0.15736449260009994,0.15775941267156857,0.016684332160453407,0.1057580773020985
Reduced Ridge,Mahmoud Dahoud,MID,0.16811135911297212,0.16846263767528946,0.01660589247469301,0.09857314775458254
Reduced Ridge,Malang Sarr,DEF,0.13915220113584273,0.1392533514389078,0.01958297062636237,0.14062836135727524
Reduced Ridge,Malcolm Ebiowei,MID,0.1577579743696722,0.15814442947414215,0.016663314559374233,0.10536769846894174
Reduced Ridge,Malo Gusto,DEF,2.9498883185241587,2.944695902685038,0.07578555850549554,0.02573629366495624
Reduced Ridge,Manor Solomon,MID,0.15973119112822223,0.1601001321984886,0.016626689285740553,0.10385181484501932
Reduced Ridge,Manuel Akanji,DEF,3.5869304654712617,3.5722497656900014,0.07413931639002101,0.020754236476435338
Reduced Ridge,Manuel Benson Hedilazio,MID,0.27951784035533006,0.2799028553167372,0.016688177486851655,0.05962131921793854
Reduced Ridge,Marc Cucurella Saseta,DEF,0.18055856119809383,0.18071073278842953,0.0186037591946513,0.10294772705300242
Reduced Ridge,Marc Guéhi,DEF,0.6212962633397889,0.6195777427543171,0.030145037982280257,0.04865416541315906
Reduced Ridge,Marcelo de Araújo Pitaluga Filho,GK,0.032885682908059335,0.03394581365018454,0.01332796018620228,0.392624561118152
Reduced Ridge,Marcos Senesi,DEF,2.3099027370558636,2.3084034392222113,0.05127860649526456,0.022213884117475702
Reduced Ridge,Marcus Bettinelli,GK,0.026691924041334848,0.027746165598138257,0.01329912322539933,0.47931391378604365
Reduced Ridge,Marcus Oliveira Alencar,MID,0.1580234073635928,0.158404152212321,0.016650064468932167,0.1051112880337558
Reduced Ridge,Marcus Rashford,MID,3.2566210032083323,3.2536165672052757,0.07779384888810906,0.023909962124065164
Reduced Ridge,Marcus Tavernier,MID,2.8786109955467056,2.8800229694555837,0.06074251469751314,0.02109098272538966
Reduced Ridge,Marek Rodák,GK,0.037166347588788375,0.038144788319802836,0.013269464737461108,0.3478709758777787
Reduced Ridge,Mario Lemina,MID,2.7601216182843684,2.760617654204982,0.052657333482083624,0.019074475381216156
Reduced Ridge,Mark Flekken,GK,3.604728589605048,3.5472042454395476,0.17440990596225517,0.049168272784541445
Reduced Ridge,Mark Gillespie,GK,0.03390483297953787,0.03494555966263253,0.013247255018985332,0.37908264016588894
Reduced Ridge,Mark O’Mahony,FWD,0.20005963865807544,0.19699900101886014,0.03327264774774136,0.16889754554925854
Reduced Ridge,Mark Travers,GK,0.03393052837216093,0.03497076582905698,0.013245753491661297,0.37876646901039523
Reduced Ridge,Martin Dubravka,GK,1.7695940742318326,1.7740627560460138,0.11950465597874418,0.0673621356242736
Reduced Ridge,Martin Ødegaard,MID,4.943585165399988,4.937376159000787,0.13602243488132032,0.027549538560750084
Reduced Ridge,Marvelous Nakamba,MID,0.20343236842256873,0.20360973455273204,0.01640187398587285,0.0805554509557351
Reduced Ridge,Mason Burstow,FWD,0.20079200312863293,0.19785993005447108,0.033199778599903404,0.1677943512401094
Reduced Ridge,Mason Holgate,DEF,0.41355423821312676,0.42918005852117397,0.07593116617509392,0.17692146843152498
Reduced Ridge,Mason Mount,MID,0.17342603565554937,0.17354588009784258,0.016851858887391238,0.09710319183544093
Reduced Ridge,Mateo Kovačić,MID,1.3325214565724943,1.3322662861612689,0.035883182254394616,0.026933941530402888
Reduced Ridge,Matheus França de Oliveira,MID,1.6262534369885824,1.6271754883793388,0.03518841478182369,0.021625457753712374
Reduced Ridge,Matheus Luiz Nunes,MID,1.6541815414630041,1.6535406960148742,0.0559752302058466,0.03385174029326889
Reduced Ridge,Matheus Santos Carneiro Da Cunha,FWD,2.296565422422727,2.301940601539999,0.045833257096538405,0.01991070363235087
Reduced Ridge,Mathias Jensen,MID,2.325413725861738,2.325517731978519,0.06858300575854838,0.029491499813333558
Reduced Ridge,Mathias Jorgensen,DEF,0.9149822743384447,0.9171627981867054,0.037404873820226434,0.040783243601003515
Reduced Ridge,Matija Šarkić,GK,0.036154119093402194,0.037152020601135885,0.013216299421086142,0.3557356829383882
Reduced Ridge,Matt Doherty,DEF,0.7539668752779886,0.7554567336834294,0.018275503397593672,0.02419133033401743
Reduced Ridge,Matt Macey,GK,0.03519654644985907,0.036212679616130054,0.013204572591828502,0.3646394779895506
Reduced Ridge,Matt Ritchie,MID,1.000255855108263,1.0013840555656934,0.0448628296660664,0.04480082283787001
Reduced Ridge,Matt Targett,DEF,0.13924946691987408,0.139349140009209,0.01959405495304245,0.1406112370104872
Reduced Ridge,Matt Turner,GK,0.6395463448614233,0.6381293083854743,0.09213301504253421,0.14437985190750632
Reduced Ridge,Matthew Cox,GK,0.03292541798059541,0.03398479218870798,0.013324045213561727,0.39205904628096755
Reduced Ridge,Matthew Dibley-Dias,MID,0.15747056491602623,0.15786320305546328,0.016678504916218636,0.10565163124403887
Reduced Ridge,Matthew Whittingham,MID,0.15739217993011012,0.15778650436449218,0.016682799634830582,0.10573020615434099
Reduced Ridge,Matty Cash,DEF,1.813474976951499,1.8225287345770411,0.12969042035959852,0.07115960253416587
Reduced Ridge,Matz Sels,GK,2.700364758806475,2.62468726543343,0.2448286318842948,0.09327916323923063
Reduced Ridge,Mauro Bandeira,MID,0.15735257656315907,0.1577477529841393,0.01668499422212599,0.10577009121520468
Reduced Ridge,Max Aarons,DEF,0.21829113235331105,0.218798980225738,0.01821991777179661,0.08327240717940672
Reduced Ridge,Max Kilman,DEF,2.8786581452542217,2.8737290418044603,0.054700086474778864,0.019034531676108128
Reduced Ridge,Max Kinsey,DEF,0.1385299854998209,0.13861166348132223,0.0197700221936964,0.14262885025083324
Reduced Ridge,Max Kinsey-Wellings,DEF,0.1385022085880471,0.13858301728737865,0.019779014798491104,0.14272322240953592
Reduced Ridge,Max Lowe,DEF,0.5383457853042827,0.5414409747387677,0.02476983997575246,0.04574799679263896
Reduced Ridge,Maxime Esteve,DEF,1.2073945629002776,1.2123260948233006,0.05718141759279375,0.047166697010780814
Reduced Ridge,Maxwel Cornet,MID,0.7196936811313084,0.7209288700987591,0.03649853860182519,0.050627100835655685
Reduced Ridge,Micah Hamilton,MID,0.15736220587529473,0.15775717514103757,0.016684459095740997,0.10576038193397422
Reduced Ridge,Michael Keane,DEF,0.25637678368861433,0.256500581621923,0.018698934981052615,0.07290016600669737
Reduced Ridge,Michael Ndiweni,FWD,0.2015662721693,0.19846752714917149,0.03329460451296586,0.1677584489070652
Reduced Ridge,Michael Obafemi,FWD,0.2020119378846024,0.19895637642227573,0.03327337012887107,0.16723952620774454
Reduced Ridge,Michael Olakigbe,MID,0.18720912680530527,0.18761687491578927,0.01663695745976804,0.08867516563867425
Reduced Ridge,Michael Olise,MID,1.3882818804865307,1.3887410916920702,0.03273500492038668,0.023571711902397655
Reduced Ridge,Michail Antonio,FWD,0.834830460852953,0.8398014750848332,0.06433691812750655,0.07660967506755988
Reduced Ridge,Michale Olakigbe,MID,0.32712561610573665,0.3276143207099853,0.01817158367593521,0.055466389981228194
Reduced Ridge,Michał Karbownik,DEF,0.13857483156936334,0.13865791301461017,0.019755618355101624,0.14247739581238328
Reduced Ridge,Micky van de Ven,DEF,1.7136085414280586,1.7103093378050997,0.051791608023973874,0.030282012077674714
Reduced Ridge,Miguel Almirón Rejala,MID,2.3831056592458006,2.383762509759257,0.09752609915093356,0.04091267429186266
Reduced Ridge,Mike Trésor,MID,0.2604311504389348,0.2609347001644701,0.016471202274855986,0.06312384770777515
Reduced Ridge,Mikkel Damsgaard,MID,1.586334836668851,1.5878079321339476,0.07530074538001957,0.04742434135520315
Reduced Ridge,Milos Kerkez,DEF,1.2063779077418397,1.2047434963899253,0.032096876123699845,0.026642082916305217
Reduced Ridge,Mohamed Dräger,DEF,0.1388735659658405,0.13896599634398707,0.019663309221841112,0.14149727083716135
Reduced Ridge,Mohamed Elneny,MID,0.36846915992792384,0.36895875994810584,0.017412216327767332,0.047192852475480905
Reduced Ridge,Mohamed Salah,MID,3.7121518658468244,3.70676693945617,0.15310778966419847,0.041304940980902705
Reduced Ridge,Mohammed Kudus,MID,3.2417440743709687,3.242322693025749,0.05701922936849026,0.017585920578213537
Reduced Ridge,Moisés Caicedo Corozo,MID,2.332137132022968,2.332077135032474,0.07512070451418681,0.0322119296080405
Reduced Ridge,Morgan Gibbs-White,MID,3.846091682611318,3.847775571844748,0.09306623483925501,0.02418702263204921
Reduced Ridge,Morgan Rogers,MID,0.5055718752082567,0.5064349778888408,0.03876558394116343,0.07654602393927108
Reduced Ridge,Morgan Sanson,MID,0.15741051540377038,0.15780444538740174,0.016681789208020985,0.10571178249806625
Reduced Ridge,Moussa Diaby,MID,1.352641556757661,1.3515674714161605,0.05230849122264182,0.038702093923460176
Reduced Ridge,Moussa Niakhaté,DEF,1.9862241556763212,1.9943364485091033,0.1377889200621664,0.06909010772238185
Reduced Ridge,Murillo Santiago Costa dos Santos,DEF,1.9478383748539185,1.941198480151579,0.05515986937077493,0.028415368101085553
Reduced Ridge,Mykhailo Mudryk,MID,0.9079028824661003,0.908899424402695,0.031104083162893124,0.034221699703830176
Reduced Ridge,Myles Lewis-Skelly,MID,0.15737698971521188,0.15777164093644347,0.016683639426885534,0.10574548967013882
Reduced Ridge,Myles Peart-Harris,MID,0.17178026098429114,0.17218064026464072,0.01672131691543356,0.09711496536273174
Reduced Ridge,Máximo Perrone,MID,0.15749928122837975,0.1578913015942498,0.01667694782336126,0.10562296754141529
Reduced Ridge,Naouirou Ahamada,MID,0.713519373069751,0.7148245649279289,0.04615125384619013,0.06456304960762402
Reduced Ridge,Nathan Aké,DEF,3.4081631455296595,3.3960828707787853,0.08650512129732342,0.025472028978340618
Reduced Ridge,Nathan Collins,DEF,1.686584776428316,1.6891282784868358,0.04486301695505422,0.026559863763126183
Reduced Ridge,Nathan Fraser,FWD,0.3031919231915295,0.30052911097074675,0.03289398183877469,0.10945356252684807
Reduced Ridge,Nathan Patterson,DEF,0.28763967905547766,0.28816502871317146,0.01774594997327875,0.061582594017480154
Reduced Ridge,Nathan Redmond,MID,0.18342765976609546,0.18386405819260862,0.01655872984233014,0.09005963430320829
Reduced Ridge,Nathaniel Clyne,DEF,0.34915713516659175,0.3497218456460829,0.017648301623121622,0.050463823872706065
Reduced Ridge,Nathaniel Phillips,DEF,0.13922167009044206,0.13932499443373433,0.019563814893872454,0.1404185585894811
Reduced Ridge,Nayef Aguerd,DEF,0.9082782954881325,0.914322024920003,0.040420459565645,0.04420812193513715
Reduced Ridge,Neal Maupay,FWD,3.8057398038122465,3.7955101720861717,0.13293985608377207,0.03502555652767563
Reduced Ridge,Neco Williams,DEF,1.8947214409062731,1.8953351401677085,0.052600877898521636,0.02775281098511541
Reduced Ridge,Nick Pope,GK,0.12510491983671565,0.12489477643855029,0.04688902989393958,0.3754282703489168
Reduced Ridge,Nicolas Jackson,FWD,2.6753036661140452,2.6840574159538377,0.09779011653891721,0.036433690262235086
Reduced Ridge,Nicolas Pépé,MID,0.15803564296326136,0.15841612458772986,0.0166494717437189,0.10509960262598476
Reduced Ridge,Nicolás Domínguez,MID,2.861653815738542,2.8619698815839674,0.05656995526115387,0.019766090350973584
Reduced Ridge,Nicolò Zaniolo,MID,0.5321547573524498,0.5328476093990553,0.026678516786084756,0.05006781735620949
Reduced Ridge,Nikola Vlašić,MID,0.15810162086502247,0.15848068310794877,0.016646303057919747,0.10503679521990168
Reduced Ridge,Noha Lemina,MID,0.15740475050703956,0.15779880451080167,0.016682106515238757,0.10571757223988874
Reduced Ridge,Noni Madueke,MID,1.0392192607855613,1.0390886215514965,0.030038486344258424,0.028908493194167596
Reduced Ridge,Norberto Bercique Gomes Betuncal,FWD,0.802695550168695,0.8006309224347833,0.04152276781800521,0.051862558208133056
Reduced Ridge,Norberto Murara Neto,GK,2.842939369086903,2.8444757318593408,0.08261719063559667,0.029044786605225317
Reduced Ridge,Nuno Varela Tavares,DEF,1.4563758372204885,1.4486436013093653,0.04650924483308848,0.03210537415210395
Reduced Ridge,Nélson Cabral Semedo,DEF,2.5962680638450495,2.588283307138154,0.06275570885132035,0.02424607409793516
Reduced Ridge,Odsonne Edouard,FWD,1.7287913176568686,1.7187066094353527,0.05178896058845503,0.030132519595924098
Reduced Ridge,Odysseas Vlachodimos,GK,0.056893495415180864,0.05784671119150737,0.013164251283792871,0.22757130029763128
Reduced Ridge,Oleksandr Zinchenko,DEF,1.020363631623647,1.0153174400395615,0.07690925406421717,0.07574897370148634
Reduced Ridge,Oliver Arblaster,MID,0.15735250827265662,0.15774768616276932,0.01668499802070935,0.10577016009916757
Reduced Ridge,Oliver McBurnie,FWD,0.8952191151842782,0.8901529376845384,0.033586210941964165,0.037730831995374255
Reduced Ridge,Oliver Norwood,MID,1.1280879558741097,1.1284934841208139,0.03167546340091169,0.02806880486827923
Reduced Ridge,Oliver Scarles,DEF,0.13852149066813912,0.1386029028027465,0.01977276657463044,0.14265766571115876
Reduced Ridge,Oliver Skipp,MID,0.6603305017484494,0.6610031372799312,0.020109519541133023,0.03042272934419788
Reduced Ridge,Oliwier Zych,GK,0.03346589141464218,0.03451497530466302,0.013276968699665864,0.3846726988059623
Reduced Ridge,Ollie Harrison,MID,0.15734774501011,0.15774302537221366,0.01668526309370128,0.10577496567173347
Reduced Ridge,Ollie Watkins,FWD,7.254985612264496,7.419524777785544,0.4187512709665357,0.05643909596748022
Reduced Ridge,Olu Aina,DEF,0.25803209746321004,0.2578065509983665,0.018345827468313203,0.07116121524945052
Reduced Ridge,Omar Richards,DEF,0.13862340671417508,0.13870800832507665,0.01974017707114578,0.1423146169389342
Reduced Ridge,Omari Forson,MID,0.734935331891629,0.7344156889866832,0.038071543806340445,0.05183922998550046
Reduced Ridge,Omari Kellyman,MID,0.1581800648094822,0.15855743948908907,0.01664259598571143,0.10496256775675712
Reduced Ridge,Orel Mangala,MID,0.4419922900225057,0.442246584935093,0.019619820188713402,0.044363983481281004
Reduced Ridge,Oscar Bobb,MID,1.0996173853062428,1.0999994174993029,0.04744749235711003,0.04313410680250665
Reduced Ridge,Owen Beck,DEF,0.22453784206241234,0.22716567146089528,0.020216963183087612,0.08899655944083874
Reduced Ridge,Owen Dodgson,DEF,0.1386822762551645,0.13876872019622627,0.019721687304159824,0.14211911211887174
Reduced Ridge,Owen Hesketh,MID,0.1573569112770417,0.15775199444539179,0.016684753209253056,0.10576571958986378
Reduced Ridge,Pablo Fornals Malla,MID,0.3565739214774791,0.35704364946840206,0.016566958107043186,0.046400371864083086
Reduced Ridge,Pablo Sarabia,MID,4.660054395936132,4.661582794194402,0.11147013200797783,0.023912507173916173
Reduced Ridge,Pape Matar Sarr,MID,2.3829262315691113,2.382699960535779,0.03952415958236771,0.016587971728291052
Reduced Ridge,Pascal Groß,MID,6.239209112688336,6.239070705614685,0.1674903107051527,0.02684539390688813
Reduced Ridge,Pau Torres,DEF,1.1205963350137957,1.1175359033319576,0.05198017076158139,0.046513199805573474
Reduced Ridge,Paul Dummett,DEF,0.14164048858520942,0.1417971879540194,0.01919955205985839,0.13540150081173846
Reduced Ridge,Pedro Lomba Neto,MID,3.6007262298589504,3.5998567830273966,0.07012023222746416,0.01947861719334697
Reduced Ridge,Pedro Porro,DEF,2.0314522600545093,2.0362737290210764,0.23607807066064376,0.11593631410946728
Reduced Ridge,Pelly Ruddock Mpanzu,MID,0.7667015946042861,0.769230412704293,0.0809756408920212,0.1052683819498824
Reduced Ridge,Pervis Estupiñán,DEF,1.4930144432623296,1.4981514591428613,0.20958308607473713,0.13989445779710824
Reduced Ridge,Phil Foden,MID,7.779425453587995,7.771479474385714,0.20975310582707737,0.026990112567164312
Reduced Ridge,Philip Billing,MID,0.2604483304048607,0.26093964205966225,0.016999951490942227,0.06514897988192722
Reduced Ridge,Philippe Coutinho Correia,MID,0.16015145239285747,0.1604873270967679,0.01657185522559528,0.10325958769070323
Reduced Ridge,Pierre-Emerick Aubameyang,FWD,0.19991922763171255,0.19683262962334994,0.033287580476882704,0.16911617012169333
Reduced Ridge,Pierre-Emile Højbjerg,MID,1.1172797578802207,1.1182586366848772,0.028153960989511742,0.025176609476476115
Reduced Ridge,Radek Vítek,GK,0.033199905903877294,0.03425405401230578,0.013298696016241647,0.38823714155013844
Reduced Ridge,Radu Dragusin,DEF,0.31125116671811387,0.31454586061823725,0.021149257445408614,0.06723743686799732
Reduced Ridge,Raheem Sterling,MID,3.310226413086209,3.309514788689523,0.06668866231207127,0.020150585983173125
Reduced Ridge,Raphaël Varane,DEF,1.7117641120375169,1.7108676219445997,0.05596034707319386,0.032708753357310265
Reduced Ridge,Rasmus Højlund,FWD,4.184343192455298,4.191911193830283,0.08327748350849343,0.019866232765394093
Reduced Ridge,Rayan Aït-Nouri,DEF,3.445888224882613,3.4391416016083123,0.08055169646580748,0.02342203543702229
Reduced Ridge,Raúl Jiménez,FWD,0.6960155986774796,0.6950444259982818,0.03151394057481535,0.04534090109355579
Reduced Ridge,Reece Burke,DEF,0.904247832266557,0.9032726058772542,0.020795142730192947,0.023022000883107487
Reduced Ridge,Reece James,DEF,0.19273746921518004,0.19337276931258435,0.02830716640099986,0.14638651813090459
Reduced Ridge,Reiss Nelson,MID,0.7018115731116167,0.7026940454517568,0.03781155567354946,0.053809415233112855
Reduced Ridge,Remi Matthews,GK,0.03622129531037654,0.03725564632952221,0.013228745713392403,0.3550802902836676
Reduced Ridge,Remo Freuler,MID,0.15753070243091308,0.15792204683295663,0.016675254066702234,0.10559167893980392
Reduced Ridge,Reuell Walters,DEF,0.13869983913233522,0.1387868327059876,0.019716218771054932,0.14206116233535407
Reduced Ridge,Rhian Brewster,FWD,1.2736957036425562,1.264907741839358,0.050748594867502904,0.04012039233288836
Reduced Ridge,Rhys Bennett,DEF,0.13853238183122035,0.1386141348062334,0.01976924894303198,0.14262072890810962
Reduced Ridge,Rhys Norrington-Davies,DEF,0.4146438722054519,0.41254163183140985,0.023313403832406106,0.0565116391499935
Reduced Ridge,Richarlison de Andrade,MID,4.827537108599747,4.825072584219455,0.10855894404006955,0.02249892455402948
Reduced Ridge,Richie Laryea,DEF,0.1385104112414069,0.1385914766438727,0.019776353586103444,0.1426953090118315
Reduced Ridge,Rico Henry,DEF,0.14555507712396867,0.14583421687824166,0.019242769755657484,0.1319496217525099
Reduced Ridge,Rico Lewis,DEF,0.3698523175637198,0.3696054649440756,0.01799130722736788,0.048677059550756685
Reduced Ridge,Riyad Mahrez,MID,0.15799680282409528,0.15837812001585497,0.016651358761153617,0.10513673706624803
Reduced Ridge,Rob Holding,DEF,0.13929765672289146,0.13940335907801119,0.01954326391326268,0.14019220227201354
Reduced Ridge,Robert Sánchez,GK,0.16015226682116374,0.16047690517706098,0.02936499421039175,0.18298579585637015
Reduced Ridge,Robin Olsen,GK,0.04019956562508679,0.04112189482645879,0.013650120080536374,0.331942877100925
Reduced Ridge,Rodrigo Bentancur,MID,1.6756765225227412,1.6756350929336619,0.03742312978489137,0.02233369899133101
Reduced Ridge,Rodrigo Duarte Ribeiro,FWD,0.3054846925766893,0.3021911114321908,0.03356855322334128,0.11108385373827842
Reduced Ridge,Rodrigo Hernandez,MID,5.007486036153931,5.0053948262126,0.12626471844321807,0.025225726007064662
Reduced Ridge,Rodrigo Muniz Carvalho,FWD,4.244938592487342,4.228983735642119,0.10149207520451735,0.023999164231618172
Reduced Ridge,Romain Faivre,MID,0.3730583880574307,0.3735909047673204,0.01937186537412813,0.0518531504030948
Reduced Ridge,Romelu Lukaku Bolingoli,FWD,0.20468394796491207,0.20247829144625215,0.03284181556110312,0.16219919343709485
Reduced Ridge,Roméo Lavia,MID,0.17267739793380837,0.17309575368701233,0.01660882014916343,0.09595163252355172
Reduced Ridge,Ronnie Stutter,FWD,0.2002618958535054,0.1972386532223042,0.03325132689717748,0.16858423211651372
Reduced Ridge,Ross Barkley,MID,5.487382216266493,5.491505739450301,0.1690603270185862,0.030785787184756563
Reduced Ridge,Ryan Christie,MID,2.5606434345943967,2.5613871440003417,0.05416391267028348,0.021146320187151003
Reduced Ridge,Ryan Fraser,MID,0.15763334954453892,0.15802248570087343,0.016669793782760074,0.10549001117673176
Reduced Ridge,Ryan Fredericks,DEF,0.13856521187229123,0.1386479922678316,0.019758696090555722,0.14250978876338216
Reduced Ridge,Ryan Giles,DEF,0.2334127022140896,0.23405481331067396,0.018312941630180844,0.07824210650123678
Reduced Ridge,Ryan Gravenberch,MID,1.8077255450872634,1.8091125923209233,0.0457315658802251,0.025278452029099945
Reduced Ridge,Ryan Oné,MID,0.15773482345210518,0.15813031229414193,0.016673871641009707,0.10544386714417059
Reduced Ridge,Ryan Sessegnon,DEF,0.1385349107077857,0.13861674282432918,0.01976843336152612,0.14261216184093228
Reduced Ridge,Ryan Trevitt,MID,0.15752807799931823,0.15791947886071706,0.016675395136213078,0.10559428929549952
Reduced Ridge,Ryan Yates,MID,1.3167847243068063,1.3175186979917517,0.05208172613085338,0.03953016090795505
Reduced Ridge,Rúben Gato Alves Dias,DEF,3.7093523812070015,3.6922214802213444,0.09407017705865445,0.025477934507064037
Reduced Ridge,Rúnar Alex Rúnarsson,GK,0.0337903914278607,0.03483329701540369,0.013254262549342376,0.3805055416798814
Reduced Ridge,Sam Curtis,DEF,0.13848489841407444,0.1385651653891959,0.019784646331427017,0.14278225177198578
Reduced Ridge,Sam Johnstone,GK,2.07650105037839,2.0765711365212236,0.0959064627469133,0.046185011945981604
Reduced Ridge,Sam Proctor,GK,0.032933873860023846,0.03399308707282457,0.013323220076210186,0.39193910360854806
Reduced Ridge,Sam Surridge,FWD,0.2019162390290743,0.19919886525053385,0.033085373217817765,0.16609217716278682
Reduced Ridge,Saman Ghoddos,MID,0.5408758822644564,0.5416975302623773,0.022064916942531987,0.04073291036022371
Reduced Ridge,Samuel Bastien,MID,0.1575628261357676,0.15795347946106392,0.01667353325236041,0.1055597718344058
Reduced Ridge,Sander Berge,MID,2.3391292336577636,2.3407454295592443,0.10443588598087825,0.044616507486054655
Reduced Ridge,Sandro Tonali,MID,0.17665973674244734,0.17666516717481526,0.01742282217066247,0.09862058519675296
Reduced Ridge,Santiago Bueno,DEF,0.18485822467193935,0.18521301160883136,0.018884427147327926,0.10196058572392155
Reduced Ridge,Sasa Kalajdzic,FWD,0.209929260192778,0.207188108460223,0.03304115575964498,0.1594741899291406
Reduced Ridge,Saïd Benrahma,MID,0.2815273577777064,0.28197046139712495,0.016938179991623118,0.060070760276437325
Reduced Ridge,Saša Lukić,MID,0.9945480902483076,0.9949193375388028,0.027739681422358192,0.027881337085054213
Reduced Ridge,Scott Carson,GK,0.033782096369347814,0.034825159890260506,0.01325479078025808,0.38060961735785237
Reduced Ridge,Scott McKenna,DEF,0.13950907655495615,0.13960489148422922,0.019608767340723917,0.14045902784816866
Reduced Ridge,Scott McTominay,MID,1.8080099529640812,1.8099510909863892,0.0730038859029224,0.0403347285274635
Reduced Ridge,Scott Twine,MID,0.1574804200187138,0.1578728461454848,0.016677969556197138,0.10564178681385059
Reduced Ridge,Seamus Coleman,DEF,0.37158877080151853,0.3729196016908503,0.01856267717306404,0.04977661964911264
Reduced Ridge,Sean Longstaff,MID,3.156111185827303,3.1584749427448116,0.09388124201669384,0.02972359879958654
Reduced Ridge,Sepp van den Berg,DEF,0.13859990447465959,0.13868377057983172,0.019747627232334926,0.1423932097445204
Reduced Ridge,Serge Aurier,DEF,0.15347178729476924,0.15367278919536623,0.019027728678841987,0.1238197652197995
Reduced Ridge,Sergi Canós Tenés,MID,0.15752469228259672,0.15791616598086472,0.016675577234400277,0.1055976576610967
Reduced Ridge,Sergio Gómez,DEF,0.16879782063926302,0.17001040709451593,0.0187188772186805,0.11010430207530701
Reduced Ridge,Sergio Reguilón,DEF,2.854470253623757,2.8522065853790632,0.06866805055059405,0.02407541266561796
Reduced Ridge,Shandon Baptiste,MID,0.379225159068916,0.3794018884450322,0.016877161460563807,0.04448359898716997
Reduced Ridge,Shea Charles,MID,0.15735327754608397,0.1577484388868298,0.016684955233558573,0.10576938416188394
Reduced Ridge,Shola Shoretire,FWD,0.20377755864316072,0.20140432125857027,0.032916833581959314,0.16343658058706434
Reduced Ridge,Simon Adingra,MID,3.068084077140205,3.067763776825491,0.08273480938019265,0.02696909390650876
Reduced Ridge,Siriki Dembélé,MID,0.15738600603106923,0.15778046328444242,0.016683140664871993,0.10573641576141192
Reduced Ridge,Sofyan Amrabat,MID,0.3458336024273377,0.34625879505280477,0.01657069890708157,0.04785639857770118
Reduced Ridge,Solly March,MID,0.19524270676426428,0.19487964730055324,0.02086031476998726,0.10704203881185924
Reduced Ridge,Son Heung-min,MID,2.5825419327203445,2.577059853816845,0.11967249526845072,0.0464376079939337
Reduced Ridge,Stefan Bajcetic,MID,0.15771850033839058,0.15810580464706248,0.016665348977317012,0.10540630696335819
Reduced Ridge,Stefan Ortega Moreno,GK,0.07032165880186411,0.07132596425780252,0.016962489692102282,0.23781647915466791
Reduced Ridge,Steve Cook,DEF,0.1385574213704444,0.13863995796118694,0.019761193379499855,0.14253606009482572
Reduced Ridge,Steven Alzate,MID,0.15809151377026992,0.15847079344696333,0.016646785460464584,0.1050463943441786
Reduced Ridge,Steven Benda,GK,0.033185068661338336,0.03423949926273635,0.01329999036971808,0.3884399788577741
Reduced Ridge,Sven Botman,DEF,1.6925020803916784,1.700079925669907,0.0876500472782775,0.05155642740957574
Reduced Ridge,Sydie Peck,MID,0.16367640377335504,0.16407557849963544,0.01665770715269407,0.10152459802377647
Reduced Ridge,Tahith Chong,MID,3.087000634523943,3.0893326370106755,0.06534041761235752,0.02115033416265033
Reduced Ridge,Taiwo Awoniyi,FWD,2.9908085126820114,2.9811210383097273,0.07547037914978967,0.02531610698792049
Reduced Ridge,Takehiro Tomiyasu,DEF,0.19341263265406966,0.19358509962984496,0.019079362327968554,0.09855801073765645
Reduced Ridge,Tanguy Ndombélé Alvaro,MID,0.16021406687128903,0.16054768409715814,0.01656947525670364,0.1032059437660673
Reduced Ridge,Tariq Lamptey,DEF,2.244855694681495,2.2298393195900905,0.0741582957743391,0.03325723747125042
Reduced Ridge,Tawanda Chirewa,MID,0.17663141087843112,0.1770314837730141,0.01671009565494815,0.09439053042324082
Reduced Ridge,Tayo Adaramola,DEF,0.13853871027535952,0.13862066129987843,0.019767208820281122,0.14259929677812364
Reduced Ridge,Teden Mengi,DEF,2.008518419037589,2.018279961631109,0.09201416293928061,0.04559038621426817
Reduced Ridge,Terence Kongolo,DEF,0.1389392648646955,0.1390337512986705,0.019643862684916896,0.1412884461609484
Reduced Ridge,Thiago Alcántara do Nascimento,MID,0.21166405262703486,0.2120401025087369,0.01658623913740984,0.0782221803383934
Reduced Ridge,Thiago Emiliano da Silva,DEF,1.982965257884671,1.9774061443193756,0.051104291221568086,0.025844104595496853
Reduced Ridge,Thilo Kehrer,DEF,0.13918508480451025,0.13928865150323919,0.019582961356090316,0.14059265521451983
Reduced Ridge,Thomas Cannon,FWD,0.20001457470132197,0.1969431614619457,0.03327866676689047,0.16897599550985545
Reduced Ridge,Thomas Kaminski,GK,3.7314941519636013,3.739653146275322,0.1990894768560155,0.053237417768091065
Reduced Ridge,Thomas Partey,MID,0.1599844757825098,0.1603290769893871,0.016583150394363224,0.1034319582308887
Reduced Ridge,Thomas Strakosha,GK,0.05549842675180289,0.05609169778591946,0.01898762908179958,0.33851050745991135
Reduced Ridge,Tim Iroegbunam,MID,0.3087747453573024,0.30940262661540857,0.018027284530279426,0.05826480766334143
Reduced Ridge,Tim Krul,GK,0.03339809779994314,0.034448472443247856,0.013282240566629916,0.3855683467100536
Reduced Ridge,Tim Ream,DEF,1.0445483477693043,1.0446553177669051,0.033030707350296076,0.03161876150777059
Reduced Ridge,Timo Werner,FWD,2.3794950220468616,2.3674820359616504,0.06285827544453233,0.026550687392649996
Reduced Ridge,Timothy Castagne,DEF,2.7940046747056244,2.7913085994189726,0.053468514998412806,0.019155357816596344
Reduced Ridge,Tino Livramento,DEF,0.898408498563209,0.9036120411017222,0.03639364196255882,0.040275738156594444
Reduced Ridge,Toby Collyer,MID,0.15734774501011,0.15774302537221366,0.01668526309370128,0.10577496567173347
Reduced Ridge,Tom Cairney,MID,1.8455382788519867,1.8470920597695668,0.06760956612760638,0.03660324658427744
Reduced Ridge,Tom Davies,MID,0.48000538009793603,0.48091503661640994,0.026525311963386804,0.055155921407681135
Reduced Ridge,Tom Heaton,GK,0.0339546253470598,0.034994404010755036,0.0132443693320328,0.3784710643439542
Reduced Ridge,Tom King,GK,0.041149313097788534,0.042052108848241905,0.01386070407913815,0.32960782369223873
Reduced Ridge,Tom Lockyer,DEF,0.19203517936198786,0.19208180177390397,0.01879788006388417,0.09786393031657845
Reduced Ridge,Tom McGill,GK,0.036117733021236775,0.0371163272998508,0.013215178798537435,0.3560475876768809
Reduced Ridge,Tommi O'Reilly,MID,0.15738371850769362,0.1577782249725204,0.016683267124046143,0.10573871728466841
Reduced Ridge,Tommy Doyle,MID,0.752628028000663,0.7532044118672655,0.018460011520425004,0.02450863434888927
Reduced Ridge,Tomáš Souček,MID,2.216833980432507,2.2177691570367424,0.07056055970272626,0.03181600730574019
Reduced Ridge,Tosin Adarabioyo,DEF,1.3628813926128427,1.3629395462362395,0.03326340063282888,0.024405631727897125
Reduced Ridge,Toti António Gomes,DEF,2.4624971389591566,2.4559235266630104,0.052998607301333024,0.021579909441783375
Reduced Ridge,Travis Hernes,MID,0.1573556230783522,0.15775073395970005,0.016684824813178102,0.10576701860189448
Reduced Ridge,Trent Alexander-Arnold,DEF,1.8826443109511495,1.880006467037174,0.1423346325490819,0.0757096504957222
Reduced Ridge,Trevoh Chalobah,DEF,0.3030267398124862,0.30630684997175167,0.021662782233980177,0.07072248706151354
Reduced Ridge,Treymaurice Nyoni,MID,0.15737201394455816,0.15776677220946406,0.016683915043321527,0.10575049999229622
Reduced Ridge,Ty Barnett,MID,0.15740319315103024,0.1577972806581674,0.016682192294401967,0.10571913676091932
Reduced Ridge,Tyler Adams,MID,0.1573952460178806,0.1577895044915656,0.01668263042199053,0.1057271234594838
Reduced Ridge,Tyler Onyango,MID,0.15756731762054885,0.15795801631392928,0.016673645885786913,0.10555745301744825
Reduced Ridge,Tyrell Malacia,DEF,0.13864770723869993,0.13873306933776736,0.019732514976882092,0.1422336799082863
Reduced Ridge,Tyrese Francois,MID,0.15772654709766623,0.15811367829653483,0.01666493292048492,0.10539842662587746
Reduced Ridge,Tyrick Mitchell,DEF,2.351455821171108,2.341525535663981,0.06415168418744771,0.027397388245546665
Reduced Ridge,Tyrone Mings,DEF,0.14707004837720478,0.14741715416586332,0.019759015291311778,0.13403470853249777
Reduced Ridge,Valentín Barco,DEF,0.13852277531165372,0.1386042276493519,0.019772351225233305,0.14265330546232988
Reduced Ridge,Valintino Adedokun,DEF,0.13870535490058372,0.13879252109094148,0.019714505854371768,0.14204299842247384
Reduced Ridge,Vicente Guaita,GK,0.03511111663553297,0.036128876338666883,0.013205322339186476,0.36550603498989803
Reduced Ridge,Victor Lindelöf,DEF,1.089705542165997,1.0892280223629114,0.03552946383127882,0.03261894029700334
Reduced Ridge,Victor da Silva,DEF,1.0001288221290197,1.005724053026193,0.03161940158245255,0.03143944055758708
Reduced Ridge,Viljami Sinisalo,GK,0.032902659195410244,0.03396246671832451,0.013326279987965444,0.39238257039719754
Reduced Ridge,Vincent Angelini,GK,0.03297118422181344,0.03402968706576573,0.013319612794206443,0.39141155686988766
Reduced Ridge,Vini de Souza Costa,MID,3.0906203189159784,3.0914486405791717,0.08018380656919971,0.025937292153809667
Reduced Ridge,Virgil van Dijk,DEF,4.468543760381915,4.458908566374846,0.13236721359613718,0.029686012086978842
Reduced Ridge,Vitalii Mykolenko,DEF,2.4004559875804494,2.391753371795873,0.06768705036354505,0.02830017976005675
Reduced Ridge,Vitaly Janelt,MID,2.423635639643635,2.4247132146459185,0.07528742836740444,0.031050034252565695
Reduced Ridge,Vladimír Coufal,DEF,2.324693618316156,2.322032793654236,0.04765570915345172,0.02052327136967555
Reduced Ridge,Wataru Endo,MID,2.4141467798764427,2.4141841409328633,0.058582877747668904,0.02426611821127776
Reduced Ridge,Wayne Hennessey,GK,0.03511847419973613,0.03613609381887843,0.013205246189073441,0.3654309249710515
Reduced Ridge,Wes Foderingham,GK,1.6058851339200526,1.5241233495694573,0.20622775046823597,0.13530909458640097
Reduced Ridge,Wesley Fofana,DEF,0.13866214151515632,0.13874795533683623,0.01972798357909632,0.14218576072853112
Reduced Ridge,Wesley Moraes Ferreira da Silva,FWD,0.19969132245769772,0.19656258742775393,0.03331204698188248,0.16947297762920546
Reduced Ridge,Will Hughes,MID,0.9633511371144492,0.9630876620449279,0.03425195457628116,0.03556473198250079
Reduced Ridge,William Osula,FWD,1.197388729178188,1.197878717242464,0.07402410316854606,0.061795991616706174
Reduced Ridge,William Saliba,DEF,3.3083072390816373,3.2953508615845033,0.3344974640216041,0.10150587238554856
Reduced Ridge,Willian Borges da Silva,MID,2.1445218694097083,2.1454779220388485,0.04895852816109819,0.022819404319282338
Reduced Ridge,Willy Boly,DEF,0.18918872113230456,0.18963339538924254,0.018402570264289757,0.09704287700231566
Reduced Ridge,Willy Kambwala,DEF,0.1654980622870547,0.16550706607090515,0.019449754216792344,0.11751615612870477
Reduced Ridge,Wilson Odobert,MID,2.427126152748292,2.428327561855408,0.09649315260323588,0.039736464766519604
Reduced Ridge,Wout Weghorst,FWD,0.20035779670299525,0.19735228502582844,0.03324129572901593,0.1684363356860321
Reduced Ridge,Yago de Santiago Alonso,MID,0.15739544551667617,0.15778969969854692,0.0166826194153923,0.10572692290601989
Reduced Ridge,Yasin Ayari,MID,0.15760363183557047,0.15799340730850125,0.016671363123475294,0.10551935936746043
Reduced Ridge,Yasser Larouci,DEF,1.0475652502629171,1.0485645483717736,0.039973222894772655,0.03812185235219297
Reduced Ridge,Yegor Yarmoliuk,MID,0.380183161835694,0.38059470829350167,0.018647353842774158,0.04899530507500896
Reduced Ridge,Yegor Yarmolyuk,MID,0.7048838834243221,0.7062534668981393,0.047735318891379025,0.0675895002696868
Reduced Ridge,Yerson Mosquera,DEF,0.13848635530675324,0.13856666787552616,0.019784171546994654,0.1427772771787129
Reduced Ridge,Yoane Wissa,FWD,1.9871213712522389,1.994763145705222,0.05747826752742205,0.028814582649160272
Reduced Ridge,Youri Tielemans,MID,2.730482117702376,2.7320695633431638,0.05322916985883641,0.019483094637495698
Reduced Ridge,Youssef Ramalho Chermiti,FWD,0.34207091981125665,0.3392930587693722,0.03264515786709929,0.0962152246364969
Reduced Ridge,Yves Bissouma,MID,1.1143474237232542,1.114495024672057,0.034010908731612256,0.030516878028791605
Reduced Ridge,Zack Nelson,MID,0.15744225543495607,0.15783550259580553,0.016680048493981484,0.10567995298685579
Reduced Ridge,Zack Steffen,GK,0.0347607630504565,0.03578519329391286,0.013211473601794154,0.3691882699440792
Reduced Ridge,Zeki Amdouni,FWD,2.143468624999585,2.1302002739548525,0.12205155799084026,0.05729581367682569
Reduced Ridge,Álvaro Fernández Carreras,DEF,0.13937246327970723,0.1394805067160295,0.019523443590917493,0.13997255996972804
Reduced Ridge,Ângelo Gabriel Borges Damaceno,MID,0.15739548454942134,0.15778973789158127,0.016682617261956013,0.10572688366729392
Reduced Ridge,Đorđe Petrović,GK,3.189145364564864,3.192068919000121,0.1000388215009115,0.03133980626340847
Parsimonious Ridge,Aaron Connolly,FWD,0.21480159876726895,0.2108350690018539,0.036304516976334356,0.17219391986451327
Parsimonious Ridge,Aaron Cresswell,DEF,0.20735403366471805,0.20745509281505814,0.019935627354190837,0.09609610968655771
Parsimonious Ridge,Aaron Hickey,DEF,0.1533267392948621,0.1533877027610965,0.02031864407891811,0.1324659259716842
Parsimonious Ridge,Aaron Ramsdale,GK,0.10726876523311646,0.10456309653698155,0.05337447502703097,0.5104523182149034
Parsimonious Ridge,Aaron Ramsey,MID,1.165601088362349,1.1653743438871877,0.0363502473541445,0.031191906313035606
Parsimonious Ridge,Aaron Wan-Bissaka,DEF,0.3357964932320809,0.335576011001998,0.02150967450957055,0.06409777160573757
Parsimonious Ridge,Abdoulaye Doucouré,MID,1.777389886189926,1.7764621592167082,0.0518866771254349,0.02920787074255113
Parsimonious Ridge,Abdul Rahman Baba,DEF,0.14765239291096238,0.14769141445988962,0.0206553240002889,0.13985460208249628
Parsimonious Ridge,Adam Davies,GK,0.033001999336347655,0.03408478971857686,0.013024425125725604,0.3821183945467337
Parsimonious Ridge,Adam Lallana,MID,0.7147703627120996,0.7151490782366545,0.018296952577663922,0.025584809006226755
Parsimonious Ridge,Adam Smith,DEF,1.8767193993788536,1.874363890937652,0.06309396181273944,0.03366153291673615
Parsimonious Ridge,Adam Webster,DEF,0.5993404616358907,0.5942837636184543,0.029974005227158203,0.05043719358014011
Parsimonious Ridge,Adam Wharton,MID,2.2105793095599924,2.2105609626108644,0.04325469550539605,0.019567293658487705
Parsimonious Ridge,Adama Traoré,MID,1.078336220573674,1.080878124521055,0.056928008371422374,0.05266829541642134
Parsimonious Ridge,Ademola Ola-Adebomi,FWD,0.2149401603849812,0.211000429341332,0.036289081707535926,0.1719858192744796
Parsimonious Ridge,Admiral Muskwe,FWD,0.21570132780467044,0.21190881151092442,0.03620593402668887,0.17085619879861563
Parsimonious Ridge,Adrián San Miguel del Castillo,GK,0.03401600184860887,0.0350414255928185,0.013055884538254613,0.37258428609509336
Parsimonious Ridge,Aidan Francis-Clarke,DEF,0.14781372598424003,0.1478564261266893,0.020622130821169437,0.13947402464265957
Parsimonious Ridge,Albert Sambi Lokonga,MID,3.2386433372980816,3.238405087625749,0.0912015455852548,0.02816248836000922
Parsimonious Ridge,Alejandro Garnacho,MID,4.298325985035589,4.298264407658738,0.08293488950775132,0.01929497156107386
Parsimonious Ridge,Alejo Véliz,FWD,0.3166561879463906,0.31304945613971363,0.0355552111859281,0.11357697797775394
Parsimonious Ridge,Aleksandar Mitrović,FWD,0.22874593604498694,0.2274700371786368,0.03523006922034633,0.1548778452639872
Parsimonious Ridge,Alex Iwobi,MID,2.5939380533572094,2.5956306110689735,0.048842156251669655,0.01881706743763309
Parsimonious Ridge,Alex Matos,MID,0.1668785758022437,0.16739582850237633,0.01780074739456553,0.10633925321689144
Parsimonious Ridge,Alex Mighten,MID,0.16698704975304746,0.1675011919892908,0.017792708992787204,0.10622437238491282
Parsimonious Ridge,Alex Murphy,DEF,0.1528341042513404,0.15297825766693557,0.02000207472237302,0.13075109513877167
Parsimonious Ridge,Alex Scott,MID,1.2136832555741197,1.2148395983743066,0.02959954004773717,0.02436497796692432
Parsimonious Ridge,Alex Telles,DEF,0.14768215380804217,0.14772185394221532,0.02064914668907641,0.139783966542647
Parsimonious Ridge,Alexander Isak,FWD,2.033687956209477,2.076723562997926,0.13908165116557336,0.06697167290036293
Parsimonious Ridge,Alexandre Moreno Lopera,DEF,2.1653998047863525,2.161827331762322,0.049973174847753696,0.023116173115923906
Parsimonious Ridge,Alexis Mac Allister,MID,5.022610198658043,5.022171772785559,0.07432615099200598,0.014799603509137007
Parsimonious Ridge,Alfie Dorrington,DEF,0.14785090741482915,0.14789445533986206,0.02061458335174521,0.1393871278295918
Parsimonious Ridge,Alfie Doughty,DEF,3.6045882820961026,3.6084935278933794,0.12749260977201154,0.03533125632248012
Parsimonious Ridge,Alfie Gilchrist,DEF,0.33408231725638626,0.33650451840717455,0.020560102381191454,0.06109903807090483
Parsimonious Ridge,Alfie Whiteman,GK,0.03342622415546007,0.03448501425036985,0.013031880211926942,0.37789980648731136
Parsimonious Ridge,Alisson Ramses Becker,GK,1.4377115844061996,1.4327281156196283,0.10601928602494248,0.07399818909751144
Parsimonious Ridge,Allan Campbell,MID,0.1669221190470942,0.16743736097236966,0.017795521228212666,0.10628166333288819
Parsimonious Ridge,Allan Saint-Maximin,MID,0.16718208016432579,0.16769291929765254,0.017784457487279245,0.10605371748411206
Parsimonious Ridge,Alphonse Areola,GK,3.060668108594397,3.045711145983506,0.2766901129187171,0.09084581552771305
Parsimonious Ridge,Altay Bayindir,GK,0.03204044022850046,0.033177630291802665,0.013037980374556847,0.39297503347543766
Parsimonious Ridge,Amad Diallo,MID,0.34245327338189724,0.34324067729458796,0.018875773511180003,0.05499282212107914
Parsimonious Ridge,Amadou Diallo,MID,0.16737370652272116,0.16789096941311046,0.017800774156366057,0.1060257988776376
Parsimonious Ridge,Amadou Onana,MID,1.4368663238040975,1.4388037457542322,0.04365934836704153,0.03034419982285698
Parsimonious Ridge,Amari'i Bell,DEF,2.6451797275797744,2.6571163261654283,0.12018328524476343,0.045230720259132905
Parsimonious Ridge,Ameen Al-Dakhil,DEF,0.6450323691917454,0.6438572177499161,0.03725935305600047,0.05786896850548714
Parsimonious Ridge,Anass Zaroury,MID,0.19809926072488576,0.19865527435297786,0.01767445212134582,0.08897046493686955
Parsimonious Ridge,Andi Zeqiri,FWD,0.2239271847520517,0.2217256029123079,0.03548933155900233,0.16005969131601958
Parsimonious Ridge,Andre Brooks,MID,0.739585287457315,0.7400898557937792,0.023872068657965328,0.032255635543553665
Parsimonious Ridge,Andreas Hoelgebaum Pereira,MID,2.882035578981074,2.8818998274163117,0.06357341016184676,0.022059548897937147
Parsimonious Ridge,Andrew Omobamidele,DEF,0.6995193486453867,0.7053107360877702,0.034069512671380746,0.0483042592834445
Parsimonious Ridge,Andrew Robertson,DEF,2.2213064827081026,2.220775007173304,0.08861990798141,0.039904946559268586
Parsimonious Ridge,Andrey Nascimento dos Santos,MID,0.1689006703005812,0.1693891605001648,0.017736053462966094,0.10470595291101191
Parsimonious Ridge,Andros Townsend,MID,1.3651763371473884,1.3680503355707325,0.07520068603680678,0.05496923912922696
Parsimonious Ridge,André Onana,GK,3.111689625022547,3.0599030391667985,0.1376557685576209,0.04498697076202261
Parsimonious Ridge,André Tavares Gomes,MID,0.25717479194808696,0.25770245883159965,0.017320157079709027,0.0672099022967693
Parsimonious Ridge,Andy Lonergan,GK,0.03177919641990086,0.03293116620891535,0.01304895257133369,0.3962493307571048
Parsimonious Ridge,Anel Ahmedhodžić,DEF,2.0126122569504608,2.011549912669092,0.07293793661167884,0.03625957086737098
Parsimonious Ridge,Angelo Ogbonna,DEF,0.31394324889370323,0.3146086764442309,0.018835461885214587,0.05986949278734674
Parsimonious Ridge,Anis Slimane,MID,0.3727624190748724,0.37302168311079753,0.01843692805869661,0.04942588834231479
Parsimonious Ridge,Anssumane Fati Vieira,MID,1.0236980529097655,1.0256658111153345,0.045645485229170536,0.04450327263958862
Parsimonious Ridge,Anthony Elanga,MID,4.107465824443955,4.1109150950636195,0.12415239224664784,0.030200670501740558
Parsimonious Ridge,Anthony Gordon,MID,4.267707187807946,4.26542184441283,0.1290369036497211,0.03025185042805164
Parsimonious Ridge,Anthony Knockaert,MID,0.16717617689646036,0.16768711600958605,0.01778470293936755,0.10605885152411389
Parsimonious Ridge,Anthony Martial,FWD,0.24900030326365374,0.2460726054053291,0.035284866949170754,0.14339209718631524
Parsimonious Ridge,Antoine Semenyo,FWD,2.558157735324501,2.5501823056672808,0.11974643865945957,0.046956030709391465
Parsimonious Ridge,Antonee Robinson,DEF,2.723768999042863,2.722401463176181,0.0539173504372811,0.01980506959262967
Parsimonious Ridge,Antony Matheus dos Santos,MID,0.5288468815146883,0.5292320249181722,0.01694457668864174,0.03201729277675826
Parsimonious Ridge,Antwoine Hackford,FWD,0.21596467842873612,0.2122190541896672,0.03617998598829583,0.17048415433969744
Parsimonious Ridge,Aribim Pepple,FWD,0.2156010909516109,0.21178918819586895,0.03621672421891578,0.17100365003251003
Parsimonious Ridge,Arijanet Muric,GK,0.03257205276997355,0.033679167144246874,0.013025263632278569,0.38674541969793225
Parsimonious Ridge,Armando Broja,FWD,0.5602036128511831,0.5556556419754529,0.033785635861834765,0.06080319051871934
Parsimonious Ridge,Arnaut Danjuma Groeneveld,MID,0.527128653828245,0.5275985427875177,0.018140441995512176,0.03438304036942339
Parsimonious Ridge,Ashley Phillips,DEF,0.1484426271786136,0.14849966704578677,0.020499670304340144,0.13804522738774558
Parsimonious Ridge,Ashley Young,DEF,1.738486787846957,1.731789056452326,0.03865746608095182,0.022322271836123026
Parsimonious Ridge,Auston Trusty,DEF,1.2854071942826775,1.2862542760294589,0.04240965879318433,0.0329714424150245
Parsimonious Ridge,Axel Disasi,DEF,1.8889309852642246,1.8918833864532574,0.06934717950684392,0.03665510253084369
Parsimonious Ridge,Aymeric Laporte,DEF,0.1488482688061831,0.1489136986755838,0.020433261998663337,0.13721546224688339
Parsimonious Ridge,Bailey Peacock-Farrell,GK,0.031181038169148485,0.03236684843432989,0.013085743435480354,0.4042946430830431
Parsimonious Ridge,Bart Verbruggen,GK,2.166125940112886,2.170665743176584,0.15131324112229352,0.06970821813443258
Parsimonious Ridge,Bashir Humphreys,DEF,0.147724297406767,0.147764958467092,0.020640441081004338,0.1396842749128581
Parsimonious Ridge,Ben Brereton,MID,1.3163872498129865,1.3168807421484676,0.02569969783837905,0.019515584833027816
Parsimonious Ridge,Ben Chilwell,DEF,1.7686844084070659,1.7689325714466921,0.04900331677576862,0.027702195983474977
Parsimonious Ridge,Ben Davies,DEF,1.6870658050099543,1.6819782507705907,0.14098906057059069,0.0838233553293553
Parsimonious Ridge,Ben Doak,MID,0.16727600792007738,0.16778564449404873,0.017781384044135432,0.10597679019414637
Parsimonious Ridge,Ben Godfrey,DEF,2.0540808692108494,2.0427458848537947,0.07312442560515503,0.035797122954619856
Parsimonious Ridge,Ben Greenwood,DEF,0.1494751640299044,0.14955574701378171,0.02032294499188695,0.13588875986165994
Parsimonious Ridge,Ben Jackson,DEF,0.1479500707578834,0.14799587972973072,0.02059464220039399,0.13915686192077653
Parsimonious Ridge,Ben Johnson,DEF,0.9577072766834017,0.9655436071000365,0.04524181394603106,0.046856313493610774
Parsimonious Ridge,Ben Mee,DEF,2.781851280346668,2.7810009128736537,0.0854448776503458,0.030724505430691933
Parsimonious Ridge,Ben Osborn,MID,1.3665756640049707,1.367296879959564,0.04581593521637655,0.03350840325016429
Parsimonious Ridge,Ben Parkinson,FWD,0.21919107334486476,0.21531470721466298,0.03613354050384027,0.16781733570952076
Parsimonious Ridge,Ben Pearson,MID,0.16668817203067504,0.16720737616403475,0.017805923107473837,0.10649005753194624
Parsimonious Ridge,Bendegúz Bolla,DEF,0.15212467950325098,0.15226567471543861,0.020012507531818775,0.1314315098870386
Parsimonious Ridge,Benicio Baker-Boaitey,MID,0.24596501146641103,0.24659818413381307,0.017820231655375173,0.07226424524563925
Parsimonious Ridge,Benjamin Fredrick,DEF,0.14767732452254761,0.14771691454304128,0.020650147413605168,0.13979541528799125
Parsimonious Ridge,Benjamin White,DEF,3.0193316420240537,2.9997260903284433,0.12552937456006488,0.041846945614397925
Parsimonious Ridge,Benoît Badiashile,DEF,0.49466874363806046,0.49770728624647065,0.022511755573693167,0.04523091422564603
Parsimonious Ridge,Bernardo Veiga de Carvalho e Silva,MID,3.133769070876374,3.134074207171027,0.10147537958406126,0.03237810366834232
Parsimonious Ridge,Bernd Leno,GK,2.929859834987695,2.9278787583356274,0.11398420673113592,0.03893064438089336
Parsimonious Ridge,Bertrand Traoré,MID,0.1671901509618739,0.16770500351421935,0.01779145742197665,0.10608781520622998
Parsimonious Ridge,Billy Blacker,FWD,0.21446622245176875,0.21043482871670274,0.03634225674033369,0.17270076898372816
Parsimonious Ridge,Billy Gilmour,MID,1.9081149522290295,1.9055891446604232,0.09276504430539274,0.04868050627037106
Parsimonious Ridge,Bobby Clark,MID,0.4356174711613726,0.4363844450107668,0.01948451649727029,0.04464988777679634
Parsimonious Ridge,Bobby De Cordova-Reid,MID,2.3004892262768704,2.3008766130470826,0.03418361496416274,0.014856778833912744
Parsimonious Ridge,Bobby Thomas,DEF,0.14773823271290892,0.1477792115154419,0.02063757328172155,0.13965139663480386
Parsimonious Ridge,Boubacar Kamara,MID,0.9898152171136361,0.9894846142502396,0.03303581981943012,0.033386895908899296
Parsimonious Ridge,Boubacar Traoré,MID,0.30808126261237356,0.30883210317269477,0.02137267288558191,0.06920482898641725
Parsimonious Ridge,Bradley Ibrahim,MID,0.16674784974124052,0.16726604315212631,0.017803229650064714,0.10643660431348224
Parsimonious Ridge,Braian Ojeda Rodríguez,MID,0.16670810482845022,0.16722697137300988,0.017805020424704842,0.10647218136235731
Parsimonious Ridge,Brandon Aguilera Zamora,MID,0.18138073301915564,0.18189891004562467,0.017803186213253663,0.09787406757296233
Parsimonious Ridge,Brandon Austin,GK,0.03332779944864428,0.03439215786755701,0.013029418095930102,0.37884851965689187
Parsimonious Ridge,Brandon Williams,DEF,0.1483278568613698,0.1483822798234225,0.020521190214382472,0.1382994670172412
Parsimonious Ridge,Brennan Johnson,MID,2.491477400935601,2.493586546011959,0.05868978332536526,0.023536292902778515
Parsimonious Ridge,Bruno Borges Fernandes,MID,3.7441162397235126,3.7425594870954706,0.0738377939914392,0.01972922387634333
Parsimonious Ridge,Bruno Cavaco Jordão,MID,0.17006043213612987,0.17052252249878733,0.017697015897247495,0.10378110549809247
Parsimonious Ridge,Bruno Guimarães Rodriguez Moura,MID,3.965273606354723,3.967261320161082,0.09124405198400547,0.022999254301781336
Parsimonious Ridge,Bryan Gil Salvatierra,MID,0.41471098999440825,0.4160029850685157,0.02787122211339764,0.06699764932890385
Parsimonious Ridge,Bryan Mbeumo,MID,0.3758200624882876,0.3741952988367008,0.047602566354164745,0.12721315981828665
Parsimonious Ridge,Bukayo Saka,MID,8.81110334001198,8.796511254586484,0.3699593516651288,0.04205750904624066
Parsimonious Ridge,Bénie Traoré,FWD,0.22134814479267015,0.21749170965077805,0.03609725133373519,0.1659707001783921
Parsimonious Ridge,CJ Egan-Riley,DEF,0.1498227142397397,0.14991122179806737,0.02027037938930287,0.1352158907530443
Parsimonious Ridge,Callum Hudson-Odoi,MID,4.193221786317915,4.195292833308929,0.07112283957147733,0.016953009574633443
Parsimonious Ridge,Callum Marshall,FWD,0.21445375052395158,0.21041994463659583,0.03634367055874084,0.17271970402571818
Parsimonious Ridge,Callum Scanlon,DEF,0.14782539959514085,0.1478683659103504,0.020619757055133272,0.13944670943097195
Parsimonious Ridge,Callum Wilson,FWD,0.7680292769179942,0.7756497673827973,0.04530888874604347,0.05841410730892762
Parsimonious Ridge,Calum Chambers,DEF,0.313940228699588,0.3214059380501628,0.03305944172302942,0.10285883927219083
Parsimonious Ridge,Calvin Bassey,DEF,2.0189545170738614,2.017286729080997,0.03019598453667839,0.014968613088747475
Parsimonious Ridge,Cameron Archer,FWD,1.4091748441880636,1.4259260154802103,0.05270750875919033,0.03696370512003035
Parsimonious Ridge,Cameron Peupion,MID,0.16668498058354314,0.1672042387683621,0.017806067920218004,0.1064929217786506
Parsimonious Ridge,Caoimhin Kelleher,GK,2.598804646400107,2.541090817549261,0.14792947242665389,0.05821494903095339
Parsimonious Ridge,Carlos Baleba,MID,0.330195451816544,0.330892683500445,0.018863832112067398,0.05700891271608316
Parsimonious Ridge,Carlos Henrique Casimiro,MID,1.8544271798922776,1.8523774977525864,0.07050392707839065,0.038061316963702144
Parsimonious Ridge,Carlos Mendes Gomes,MID,0.16680418102454567,0.16732142038921374,0.017800712376986678,0.10638633317586986
Parsimonious Ridge,Carlos Vinícius Alves Morais,FWD,0.27452621288296164,0.27523918528004676,0.034935506120828436,0.12692780675572307
Parsimonious Ridge,Carlton Morris,FWD,5.876152950895798,5.873277117665747,0.22833352424095643,0.03887668156405745
Parsimonious Ridge,Carney Chukwuemeka,MID,0.48263152950003074,0.48333204425315524,0.027098955537490893,0.05606695409439323
Parsimonious Ridge,Cauley Woodrow,FWD,1.8442614773928363,1.8349975843883002,0.12516242885001427,0.06820849788297537
Parsimonious Ridge,Cesare Casadei,MID,0.4496167960174083,0.45055715673151064,0.02071001158424029,0.045965337082818754
Parsimonious Ridge,Charles Sagoe,MID,0.16674720367344867,0.16726540802636314,0.01780325866254767,0.10643718191714602
Parsimonious Ridge,Charlie Goode,DEF,0.14983108271044845,0.14991978108025397,0.020269157128353258,0.13520001818507807
Parsimonious Ridge,Charlie Taylor,DEF,0.9219784591793465,0.9259724739695816,0.043922163990192505,0.04743355253520782
Parsimonious Ridge,Cheick Doucouré,MID,0.17491168325571566,0.17540416644218548,0.017744194557125705,0.1011617621008696
Parsimonious Ridge,Cheikhou Kouyaté,MID,0.20304009124519581,0.2035245572558663,0.017594566956850285,0.08644935625498405
Parsimonious Ridge,Chiedozie Ogbene,FWD,5.443275237667144,5.428528380356884,0.24044801003158017,0.04429340572329707
Parsimonious Ridge,Chris Basham,DEF,0.15277818485508457,0.15291823564227866,0.02000488587107333,0.13082079967147098
Parsimonious Ridge,Chris Mepham,DEF,0.20862957722526468,0.20856680088463384,0.019538751333246705,0.09368102329984111
Parsimonious Ridge,Chris Richards,DEF,3.335605752389842,3.325312192563832,0.06114331293229474,0.01838723987149999
Parsimonious Ridge,Chris Wood,FWD,0.893813504504388,0.8905666489423584,0.03249053079389961,0.036482986234085385
Parsimonious Ridge,Christian Eriksen,MID,1.0599450553053003,1.062420692183862,0.06991006184954998,0.06580261695190269
Parsimonious Ridge,Christian Nørgaard,MID,3.6077492968776057,3.608747474171703,0.07318256045814966,0.020279213489424575
Parsimonious Ridge,Christian Pulisic,MID,0.16674214870951176,0.16726043867505455,0.017803485772918355,0.10644170201840797
Parsimonious Ridge,Christopher Nkunku,FWD,1.5534030200263045,1.5564730441029138,0.059922701056420544,0.038499029124502114
Parsimonious Ridge,Clément Lenglet,DEF,2.2040192972809756,2.2042032387935384,0.05797390998031194,0.026301526538017303
Parsimonious Ridge,Cody Gakpo,FWD,4.256832897395452,4.254036795177875,0.10420277886614954,0.024495034688996498
Parsimonious Ridge,Cole Palmer,MID,5.3221186311861395,5.313440425520808,0.2134374256920814,0.04016934577207778
Parsimonious Ridge,Connor Roberts,DEF,0.18841815844269666,0.18950295206477905,0.01957518028760986,0.10329749523331092
Parsimonious Ridge,Conor Bradley,DEF,3.070464173696543,3.0549555663179286,0.13298526686305395,0.0435309987252411
Parsimonious Ridge,Conor Coventry,MID,0.1680775462838322,0.1685732194913343,0.017750347157172174,0.10529755088461516
Parsimonious Ridge,Conor Gallagher,MID,3.8065511356758988,3.8075368703576102,0.06221961581082045,0.016341172240566297
Parsimonious Ridge,Craig Dawson,DEF,2.759621850402362,2.754146951161608,0.05781655898142392,0.020992546878095524
Parsimonious Ridge,Cristian Romero,DEF,1.91025036081531,1.9093142830081216,0.07433713050540847,0.0389339414505874
Parsimonious Ridge,Curtis Jones,MID,2.38166336147749,2.3805931725665435,0.06419170671310746,0.026964584899612093
Parsimonious Ridge,Cédric Alves Soares,DEF,0.284102791219695,0.2849234414714397,0.019463288698273427,0.06831059107582904
Parsimonious Ridge,César Azpilicueta,DEF,0.14763812719652486,0.14767682346952674,0.02065829373864389,0.13988852992160108
Parsimonious Ridge,Daiki Hashioka,DEF,0.14765213927442655,0.14769115504012717,0.02065537675149797,0.13985520490977255
Parsimonious Ridge,Dan Burn,DEF,1.8728432671409125,1.8786707595169148,0.05369002571353207,0.0285787307017745
Parsimonious Ridge,Dan Potts,DEF,0.14859912998666808,0.14865973831134474,0.02047092569764801,0.13770322704843482
Parsimonious Ridge,Dane Scarlett,FWD,0.2173166211412351,0.21383651312773247,0.03603876620297226,0.16853420248881895
Parsimonious Ridge,Dango Ouattara,MID,0.7026813253408815,0.7037532132655849,0.022653746613560392,0.03218990149748878
Parsimonious Ridge,Daniel Bentley,GK,0.08556104418883145,0.08616435318153672,0.014613327046325106,0.16959829101875562
Parsimonious Ridge,Daniel Castelo Podence,MID,0.16743508184024597,0.167941636049144,0.01777419095137399,0.10583552339678773
Parsimonious Ridge,Daniel Gore,MID,0.17329068935685704,0.17380820927866938,0.017801450097833002,0.10242007654133103
Parsimonious Ridge,Daniel Jebbison,FWD,0.21471540590027366,0.21073220587148392,0.03631416490792447,0.17232375449090512
Parsimonious Ridge,Daniel Muñoz,DEF,2.280666179677533,2.269362284240473,0.07025592286699563,0.030958442975317798
Parsimonious Ridge,Danilo dos Santos de Oliveira,MID,2.22089086911748,2.221627030941678,0.060504445223359224,0.027234294677137273
Parsimonious Ridge,Danny Ings,FWD,0.6285722324786966,0.6270438804309899,0.03283407503281247,0.0523632811953199
Parsimonious Ridge,Danny Welbeck,FWD,2.8660199478193156,2.844626326755235,0.09069670558537353,0.03188352182932514
Parsimonious Ridge,Dara Costelloe,MID,0.1668351916535442,0.16735190581140783,0.01779933703386255,0.10635873519074815
Parsimonious Ridge,Dara O'Shea,DEF,2.084584398138505,2.090532165201914,0.0791665082836767,0.037869069704569894
Parsimonious Ridge,Darko Churlinov,MID,0.16700308770843697,0.1675169583202865,0.01779201937324001,0.10621025806367794
Parsimonious Ridge,Darren Randolph,GK,0.03570794740883968,0.03663765025755958,0.013211803946598637,0.3606072947833929
Parsimonious Ridge,Darwin Núñez Ribeiro,FWD,4.203560562775001,4.252758324748119,0.19336486307467737,0.04546810524111546
Parsimonious Ridge,David Brooks,MID,0.3118625037851181,0.312726926265632,0.0206579233949491,0.06605738636462069
Parsimonious Ridge,David Datro Fofana,FWD,2.917337736161368,2.9088391940231073,0.15461926808219054,0.0531549727464798
Parsimonious Ridge,David Ozoh,MID,0.4158720366305728,0.41658803505356456,0.01861362835156324,0.044681140084039894
Parsimonious Ridge,David Raya Martin,GK,3.465573038858566,3.466301630687376,0.22232248038615868,0.06413823840889218
Parsimonious Ridge,Davinson Sánchez,DEF,0.14851862039225022,0.14857825403029762,0.020489450736983817,0.13790342921115273
Parsimonious Ridge,Dean Henderson,GK,0.9668159415532093,0.9681812658835803,0.04158450724280092,0.042951158742831196
Parsimonious Ridge,Declan Rice,MID,4.2512492067557766,4.248606579697168,0.13297796428679137,0.03129919464001531
Parsimonious Ridge,Deivid Washington de Souza Eugênio,FWD,0.21717236051028033,0.2134224901860942,0.03615565714664948,0.16940884306580564
Parsimonious Ridge,Dejan Kulusevski,MID,3.7006878222642765,3.702752334139699,0.09130515069410161,0.0246587247686701
Parsimonious Ridge,Dele Alli,MID,0.1669811077612502,0.16749535063313453,0.017792964997310014,0.10622960535950629
Parsimonious Ridge,Demarai Gray,MID,0.1680966301377636,0.16859198013447427,0.017749687857061363,0.10528192291770731
Parsimonious Ridge,Denis Franchi,GK,0.032587429122004144,0.03369367358756387,0.013025087912657433,0.38657369546860315
Parsimonious Ridge,Deniz Undav,FWD,0.21473059919621057,0.21075033765007756,0.036312461678630864,0.17230084698095618
Parsimonious Ridge,Destiny Udogie,DEF,2.2314624824645817,2.2311391606460944,0.08415208465738064,0.03771709364511886
Parsimonious Ridge,Detlef Esapa Osong,FWD,0.21451792257988803,0.2104965279872368,0.0363364039247041,0.17262234333341267
Parsimonious Ridge,Devan Tanton,DEF,0.14785776574815923,0.1479014700516709,0.020613195373689476,0.13937113246060398
Parsimonious Ridge,Diego Carlos Santos Silva,DEF,0.9774539945105446,0.9758174409263207,0.025310704048898906,0.025937950058437208
Parsimonious Ridge,Diego Manuel Jadon da Silva Moreira,MID,0.16671644543325065,0.16723517071842509,0.01780464361674037,0.10646470799326153
Parsimonious Ridge,Diogo Dalot Teixeira,DEF,2.5108024128695146,2.5087671364671604,0.05684723157502143,0.022659429306409667
Parsimonious Ridge,Diogo Teixeira da Silva,MID,4.35118606553891,4.347213818764592,0.09215848526390917,0.021199436951113464
Parsimonious Ridge,Dion Pereira,MID,0.16755183580683278,0.1680564126299219,0.01776962010150035,0.10573604317397244
Parsimonious Ridge,Divin Mubama,FWD,0.38604670623213305,0.4026416694367843,0.04986129352500748,0.12383540331221436
Parsimonious Ridge,Divock Origi,FWD,1.2732581704349601,1.273137640830325,0.055107170408635484,0.043284534712755215
Parsimonious Ridge,Djed Spence,DEF,0.14989772088303868,0.14998793868556204,0.020259497377246742,0.13507417699578625
Parsimonious Ridge,Djordje Petrovic,GK,2.3154250739733815,2.321750997346274,0.07649298211990138,0.03294624712440382
Parsimonious Ridge,Dominic Calvert-Lewin,FWD,2.469163080948093,2.4478616709947127,0.10927873677420132,0.04464252946523519
Parsimonious Ridge,Dominic Sadi,MID,0.16668638346980216,0.16720561789485117,0.017806004254237555,0.1064916626511618
Parsimonious Ridge,Dominic Solanke,FWD,5.065060032653614,5.133264826847674,0.21477163107960398,0.04183918779259529
Parsimonious Ridge,Dominik Szoboszlai,MID,1.0632432452856362,1.0622018965952114,0.03220949170428883,0.030323323473186534
Parsimonious Ridge,Donny van de Beek,MID,0.16747237229211648,0.16797968848243516,0.017775958735046154,0.10582207227336834
Parsimonious Ridge,Douglas Luiz Soares de Paulo,MID,5.64447819178588,5.644445691563282,0.08842417022341707,0.01566569598775379
Parsimonious Ridge,Dovydas Sasnauskas,DEF,0.1476245722929619,0.1476629594974049,0.020661120713796607,0.13992080873985
Parsimonious Ridge,Dwight McNeil,MID,3.2566257005400607,3.256695803129175,0.06582279983655089,0.02021152843729079
Parsimonious Ridge,Eberechi Eze,MID,1.1621513106436665,1.16235595631117,0.025997829954718322,0.022366496092319707
Parsimonious Ridge,Eddie Beach,GK,0.031264508809169936,0.03244559676850546,0.013079637592466142,0.40312519710416866
Parsimonious Ridge,Eddie Nketiah,FWD,0.8782995553695025,0.8902963296760007,0.04535305308292858,0.050941525390128924
Parsimonious Ridge,Ederson Santana de Moraes,GK,5.033869888961382,4.968466074622236,0.20411342956301012,0.04108177986875544
Parsimonious Ridge,Edson Álvarez Velázquez,MID,2.122119853687237,2.1215723280751537,0.0791905340609267,0.037326341889448646
Parsimonious Ridge,Elijah Adebayo,FWD,3.097898009776711,3.097816740639303,0.08290773330910788,0.026763278867166954
Parsimonious Ridge,Elijah Campbell,DEF,0.14771628139060455,0.14775675967585106,0.020642093164041246,0.13970320687409424
Parsimonious Ridge,Ellery Balcombe,GK,0.033363216697756506,0.03442557140515481,0.01303025312323421,0.3785050644441326
Parsimonious Ridge,Elliot Anderson,MID,0.19793221939894165,0.19795232615198335,0.01973726754202381,0.09970717660003642
Parsimonious Ridge,Elliot Thorpe,MID,0.16674053050305485,0.16725884787510528,0.017803558517557928,0.10644314930862202
Parsimonious Ridge,Ellis Simms,FWD,0.2146216553232351,0.21062032332059213,0.03632469913280645,0.1724653089508149
Parsimonious Ridge,Emerson Leite de Souza Junior,DEF,0.9943640227436228,0.9934604513081023,0.025596988188604165,0.02576548281806314
Parsimonious Ridge,Emerson Palmieri dos Santos,DEF,3.340512537775756,3.339960703623825,0.053566005741768105,0.016037914962187882
Parsimonious Ridge,Emil Krafth,DEF,0.25168738710280847,0.25180466132597745,0.020878604344005743,0.0829158770693964
Parsimonious Ridge,Emile Smith Rowe,MID,0.8734660627187207,0.8749421324552322,0.0458301705199657,0.05238080190670286
Parsimonious Ridge,Emiliano Buendía Stati,MID,0.16738380915382658,0.16789123173478504,0.017776231569322166,0.10587945174768257
Parsimonious Ridge,Emiliano Marcondes,MID,0.16737302872273024,0.167880633884821,0.01777666320952544,0.10588870674458851
Parsimonious Ridge,Emiliano Martínez Romero,GK,2.942768764155833,2.9428070038006324,0.10636964073623369,0.036145639384049785
Parsimonious Ridge,Emmanuel Dennis,FWD,0.21724220261577076,0.21374770157344042,0.03604618870241466,0.1686389534814705
Parsimonious Ridge,Enes Ünal,FWD,0.5263032166633592,0.5218761359586297,0.04002132414061373,0.07668740029106506
Parsimonious Ridge,Enock Agyei,MID,0.17459358829000743,0.17497890354249132,0.017690947856122068,0.10110331873136955
Parsimonious Ridge,Enso González,MID,0.16697666922371193,0.16749098726821268,0.01779315640469399,0.10623351557538326
Parsimonious Ridge,Enzo Fernández,MID,3.3479105416926123,3.3494500085857895,0.07015793933118009,0.02094610731652696
Parsimonious Ridge,Eric Bailly,DEF,0.14860628771072296,0.1486670592403567,0.020469627656345184,0.1376877148235711
Parsimonious Ridge,Eric Dier,DEF,0.1785285235494626,0.17914929528430668,0.01943785067510578,0.10850084921773354
Parsimonious Ridge,Erling Haaland,FWD,6.316582115015471,6.576220101554601,0.6101181694675019,0.09277642172032403
Parsimonious Ridge,Ethan Ampadu,DEF,0.14769912250708908,0.14773920954857833,0.020645635551438564,0.1397437796947874
Parsimonious Ridge,Ethan Brierley,MID,0.1668867013255979,0.1674025430977302,0.017797068913298023,0.10631301403174043
Parsimonious Ridge,Ethan Horvath,GK,0.03209892725850564,0.033232808450046135,0.013035949830252951,0.39226145602012324
Parsimonious Ridge,Ethan Nwaneri,MID,0.2395939034452632,0.24022048105357674,0.01797477848572381,0.07482616972078607
Parsimonious Ridge,Ethan Pinnock,DEF,1.1972143580879884,1.1969678039979166,0.030269891714518358,0.025288810286639127
Parsimonious Ridge,Evan Ferguson,FWD,1.4192840637085875,1.4257383267019477,0.05605367680175967,0.03931554321852621
Parsimonious Ridge,Ezri Konsa Ngoyo,DEF,0.7822671206450188,0.7796417616198378,0.02542826299007186,0.0326153167285964
Parsimonious Ridge,Fabian Mrozek,GK,0.031090944874974397,0.03228185211904131,0.01309268617339458,0.40557419460056054
Parsimonious Ridge,Fabian Schär,DEF,2.8314816044015276,2.8398371853872133,0.08021202972283288,0.028245291714460007
Parsimonious Ridge,Fabio Henrique Tavares,MID,0.16681160281230656,0.1673287164789944,0.01780038254140615,0.10637972319378139
Parsimonious Ridge,Facundo Buonanotte,MID,3.067421553465809,3.065712017884866,0.10397815067568213,0.03391647684749594
Parsimonious Ridge,Facundo Pellistri Rebollo,MID,0.19221349283933786,0.19272289002618243,0.017671395922843624,0.0916932904049066
Parsimonious Ridge,Felipe Augusto de Almeida Monteiro,DEF,1.1868844582895064,1.183990546483005,0.03780700565897655,0.03193184757368266
Parsimonious Ridge,Femi Seriki,DEF,0.1484941369921191,0.14855235134672012,0.020490132996768464,0.13793206779302092
Parsimonious Ridge,Filip Marschall,GK,0.03141516985043317,0.03258773424368943,0.013069413302082347,0.4010531448535187
Parsimonious Ridge,Flynn Downes,MID,0.16687173129714164,0.16738782660688517,0.017797725980256578,0.10632628633177141
Parsimonious Ridge,Fodé Ballo-Touré,DEF,0.2126105864916799,0.21322187977150564,0.020039045510972527,0.09398212572015083
Parsimonious Ridge,Folarin Balogun,FWD,0.2184502052474544,0.2151893398031613,0.0359290614354541,0.16696487599394677
Parsimonious Ridge,Francisco Jorge Tomás Oliveira,MID,0.1667620616720961,0.167280014384775,0.01780259225822089,0.10642390439584512
Parsimonious Ridge,Franco Umeh-Chibueze,FWD,0.21446736989912654,0.21043619808787312,0.03634212670290866,0.17269902722597685
Parsimonious Ridge,Frank Onyeka,MID,1.6823167953396472,1.6832207012246403,0.04657311588067789,0.02766904889346552
Parsimonious Ridge,Fraser Forster,GK,0.05597932004848356,0.05576218106760639,0.022108303197211836,0.39647486475479865
Parsimonious Ridge,Fred Onyedinma,MID,0.16669495253970462,0.16721404183600377,0.017805615700206945,0.10648397410110998
Parsimonious Ridge,Frederico Rodrigues de Paula Santos,MID,0.1673462337227401,0.16785429269427568,0.01777773995273013,0.10591173849280057
Parsimonious Ridge,Fábio Ferreira Vieira,MID,0.17037805121458827,0.17087491865969195,0.017750965265271507,0.10388280155160548
Parsimonious Ridge,Fábio Silva,FWD,0.21892213692997703,0.21560110604313584,0.035934429896025424,0.16667089773109017
Parsimonious Ridge,Gabriel Fernando de Jesus,FWD,0.932324898457366,0.9374077479761389,0.036168560048384785,0.0385835940938963
Parsimonious Ridge,Gabriel Martinelli Silva,MID,4.615039321728729,4.61441640370709,0.18009902667786504,0.03902964338744519
Parsimonious Ridge,Gabriel Osho,DEF,2.9586912396225444,2.967360737667977,0.1046466822765841,0.03526591187521912
Parsimonious Ridge,Gabriel Słonina,GK,0.0313799616806704,0.032554517956891155,0.01307171074724021,0.4015329228511333
Parsimonious Ridge,Gabriel dos Santos Magalhães,DEF,3.6998570621638156,3.6819137858907154,0.20246865314208773,0.05499005813714545
Parsimonious Ridge,Garang Kuol,MID,0.1667296427898437,0.16724814455999407,0.017804048486338438,0.10645289090159021
Parsimonious Ridge,Gavin Kilkenny,MID,0.16793293786594354,0.16843106021193505,0.017755434911656008,0.1054166309308659
Parsimonious Ridge,George Baldock,DEF,0.3255114777249012,0.3267114188438918,0.04868472987727403,0.1490144729239978
Parsimonious Ridge,George Earthy,MID,0.16667366431283392,0.16719311415395172,0.017806582030428668,0.1065030825015457
Parsimonious Ridge,George Shelvey,GK,0.03160428904050616,0.03276615411893012,0.013058033241856677,0.3985219990866309
Parsimonious Ridge,Gianluca Scamacca,FWD,0.214859318124913,0.21090395166021236,0.03629807607600778,0.1721071406688845
Parsimonious Ridge,Giovani Lo Celso,MID,0.7690586890373237,0.7702612733372071,0.028081806672037597,0.03645750817819432
Parsimonious Ridge,Giovanni Reyna,MID,0.4869589275904583,0.4878341716442849,0.01985657581727359,0.040703536101920415
Parsimonious Ridge,Giulian Biancone,DEF,0.1483390718052624,0.1483937504819006,0.020519070982848175,0.13827449549737514
Parsimonious Ridge,Glen Rea,MID,0.16705596886237117,0.16756894386059498,0.01778975957824305,0.10616382229539394
Parsimonious Ridge,Gonzalo Montiel,DEF,0.6045931480590647,0.6031083677027528,0.02053484118918627,0.03404834402713352
Parsimonious Ridge,Gonçalo Manuel Ganchinho Guedes,MID,0.16729731491078598,0.1678062023883447,0.017779720044307976,0.10595389080530733
Parsimonious Ridge,Granit Xhaka,MID,0.16684844679160366,0.16736493645583633,0.017798751418619346,0.1063469553153149
Parsimonious Ridge,Guglielmo Vicario,GK,2.768477518202873,2.770977249874585,0.07945934403210096,0.02867556708944374
Parsimonious Ridge,Gustavo Hamer,MID,2.2791413717902342,2.279264144011055,0.054907981492234505,0.024090222994342065
Parsimonious Ridge,Gustavo Henrique Furtado Scarpa,MID,0.1669602633832278,0.1674748592827521,0.01779386520798791,0.10624797825891032
Parsimonious Ridge,Hakim Ziyech,MID,0.16802582883819822,0.1685223779503573,0.017752148084328723,0.10534000469396465
Parsimonious Ridge,Halil Dervişoğlu,FWD,0.21456409878425747,0.21055163497109325,0.03633118723997186,0.17255238718502372
Parsimonious Ridge,Hamed Traorè,MID,0.16705007996926274,0.16756515067197914,0.01779418687577904,0.10619264688641879
Parsimonious Ridge,Han-Noah Massengo,MID,0.29732258095204656,0.29807315845176374,0.019144675699843773,0.06422811030447714
Parsimonious Ridge,Hannes Delcroix,DEF,0.7490416160168819,0.7542791015122497,0.038969394591064854,0.0516644230404042
Parsimonious Ridge,Hannibal Mejbri,MID,0.1803890928908897,0.1808811492412836,0.01767869918529203,0.09773654833268339
Parsimonious Ridge,Harrison Ashby,DEF,0.14776185614553583,0.14780337359153747,0.020632724019112373,0.13959575832235066
Parsimonious Ridge,Harrison Reed,MID,1.2281192002175985,1.227365396234681,0.03974466494946591,0.032382096701923345
Parsimonious Ridge,Harry Arter,MID,0.16928109692657634,0.16975638638155374,0.017714315087568846,0.10435139122102412
Parsimonious Ridge,Harry Kane,FWD,0.22710213949092087,0.2255146146322641,0.035304423096179816,0.15655048855148057
Parsimonious Ridge,Harry Maguire,DEF,3.513872089086103,3.5027615926600566,0.23563483303785013,0.06727115928518133
Parsimonious Ridge,Harry Toffolo,DEF,0.5588872974624479,0.5655078378208057,0.03420981648797268,0.060493974088495044
Parsimonious Ridge,Harry Wilson,MID,1.3518944662760295,1.3524756570046041,0.03552320216724216,0.026265317222727087
Parsimonious Ridge,Harvey Barnes,MID,1.3340686881905917,1.3354659439775625,0.04004208324954278,0.029983604920902077
Parsimonious Ridge,Harvey Elliott,MID,4.0440943620728325,4.04813302980774,0.11013622143383967,0.02720667048806704
Parsimonious Ridge,Harvey Griffiths,MID,0.16670109565706454,0.16722008091139048,0.017805337495705023,0.10647846477923921
Parsimonious Ridge,Hjalmar Ekdal,DEF,0.44696839299309604,0.44493306658808834,0.02198580951099478,0.04941374593619242
Parsimonious Ridge,Hugo Bueno López,DEF,0.22909835175158266,0.2293908847231582,0.019886320897919727,0.08669185317419939
Parsimonious Ridge,Hugo Lloris,GK,0.037787017418351734,0.038599098017411675,0.013574009947791489,0.35166650634344837
Parsimonious Ridge,Hwang Hee-chan,MID,2.087911692955636,2.0852780301029927,0.06178759531811748,0.029630387135985776
Parsimonious Ridge,Hwang Ui-jo,FWD,0.22039756824909534,0.21751333552691007,0.0357554406946875,0.1643827520187329
Parsimonious Ridge,Hákon Valdimarsson,GK,0.031114523444669397,0.03230409674404061,0.0130908338512813,0.40523757574792024
Parsimonious Ridge,Ian Maatsen,MID,0.2560971433376474,0.2566050376835539,0.01769065245934967,0.0689411736380867
Parsimonious Ridge,Ibrahim Sangaré,MID,0.22012394171499475,0.22057603602037743,0.0174570924433556,0.07914319596233411
Parsimonious Ridge,Ibrahima Konaté,DEF,1.52257778930083,1.5229187556454913,0.045070037840962,0.029594512296789596
Parsimonious Ridge,Idrissa Gueye,MID,1.6471193950022363,1.644596138000606,0.08957226787428008,0.054464598210218505
Parsimonious Ridge,Igor Julio dos Santos de Paulo,DEF,1.064598973336348,1.0565688010276795,0.04363863619901581,0.04130221918020897
Parsimonious Ridge,Iliman Ndiaye,FWD,0.21463908088328076,0.21064111909775093,0.03632273794291098,0.17243897154788143
Parsimonious Ridge,Illia Zabarnyi,DEF,1.9309931988564204,1.9285614845775483,0.06364755606406934,0.033002606643889994
Parsimonious Ridge,Ionuț Radu,GK,0.036186973255300424,0.03732966393241488,0.013001941263240318,0.34830051743247004
Parsimonious Ridge,Isaac Hayden,MID,0.16707428126140084,0.16758694611446215,0.017788982054181328,0.1061477786105812
Parsimonious Ridge,Ishé Samuels-Smith,DEF,0.1476245722929619,0.1476629594974049,0.020661120713796607,0.13992080873985
Parsimonious Ridge,Ismaila Coulibaly,MID,0.16735441166082854,0.16786233212795865,0.017777410738037274,0.10590470484161897
Parsimonious Ridge,Issa Diop,DEF,1.303032668625835,1.306956869630178,0.04033432103955001,0.030861248734981726
Parsimonious Ridge,Issa Kaboré,DEF,0.48168943333334974,0.48312819587081257,0.038974044127386885,0.08067019159819118
Parsimonious Ridge,Ivan Neves Abreu Cavaleiro,MID,0.16673768057896182,0.16725604621831866,0.017803686681670424,0.10644569858139144
Parsimonious Ridge,Ivan Perišić,DEF,0.15672828822960475,0.15696848203923203,0.019965438240950522,0.12719393079153588
Parsimonious Ridge,Ivan Toney,FWD,4.497136990309108,4.511935903921508,0.18322747173311232,0.040609502358812735
Parsimonious Ridge,Ivo Grbic,GK,1.2969855366456264,1.3014578459812678,0.07040869288707485,0.05409986432099028
Parsimonious Ridge,Jack Cork,MID,0.29278811232347796,0.2933015830462984,0.017790906021463486,0.0606573815138773
Parsimonious Ridge,Jack Grealish,MID,0.5287458152777571,0.5288558734186919,0.018384882734079865,0.034763502984724665
Parsimonious Ridge,Jack Harrison,MID,2.5417210137986874,2.5418063379584583,0.045130987036410254,0.0177554782055736
Parsimonious Ridge,Jack Hinshelwood,MID,0.9846725978666204,0.9849936433075379,0.01904058306929637,0.01933066593745667
Parsimonious Ridge,Jack Robinson,DEF,1.7135577732843428,1.7135655319220047,0.05327429314325136,0.031089731994957178
Parsimonious Ridge,Jack Walton,GK,0.031175957595434012,0.03236205529129694,0.01308612522267228,0.4043663205220314
Parsimonious Ridge,Jacob Brown,FWD,0.5645804759035113,0.5596473898994718,0.036210184711123694,0.06470178431034593
Parsimonious Ridge,Jacob Bruun Larsen,MID,0.47325010585749516,0.4741357346647583,0.0206075709524668,0.04346344189188262
Parsimonious Ridge,Jacob Murphy,MID,1.0105237663333266,1.0119703407058638,0.03182722514953288,0.03145074896892031
Parsimonious Ridge,Jacob Ramsey,MID,3.0224344969683044,3.025031859791414,0.07664136175135004,0.025335720515893913
Parsimonious Ridge,Jacob Wright,MID,0.16667781750694594,0.1671971970081231,0.017806393231975328,0.10649935256456615
Parsimonious Ridge,Jadan Raymond,MID,0.1667629259768444,0.16728086405135723,0.01780255354510962,0.10642313241306563
Parsimonious Ridge,Jaden Philogene-Bidace,MID,0.16770173570050562,0.16820416100273197,0.017764340394050792,0.10561177730771037
Parsimonious Ridge,Jadon Sancho,MID,0.1737716152705593,0.17417186747394484,0.017678943008714813,0.101502861886461
Parsimonious Ridge,Jaidon Anthony,MID,0.16765404017322244,0.16815987085556078,0.01777072478943219,0.10567755968780551
Parsimonious Ridge,Jairo Riedewald,MID,0.18696327285622577,0.18744547589192853,0.017600135098345186,0.09389469132075784
Parsimonious Ridge,Jake O'Brien,DEF,0.14812493608442479,0.14817473220189814,0.02056014630974196,0.1387560888703167
Parsimonious Ridge,Jakub Kiwior,DEF,3.205888626649732,3.189533432682627,0.07862884932501298,0.02465214771518493
Parsimonious Ridge,Jakub Moder,MID,0.4023465970826653,0.4034571773825664,0.023548352285690823,0.05836642302030926
Parsimonious Ridge,Jamaal Lascelles,DEF,0.4060774314609717,0.40875331516036645,0.03273381976087667,0.08008208997163531
Parsimonious Ridge,Jamal Lewis,DEF,0.14768915109315497,0.1477290107740792,0.020647697856187728,0.13976738724504212
Parsimonious Ridge,Jamal Lowe,MID,0.16683396991873334,0.16735070476832273,0.01779939107851867,0.10635982144897341
Parsimonious Ridge,James Garner,MID,2.3935771821934013,2.392100314621995,0.07239888077971109,0.03026582135254295
Parsimonious Ridge,James Hill,DEF,0.21653470055422533,0.21612326070535393,0.01991694982756867,0.09215551238014093
Parsimonious Ridge,James Maddison,MID,2.882040832561322,2.8796143432816255,0.06473510243172904,0.022480476450869646
Parsimonious Ridge,James McAtee,MID,3.2113674113451096,3.2123049326405773,0.05807050296691582,0.01807751884849261
Parsimonious Ridge,James McConnell,MID,0.35273604921181606,0.35325042059756495,0.017792993420136603,0.05036934815261549
Parsimonious Ridge,James Milner,MID,0.6475349398992389,0.647887917670965,0.02004498893159424,0.030938976302648455
Parsimonious Ridge,James Shea,GK,0.032423061029724254,0.03353860453028418,0.013027525952209008,0.3884337507377688
Parsimonious Ridge,James Sweet,DEF,0.14763129742470382,0.14766983797046457,0.020659717503694074,0.13990478886979088
Parsimonious Ridge,James Tarkowski,DEF,2.4502409396811213,2.4411907762764096,0.08030623141228607,0.03289633575249639
Parsimonious Ridge,James Tomkins,DEF,0.26613948334615417,0.26675516807397853,0.01948505263474941,0.07304470528325685
Parsimonious Ridge,James Trafford,GK,2.51687470235845,2.440568536851799,0.2226821646039308,0.0912419222166892
Parsimonious Ridge,James Ward-Prowse,MID,3.4105393339773102,3.4094620419690758,0.08032362946358955,0.02355903320665803
Parsimonious Ridge,James Wright,GK,0.031120138994919905,0.03230939459760426,0.01309039638673487,0.4051575880566181
Parsimonious Ridge,Jamie Donley,FWD,0.2305435225660212,0.22688439960029427,0.03574915932534078,0.15756552406565025
Parsimonious Ridge,Jamie McDonnell,MID,0.16668979639551923,0.1672089730180707,0.017805849431588326,0.10648859992498132
Parsimonious Ridge,Jan Paul van Hecke,DEF,2.5533276854072513,2.5397331417673117,0.07750317041389258,0.030516265326978737
Parsimonious Ridge,Japhet Tanganga,DEF,0.15119678282941176,0.1513166208503046,0.020097381339961553,0.13281674694443257
Parsimonious Ridge,Jarell Quansah,DEF,1.267013864940982,1.261672187707337,0.03925331343715275,0.03111213342071239
Parsimonious Ridge,Jarrad Branthwaite,DEF,3.3745048821415424,3.3664521734541655,0.06191774033357588,0.018392579826864097
Parsimonious Ridge,Jarrod Bowen,MID,5.658492196110579,5.654587398660335,0.1310498958152688,0.023175854677976445
Parsimonious Ridge,Jason Steele,GK,1.0006215903719908,1.0026246856107657,0.027921074545202363,0.02784798234664826
Parsimonious Ridge,Javier Manquillo Gaitán,DEF,0.14805038782045146,0.14809848414534452,0.02057474800646595,0.13892612152784628
Parsimonious Ridge,Jay Rodriguez,FWD,0.63975003715153,0.6388610804425386,0.04221689761510532,0.06608149863482324
Parsimonious Ridge,Jay Stansfield,FWD,0.2147252221326421,0.2107439206272989,0.0363130643427958,0.17230895313471714
Parsimonious Ridge,Jayden Bogle,DEF,1.8625223399165076,1.8636590120555827,0.06138624710017007,0.0329385615625372
Parsimonious Ridge,Jayden Danns,FWD,0.5477769443224629,0.5437411773828544,0.03634482052370325,0.06684213378622314
Parsimonious Ridge,Jayden Luker,MID,0.16673476772249685,0.16725318269500442,0.017803817740514503,0.10644830462198597
Parsimonious Ridge,Jean-Philippe Gbamin,MID,0.16689654768449041,0.16741222269526146,0.017796637676617898,0.10630429122856168
Parsimonious Ridge,Jean-Philippe Mateta,FWD,3.4679956558759564,3.4467276799360542,0.10431657617367791,0.030265395430257275
Parsimonious Ridge,Jean-Ricner Bellegarde,MID,1.042171509869911,1.0442319135515366,0.046639618043917204,0.04466404199934019
Parsimonious Ridge,Jeff Hendrick,MID,0.16709577635104034,0.16760807715578283,0.01778807269749987,0.1061289706281088
Parsimonious Ridge,Jefferson Lerma Solís,MID,2.640149537353461,2.6387504059089926,0.07232539085872726,0.027408954896517665
Parsimonious Ridge,Jeffrey Schlupp,MID,0.5750452853699222,0.5754027047106373,0.018435913451906524,0.03204001875725925
Parsimonious Ridge,Jenson Metcalfe,MID,0.16669709911525232,0.1672161520564011,0.017805518454836442,0.10648204874868031
Parsimonious Ridge,Jeremy Sarmiento Morante,MID,0.1668260361467048,0.1673429053654185,0.017799742316535656,0.1063668775062034
Parsimonious Ridge,Jesurun Rak-Sakyi,MID,0.16808656909942588,0.16860477348020317,0.01778611430521446,0.10548998072882454
Parsimonious Ridge,Jhon Durán,FWD,0.3128269242107202,0.30943374047305966,0.03594677380417428,0.11616953519425244
Parsimonious Ridge,Ji-Soo Kim,DEF,0.14792357820389618,0.14796878311276054,0.02059994288818552,0.13921816787860725
Parsimonious Ridge,Jili Buyabu,DEF,0.1478222541032566,0.14786514869736261,0.020620396301473658,0.13945406664877924
Parsimonious Ridge,Joachim Andersen,DEF,2.8194302539183473,2.8121890869071398,0.12828779566765086,0.04561848144028695
Parsimonious Ridge,Joe Gardner,FWD,0.21453724086027726,0.21051958254921468,0.036334220233778546,0.1725930661357094
Parsimonious Ridge,Joe Gauci,GK,0.031090071195127484,0.032281027867154324,0.013092755290145499,0.40558669147791504
Parsimonious Ridge,Joe Gomez,DEF,1.9368703464944497,1.938055167418489,0.04264687729980257,0.02200498624433312
Parsimonious Ridge,Joe Hodge,MID,0.16757708003582145,0.1680812293138634,0.017768645675315213,0.10571463421495601
Parsimonious Ridge,Joe Hugill,FWD,0.2146026575933993,0.21059765130573754,0.03632683891799018,0.1724940363425624
Parsimonious Ridge,Joe Rodon,DEF,0.14829882897304053,0.14835259006335302,0.02052669192563403,0.13836423022252756
Parsimonious Ridge,Joe Rothwell,MID,0.17861122065588841,0.17914263058705282,0.01773254682708656,0.09898563378787487
Parsimonious Ridge,Joe Taylor,FWD,0.21593498227398666,0.2121876562805273,0.036180970083866996,0.17051401913800848
Parsimonious Ridge,Joe White,MID,0.2467952698105456,0.24736771469351646,0.017652481115523054,0.07136129764304172
Parsimonious Ridge,Joe Whitworth,GK,0.04272124117324834,0.043254170759730086,0.015095974057742049,0.3490062066291304
Parsimonious Ridge,Joe Willock,MID,0.9221406744660098,0.9230556041922934,0.020478021423228195,0.022185035582062463
Parsimonious Ridge,Joe Worrall,DEF,0.155615462157667,0.15571117193488396,0.020446441746401055,0.131310049833492
Parsimonious Ridge,Joel Matip,DEF,0.16840538833057878,0.16845624753876007,0.019923307284684652,0.11826992216540085
Parsimonious Ridge,Joel Ward,DEF,1.684359451573821,1.676290707063059,0.04594171276644692,0.027406769346671966
Parsimonious Ridge,Joelinton Cássio Apolinário de Lira,MID,0.3411148242854246,0.3417287892257861,0.0203173121255775,0.05945449363984813
Parsimonious Ridge,John Egan,DEF,0.14877202509162774,0.14882895560857085,0.020513968175529286,0.13783586729911795
Parsimonious Ridge,John Fleck,MID,0.1759672421018154,0.1764954172292992,0.017748950131892854,0.1005632350716154
Parsimonious Ridge,John McAtee,FWD,0.2235034846902988,0.2212199564915657,0.035517931748651026,0.160554826571468
Parsimonious Ridge,John McGinn,MID,3.573908773292411,3.574659409253276,0.05994667687877136,0.01676989889542899
Parsimonious Ridge,John Stones,DEF,2.7562373024141316,2.7440494399487605,0.06306024324294641,0.02298072415347004
Parsimonious Ridge,John-Kymani Gordon,FWD,0.21528899172308918,0.21141672693833322,0.03625063068201288,0.1714652913559985
Parsimonious Ridge,Jonathan Castro Otto,DEF,0.14816981374051344,0.14821961595931551,0.020561144070921206,0.13872080249192517
Parsimonious Ridge,Jonathan Panzo,DEF,0.14830169010076594,0.14835551642832767,0.02052614859625675,0.13835783859222503
Parsimonious Ridge,Jonjo Shelvey,MID,0.16695585029538101,0.16747052093649675,0.01779405622661966,0.1062518712374878
Parsimonious Ridge,Jonny Evans,DEF,0.5202418435915819,0.5217346748535048,0.017981265404641972,0.03446438634674002
Parsimonious Ridge,Jordan Amissah,GK,0.0349205868832716,0.03589483422346462,0.013123324712029249,0.36560482854801624
Parsimonious Ridge,Jordan Ayew,MID,4.379132234836294,4.379179754112089,0.085604366692952,0.01954803673280795
Parsimonious Ridge,Jordan Beyer,DEF,0.3322203147880402,0.3316755763782059,0.019716764645746978,0.05944593467221167
Parsimonious Ridge,Jordan Clark,MID,1.6332536493992145,1.6341184405187017,0.0648114208114767,0.03966139736536127
Parsimonious Ridge,Jordan Henderson,MID,0.16677718134526565,0.16729487798589804,0.017801915861866132,0.10641040584259087
Parsimonious Ridge,Jordan Pickford,GK,3.419148471740964,3.1535246971294963,0.5588399625448314,0.17721122116263013
Parsimonious Ridge,Jorge Luiz Frello Filho,MID,1.2355372082142038,1.2344627873668141,0.05590997421115546,0.04529093528239512
Parsimonious Ridge,Joseph Anang,GK,0.03172908922932567,0.032883893805265414,0.013051411959472589,0.39689375098829627
Parsimonious Ridge,Joseph Johnson,DEF,0.14814447846125747,0.14819472016908222,0.020556344311556302,0.13871171852885594
Parsimonious Ridge,Josh Bowler,MID,0.1667111727740346,0.1672299873588005,0.017804881760249677,0.10646943195689174
Parsimonious Ridge,Josh Brooking,DEF,0.14787384911321846,0.14791792013733693,0.020609945579339282,0.1393336626164269
Parsimonious Ridge,Josh Brownhill,MID,2.38471362407846,2.3866660726093625,0.14945080088050985,0.06261906623456293
Parsimonious Ridge,Josh Cullen,MID,0.5861345644236703,0.5881700738152733,0.0605989185292924,0.10302958485494915
Parsimonious Ridge,Josh Dasilva,MID,0.24261937151918198,0.24326851631195134,0.018758296716731723,0.07710943035751217
Parsimonious Ridge,Josh Powell,DEF,0.1493126447700154,0.14938952211384948,0.02034872962591988,0.13621256255450198
Parsimonious Ridge,Joshua Duffus,MID,0.16674038729022317,0.1672587070877763,0.017803564956497077,0.10644327740231713
Parsimonious Ridge,Joshua King,MID,0.1666959211735884,0.1672149940647671,0.017805571814221856,0.10648310526103452
Parsimonious Ridge,José Malheiro de Sá,GK,3.3207842036730497,3.3273096839704546,0.09732575544424153,0.029250585213968845
Parsimonious Ridge,João Cancelo,DEF,0.15925197968919874,0.1595554861568971,0.020238742049476018,0.12684453876800247
Parsimonious Ridge,João Neves Virgínia,GK,0.036701650224736294,0.03757513487966561,0.01336213149678064,0.35561100551130087
Parsimonious Ridge,João Palhinha Gonçalves,MID,1.833851937865181,1.8336839457330638,0.04942719711451075,0.026955134351002302
Parsimonious Ridge,João Pedro Junqueira de Jesus,FWD,1.522787025485449,1.5507416587132432,0.07279869028558965,0.04694443453979028
Parsimonious Ridge,João Victor Gomes da Silva,MID,3.4969141167891316,3.4965932482228617,0.053346834049211575,0.015256802911326625
Parsimonious Ridge,Joël Veltman,DEF,0.35535055578863983,0.35706094374945985,0.01893730564355467,0.05303662014863903
Parsimonious Ridge,Joško Gvardiol,DEF,0.8567551374629556,0.8542519445441036,0.0331128722957425,0.03876241957331938
Parsimonious Ridge,Julio Enciso,MID,0.3956607784457322,0.39650742897682245,0.0213479645797181,0.05384001161039023
Parsimonious Ridge,Julián Álvarez,FWD,3.683000939612098,3.77621856960592,0.22451152731330956,0.05945406050390225
Parsimonious Ridge,Jurriën Timber,DEF,0.15269672180069566,0.152848891301243,0.019975842291544487,0.13069013534533921
Parsimonious Ridge,Justin Hubner,DEF,0.14789541668315143,0.14793997947452775,0.020605598945481318,0.13928350550453591
Parsimonious Ridge,Justin Kluivert,MID,2.1949615214412592,2.194487262525354,0.04781905285437886,0.02179053561666612
Parsimonious Ridge,Jérémy Doku,MID,2.0594181729155503,2.0600454399901276,0.04677530525958069,0.022705958010229548
Parsimonious Ridge,Jóhann Berg Gudmundsson,MID,1.5718504468875438,1.5731733741370437,0.06640032577714725,0.04220788812521748
Parsimonious Ridge,Kacper Kozłowski,MID,0.16669506921633492,0.16721415653655816,0.01780561041354487,0.10648386944231016
Parsimonious Ridge,Kaden Rodney,MID,0.16667366431283392,0.16719311415395172,0.017806582030428668,0.1065030825015457
Parsimonious Ridge,Kaelan Casey,DEF,0.1477236491687628,0.14776429544845987,0.020640574615278653,0.13968580537426295
Parsimonious Ridge,Kai Havertz,MID,5.86681780614453,5.868798081492641,0.21705481886074504,0.0369845436572833
Parsimonious Ridge,Kaide Gordon,MID,0.25392494197265764,0.25463442212355925,0.018522539450009395,0.07274169491908476
Parsimonious Ridge,Kaine Kesler-Hayden,DEF,0.1476851859928662,0.147724955264602,0.020648518689410124,0.13977678079120015
Parsimonious Ridge,Kalvin Phillips,MID,0.8022511134072341,0.8038632556393857,0.06489857324024613,0.08073334959019415
Parsimonious Ridge,Kaoru Mitoma,MID,1.9658976878782062,1.9612414376603473,0.09466653015529038,0.04826867734766114
Parsimonious Ridge,Karl Darlow,GK,0.031166068270314463,0.032352725449341944,0.013086871707142525,0.40450600452917057
Parsimonious Ridge,Karl Hein,GK,0.03168830892694929,0.03284542062621119,0.013053497769046544,0.3974221526220808
Parsimonious Ridge,Keane Lewis-Potter,MID,2.3693460313193517,2.3709559935066067,0.046254637827351903,0.01950885548024956
Parsimonious Ridge,Keinan Davis,FWD,0.21687707814978735,0.21331195965122743,0.036082998150491444,0.1691560014238696
Parsimonious Ridge,Kell Watts,DEF,0.14820947795952405,0.14826120173626642,0.02054377562925722,0.13856474511653694
Parsimonious Ridge,Kenny Tete,DEF,0.3190419303601099,0.3195992398580088,0.01833516147231124,0.05736922741260951
Parsimonious Ridge,Kepa Arrizabalaga,GK,0.03319067681012392,0.034262792867378926,0.013026725501173694,0.38020034010643183
Parsimonious Ridge,Kevin De Bruyne,MID,2.7116356357811933,2.704866309867935,0.16209734726997033,0.05992804401408095
Parsimonious Ridge,Kevin Mbabu,DEF,0.14972091296800163,0.14980709933147973,0.020285411880033456,0.13541021734322292
Parsimonious Ridge,Kevin Schade,MID,0.16833076320548945,0.1688335409285897,0.01776492957509976,0.10522156603120504
Parsimonious Ridge,Ki-Jana Hoever,DEF,0.14809984347985763,0.1481490674549256,0.020565043803913927,0.13881318429608644
Parsimonious Ridge,Kieffer Moore,FWD,0.2860347472033526,0.282801539883078,0.03582752054380446,0.12668785523097598
Parsimonious Ridge,Kieran Tierney,DEF,0.14873193490471492,0.14879557134570587,0.020447078896941702,0.1374172545057524
Parsimonious Ridge,Kieran Trippier,DEF,3.056896680051974,3.0712267364112313,0.33979427356149194,0.11063796415062015
Parsimonious Ridge,Kjell Scherpen,GK,0.031092140972692896,0.03228298054818502,0.013092591605902624,0.40555708870687596
Parsimonious Ridge,Kobbie Mainoo,MID,2.6950354973669643,2.694741357600147,0.05623790340712161,0.020869499497052045
Parsimonious Ridge,Konstantinos Mavropanos,DEF,1.1579792581232484,1.1570177209894064,0.034042214148299915,0.029422379217484435
Parsimonious Ridge,Konstantinos Tsimikas,DEF,0.3848622351068701,0.3849463345659685,0.027021854222545348,0.07019641907491549
Parsimonious Ridge,Kortney Hause,DEF,0.14981975399505867,0.149908194056148,0.02027081223955055,0.13522150918553613
Parsimonious Ridge,Kristian Sekularac,MID,0.16668276939223348,0.16720206502655793,0.017806168299549403,0.10649490660729052
Parsimonious Ridge,Kristoffer Ajer,DEF,1.5180664046593524,1.5221553791279894,0.057195329893730724,0.03757522436802524
Parsimonious Ridge,Kurt Zouma,DEF,1.6937029293626282,1.6930368555219228,0.05999942124448926,0.03543893391853709
Parsimonious Ridge,Kyle Walker,DEF,2.619686862869462,2.615114816146379,0.1441073751107341,0.055105563327842735
Parsimonious Ridge,Lawrence Vigouroux,GK,0.03412067868175983,0.035140180391335755,0.013061797666652306,0.3717054813376215
Parsimonious Ridge,Leander Dendoncker,MID,0.32582425789655944,0.3263938216590411,0.01817478385948961,0.05568360260959668
Parsimonious Ridge,Leandro Trossard,MID,3.0650863783265008,3.0649923016315928,0.07324949328746165,0.023898752779401313
Parsimonious Ridge,Leigh Kavanagh,DEF,0.14776624551417045,0.14780786304320356,0.02063182470270203,0.1395854339404896
Parsimonious Ridge,Leo Castledine,MID,0.16670755028631126,0.16722642622279008,0.01780504549652495,0.10647267838400072
Parsimonious Ridge,Leon Bailey,MID,5.686961271550981,5.691223916192621,0.1878019134543537,0.03299851072807403
Parsimonious Ridge,Lesley Ugochukwu,MID,0.2062939825325399,0.206691599939329,0.01754192910483099,0.08487006298262793
Parsimonious Ridge,Levi Colwill,DEF,1.451538361314778,1.4574459768125219,0.05579867554327088,0.038285244483163804
Parsimonious Ridge,Lewis Cook,MID,2.2157629307396567,2.214955568009139,0.07247401295081717,0.032720301028863856
Parsimonious Ridge,Lewis Dobbin,MID,0.29871614463628715,0.29945114010674423,0.018439320084699666,0.06157705753975981
Parsimonious Ridge,Lewis Dunk,DEF,4.264152948674532,4.249613523983204,0.11058455401019208,0.02602226140944227
Parsimonious Ridge,Lewis Hall,DEF,0.19375988856109339,0.19496558959663718,0.019544889567268367,0.1002478930138628
Parsimonious Ridge,Lewis Koumas,FWD,0.21446359007253615,0.21043168721813532,0.03634255508521271,0.17270476497933365
Parsimonious Ridge,Lewis Miley,MID,2.522820672918875,2.522993213177888,0.1087593084652082,0.04310725367676205
Parsimonious Ridge,Lewis O'Brien,MID,0.1668229511740585,0.16733987264094258,0.017799879023030266,0.10636962214751453
Parsimonious Ridge,Lewis Orford,MID,0.1666966794371858,0.16721573948614832,0.017805537464539226,0.1064824251548054
Parsimonious Ridge,Lisandro Martínez,DEF,0.5935267051485217,0.5939965216512468,0.023895893878837338,0.04022901314709606
Parsimonious Ridge,Lloyd Kelly,DEF,1.032278246549641,1.03023524582061,0.03570590495510825,0.034658011458992104
Parsimonious Ridge,Lorenz Assignon,DEF,2.07392350454548,2.0774155835105255,0.06692727302136868,0.03221660295253561
Parsimonious Ridge,Loris Karius,GK,0.7364434382789433,0.7401099955871475,0.05346626291276188,0.07224096854731137
Parsimonious Ridge,Louie Marsh,FWD,0.21491766707280063,0.21097358567567917,0.03629158113111298,0.17201954934255373
Parsimonious Ridge,Louie Watson,MID,0.16895718317603442,0.16943795854701374,0.017722902018312805,0.10459817959501237
Parsimonious Ridge,Loïc Mbe Soh,DEF,0.14816805771895591,0.1482188370630066,0.02055177118621026,0.13865829467730795
Parsimonious Ridge,Luc De Fougerolles,DEF,0.14850371640043006,0.1485621491773832,0.020488367600033155,0.13791108780723174
Parsimonious Ridge,Luca Barrington,MID,0.1667179595801534,0.16723665922120878,0.017804575268726516,0.10646335170553657
Parsimonious Ridge,Luca Koleosho,MID,0.19920074848921304,0.19967449187828146,0.0177360887914452,0.08882501026849665
Parsimonious Ridge,Lucas Bergström,GK,0.03140606357130382,0.032579143147325636,0.013070002139160104,0.4011769763267392
Parsimonious Ridge,Lucas Digne,DEF,0.6222117107083669,0.6267457756499869,0.027845343283016948,0.044428449883270514
Parsimonious Ridge,Lucas Tolentino Coelho de Lima,MID,1.2090950276930967,1.2083620098727919,0.0478947196976931,0.03963606874957541
Parsimonious Ridge,Luis Díaz,MID,7.64853224541991,7.652785879041077,0.2540411262263018,0.0331959014980482
Parsimonious Ridge,Luis Sinisterra,MID,1.3520144263067477,1.3522730545154866,0.026757887584258917,0.01978734065202989
Parsimonious Ridge,Lukasz Fabianski,GK,0.10989064394677979,0.11050630918544972,0.02372009619560205,0.2146492482686704
Parsimonious Ridge,Luke Berry,MID,0.6271626806321708,0.6284978966232769,0.03344044150440036,0.053206926680368256
Parsimonious Ridge,Luke Chambers,DEF,0.14782899803599264,0.14787204640010235,0.020619026094758644,0.1394382954501695
Parsimonious Ridge,Luke Cundle,MID,0.166855345879996,0.16737171869886652,0.01779844715070568,0.10634082800289853
Parsimonious Ridge,Luke Freeman,MID,0.16682697472094934,0.16734382804364298,0.017799700739398197,0.10636604258124217
Parsimonious Ridge,Luke Harris,MID,0.16708568129330095,0.16759996487762802,0.017791286562271007,0.10615328335695771
Parsimonious Ridge,Luke McNally,DEF,0.14773834386539902,0.14777932520234602,0.020637550428857853,0.13965113455891073
Parsimonious Ridge,Luke Plange,FWD,0.21464868125325665,0.21065257624197706,0.03632165807240177,0.1724244664858929
Parsimonious Ridge,Luke Shaw,DEF,1.2539926009529985,1.250996799901392,0.042602918687068635,0.03405517799120409
Parsimonious Ridge,Luke Thomas,DEF,0.2068630445265801,0.20708965533047785,0.019397763032655963,0.09366843071760693
Parsimonious Ridge,Lyle Foster,FWD,0.8764228156151601,0.8702944130782395,0.0515977744678913,0.059287723433027094
Parsimonious Ridge,Mackenzie Hunt,MID,0.1668035998535812,0.16732084906116299,0.017800738223018708,0.10638685090888925
Parsimonious Ridge,Mads Bech Sørensen,DEF,0.148485764796569,0.1485437882547613,0.020491678042684924,0.13795042043454886
Parsimonious Ridge,Mads Bidstrup,MID,0.16669682272444422,0.16721588034664367,0.017805530974063476,0.10648229664043907
Parsimonious Ridge,Mads Juel Andersen,DEF,0.1741797018161684,0.17455987079334032,0.019676373997836658,0.11271991614344926
Parsimonious Ridge,Mads Roerslev Rasmussen,DEF,2.3151087627884106,2.3144670190680827,0.056699389217837896,0.024497816884281133
Parsimonious Ridge,Mahamadou Susoho,MID,0.1666932514469918,0.16721236955358923,0.01780569278923939,0.10648550006662584
Parsimonious Ridge,Mahmoud Dahoud,MID,0.18071605035493257,0.18118799171251265,0.017734246344323766,0.09787760312759765
Parsimonious Ridge,Malang Sarr,DEF,0.14866080210313926,0.14872281662831474,0.020459789313400454,0.13756994237496975
Parsimonious Ridge,Malcolm Ebiowei,MID,0.16715344782234648,0.16766477188298123,0.017785650504191296,0.10607863717850335
Parsimonious Ridge,Malo Gusto,DEF,2.568803981830551,2.5678352374162574,0.06870654848510113,0.0267566031823106
Parsimonious Ridge,Manor Solomon,MID,0.16900892874579754,0.1695041405505538,0.01774848084257807,0.10470824361535093
Parsimonious Ridge,Manuel Akanji,DEF,3.475171263121091,3.461879830149945,0.07427818647325596,0.021456026817094555
Parsimonious Ridge,Manuel Benson Hedilazio,MID,0.2827581756223274,0.2832641938871679,0.017733341810756063,0.06260354182929224
Parsimonious Ridge,Marc Cucurella Saseta,DEF,0.18905567090783917,0.18919945419965822,0.019459059800999018,0.10284944998025354
Parsimonious Ridge,Marc Guéhi,DEF,0.6583539948393512,0.6565880464125785,0.029775999139403802,0.0453495906635704
Parsimonious Ridge,Marcelo de Araújo Pitaluga Filho,GK,0.03110590942951963,0.032295970062090715,0.013091507662894566,0.4053604099126129
Parsimonious Ridge,Marcos Senesi,DEF,2.4079645993743526,2.4044036505445896,0.05675505827981484,0.023604629891058437
Parsimonious Ridge,Marcus Bettinelli,GK,0.024899117334415192,0.026072415996052156,0.01307025368389638,0.5013058124676845
Parsimonious Ridge,Marcus Oliveira Alencar,MID,0.16746388482641553,0.16796995121791633,0.017773053531278865,0.1058109108350037
Parsimonious Ridge,Marcus Rashford,MID,3.2204686663334385,3.2173022504946447,0.080900460674116,0.0251454337750449
Parsimonious Ridge,Marcus Tavernier,MID,2.9248921830928953,2.9263348012430543,0.06377846477911868,0.021794657519032593
Parsimonious Ridge,Marek Rodák,GK,0.03520578771739591,0.03616333985906084,0.013153268034740909,0.3637182872489947
Parsimonious Ridge,Mario Lemina,MID,2.8130621759472922,2.8131433682018487,0.0553464226097808,0.019674227497746777
Parsimonious Ridge,Mark Flekken,GK,3.5387009773238773,3.4847756388102624,0.17824876952673693,0.05115071614412251
Parsimonious Ridge,Mark Gillespie,GK,0.03208211679856565,0.033216949032691005,0.013036517482883902,0.3924658303221587
Parsimonious Ridge,Mark O’Mahony,FWD,0.21496264386444497,0.21102726127255644,0.036286585798963295,0.17195212400589627
Parsimonious Ridge,Mark Travers,GK,0.032106729495293175,0.033240169279551035,0.013035690743956115,0.3921667977778777
Parsimonious Ridge,Martin Dubravka,GK,1.7704573327900304,1.7712702700852112,0.11294832012223072,0.06376684689502357
Parsimonious Ridge,Martin Ødegaard,MID,4.587442450642478,4.581664113493397,0.1393970358699887,0.030424979312528033
Parsimonious Ridge,Marvelous Nakamba,MID,0.21776020176215716,0.2180512303048655,0.01759317177436406,0.08068366204476991
Parsimonious Ridge,Mason Burstow,FWD,0.2157833603350307,0.21199953736576155,0.036200558636217184,0.17075772469144862
Parsimonious Ridge,Mason Holgate,DEF,0.641691625737677,0.6538331771174527,0.06708040466790469,0.10259559627065935
Parsimonious Ridge,Mason Mount,MID,0.1843438227865131,0.18460941561839017,0.017995302283311858,0.09747770569032248
Parsimonious Ridge,Mateo Kovačić,MID,1.4076392876987334,1.4072806919804588,0.03556764798340613,0.02527402542086466
Parsimonious Ridge,Matheus França de Oliveira,MID,1.5970569026999377,1.5983350838310844,0.037840879277293175,0.023675185297560724
Parsimonious Ridge,Matheus Luiz Nunes,MID,1.644910862623325,1.6440447147169641,0.06059868620097107,0.036859512188756764
Parsimonious Ridge,Matheus Santos Carneiro Da Cunha,FWD,2.199089861559484,2.2069444008643795,0.05259136175522289,0.02382994412302583
Parsimonious Ridge,Mathias Jensen,MID,2.4789377372921058,2.478265137828197,0.06894183440935807,0.027818587025670128
Parsimonious Ridge,Mathias Jorgensen,DEF,1.0658785006471558,1.065808366825907,0.0356643245748319,0.03346222987631832
Parsimonious Ridge,Matija Šarkić,GK,0.03423662744512963,0.035249569416779224,0.013068927297820044,0.3707542393865122
Parsimonious Ridge,Matt Doherty,DEF,0.7465923951513618,0.748113684351153,0.01903737038030926,0.025447162347819605
Parsimonious Ridge,Matt Macey,GK,0.033319402889900575,0.034384236339535856,0.013029228531446679,0.3789302866228076
Parsimonious Ridge,Matt Ritchie,MID,0.9735526696398571,0.9752823692612279,0.0488270795952909,0.05006455682396597
Parsimonious Ridge,Matt Targett,DEF,0.14873439834577099,0.14879476113260337,0.02047091496759143,0.13757819705324234
Parsimonious Ridge,Matt Turner,GK,0.6368306789679674,0.6315197667968278,0.09268309754667182,0.14676198975809698
Parsimonious Ridge,Matthew Cox,GK,0.03114397023303117,0.03233187759644231,0.01308855568012585,0.4048189172151905
Parsimonious Ridge,Matthew Dibley-Dias,MID,0.16681730826255362,0.1673343252997504,0.017800129270856956,0.1063746439289794
Parsimonious Ridge,Matthew Whittingham,MID,0.16672563314774447,0.167244202826589,0.01780422915806572,0.10645648014793342
Parsimonious Ridge,Matty Cash,DEF,2.020723194769451,2.027080004475227,0.12536618423746032,0.06184570118628113
Parsimonious Ridge,Matz Sels,GK,2.780025414513859,2.7034721109535473,0.19362945378151727,0.07162250832808548
Parsimonious Ridge,Mauro Bandeira,MID,0.16667931505289985,0.16719866919111734,0.01780632518815982,0.10649800787472898
Parsimonious Ridge,Max Aarons,DEF,0.22757381642567856,0.22801191561432418,0.019024782269850757,0.08343766692452445
Parsimonious Ridge,Max Kilman,DEF,2.9570983095074226,2.9503935356196647,0.061106169441608134,0.02071119283034022
Parsimonious Ridge,Max Kinsey,DEF,0.14769458636720492,0.14773456997909698,0.020646573382478935,0.13975451639653622
Parsimonious Ridge,Max Kinsey-Wellings,DEF,0.1476514526243388,0.14769045273356854,0.02065551956958804,0.13985683696731774
Parsimonious Ridge,Max Lowe,DEF,0.4668759888241007,0.47076049926787183,0.024276002750891007,0.051567628950698115
Parsimonious Ridge,Maxime Esteve,DEF,1.284770993633905,1.2889234129405394,0.05987181495885873,0.04645102599406404
Parsimonious Ridge,Maxwel Cornet,MID,0.6144575684390596,0.6157764180206726,0.029714913502010085,0.04825601083835677
Parsimonious Ridge,Micah Hamilton,MID,0.16669057700932238,0.16720974041112682,0.017805814032715302,0.10648789950235717
Parsimonious Ridge,Michael Keane,DEF,0.2670498898908791,0.2670843526450755,0.019579464089523716,0.07330816611163507
Parsimonious Ridge,Michael Ndiweni,FWD,0.21644312517547226,0.21246282152161788,0.036312486077686855,0.17091218980160297
Parsimonious Ridge,Michael Obafemi,FWD,0.2165904015232062,0.21266981961036496,0.03627585248042361,0.17057357996017042
Parsimonious Ridge,Michael Olakigbe,MID,0.1939759562589196,0.1945082403287854,0.017734633448647136,0.09117677183583352
Parsimonious Ridge,Michael Olise,MID,1.2969216896941775,1.2976547958624791,0.030960715406815956,0.023858976598038994
Parsimonious Ridge,Michail Antonio,FWD,0.955045058501236,0.9573723778583356,0.06522178235935217,0.06812582425372958
Parsimonious Ridge,Michale Olakigbe,MID,0.3202664846290296,0.32092891224714304,0.01898083398324145,0.05914342167035597
Parsimonious Ridge,Michał Karbownik,DEF,0.14776422617626506,0.14780579766189736,0.020632238368681236,0.13959018316640762
Parsimonious Ridge,Micky van de Ven,DEF,1.67307290193149,1.670710459648165,0.05393497554677882,0.03228265869487463
Parsimonious Ridge,Miguel Almirón Rejala,MID,2.707932044717521,2.7084254644190464,0.08057043162754778,0.029748070488190462
Parsimonious Ridge,Mike Trésor,MID,0.2626149713118431,0.2632150599925969,0.01751500709651767,0.06654257205879592
Parsimonious Ridge,Mikkel Damsgaard,MID,1.234584401326805,1.2360685138806264,0.031215847002164385,0.02525413975974722
Parsimonious Ridge,Milos Kerkez,DEF,1.0678880899428465,1.067838052552977,0.025834979155497487,0.0241937240330886
Parsimonious Ridge,Mohamed Dräger,DEF,0.14822811981382533,0.14828026864789198,0.020540192819800046,0.13852276507925018
Parsimonious Ridge,Mohamed Elneny,MID,0.3677389017621394,0.36839510076635745,0.018356343048729813,0.0498278696175488
Parsimonious Ridge,Mohamed Salah,MID,3.6413199474742486,3.6380750796833716,0.1615259088303559,0.044398728803698516
Parsimonious Ridge,Mohammed Kudus,MID,3.285678322716338,3.2862537373447673,0.059181475005187674,0.01800879656146248
Parsimonious Ridge,Moisés Caicedo Corozo,MID,2.316643280845125,2.3154941533961018,0.0803540207225941,0.03470275258727819
Parsimonious Ridge,Morgan Gibbs-White,MID,3.998752258075999,4.000981369816381,0.09253889388803882,0.02312904893438325
Parsimonious Ridge,Morgan Rogers,MID,0.6091185456381414,0.6105048537805856,0.035020088028464756,0.057362505492955365
Parsimonious Ridge,Morgan Sanson,MID,0.16674707739032804,0.16726528388201756,0.01780326433382302,0.10643729482072772
Parsimonious Ridge,Moussa Diaby,MID,1.4026316458176313,1.402234729683406,0.053196017152266226,0.037936599362559456
Parsimonious Ridge,Moussa Niakhaté,DEF,2.3058440279135564,2.306393889057289,0.14386865651409705,0.06237818145316958
Parsimonious Ridge,Murillo Santiago Costa dos Santos,DEF,2.10504919888353,2.0960773665688737,0.060104317274826645,0.028674665464859746
Parsimonious Ridge,Mykhailo Mudryk,MID,0.8927345749306282,0.8940752958960303,0.03305248563428773,0.036968346833879326
Parsimonious Ridge,Myles Lewis-Skelly,MID,0.1667078674407217,0.1672267380057627,0.017805031157129596,0.10647239412465265
Parsimonious Ridge,Myles Peart-Harris,MID,0.17663543481795696,0.17715639290827823,0.017794846903701637,0.10044710558605031
Parsimonious Ridge,Máximo Perrone,MID,0.166850893409009,0.16736734163647787,0.017798643474410982,0.10634478208460563
Parsimonious Ridge,Naouirou Ahamada,MID,0.6013133120157972,0.6026862404013806,0.04012105754280998,0.066570389123352
Parsimonious Ridge,Nathan Aké,DEF,3.2172656957208234,3.2083425459320027,0.08379536974179497,0.026117962325451428
Parsimonious Ridge,Nathan Collins,DEF,1.5533094915189294,1.557459605680954,0.04573380710346194,0.029364361641640243
Parsimonious Ridge,Nathan Fraser,FWD,0.2971461574306006,0.2943024500516984,0.03495502412311694,0.11877245370188591
Parsimonious Ridge,Nathan Patterson,DEF,0.3019522580191611,0.30235773194913956,0.01856669236347353,0.06140637530181197
Parsimonious Ridge,Nathan Redmond,MID,0.19009281143230675,0.19065354758215206,0.01766360637401879,0.09264766692268128
Parsimonious Ridge,Nathaniel Clyne,DEF,0.3652380371339104,0.3656958332373432,0.018591471792539435,0.050838620795750855
Parsimonious Ridge,Nathaniel Phillips,DEF,0.14876867788318543,0.1488331521095095,0.0204405698934762,0.1373388227270514
Parsimonious Ridge,Nayef Aguerd,DEF,0.95661317739952,0.9618755119703909,0.04187447244180845,0.04353419119281774
Parsimonious Ridge,Neal Maupay,FWD,3.679743362976597,3.6685503022504076,0.15318007791983915,0.04175493459252106
Parsimonious Ridge,Neco Williams,DEF,1.92244112552278,1.922732378999,0.05658919448508077,0.029431654193363018
Parsimonious Ridge,Nick Pope,GK,0.12076324475496454,0.11846088280173894,0.0478627690631761,0.40403859849061924
Parsimonious Ridge,Nicolas Jackson,FWD,2.8062362267129877,2.8113076521969926,0.10049648955691988,0.035747240071140364
Parsimonious Ridge,Nicolas Pépé,MID,0.16747819496491023,0.1679840189949254,0.01777249081511019,0.10579869990875189
Parsimonious Ridge,Nicolás Domínguez,MID,2.9105929347250754,2.9101298257222563,0.060803116642842166,0.020893609661469872
Parsimonious Ridge,Nicolò Zaniolo,MID,0.44044383752057803,0.4412345669728149,0.01890814315093506,0.04285281472994843
Parsimonious Ridge,Nikola Vlašić,MID,0.167555359381643,0.1680598765282431,0.017769483795431834,0.10573305278161146
Parsimonious Ridge,Noha Lemina,MID,0.16674033505870045,0.16725865574086468,0.01780356730490055,0.10644332412000114
Parsimonious Ridge,Noni Madueke,MID,1.0504086516569702,1.0501000054252567,0.032701197301411786,0.031141031456493377
Parsimonious Ridge,Norberto Bercique Gomes Betuncal,FWD,0.7585426899851523,0.757446977955065,0.04276414411723506,0.05645826752479566
Parsimonious Ridge,Norberto Murara Neto,GK,2.8247277589190327,2.830547002132102,0.08373324287912025,0.02958200051652504
Parsimonious Ridge,Nuno Varela Tavares,DEF,1.5084723439033256,1.499673128878536,0.0515076233832656,0.034345900044087135
Parsimonious Ridge,Nélson Cabral Semedo,DEF,2.4240650806209643,2.4186674642091863,0.058398695601973215,0.024144987463610424
Parsimonious Ridge,Odsonne Edouard,FWD,1.6265904206100914,1.6156155493539812,0.05683421206671674,0.035178054636477364
Parsimonious Ridge,Odysseas Vlachodimos,GK,0.055669815824116134,0.056739958647229104,0.012925437666158076,0.22780132334109993
Parsimonious Ridge,Oleksandr Zinchenko,DEF,0.9496603231014882,0.9463635815058925,0.07850232449979415,0.08295154846816699
Parsimonious Ridge,Oliver Arblaster,MID,0.1666792351837823,0.16719859067469117,0.017806328816726683,0.10649807958831094
Parsimonious Ridge,Oliver McBurnie,FWD,0.8701318657566702,0.8645727464660852,0.03499785998986665,0.04047994819744127
Parsimonious Ridge,Oliver Norwood,MID,1.248270342288175,1.248561557958377,0.02554434224498919,0.020459017084234747
Parsimonious Ridge,Oliver Scarles,DEF,0.14768139505607447,0.14772107788976474,0.020649303874944205,0.13978576496952944
Parsimonious Ridge,Oliver Skipp,MID,0.7092589738769105,0.7099828289592037,0.01989594142857973,0.028023130443515235
Parsimonious Ridge,Oliwier Zych,GK,0.03166167038716505,0.03282028914725838,0.013054901047686668,0.39776922711167517
Parsimonious Ridge,Ollie Harrison,MID,0.16667366431283392,0.16719311415395172,0.017806582030428668,0.1065030825015457
Parsimonious Ridge,Ollie Watkins,FWD,7.262441204890047,7.4559994638209135,0.4722539519383305,0.06333878566245477
Parsimonious Ridge,Olu Aina,DEF,0.2680254503722431,0.2677762041167965,0.019282538080194592,0.07200990149141143
Parsimonious Ridge,Omar Richards,DEF,0.14783965672891464,0.14788294812439995,0.02061686307858632,0.13941338971172865
Parsimonious Ridge,Omari Forson,MID,0.7707485632303905,0.7699538559903458,0.04136626947196144,0.05372564751786907
Parsimonious Ridge,Omari Kellyman,MID,0.1676471034513826,0.16815006678849034,0.0177659685995272,0.1056554358784427
Parsimonious Ridge,Orel Mangala,MID,0.4990697628059899,0.499363064942182,0.018660807730533652,0.03736921899238636
Parsimonious Ridge,Oscar Bobb,MID,1.1459070249147485,1.1467061134696137,0.048989868177452836,0.042722252547536456
Parsimonious Ridge,Owen Beck,DEF,0.22755996862266858,0.23016010949306437,0.02080944919457497,0.09041292707241279
Parsimonious Ridge,Owen Dodgson,DEF,0.14793107307009637,0.14797644887117584,0.020598441315064418,0.13920080845430238
Parsimonious Ridge,Owen Hesketh,MID,0.1666843847150067,0.16720365299166268,0.017806094966588196,0.10649345662008991
Parsimonious Ridge,Pablo Fornals Malla,MID,0.3661871498912142,0.36667403545447497,0.01790544909869658,0.04883206163344407
Parsimonious Ridge,Pablo Sarabia,MID,4.585521596704732,4.587704753969071,0.12272414932286733,0.02675066420015195
Parsimonious Ridge,Pape Matar Sarr,MID,2.3795237635683675,2.3788522004644856,0.042599629918414136,0.017907640462108698
Parsimonious Ridge,Pascal Groß,MID,5.840497554047479,5.841757973503708,0.17950713969689533,0.03072827400776969
Parsimonious Ridge,Pau Torres,DEF,1.216638234287735,1.213009295852835,0.04984990358007197,0.04109606064067614
Parsimonious Ridge,Paul Dummett,DEF,0.15205482163111944,0.15218120643956928,0.02006834208509904,0.13187135622471305
Parsimonious Ridge,Pedro Lomba Neto,MID,3.3256783180430345,3.3244306876851213,0.05474280899445467,0.01646682218319112
Parsimonious Ridge,Pedro Porro,DEF,2.0879335296297716,2.093621772102511,0.2386410247595183,0.11398478366026163
Parsimonious Ridge,Pelly Ruddock Mpanzu,MID,0.6714787073658355,0.674016119561514,0.08120036600145053,0.12047243922634375
Parsimonious Ridge,Pervis Estupiñán,DEF,1.4368087431047383,1.4441805206120328,0.21626958994547527,0.14975246297728892
Parsimonious Ridge,Phil Foden,MID,7.063765989209195,7.05748456352071,0.1976982214816517,0.02801256165738287
Parsimonious Ridge,Philip Billing,MID,0.2586418898970497,0.25927527365930547,0.017885961524414927,0.06898444757951562
Parsimonious Ridge,Philippe Coutinho Correia,MID,0.16994717358863073,0.1704119513479538,0.0176997854597106,0.1038646956372824
Parsimonious Ridge,Pierre-Emerick Aubameyang,FWD,0.2148044168466685,0.21083843211621295,0.03630420213677437,0.172189679900312
Parsimonious Ridge,Pierre-Emile Højbjerg,MID,1.1337577240098435,1.134701430630156,0.029530386899661445,0.026024808026602873
Parsimonious Ridge,Radek Vítek,GK,0.03140689238838471,0.0325799250745331,0.01306994839035907,0.4011656982162773
Parsimonious Ridge,Radu Dragusin,DEF,0.31390375119575575,0.31716199894130137,0.021756796015611715,0.06859836956582666
Parsimonious Ridge,Raheem Sterling,MID,3.4556317771388763,3.455556333805169,0.062300416464975666,0.018029055366714876
Parsimonious Ridge,Raphaël Varane,DEF,1.7598911471745913,1.7588460024762482,0.05770749065341856,0.03280985974449906
Parsimonious Ridge,Rasmus Højlund,FWD,3.9625995869350916,3.975930704748361,0.0936072585272201,0.02354348339507707
Parsimonious Ridge,Rayan Aït-Nouri,DEF,3.4227592245622045,3.4147684404460534,0.08771078913922817,0.025685720911656006
Parsimonious Ridge,Raúl Jiménez,FWD,0.7333825613295331,0.7308710810636156,0.03407845243693376,0.04662717313611639
Parsimonious Ridge,Reece Burke,DEF,0.9268902267747918,0.9256016023630075,0.02258698791742564,0.0244024943990615
Parsimonious Ridge,Reece James,DEF,0.20924661377477613,0.20998318096796306,0.028744382921228245,0.13688897743488204
Parsimonious Ridge,Reiss Nelson,MID,0.5459056019612776,0.5468798824161963,0.021274713150324736,0.03890198530677322
Parsimonious Ridge,Remi Matthews,GK,0.03435353026330611,0.035465982393157895,0.013032285014528609,0.3674587346843887
Parsimonious Ridge,Remo Freuler,MID,0.1668876420582052,0.1674034678977627,0.017797027680167384,0.10631218040857107
Parsimonious Ridge,Reuell Walters,DEF,0.14795834581495892,0.1480043434683379,0.020592990518921064,0.13913774444955027
Parsimonious Ridge,Rhian Brewster,FWD,1.1847258820969644,1.1758843153653928,0.05571319554866783,0.04737982709749435
Parsimonious Ridge,Rhys Bennett,DEF,0.1476983075419435,0.14773837600122008,0.020645804000666883,0.13974570832223296
Parsimonious Ridge,Rhys Norrington-Davies,DEF,0.48760119614783964,0.4847894516165161,0.02447191055980107,0.05047946170899595
Parsimonious Ridge,Richarlison de Andrade,MID,4.985353135935254,4.984182156600367,0.10986935509989534,0.022043607486215054
Parsimonious Ridge,Richie Laryea,DEF,0.14766419022251834,0.14770348076473375,0.02065287236554202,0.13982657861962303
Parsimonious Ridge,Rico Henry,DEF,0.1583138255287556,0.15857635793488778,0.02004581875699642,0.12641114361591865
Parsimonious Ridge,Rico Lewis,DEF,0.3755889783004117,0.37532484788237336,0.01892456460280234,0.05042182714407784
Parsimonious Ridge,Riyad Mahrez,MID,0.16743276950267885,0.1679393628741307,0.01777428254305773,0.10583750133897687
Parsimonious Ridge,Rob Holding,DEF,0.1488866747250243,0.14895383942521834,0.020419927313952636,0.13708896254536881
Parsimonious Ridge,Robert Sánchez,GK,0.1549569914644101,0.1541227586837922,0.03044296376628772,0.19752412963711863
Parsimonious Ridge,Robin Olsen,GK,0.03811711133448973,0.038915207239407,0.013628030188953448,0.3501980628064905
Parsimonious Ridge,Rodrigo Bentancur,MID,1.6578249454086857,1.6573687304381752,0.040721957162403295,0.02457024584483214
Parsimonious Ridge,Rodrigo Duarte Ribeiro,FWD,0.31329501164385926,0.309275871584407,0.03633508603688841,0.11748438651468453
Parsimonious Ridge,Rodrigo Hernandez,MID,4.489542619909073,4.486830658018064,0.09723824998517887,0.021671923323295473
Parsimonious Ridge,Rodrigo Muniz Carvalho,FWD,3.9620538734297854,3.9483590953889953,0.11088728166078635,0.028084396323091187
Parsimonious Ridge,Romain Faivre,MID,0.39485301214080415,0.3956165006085576,0.020255495520323873,0.05119982480297417
Parsimonious Ridge,Romelu Lukaku Bolingoli,FWD,0.22017370662674862,0.2172461776048342,0.03577443831006991,0.16467234868980202
Parsimonious Ridge,Roméo Lavia,MID,0.17965548527804576,0.18019682109896124,0.017714184922709764,0.0983046471889835
Parsimonious Ridge,Ronnie Stutter,FWD,0.21519056437528855,0.2112992630986713,0.036261420995633925,0.17161167750358305
Parsimonious Ridge,Ross Barkley,MID,4.924968971645125,4.928371045430352,0.13352753913121626,0.02709364573006829
Parsimonious Ridge,Ryan Christie,MID,2.6253269206621486,2.625594574579498,0.05623684421350288,0.021418708264397405
Parsimonious Ridge,Ryan Fraser,MID,0.1670076929304034,0.16752148554661106,0.017791821718829124,0.10620620788298071
Parsimonious Ridge,Ryan Fredericks,DEF,0.14774928810311505,0.14779051898221204,0.020635301978542193,0.13962534349734465
Parsimonious Ridge,Ryan Giles,DEF,0.23950996750798492,0.24012618035802827,0.019085768591250822,0.07948224788648173
Parsimonious Ridge,Ryan Gravenberch,MID,1.741470744522745,1.7425326710229543,0.04452069856612576,0.02554941970757419
Parsimonious Ridge,Ryan Oné,MID,0.16707069269704974,0.1675904132782092,0.017795851057720226,0.10618656944402986
Parsimonious Ridge,Ryan Sessegnon,DEF,0.14770223454118653,0.14774239254090069,0.020644992478620935,0.1397364163634051
Parsimonious Ridge,Ryan Trevitt,MID,0.16688457265575596,0.1674004504797814,0.01779716223992678,0.10631490052098946
Parsimonious Ridge,Ryan Yates,MID,1.4792708925151261,1.4803932857034232,0.041921705958831455,0.028317951968359508
Parsimonious Ridge,Rúben Gato Alves Dias,DEF,3.419416467672683,3.406668563403445,0.08391805233500714,0.024633465443779038
Parsimonious Ridge,Rúnar Alex Rúnarsson,GK,0.03197249733309252,0.033113531228574425,0.013040534960233344,0.393812875776304
Parsimonious Ridge,Sam Curtis,DEF,0.1476245722929619,0.1476629594974049,0.020661120713796607,0.13992080873985
Parsimonious Ridge,Sam Johnstone,GK,2.1173869814856383,2.1203167011269772,0.09445763711073052,0.04454883417204845
Parsimonious Ridge,Sam Proctor,GK,0.031152069817224737,0.0323395189510862,0.013087935899732367,0.4047040996351239
Parsimonious Ridge,Sam Surridge,FWD,0.21705481815812547,0.2135240757379402,0.03606499828921602,0.1689036618684578
Parsimonious Ridge,Saman Ghoddos,MID,0.5456140536794972,0.5464657268099072,0.023401007216718266,0.04282246089489617
Parsimonious Ridge,Samuel Bastien,MID,0.16692521231858373,0.1674404018551369,0.017795386517302166,0.10627892862260366
Parsimonious Ridge,Sander Berge,MID,2.3296635375660104,2.3300851974830588,0.10955850376980697,0.04701909779442884
Parsimonious Ridge,Sandro Tonali,MID,0.18907229767762618,0.1892325455811353,0.018575884237175176,0.0981643204139564
Parsimonious Ridge,Santiago Bueno,DEF,0.1943204212928687,0.19463387951806446,0.019716350738883014,0.10129968527423351
Parsimonious Ridge,Sasa Kalajdzic,FWD,0.22481386492573144,0.22125974341655014,0.03600830768354279,0.16274224640924617
Parsimonious Ridge,Saïd Benrahma,MID,0.30438959137508914,0.3050075575321163,0.01780319101228594,0.058369671743006966
Parsimonious Ridge,Saša Lukić,MID,0.9588922577907886,0.958972064057575,0.02780048581356791,0.02898988078541026
Parsimonious Ridge,Scott Carson,GK,0.031964551793496776,0.03310603520353937,0.01304084744033886,0.3939114835153882
Parsimonious Ridge,Scott McKenna,DEF,0.14894966239488644,0.1490060574924942,0.02048592809614626,0.13748386099792076
Parsimonious Ridge,Scott McTominay,MID,1.5864991957740127,1.5889091814067133,0.06379892195027109,0.04015265485078752
Parsimonious Ridge,Scott Twine,MID,0.1668288342921851,0.16734565612053312,0.017799618383796824,0.10636438851437167
Parsimonious Ridge,Seamus Coleman,DEF,0.3563637869402394,0.3579592335563342,0.019190905630108942,0.05361198659257033
Parsimonious Ridge,Sean Longstaff,MID,3.2623505091626663,3.2641788291008447,0.09644468692338465,0.029546385775056153
Parsimonious Ridge,Sepp van den Berg,DEF,0.14780316096710014,0.1478456202140975,0.02062428242284553,0.13949877171186534
Parsimonious Ridge,Serge Aurier,DEF,0.164689405429408,0.16488125059040717,0.019865926659587304,0.12048626868398526
Parsimonious Ridge,Sergi Canós Tenés,MID,0.16688061289272826,0.1673965577806782,0.017797335939492002,0.10631841045865441
Parsimonious Ridge,Sergio Gómez,DEF,0.18461751936316195,0.1857505160219835,0.019278197048081664,0.1037854293002346
Parsimonious Ridge,Sergio Reguilón,DEF,2.7774749610762433,2.7748828819320703,0.07388151871154638,0.02662509441122965
Parsimonious Ridge,Shandon Baptiste,MID,0.3864917227948779,0.38685581261825575,0.017882385404360927,0.046224936581234805
Parsimonious Ridge,Shea Charles,MID,0.16668013488707306,0.16719947514029374,0.01780628794475876,0.10649727177563124
Parsimonious Ridge,Shola Shoretire,FWD,0.21915231049398015,0.2160272367895846,0.035864291353871904,0.16601745171977797
Parsimonious Ridge,Simon Adingra,MID,2.8098802740218654,2.809556603334734,0.07763181098627644,0.027631339014182268
Parsimonious Ridge,Siriki Dembélé,MID,0.16671841246770258,0.1672371044384972,0.01780455482897962,0.10646294605948162
Parsimonious Ridge,Sofyan Amrabat,MID,0.34026004968526535,0.34077097094371306,0.01734784333946007,0.05090763245301638
Parsimonious Ridge,Solly March,MID,0.21073261732447574,0.21055377801366096,0.022037482281391563,0.10466438783141543
Parsimonious Ridge,Son Heung-min,MID,2.556360525308924,2.5515666979477376,0.12260029494433075,0.04804902613086304
Parsimonious Ridge,Stefan Bajcetic,MID,0.16710728099195893,0.16761938695009923,0.017787587454705323,0.10611891487230375
Parsimonious Ridge,Stefan Ortega Moreno,GK,0.06267647060314367,0.06345577973656732,0.017297714330892812,0.2725947802186528
Parsimonious Ridge,Steve Cook,DEF,0.14773719051983442,0.14777814555907684,0.020637787572449173,0.13965385405515773
Parsimonious Ridge,Steven Alzate,MID,0.16754353863483806,0.16804825598171969,0.017769941449120648,0.1057430875751169
Parsimonious Ridge,Steven Benda,GK,0.03139268032491323,0.03256651705078615,0.013070874345444695,0.40135929565514183
Parsimonious Ridge,Sven Botman,DEF,1.653919172162047,1.6625790020452995,0.0916998319230497,0.055155172662616846
Parsimonious Ridge,Sydie Peck,MID,0.1730087701540363,0.17353205809089353,0.01778080394564298,0.10246408727734709
Parsimonious Ridge,Tahith Chong,MID,3.0571015418761633,3.0593496612743785,0.06813530883155032,0.022271174064872473
Parsimonious Ridge,Taiwo Awoniyi,FWD,2.987977943807347,2.974134952457985,0.08615261971283036,0.02896728665309192
Parsimonious Ridge,Takehiro Tomiyasu,DEF,0.1893020466656892,0.1896122894336043,0.01982889255801463,0.10457598828243685
Parsimonious Ridge,Tanguy Ndombélé Alvaro,MID,0.17002596938289685,0.17048864341873604,0.017697680396372425,0.10380562623696446
Parsimonious Ridge,Tariq Lamptey,DEF,2.244679076698235,2.2301647824941213,0.07613847932200336,0.03414029309388221
Parsimonious Ridge,Tawanda Chirewa,MID,0.18171497210038598,0.18223586103179457,0.017787418087804242,0.09760657417861836
Parsimonious Ridge,Tayo Adaramola,DEF,0.14770813474967862,0.1477484272814405,0.02064377399144276,0.1397224618311449
Parsimonious Ridge,Teden Mengi,DEF,1.805515227269634,1.8180186955619575,0.09894074217582596,0.05442229082536632
Parsimonious Ridge,Terence Kongolo,DEF,0.14833014121321209,0.1483846162613108,0.02052075826441733,0.13829437836250838
Parsimonious Ridge,Thiago Alcántara do Nascimento,MID,0.21884255268565528,0.21934307278608958,0.017694136644788555,0.0806687734426172
Parsimonious Ridge,Thiago Emiliano da Silva,DEF,1.7643511663007954,1.7621802080809337,0.043306587071617796,0.024575572278603644
Parsimonious Ridge,Thilo Kehrer,DEF,0.14869543544735292,0.14875966311958205,0.02045927666523614,0.13753242133110863
Parsimonious Ridge,Thomas Cannon,FWD,0.2149106549839515,0.21096256050278175,0.03629371766707558,0.17203866686381544
Parsimonious Ridge,Thomas Kaminski,GK,3.6663094004674064,3.677589759608386,0.20863353779480717,0.056731052518762676
Parsimonious Ridge,Thomas Partey,MID,0.16968745965121937,0.17016013563633706,0.017710024957375885,0.10407857804736009
Parsimonious Ridge,Thomas Strakosha,GK,0.052778913813397145,0.05275710767859969,0.019374930029343363,0.3672477677771289
Parsimonious Ridge,Tim Iroegbunam,MID,0.305808861196087,0.3065458014914376,0.018996915752644047,0.06197088872272376
Parsimonious Ridge,Tim Krul,GK,0.03159673331057984,0.03275902585029549,0.013058456808145538,0.3986216460715589
Parsimonious Ridge,Tim Ream,DEF,1.001216431493465,1.0021941499196265,0.03486527337297147,0.034788941220388864
Parsimonious Ridge,Timo Werner,FWD,2.317055724354123,2.302467161821339,0.07218000599930471,0.03134898390568471
Parsimonious Ridge,Timothy Castagne,DEF,2.699925134728536,2.6977715740367096,0.055265558647530064,0.02048563309785176
Parsimonious Ridge,Tino Livramento,DEF,0.9133681659513033,0.9184963767725863,0.03839713425240478,0.041804339378370414
Parsimonious Ridge,Toby Collyer,MID,0.16667366431283392,0.16719311415395172,0.017806582030428668,0.1065030825015457
Parsimonious Ridge,Tom Cairney,MID,1.701278051347648,1.7022196831367857,0.06082260027374832,0.03573134588695787
Parsimonious Ridge,Tom Davies,MID,0.4205052367238403,0.4214915655556232,0.0234540250879203,0.05564530112720637
Parsimonious Ridge,Tom Heaton,GK,0.032129811124904276,0.0332619450785801,0.013034940534399436,0.39188750097460856
Parsimonious Ridge,Tom King,GK,0.039021344959618766,0.039763594152541985,0.013872614411429677,0.34887727598796137
Parsimonious Ridge,Tom Lockyer,DEF,0.20203879829607263,0.20204239675739685,0.01968436107098511,0.09742688359919419
Parsimonious Ridge,Tom McGill,GK,0.034201774529182785,0.0352166882855063,0.01306672020764973,0.3710377336368519
Parsimonious Ridge,Tommi O'Reilly,MID,0.16671573709606546,0.16723447437788505,0.01780467559686797,0.10646534252642377
Parsimonious Ridge,Tommy Doyle,MID,0.7431025420269474,0.7436397305666943,0.019117913062643262,0.025708568647985448
Parsimonious Ridge,Tomáš Souček,MID,2.4798092215301732,2.480745866692334,0.051525938072640276,0.020770341196352217
Parsimonious Ridge,Tosin Adarabioyo,DEF,1.4048532201944526,1.4042357523063727,0.03597187446431395,0.02561669178785137
Parsimonious Ridge,Toti António Gomes,DEF,2.520198380381562,2.5128435907199917,0.05748099145237458,0.022874878350826782
Parsimonious Ridge,Travis Hernes,MID,0.16668287810297677,0.16720217189613842,0.01780616336363145,0.10649480901894127
Parsimonious Ridge,Trent Alexander-Arnold,DEF,1.8999970334486558,1.897428342930259,0.1501482038329258,0.07913247653982397
Parsimonious Ridge,Trevoh Chalobah,DEF,0.2787605387493022,0.28235971122285214,0.022442485616090777,0.07948189746651946
Parsimonious Ridge,Treymaurice Nyoni,MID,0.16670204803104,0.16722101715562868,0.017805294391365516,0.1064776108543494
Parsimonious Ridge,Ty Barnett,MID,0.1667385136538831,0.1672568651839933,0.01780364921093943,0.10644495334379413
Parsimonious Ridge,Tyler Adams,MID,0.16672921908891786,0.1672477280350147,0.017804067572165558,0.1064532701361308
Parsimonious Ridge,Tyler Onyango,MID,0.16692934624569802,0.1674445775545264,0.017795493923417966,0.10627691970271816
Parsimonious Ridge,Tyrell Malacia,DEF,0.14787739211810785,0.1479215439271181,0.020609230649133402,0.1393254160414098
Parsimonious Ridge,Tyrese Francois,MID,0.16711669207460203,0.16762863864337166,0.01778719127353327,0.10611069455366365
Parsimonious Ridge,Tyrick Mitchell,DEF,2.3321784562290806,2.323095646715676,0.0649713153198251,0.027967559326142952
Parsimonious Ridge,Tyrone Mings,DEF,0.1609405914237408,0.16128070312173562,0.020503543992025097,0.1271295548392352
Parsimonious Ridge,Valentín Barco,DEF,0.14768338993165622,0.147723118250976,0.02064889064323189,0.13978103690006194
Parsimonious Ridge,Valintino Adedokun,DEF,0.14796691104824614,0.14801310399953277,0.020591282930214953,0.13911797248897606
Parsimonious Ridge,Vicente Guaita,GK,0.03323757272904866,0.0343070356753172,0.01302754971557314,0.3797340533547187
Parsimonious Ridge,Victor Lindelöf,DEF,0.9161991867619367,0.9176756821646356,0.027718687191424476,0.030205319515540573
Parsimonious Ridge,Victor da Silva,DEF,1.0112894960488887,1.0163964330501745,0.03314620049280825,0.032611488406484784
Parsimonious Ridge,Viljami Sinisalo,GK,0.03112217040744114,0.03231131108407224,0.013090238484698757,0.4051286699768599
Parsimonious Ridge,Vincent Angelini,GK,0.03118780807711404,0.032373235338451795,0.013085236509153568,0.40419922112669976
Parsimonious Ridge,Vini de Souza Costa,MID,2.987806070054412,2.9874731964511048,0.08054876426598509,0.026962171363301608
Parsimonious Ridge,Virgil van Dijk,DEF,4.044514860210764,4.040868356499897,0.13253132473995718,0.032797733815499164
Parsimonious Ridge,Vitalii Mykolenko,DEF,2.300976701683608,2.294090232925514,0.06701398395495328,0.029211572846240843
Parsimonious Ridge,Vitaly Janelt,MID,2.528675045299732,2.528910940559872,0.07876277948060069,0.0311449399887382
Parsimonious Ridge,Vladimír Coufal,DEF,2.1928448813046195,2.1916842524848654,0.047860799812787354,0.021837452068437423
Parsimonious Ridge,Wataru Endo,MID,2.478285859744799,2.4778129543942087,0.06182695359925918,0.024952227927299307
Parsimonious Ridge,Wayne Hennessey,GK,0.03324462027640636,0.0343136845115344,0.01302768226408506,0.37966433653331105
Parsimonious Ridge,Wes Foderingham,GK,1.580602304848529,1.4983244084857876,0.20776457067590998,0.13866461061385074
Parsimonious Ridge,Wesley Fofana,DEF,0.14789980657419277,0.14794446946051196,0.020604715811701903,0.13927330901140264
Parsimonious Ridge,Wesley Moraes Ferreira da Silva,FWD,0.21454759402474158,0.21053193808329967,0.036333050670638536,0.1725773818519777
Parsimonious Ridge,Will Hughes,MID,0.9485744696298202,0.9479726014739749,0.037369799528968156,0.03942075907137289
Parsimonious Ridge,William Osula,FWD,1.339800380085553,1.3355951010412568,0.07562383982004219,0.05662183079369213
Parsimonious Ridge,William Saliba,DEF,3.4219074835582033,3.410631382689915,0.3338801426437781,0.09789393962019188
Parsimonious Ridge,Willian Borges da Silva,MID,2.1891933528034357,2.1903492928768626,0.05133167208557788,0.023435381860103924
Parsimonious Ridge,Willy Boly,DEF,0.2079446770775655,0.20821088302914595,0.019178563817435122,0.09211124576399041
Parsimonious Ridge,Willy Kambwala,DEF,0.17500186778921645,0.17497125445889222,0.020343215890437475,0.11626604583335666
Parsimonious Ridge,Wilson Odobert,MID,2.700131226721081,2.7005130224900524,0.09089853176066505,0.033659727245769974
Parsimonious Ridge,Wout Weghorst,FWD,0.21529863356194762,0.21142823357179463,0.036249576177657825,0.17145097211129356
Parsimonious Ridge,Yago de Santiago Alonso,MID,0.1667294524126186,0.16724795740706405,0.017804057061807738,0.10645306129792978
Parsimonious Ridge,Yasin Ayari,MID,0.16697293660111795,0.16748731786261387,0.01779331748779448,0.10623680476148017
Parsimonious Ridge,Yasser Larouci,DEF,1.2001820202431552,1.1993740840567548,0.038302563286264066,0.03193546016661435
Parsimonious Ridge,Yegor Yarmoliuk,MID,0.4267635430805462,0.42738943732951334,0.018281921747593285,0.04277579217171455
Parsimonious Ridge,Yegor Yarmolyuk,MID,0.7920887257848124,0.7941006878090336,0.04819929037245629,0.06069669893554772
Parsimonious Ridge,Yerson Mosquera,DEF,0.1476268346479242,0.14766527343685734,0.020660648530205453,0.13991541849573783
Parsimonious Ridge,Yoane Wissa,FWD,1.8625531751597109,1.8744949722814188,0.06448537259952725,0.03440146468946945
Parsimonious Ridge,Youri Tielemans,MID,2.7830814341255543,2.7845854398842453,0.05484647511155799,0.01969645977673357
Parsimonious Ridge,Youssef Ramalho Chermiti,FWD,0.3571433892493729,0.3535315935121309,0.03567889771844416,0.10092138403811395
Parsimonious Ridge,Yves Bissouma,MID,1.0351069475453798,1.034859340465384,0.031071278694031333,0.03002463956121645
Parsimonious Ridge,Zack Nelson,MID,0.16678419892538954,0.16730177671384283,0.01780160252013464,0.10640414507123226
Parsimonious Ridge,Zack Steffen,GK,0.03290198157216717,0.03399043040474921,0.013023865735512586,0.38316271904850213
Parsimonious Ridge,Zeki Amdouni,FWD,2.2874869907948057,2.2649019511837913,0.1324102642596377,0.05846180855221177
Parsimonious Ridge,Álvaro Fernández Carreras,DEF,0.1490028390708909,0.14907265246178136,0.020399994313151294,0.1368459873509084
Parsimonious Ridge,Ângelo Gabriel Borges Damaceno,MID,0.16672949806334306,0.16724800228463202,0.017804055005461075,0.106453020438242
Parsimonious Ridge,Đorđe Petrović,GK,3.153616910263548,3.161224890501319,0.09871510695885023,0.031226853633686154
Full LASSO,Aaron Connolly,FWD,0.4164965560034109,0.4119679644310437,0.04667941881074983,0.11330837065259998
Full LASSO,Aaron Cresswell,DEF,0.4501851601061712,0.45102943721052746,0.027349190007462287,0.060637261675442436
Full LASSO,Aaron Hickey,DEF,0.4014186164578987,0.40224844461801845,0.0274364275419428,0.06820766595628945
Full LASSO,Aaron Ramsdale,GK,0.2237741893347999,0.22490487283025298,0.029310155287151557,0.13032245552666796
Full LASSO,Aaron Ramsey,MID,0.9722764565986867,0.973382600993068,0.047428268525226296,0.04872520679621647
Full LASSO,Aaron Wan-Bissaka,DEF,0.5061635388435626,0.506343255733976,0.0262956972719987,0.05193255163215605
Full LASSO,Abdoulaye Doucouré,MID,1.607710407971918,1.5951391791196115,0.05957029925132211,0.037344891299203195
Full LASSO,Abdul Rahman Baba,DEF,0.3985724532106296,0.39940173073458335,0.02747323668026522,0.06878597303455894
Full LASSO,Adam Davies,GK,0.21798171430345936,0.2191358039174993,0.029247784595321874,0.1334687626232596
Full LASSO,Adam Lallana,MID,0.7688110583132048,0.7710277946291502,0.021272882520458163,0.02759029268288573
Full LASSO,Adam Smith,DEF,1.4696571352639327,1.4710270985030043,0.08599830745128674,0.058461402606929
Full LASSO,Adam Webster,DEF,0.7392122886212833,0.7378897519276076,0.028300463567839166,0.03835324110940579
Full LASSO,Adam Wharton,MID,2.378812488769655,2.3763147956491766,0.05699760268166875,0.0239857121564981
Full LASSO,Adama Traoré,MID,1.1584169264258193,1.1550266908280207,0.047697467804766275,0.041295554625298485
Full LASSO,Ademola Ola-Adebomi,FWD,0.4164965560034109,0.41198213579112847,0.04667363559872368,0.1132904355406003
Full LASSO,Admiral Muskwe,FWD,0.4164965560034109,0.412059984027656,0.046642212912114955,0.11319277464463644
Full LASSO,Adrián San Miguel del Castillo,GK,0.21798171430345936,0.2191358039174993,0.029247784595321874,0.1334687626232596
Full LASSO,Aidan Francis-Clarke,DEF,0.3985724532106296,0.39940173073458335,0.02747323668026522,0.06878597303455894
Full LASSO,Albert Sambi Lokonga,MID,2.8396234511087695,2.853777361001578,0.09552920012395748,0.0334746506260145
Full LASSO,Alejandro Garnacho,MID,4.448525490042931,4.4196745178257535,0.11826252029034534,0.02675819674352949
Full LASSO,Alejo Véliz,FWD,0.5206267211293526,0.5157195503753575,0.04660913482618287,0.09037690115152551
Full LASSO,Aleksandar Mitrović,FWD,0.4165329300350534,0.41342683116538465,0.046196450515477105,0.11174032992792617
Full LASSO,Alex Iwobi,MID,2.819505840958295,2.8089176609965785,0.0608277918018783,0.021655242033793598
Full LASSO,Alex Matos,MID,0.27631989771160353,0.2767896265896272,0.020134093686134134,0.07274150384250226
Full LASSO,Alex Mighten,MID,0.2762447155466481,0.27672307743779906,0.02013184533827735,0.0727508725498419
Full LASSO,Alex Murphy,DEF,0.3991433677757599,0.399972645299714,0.02747323668026219,0.0686877890353614
Full LASSO,Alex Scott,MID,1.3904977601208,1.3843833662709464,0.039863407728569125,0.02879506406953405
Full LASSO,Alex Telles,DEF,0.3985724532106296,0.39940173073458335,0.02747323668026522,0.06878597303455894
Full LASSO,Alexander Isak,FWD,1.4193869653004492,1.46431079352905,0.14447803791554736,0.09866623844747417
Full LASSO,Alexandre Moreno Lopera,DEF,1.7776402715111754,1.7704131363290712,0.067038325347071,0.03786592178482934
Full LASSO,Alexis Mac Allister,MID,5.218033796991641,5.205334960148534,0.10217133800037961,0.01962819660648009
Full LASSO,Alfie Dorrington,DEF,0.3985724532106296,0.39940173073458335,0.02747323668026522,0.06878597303455894
Full LASSO,Alfie Doughty,DEF,2.901958652583004,2.8721319717931433,0.17325667786917245,0.060323369389256865
Full LASSO,Alfie Gilchrist,DEF,0.5828953022227576,0.5831449449311388,0.027739926038597425,0.04756952157387409
Full LASSO,Alfie Whiteman,GK,0.21798171430345936,0.2191358039174993,0.029247784595321874,0.1334687626232596
Full LASSO,Alisson Ramses Becker,GK,1.1806022471921582,1.177345473980119,0.06106321416804124,0.05186516236530958
Full LASSO,Allan Campbell,MID,0.2762447155466481,0.2767200252789611,0.020132637883430796,0.07275453904405765
Full LASSO,Allan Saint-Maximin,MID,0.2762447155466481,0.27673224511562894,0.020129480233883196,0.07273991589043899
Full LASSO,Alphonse Areola,GK,2.220211544493405,2.213399174852643,0.1140743897351381,0.0515381007778376
Full LASSO,Altay Bayindir,GK,0.21798171430345936,0.2191358039174993,0.029247784595321874,0.1334687626232596
Full LASSO,Amad Diallo,MID,0.5281858335576534,0.5276034695128834,0.024729775123175337,0.04687189632397114
Full LASSO,Amadou Diallo,MID,0.2768156301117784,0.2772853307070045,0.020134101085747348,0.07261149024512295
Full LASSO,Amadou Onana,MID,1.6404014376174079,1.633372811335209,0.049714620559977246,0.030436787128431366
Full LASSO,Amari'i Bell,DEF,2.0581959776409686,2.051023453352367,0.09364683546474292,0.04565858830706133
Full LASSO,Ameen Al-Dakhil,DEF,0.7184004767532558,0.7165918439455494,0.02908838301255284,0.040592679442724905
Full LASSO,Anass Zaroury,MID,0.31157588918423623,0.31215679350160963,0.020008745816077592,0.064098383352898
Full LASSO,Andi Zeqiri,FWD,0.4164965560034109,0.41290128180357133,0.046340325491913546,0.11223100419910766
Full LASSO,Andre Brooks,MID,0.7094385183176727,0.7120463748253344,0.026822448795449046,0.03766952510927201
Full LASSO,Andreas Hoelgebaum Pereira,MID,3.138048349728747,3.134750758268228,0.09016437159179604,0.02876285183247128
Full LASSO,Andrew Omobamidele,DEF,0.819597360935206,0.8188362844143782,0.02721447052209439,0.03323554541987334
Full LASSO,Andrew Robertson,DEF,2.1710553323029025,2.148496108773128,0.14195565294023252,0.06607210148558032
Full LASSO,Andrey Nascimento dos Santos,MID,0.27655017729612963,0.27709929248724724,0.02011414571491799,0.07258822472758096
Full LASSO,Andros Townsend,MID,1.4584638633958535,1.4616218016267892,0.0697263761767397,0.04770480031095188
Full LASSO,André Onana,GK,2.4712338839183614,2.4631712705381346,0.11615408574706226,0.047156317198229505
Full LASSO,André Tavares Gomes,MID,0.3710381911437566,0.3713004882720404,0.019786651310859445,0.05329013005865583
Full LASSO,Andy Lonergan,GK,0.21798171430345936,0.2191358039174993,0.029247784595321874,0.1334687626232596
Full LASSO,Anel Ahmedhodžić,DEF,1.387317571910088,1.3829908206040817,0.06837749217501198,0.04944175417241389
Full LASSO,Angelo Ogbonna,DEF,0.5322514091325026,0.5329132388237763,0.02669292231770578,0.05008868305959386
Full LASSO,Anis Slimane,MID,0.42992040506080875,0.42996603859196375,0.021214782189126556,0.04934059968689599
Full LASSO,Anssumane Fati Vieira,MID,1.1078926790850119,1.1051433085242006,0.0385786268475158,0.03490825719157942
Full LASSO,Anthony Elanga,MID,3.403449613303141,3.393296853080513,0.12459025311245335,0.036716579334739735
Full LASSO,Anthony Gordon,MID,3.4068635414253188,3.4106500440430594,0.10304646480003292,0.03021314513930001
Full LASSO,Anthony Knockaert,MID,0.2762447155466481,0.27673196762424906,0.020129551481874328,0.07274024629206027
Full LASSO,Anthony Martial,FWD,0.4379271475988994,0.4340294472663038,0.046071156206141904,0.10614753560228923
Full LASSO,Antoine Semenyo,FWD,2.486515027895125,2.472865632853584,0.12404076973502635,0.05016073986676279
Full LASSO,Antonee Robinson,DEF,2.5105859876988994,2.4943148151824555,0.09755602990051279,0.03911135407074777
Full LASSO,Antony Matheus dos Santos,MID,0.6297539460734236,0.6300677694938954,0.019574429378259383,0.031067180906559664
Full LASSO,Antwoine Hackford,FWD,0.4165165828474847,0.412104903049196,0.04663226747379851,0.11315630347700976
Full LASSO,Aribim Pepple,FWD,0.4164965560034109,0.41204973232475334,0.046646317367789944,0.11320555192358689
Full LASSO,Arijanet Muric,GK,0.21798171430345936,0.2191358039174993,0.029247784595321874,0.1334687626232596
Full LASSO,Armando Broja,FWD,0.6861079960313546,0.6824173329936536,0.045049483123488186,0.06601456461526768
Full LASSO,Arnaut Danjuma Groeneveld,MID,0.5579552359067912,0.5581505441115087,0.021946644856065095,0.039320296446187
Full LASSO,Ashley Phillips,DEF,0.3985724532106296,0.39940173073458335,0.02747323668026522,0.06878597303455894
Full LASSO,Ashley Young,DEF,1.6192449003854066,1.6181150285982695,0.044358778643274796,0.027413859867367798
Full LASSO,Auston Trusty,DEF,1.165087915838538,1.161514176801493,0.04614840269620195,0.039731243593842835
Full LASSO,Axel Disasi,DEF,1.5451300663167522,1.5379683272474771,0.06996271200173156,0.04549034642796889
Full LASSO,Aymeric Laporte,DEF,0.39861066329962724,0.3994392065294407,0.02747319013887724,0.06877940294739777
Full LASSO,Bailey Peacock-Farrell,GK,0.21798171430345936,0.2191358039174993,0.029247784595321874,0.1334687626232596
Full LASSO,Bart Verbruggen,GK,1.7710950400379326,1.7638416903321104,0.0885094893093657,0.05017995083940918
Full LASSO,Bashir Humphreys,DEF,0.3985724532106296,0.39940173073458335,0.02747323668026522,0.06878597303455894
Full LASSO,Ben Brereton,MID,1.3774404933125686,1.366202910650493,0.028991788193208766,0.02122070445553717
Full LASSO,Ben Chilwell,DEF,1.4189853134005144,1.4128780354634576,0.057332859450534505,0.040578774679392596
Full LASSO,Ben Davies,DEF,1.312449590826698,1.300719716823202,0.07389424061258576,0.056810271772508004
Full LASSO,Ben Doak,MID,0.2762663075956103,0.27675729760771817,0.020128523039967462,0.07272987275839812
Full LASSO,Ben Godfrey,DEF,1.697667324148355,1.6897086638738343,0.06378057452486846,0.037746491977288445
Full LASSO,Ben Greenwood,DEF,0.3985724532106296,0.39940173073458335,0.02747323668026522,0.06878597303455894
Full LASSO,Ben Jackson,DEF,0.3985724532106296,0.39940173073458335,0.02747323668026522,0.06878597303455894
Full LASSO,Ben Johnson,DEF,0.9189231811582078,0.9184545318287473,0.032526733155740804,0.03541463624876061
Full LASSO,Ben Mee,DEF,1.8735550027613526,1.870129779790128,0.08771223461691571,0.04690168327609812
Full LASSO,Ben Osborn,MID,1.390515981932337,1.392201683410396,0.04404288827394077,0.031635422366428585
Full LASSO,Ben Parkinson,FWD,0.418320893161816,0.4140744775182649,0.04651638558010543,0.11233820992517844
Full LASSO,Ben Pearson,MID,0.2762447155466481,0.27670902827156235,0.020135514730853465,0.07276782711654953
Full LASSO,Bendegúz Bolla,DEF,0.3985724532106296,0.39940173073458335,0.02747323668026522,0.06878597303455894
Full LASSO,Benicio Baker-Boaitey,MID,0.3496875110467104,0.35076952318030213,0.020021352403460157,0.05707836935755905
Full LASSO,Benjamin Fredrick,DEF,0.3985724532106296,0.39940173073458335,0.02747323668026522,0.06878597303455894
Full LASSO,Benjamin White,DEF,2.4167153635093888,2.413938175067859,0.07481055793908091,0.03099108283375066
Full LASSO,Benoît Badiashile,DEF,0.650074189604842,0.6494112067896954,0.02654832004357459,0.04088060040542535
Full LASSO,Bernardo Veiga de Carvalho e Silva,MID,3.1728015123487,3.1689163843140022,0.09733506954108782,0.030715568900111144
Full LASSO,Bernd Leno,GK,2.2890099500896053,2.2808584226415323,0.11615831223625452,0.05092745392838895
Full LASSO,Bertrand Traoré,MID,0.2764666918982691,0.27694549142789887,0.020130174818271087,0.07268641462434444
Full LASSO,Billy Blacker,FWD,0.4164965560034109,0.4119336638894549,0.04669349690742039,0.11335198115770138
Full LASSO,Billy Gilmour,MID,1.738332493752402,1.7313278016993416,0.08655096064444183,0.04999108808828108
Full LASSO,Bobby Clark,MID,0.5987804883758602,0.5981610569168395,0.02377498459652406,0.039746794482191476
Full LASSO,Bobby De Cordova-Reid,MID,2.2237908431246827,2.2225571572038056,0.035761212303733074,0.016090120421795667
Full LASSO,Bobby Thomas,DEF,0.3985724532106296,0.39940173073458335,0.02747323668026522,0.06878597303455894
Full LASSO,Boubacar Kamara,MID,0.9257686978172477,0.9279356307435851,0.035817029486629376,0.03859861427880296
Full LASSO,Boubacar Traoré,MID,0.3923393228739487,0.3949883453177107,0.022086613970836316,0.05591712827139455
Full LASSO,Bradley Ibrahim,MID,0.2762447155466481,0.2767118335059898,0.020134777708118896,0.07276442591199501
Full LASSO,Braian Ojeda Rodríguez,MID,0.2762447155466481,0.276709965240659,0.020135268318678498,0.07276669020996963
Full LASSO,Brandon Aguilera Zamora,MID,0.29087663141313186,0.2913437948470037,0.020134765778399816,0.06910998667046742
Full LASSO,Brandon Austin,GK,0.21798171430345936,0.2191358039174993,0.029247784595321874,0.1334687626232596
Full LASSO,Brandon Williams,DEF,0.3985724532106296,0.39940173073458335,0.02747323668026522,0.06878597303455894
Full LASSO,Brennan Johnson,MID,2.7183215534571676,2.6953967099480356,0.07003433956421178,0.0259829431807691
Full LASSO,Bruno Borges Fernandes,MID,3.9245536961353467,3.9053954997402833,0.11487303555521164,0.029413931460424668
Full LASSO,Bruno Cavaco Jordão,MID,0.2762447155466481,0.27686754608426106,0.02009727375454578,0.0725880444955778
Full LASSO,Bruno Guimarães Rodriguez Moura,MID,3.746418195607152,3.7669098552633042,0.09492542951282489,0.025199814479284818
Full LASSO,Bryan Gil Salvatierra,MID,0.46653602033420705,0.4690988100945669,0.026135755522262858,0.055714819479064724
Full LASSO,Bryan Mbeumo,MID,0.34101230519202563,0.34718289968358723,0.023424303814607694,0.06746963584887375
Full LASSO,Bukayo Saka,MID,7.367004876701575,7.392384582393993,0.2732983966539654,0.03697026224864763
Full LASSO,Bénie Traoré,FWD,0.42057709003947413,0.4163322602035501,0.046496202082582,0.11168051704628755
Full LASSO,CJ Egan-Riley,DEF,0.3985724532106296,0.39940173073458335,0.02747323668026522,0.06878597303455894
Full LASSO,Callum Hudson-Odoi,MID,4.236874471235408,4.217070491409254,0.07491617009820169,0.017764979326481762
Full LASSO,Callum Marshall,FWD,0.4164965560034109,0.4119323883256809,0.0466940226334694,0.11335360839981412
Full LASSO,Callum Scanlon,DEF,0.3985724532106296,0.39940173073458335,0.02747323668026522,0.06878597303455894
Full LASSO,Callum Wilson,FWD,0.7433683449411654,0.7519167968905361,0.05511551575641046,0.07330001934301004
Full LASSO,Calum Chambers,DEF,0.5453042070657335,0.5447126581587781,0.02916351398988951,0.053539262495693
Full LASSO,Calvin Bassey,DEF,2.0749324914368046,2.067629648494156,0.04933748900764681,0.023861859904929807
Full LASSO,Cameron Archer,FWD,1.272144769287408,1.2798891217411212,0.057484764154756215,0.04491386259815673
Full LASSO,Cameron Peupion,MID,0.2762447155466481,0.27670887825311696,0.02013555420645088,0.07276800922893432
Full LASSO,Caoimhin Kelleher,GK,2.1090724146605444,2.1016180919896565,0.10636583032417116,0.05061139829809509
Full LASSO,Carlos Baleba,MID,0.4202592208067936,0.42181781909944577,0.02055381243064411,0.048726752403502514
Full LASSO,Carlos Henrique Casimiro,MID,1.7663792926582658,1.7562477166790869,0.06418867119917579,0.036548757097063185
Full LASSO,Carlos Mendes Gomes,MID,0.2762447155466481,0.27671448143691346,0.02013408400297627,0.07276122268131645
Full LASSO,Carlos Vinícius Alves Morais,FWD,0.457301256313756,0.4545416871151437,0.046030524969530424,0.10126799427721148
Full LASSO,Carlton Morris,FWD,5.054752440315969,5.068300303295385,0.26674855517788804,0.05263077150429492
Full LASSO,Carney Chukwuemeka,MID,0.6203218722862762,0.6224921419130477,0.028955058810173018,0.04651473787474346
Full LASSO,Cauley Woodrow,FWD,1.4089413772830395,1.4263127198086782,0.1404948190799877,0.0985021146686775
Full LASSO,Cesare Casadei,MID,0.6234519727622236,0.6243297773237516,0.02564023758008479,0.0410684201064285
Full LASSO,Charles Sagoe,MID,0.2762447155466481,0.2767118031366677,0.0201347856754822,0.0727644626909451
Full LASSO,Charlie Goode,DEF,0.3985724532106296,0.39940173073458335,0.02747323668026522,0.06878597303455894
Full LASSO,Charlie Taylor,DEF,0.8369101187207366,0.8365323993976441,0.03683200757620695,0.04402938559549912
Full LASSO,Cheick Doucouré,MID,0.2825152854313216,0.2830169681260424,0.020106502342248072,0.07104345183039903
Full LASSO,Cheikhou Kouyaté,MID,0.30285911563990375,0.3033468060156413,0.020023140450736217,0.06600742138588325
Full LASSO,Chiedozie Ogbene,FWD,4.831578332407899,4.829103084039811,0.27379220517352254,0.05669628508830263
Full LASSO,Chris Basham,DEF,0.3990337557464288,0.3998612992430912,0.02746616454376472,0.0686892294797126
Full LASSO,Chris Mepham,DEF,0.4299208109373312,0.430680083350037,0.02676858374501924,0.06215421789835349
Full LASSO,Chris Richards,DEF,3.116388793558629,3.105058493277295,0.07724797277822622,0.024878105499614382
Full LASSO,Chris Wood,FWD,1.0222838014769922,1.0128726804251764,0.048658951200606385,0.048040540673069274
Full LASSO,Christian Eriksen,MID,1.1388309156201881,1.1629151381693328,0.07379466150029378,0.06345661783753347
Full LASSO,Christian Nørgaard,MID,3.1436989339270847,3.136072152379209,0.08022870300142478,0.0255825437372538
Full LASSO,Christian Pulisic,MID,0.2762447155466481,0.27671156552100307,0.02013484802249041,0.07276475048876165
Full LASSO,Christopher Nkunku,FWD,1.6093348840594448,1.6051856508279223,0.09463689087294033,0.058956975365515224
Full LASSO,Clément Lenglet,DEF,1.7191765404230632,1.7150698027794697,0.07032326804498258,0.04100315213469187
Full LASSO,Cody Gakpo,FWD,4.566332563431548,4.511719427596826,0.1948230578093872,0.043181554379847595
Full LASSO,Cole Palmer,MID,4.288465024804639,4.32958242305147,0.10522873973784774,0.024304593250746572
Full LASSO,Connor Roberts,DEF,0.4413992054815777,0.44177120519708923,0.02760808488478543,0.06249407965027626
Full LASSO,Conor Bradley,DEF,2.7256613725427794,2.706088155476318,0.11609582651365613,0.042901716368224256
Full LASSO,Conor Coventry,MID,0.2762447155466481,0.27677433775563043,0.020118918628718643,0.07269069376830029
Full LASSO,Conor Gallagher,MID,3.7670256195463496,3.7523826172609382,0.06847639359106437,0.018248776997333203
Full LASSO,Craig Dawson,DEF,2.595948920539677,2.5851108131189005,0.07515673879355071,0.029072927323713117
Full LASSO,Cristian Romero,DEF,1.4983965844350813,1.494449416832891,0.06630194433682188,0.04436546569594316
Full LASSO,Curtis Jones,MID,2.11607848676086,2.110956512903597,0.06950920421494998,0.03292782385144488
Full LASSO,Cédric Alves Soares,DEF,0.5283618020441296,0.5289384882025885,0.027514967301027753,0.0520192194644933
Full LASSO,César Azpilicueta,DEF,0.3985724532106296,0.39940173073458335,0.02747323668026522,0.06878597303455894
Full LASSO,Daiki Hashioka,DEF,0.3985724532106296,0.39940173073458335,0.02747323668026522,0.06878597303455894
Full LASSO,Dan Burn,DEF,1.7059123243048175,1.6982084928113872,0.05396381018134749,0.03177690513843227
Full LASSO,Dan Potts,DEF,0.3985724532106296,0.39940173073458335,0.02747323668026522,0.06878597303455894
Full LASSO,Dane Scarlett,FWD,0.4164965560034109,0.41222518781131,0.046577476601549546,0.11299037026061032
Full LASSO,Dango Ouattara,MID,0.9956987661422452,0.9887264536830901,0.04284231987206603,0.04333081178568121
Full LASSO,Daniel Bentley,GK,0.25205417114308903,0.2530762550405373,0.02967357255867504,0.11725150806393107
Full LASSO,Daniel Castelo Podence,MID,0.2762447155466481,0.2767441378140038,0.02012644665048139,0.07272582830284961
Full LASSO,Daniel Gore,MID,0.28385808242827726,0.2842864059293028,0.02012857653631609,0.07080386580750443
Full LASSO,Daniel Jebbison,FWD,0.4164965560034109,0.4119591490738391,0.04668302607677786,0.11331955166362974
Full LASSO,Daniel Muñoz,DEF,2.04432122469572,2.034539899424385,0.0655420811299406,0.032214694412473245
Full LASSO,Danilo dos Santos de Oliveira,MID,2.0476696205572456,2.04799473513252,0.05819765171584169,0.02841689517921338
Full LASSO,Danny Ings,FWD,0.8050668287286727,0.8005183354555939,0.0462704022397024,0.05780055270485319
Full LASSO,Danny Welbeck,FWD,2.794215102949038,2.7457778301389366,0.15088361774723164,0.05495113846832863
Full LASSO,Dara Costelloe,MID,0.2762447155466481,0.276715939134993,0.020133702939591474,0.07275946229381987
Full LASSO,Dara O'Shea,DEF,1.7426341531428031,1.7368426115400912,0.07030407683414784,0.04047809304483144
Full LASSO,Darko Churlinov,MID,0.2762447155466481,0.27672383132437034,0.02013164997416834,0.07274996836311655
Full LASSO,Darren Randolph,GK,0.21798171430345936,0.2191358039174993,0.029247784595321874,0.1334687626232596
Full LASSO,Darwin Núñez Ribeiro,FWD,3.7596156696189995,3.7268559547684816,0.1704419664658665,0.045733446243820454
Full LASSO,David Brooks,MID,0.39753219356970054,0.3970622347730091,0.021547471633503786,0.05426724011116785
Full LASSO,David Datro Fofana,FWD,2.184079302209309,2.2194714911320257,0.18309565181175147,0.08249515821370827
Full LASSO,David Ozoh,MID,0.5238961538617102,0.5251083053305947,0.020519329077233965,0.03907637504288858
Full LASSO,David Raya Martin,GK,2.7157523371787278,2.7039997160462823,0.1231061497446894,0.04552742702380605
Full LASSO,Davinson Sánchez,DEF,0.3985889578537119,0.3994175770449877,0.027473194908098936,0.06878313946860816
Full LASSO,Dean Henderson,GK,0.8581996523692925,0.854923512314764,0.06043259317810943,0.07068771920248636
Full LASSO,Declan Rice,MID,4.392966155985195,4.398191745847234,0.13522170278242598,0.030744840288080232
Full LASSO,Deivid Washington de Souza Eugênio,FWD,0.416917650060155,0.4125556647058973,0.04660055216495388,0.11295579276114046
Full LASSO,Dejan Kulusevski,MID,3.670622403966661,3.667099774227614,0.08424967307078257,0.02297446981478101
Full LASSO,Dele Alli,MID,0.2762447155466481,0.2767227981261466,0.020131917759588946,0.0727512076920082
Full LASSO,Demarai Gray,MID,0.2762447155466481,0.27677523481893174,0.020118698865665353,0.07268966415592473
Full LASSO,Denis Franchi,GK,0.21798171430345936,0.2191358039174993,0.029247784595321874,0.1334687626232596
Full LASSO,Deniz Undav,FWD,0.4164965560034109,0.41196070296496096,0.04668238967544728,0.11331757941829179
Full LASSO,Destiny Udogie,DEF,1.8461905632360172,1.8358439528347132,0.06490893598435546,0.035356456023470866
Full LASSO,Detlef Esapa Osong,FWD,0.4164965560034109,0.411938951509101,0.04669131928055422,0.1133452398941756
Full LASSO,Devan Tanton,DEF,0.3985724532106296,0.39940173073458335,0.02747323668026522,0.06878597303455894
Full LASSO,Diego Carlos Santos Silva,DEF,1.0073094490783077,1.0068864833302529,0.03373636048998995,0.033505624564953686
Full LASSO,Diego Manuel Jadon da Silva Moreira,MID,0.2762447155466481,0.2767103573024774,0.020135165282669797,0.07276621474872971
Full LASSO,Diogo Dalot Teixeira,DEF,2.13048196291623,2.1208777334493476,0.07244397478482625,0.034157544134807344
Full LASSO,Diogo Teixeira da Silva,MID,4.527741284128412,4.494993157772536,0.12249476595225624,0.02725137984702911
Full LASSO,Dion Pereira,MID,0.2762447155466481,0.2767496259978417,0.020125059882454395,0.07271937517491477
Full LASSO,Divin Mubama,FWD,0.4546172526472257,0.4638407617239369,0.048751569673184315,0.10510410834095621
Full LASSO,Divock Origi,FWD,1.417737250077626,1.4184335722241728,0.09598130597116737,0.06766711381532237
Full LASSO,Djed Spence,DEF,0.3985724532106296,0.39940173073458335,0.02747323668026522,0.06878597303455894
Full LASSO,Djordje Petrovic,GK,1.9634954855465274,1.9573563244813537,0.09628039395940269,0.04918899678877548
Full LASSO,Dominic Calvert-Lewin,FWD,2.0756572370319146,2.0578453568400032,0.18411245836780657,0.08946855882821386
Full LASSO,Dominic Sadi,MID,0.2762447155466481,0.27670894419775166,0.02013553685313095,0.07276792917377102
Full LASSO,Dominic Solanke,FWD,4.139699179714851,4.1440271259441,0.19570353612967747,0.04722544765801742
Full LASSO,Dominik Szoboszlai,MID,1.102351977105942,1.1022093630062644,0.029380127155351366,0.02665566827995126
Full LASSO,Donny van de Beek,MID,0.2763454600662562,0.276842081281721,0.020126827236119152,0.07270147350047415
Full LASSO,Douglas Luiz Soares de Paulo,MID,5.644371344811699,5.622382078392956,0.10971283300319581,0.019513585429355062
Full LASSO,Dovydas Sasnauskas,DEF,0.3985724532106296,0.39940173073458335,0.02747323668026522,0.06878597303455894
Full LASSO,Dwight McNeil,MID,3.217975682636568,3.234116016218957,0.08031301764529392,0.024833066359563935
Full LASSO,Eberechi Eze,MID,1.2699196308181102,1.2649258418737288,0.031941881938620416,0.0252519799036638
Full LASSO,Eddie Beach,GK,0.21798171430345936,0.2191358039174993,0.029247784595321874,0.1334687626232596
Full LASSO,Eddie Nketiah,FWD,1.048498520490809,1.043925375434526,0.05846303361757754,0.05600307741656606
Full LASSO,Ederson Santana de Moraes,GK,4.069153265811209,4.057109784398696,0.14161961036728535,0.034906526540610924
Full LASSO,Edson Álvarez Velázquez,MID,2.0086705848704236,2.00410428667064,0.07467867037849964,0.03726286644621729
Full LASSO,Elijah Adebayo,FWD,3.0945118414728574,3.0721587980946317,0.11078304911027384,0.03606032643201323
Full LASSO,Elijah Campbell,DEF,0.3985724532106296,0.39940173073458335,0.02747323668026522,0.06878597303455894
Full LASSO,Ellery Balcombe,GK,0.21798171430345936,0.2191358039174993,0.029247784595321874,0.1334687626232596
Full LASSO,Elliot Anderson,MID,0.27789973105100907,0.2797346987884207,0.020033297121076966,0.07161534556794218
Full LASSO,Elliot Thorpe,MID,0.2762447155466481,0.27671148945494045,0.020134867984442893,0.07276484263123321
Full LASSO,Ellis Simms,FWD,0.4164965560034109,0.4119495607534419,0.04668695816715645,0.1133317343069078
Full LASSO,Emerson Leite de Souza Junior,DEF,0.9813874112137884,0.976899751197603,0.03816729252675899,0.03906981497330597
Full LASSO,Emerson Palmieri dos Santos,DEF,3.240112992740369,3.218872297138457,0.12459479306285905,0.038707591218708017
Full LASSO,Emil Krafth,DEF,0.5020145276941832,0.5025132278887077,0.027551194075176196,0.05482680364640669
Full LASSO,Emile Smith Rowe,MID,0.8079639599879436,0.8076091609059858,0.044128091262056565,0.054640404539930104
Full LASSO,Emiliano Buendía Stati,MID,0.2762447155466481,0.27674172766951666,0.02012705827739115,0.07272867177235652
Full LASSO,Emiliano Marcondes,MID,0.2762447155466481,0.2767412209202438,0.02012718707995672,0.07272927037406303
Full LASSO,Emiliano Martínez Romero,GK,2.3523642540865155,2.343984410294344,0.1163774850339886,0.04964942792404263
Full LASSO,Emmanuel Dennis,FWD,0.4164965560034109,0.41221757667239056,0.04658040081719489,0.11299955036661284
Full LASSO,Enes Ünal,FWD,0.7103802983751175,0.7030277508444974,0.04822135366174339,0.06859096757392363
Full LASSO,Enock Agyei,MID,0.2762447155466481,0.2770806334427868,0.020056842331725874,0.07238630171483035
Full LASSO,Enso González,MID,0.2762447155466481,0.27672258948646866,0.020131971870749173,0.07275145808699364
Full LASSO,Enzo Fernández,MID,3.100893592722529,3.1078416655562098,0.06745135187114329,0.02170359983865894
Full LASSO,Eric Bailly,DEF,0.3985724532106296,0.39940173073458335,0.02747323668026522,0.06878597303455894
Full LASSO,Eric Dier,DEF,0.42713031597998136,0.42771254034917033,0.027471576455579284,0.06422906476661264
Full LASSO,Erling Haaland,FWD,4.650949675468908,4.720113637174228,0.34401888697670946,0.07288360268857043
Full LASSO,Ethan Ampadu,DEF,0.3985724532106296,0.39940173073458335,0.02747323668026522,0.06878597303455894
Full LASSO,Ethan Brierley,MID,0.2762447155466481,0.27671836041932196,0.02013307127479311,0.07275654294960658
Full LASSO,Ethan Horvath,GK,0.21798171430345936,0.2191358039174993,0.029247784595321874,0.1334687626232596
Full LASSO,Ethan Nwaneri,MID,0.3812602507510926,0.3815037641336093,0.02080778842859216,0.05454150229905702
Full LASSO,Ethan Pinnock,DEF,1.1204619142939858,1.1191382799961638,0.03681861581235546,0.03289907643270112
Full LASSO,Evan Ferguson,FWD,1.4030292468967436,1.3944063021694029,0.08839185985443791,0.06339031867320076
Full LASSO,Ezri Konsa Ngoyo,DEF,0.8197397581699194,0.8181282998855238,0.02958730690738103,0.03616462957157333
Full LASSO,Fabian Mrozek,GK,0.21798171430345936,0.2191358039174993,0.029247784595321874,0.1334687626232596
Full LASSO,Fabian Schär,DEF,2.3619892340420794,2.347741607360411,0.08821131448155979,0.03757283774543513
Full LASSO,Fabio Henrique Tavares,MID,0.2762447155466481,0.2767148303084493,0.020133992749611723,0.07276080117270442
Full LASSO,Facundo Buonanotte,MID,3.355945038008123,3.322985671807464,0.10255626786747533,0.030862687352994855
Full LASSO,Facundo Pellistri Rebollo,MID,0.29611968674030403,0.29690585080215887,0.020048047935573927,0.0675232498160934
Full LASSO,Felipe Augusto de Almeida Monteiro,DEF,1.053430972847285,1.055046358661423,0.05484580920254416,0.05198426472191146
Full LASSO,Femi Seriki,DEF,0.3985724532106296,0.39940173073458335,0.02747323668026522,0.06878597303455894
Full LASSO,Filip Marschall,GK,0.21798171430345936,0.2191358039174993,0.029247784595321874,0.1334687626232596
Full LASSO,Flynn Downes,MID,0.2762447155466481,0.2767176567321529,0.02013325468621686,0.07275739077866188
Full LASSO,Fodé Ballo-Touré,DEF,0.46627408826261896,0.46685622522545195,0.027512845880347022,0.05893216025353555
Full LASSO,Folarin Balogun,FWD,0.4164965560034109,0.4123411248855232,0.046533630744033695,0.11285226705668192
Full LASSO,Francisco Jorge Tomás Oliveira,MID,0.2762447155466481,0.27671250155771837,0.020134602509676598,0.07276361709836518
Full LASSO,Franco Umeh-Chibueze,FWD,0.4164965560034109,0.4119337812443903,0.046693448547252894,0.11335183146718139
Full LASSO,Frank Onyeka,MID,1.7729985420919288,1.760084438101921,0.055830673009454324,0.031720451474283956
Full LASSO,Fraser Forster,GK,0.21798171430345936,0.2191358039174993,0.029247784595321874,0.1334687626232596
Full LASSO,Fred Onyedinma,MID,0.2762447155466481,0.27670934699889266,0.020135430882063297,0.0727674402778446
Full LASSO,Frederico Rodrigues de Paula Santos,MID,0.2762447155466481,0.2767399613837141,0.0201275075283909,0.07273075932999457
Full LASSO,Fábio Ferreira Vieira,MID,0.2781099605733172,0.27861768533674264,0.020118561920884293,0.07220848847613034
Full LASSO,Fábio Silva,FWD,0.41689283709529534,0.41274098413551946,0.04651915518972602,0.11270786516914422
Full LASSO,Gabriel Fernando de Jesus,FWD,1.187211564870435,1.1682604277396715,0.0611931827430553,0.05237974452447279
Full LASSO,Gabriel Martinelli Silva,MID,3.9966095310740615,4.016469946233487,0.18582934260676187,0.046266832590401055
Full LASSO,Gabriel Osho,DEF,2.1717596755546174,2.1609582052930003,0.09286862519925004,0.042975669298823
Full LASSO,Gabriel Słonina,GK,0.21798171430345936,0.2191358039174993,0.029247784595321874,0.1334687626232596
Full LASSO,Gabriel dos Santos Magalhães,DEF,3.0966040506797126,3.0781609306454225,0.10878887439461196,0.03534216593795872
Full LASSO,Garang Kuol,MID,0.2762447155466481,0.27671097766272107,0.020135002335081083,0.07276546274077836
Full LASSO,Gavin Kilkenny,MID,0.2762447155466481,0.27676754023426936,0.0201205911105704,0.07269852199264178
Full LASSO,George Baldock,DEF,0.47434083010380207,0.4747507904284494,0.02645504148627556,0.05572405990604169
Full LASSO,George Earthy,MID,0.2762447155466481,0.27670834631595176,0.020135694229455877,0.07276865514733875
Full LASSO,George Shelvey,GK,0.21798171430345936,0.2191358039174993,0.029247784595321874,0.1334687626232596
Full LASSO,Gianluca Scamacca,FWD,0.4164965560034109,0.4119738676661135,0.04667700739128928,0.11330089370891583
Full LASSO,Giovani Lo Celso,MID,0.9120745494692666,0.9190100321859375,0.032052075101074703,0.03487674125258059
Full LASSO,Giovanni Reyna,MID,0.6833934251933722,0.6811670544893926,0.026873759033370064,0.0394525232191607
Full LASSO,Giulian Biancone,DEF,0.3985724532106296,0.39940173073458335,0.02747323668026522,0.06878597303455894
Full LASSO,Glen Rea,MID,0.2762447155466481,0.2767263170771274,0.020131006919615335,0.07274699107857005
Full LASSO,Gonzalo Montiel,DEF,0.7869008186755333,0.7858242082019885,0.02693305406329742,0.034273637516107854
Full LASSO,Gonçalo Manuel Ganchinho Guedes,MID,0.2762447155466481,0.27673766188639526,0.02012809368983747,0.07273348178427676
Full LASSO,Granit Xhaka,MID,0.2762447155466481,0.2767165622113353,0.020133540237032052,0.07275871048750443
Full LASSO,Guglielmo Vicario,GK,2.1969216990886156,2.1889894540412658,0.11607680135759925,0.053027574501695623
Full LASSO,Gustavo Hamer,MID,2.211508964784288,2.2113055430251514,0.056844453482511735,0.02570628634374349
Full LASSO,Gustavo Henrique Furtado Scarpa,MID,0.2762447155466481,0.27672181830694287,0.020132171981992904,0.07275238398318877
Full LASSO,Hakim Ziyech,MID,0.2762447155466481,0.27677190670461305,0.020119515306034032,0.07269348809851117
Full LASSO,Halil Dervişoğlu,FWD,0.4164965560034109,0.4119436741706165,0.04668937660616511,0.11333922459221346
Full LASSO,Hamed Traorè,MID,0.27636938238765457,0.2768447605937984,0.020131762066679038,0.07271859515599591
Full LASSO,Han-Noah Massengo,MID,0.39432322288017063,0.3960549468270415,0.020785847877461426,0.05248223269014911
Full LASSO,Hannes Delcroix,DEF,0.7541406798539209,0.7526202024907819,0.03298632084482839,0.04382864123984555
Full LASSO,Hannibal Mejbri,MID,0.28703043973331116,0.28766080536517974,0.020068043365950503,0.06976286999014175
Full LASSO,Harrison Ashby,DEF,0.3985724532106296,0.39940173073458335,0.02747323668026522,0.06878597303455894
Full LASSO,Harrison Reed,MID,1.0948847038751304,1.0947919393189849,0.046954290240164474,0.04288877964279896
Full LASSO,Harry Arter,MID,0.2762447155466481,0.2768309123404468,0.020105494184210634,0.07262734502527263
Full LASSO,Harry Kane,FWD,0.4164965560034109,0.41322599962659307,0.04624243700244465,0.11190592325805032
Full LASSO,Harry Maguire,DEF,2.6700622220353383,2.6499464394129166,0.11958292570084786,0.04512654441700373
Full LASSO,Harry Toffolo,DEF,0.7241077380001423,0.7212228061016017,0.0333251358903425,0.0462064366356821
Full LASSO,Harry Wilson,MID,1.2680180128414724,1.2762939597634937,0.04099194881599007,0.03211795253155172
Full LASSO,Harvey Barnes,MID,1.24655177888559,1.254415725041434,0.03705584712800088,0.029540324143159876
Full LASSO,Harvey Elliott,MID,4.692166459031137,4.680877750457852,0.15372381319686448,0.03284080922254982
Full LASSO,Harvey Griffiths,MID,0.2762447155466481,0.2767096357647341,0.020135354939517375,0.07276708989143041
Full LASSO,Hjalmar Ekdal,DEF,0.5615304288858852,0.5623269348461712,0.029499771686605697,0.05246017904988951
Full LASSO,Hugo Bueno López,DEF,0.4821621096852359,0.48241341412840705,0.02740895295766818,0.056816315954208864
Full LASSO,Hugo Lloris,GK,0.21798171430345936,0.2191358039174993,0.029247784595321874,0.1334687626232596
Full LASSO,Hwang Hee-chan,MID,1.6829278763062359,1.684514527888754,0.07522595875664012,0.04465735231795405
Full LASSO,Hwang Ui-jo,FWD,0.4164965560034109,0.41254029102379425,0.04646137230447217,0.11262262939013731
Full LASSO,Hákon Valdimarsson,GK,0.21798171430345936,0.2191358039174993,0.029247784595321874,0.1334687626232596
Full LASSO,Ian Maatsen,MID,0.33483231700862714,0.33500307846380084,0.020430057191481374,0.060984684932347474
Full LASSO,Ibrahim Sangaré,MID,0.32080410742736093,0.32113873650722846,0.019854445195798483,0.06182513331072903
Full LASSO,Ibrahima Konaté,DEF,1.2785943466418792,1.2763189602329135,0.054994266818486154,0.04308818448364219
Full LASSO,Idrissa Gueye,MID,1.4781255254981414,1.4695817714831072,0.08490799433556762,0.05777697844596845
Full LASSO,Igor Julio dos Santos de Paulo,DEF,1.0051753032569875,1.00478784314685,0.04551011346575765,0.04529325645822562
Full LASSO,Iliman Ndiaye,FWD,0.4164965560034109,0.4119513429489024,0.046686226631554736,0.11332946822641042
Full LASSO,Illia Zabarnyi,DEF,1.5905734802981386,1.5869921391464348,0.07337581230804452,0.04623577552659446
Full LASSO,Ionuț Radu,GK,0.22069308529313475,0.22182650188938652,0.02930951630410479,0.1321281093758578
Full LASSO,Isaac Hayden,MID,0.2762447155466481,0.27672717787711,0.020130784631044108,0.0727459615115356
Full LASSO,Ishé Samuels-Smith,DEF,0.3985724532106296,0.39940173073458335,0.02747323668026522,0.06878597303455894
Full LASSO,Ismaila Coulibaly,MID,0.2762447155466481,0.27674034579915596,0.0201274096798931,0.07273030472578995
Full LASSO,Issa Diop,DEF,1.2733161493661687,1.2702463096476233,0.03817940092650084,0.030056691081505375
Full LASSO,Issa Kaboré,DEF,0.47446538440859304,0.47491182344368654,0.02640221572447618,0.05559393222309797
Full LASSO,Ivan Neves Abreu Cavaleiro,MID,0.2762447155466481,0.2767113554902639,0.020134903144557462,0.07276500492321109
Full LASSO,Ivan Perišić,DEF,0.3988213609460416,0.39964678184322583,0.02747300317225997,0.06874321130662107
Full LASSO,Ivan Toney,FWD,3.779740737185578,3.7884762440260165,0.21589036393982652,0.05698606775752134
Full LASSO,Ivo Grbic,GK,1.090380578652018,1.0848121187124642,0.07222799818613229,0.06658111293212493
Full LASSO,Jack Cork,MID,0.41548714556957567,0.41547374107773866,0.02016947651427309,0.04854573110193073
Full LASSO,Jack Grealish,MID,0.6475644579101902,0.6477178401543923,0.021781743551816498,0.03362844467372479
Full LASSO,Jack Harrison,MID,2.327064080974618,2.317307139933342,0.0517106269600038,0.02231496467123097
Full LASSO,Jack Hinshelwood,MID,1.1478165877693516,1.1402686501739525,0.02739742790406945,0.02402716929899797
Full LASSO,Jack Robinson,DEF,1.3792356440800706,1.3720998488018326,0.06349472076079908,0.04627558323561144
Full LASSO,Jack Walton,GK,0.21798171430345936,0.2191358039174993,0.029247784595321874,0.1334687626232596
Full LASSO,Jacob Brown,FWD,0.6859188817257931,0.6827970992480635,0.045826852916248405,0.06711635560068377
Full LASSO,Jacob Bruun Larsen,MID,0.5397502583847934,0.5417379196063048,0.021572366514821657,0.039820669246300615
Full LASSO,Jacob Murphy,MID,1.0595180485097686,1.0580585243073217,0.02871321398609286,0.02713764250884942
Full LASSO,Jacob Ramsey,MID,2.671876424395741,2.684709785481129,0.07215733447240834,0.02687714510619887
Full LASSO,Jacob Wright,MID,0.2762447155466481,0.276708541542662,0.020135642830438966,0.07276841805526454
Full LASSO,Jadan Raymond,MID,0.2762447155466481,0.27671254218557456,0.02013459185887101,0.07276356792446344
Full LASSO,Jaden Philogene-Bidace,MID,0.27626222555449514,0.27677353270301014,0.020123253249392386,0.07270656645838133
Full LASSO,Jadon Sancho,MID,0.27630370877416255,0.2770990277450352,0.020062952623954574,0.07240354752314371
Full LASSO,Jaidon Anthony,MID,0.2763742109704822,0.27687588931685764,0.02012447332102532,0.07268409456193135
Full LASSO,Jairo Riedewald,MID,0.28915549142184155,0.2897668043227072,0.020022922729746002,0.06910012613952457
Full LASSO,Jake O'Brien,DEF,0.3985724532106296,0.39940173073458335,0.02747323668026522,0.06878597303455894
Full LASSO,Jakub Kiwior,DEF,3.2346640971489764,3.220118398876931,0.0872847066137673,0.027106055058164717
Full LASSO,Jakub Moder,MID,0.5117443266090885,0.5115106668982158,0.023401340853758935,0.04574946793517311
Full LASSO,Jamaal Lascelles,DEF,0.5883689236251023,0.5887224833172877,0.02679876773910882,0.04552020433822267
Full LASSO,Jamal Lewis,DEF,0.3985724532106296,0.39940173073458335,0.02747323668026522,0.06878597303455894
Full LASSO,Jamal Lowe,MID,0.2762447155466481,0.27671588170563577,0.020133717941378432,0.07275953160793364
Full LASSO,James Garner,MID,2.2376100559341756,2.2291302974699723,0.0693601363567433,0.031115335175994855
Full LASSO,James Hill,DEF,0.4438216932122514,0.44449250414952257,0.026744632957060484,0.060168917827383366
Full LASSO,James Maddison,MID,2.716080177722922,2.7260646889983717,0.061202634758529134,0.02245091064989239
Full LASSO,James McAtee,MID,2.8776568588734293,2.8683845004644146,0.06269628419369562,0.0218576987093413
Full LASSO,James McConnell,MID,0.46203467438469364,0.4625115481408432,0.020131624030761734,0.04352674892483179
Full LASSO,James Milner,MID,0.6698956442768051,0.6734974598934043,0.024285959702835053,0.03605946740568085
Full LASSO,James Shea,GK,0.21798171430345936,0.2191358039174993,0.029247784595321874,0.1334687626232596
Full LASSO,James Sweet,DEF,0.3985724532106296,0.39940173073458335,0.02747323668026522,0.06878597303455894
Full LASSO,James Tarkowski,DEF,2.015067887278753,1.999707879287,0.09319349509981119,0.046603554481687355
Full LASSO,James Tomkins,DEF,0.5106349218770205,0.511426778457938,0.02747211154659841,0.0537166075453318
Full LASSO,James Trafford,GK,2.089611332899476,2.0826612274772605,0.1162080712474191,0.05579787519652565
Full LASSO,James Ward-Prowse,MID,3.0789071332228293,3.080689521754913,0.06971431256520512,0.022629450995598023
Full LASSO,James Wright,GK,0.21798171430345936,0.2191358039174993,0.029247784595321874,0.1334687626232596
Full LASSO,Jamie Donley,FWD,0.42291137531307416,0.4194004849997534,0.04616307060659617,0.11006918746558748
Full LASSO,Jamie McDonnell,MID,0.2762447155466481,0.2767091046271085,0.020135494641166294,0.07276773443469005
Full LASSO,Jan Paul van Hecke,DEF,2.2692595080696956,2.2540560684536914,0.09244493384299483,0.04101270378177111
Full LASSO,Japhet Tanganga,DEF,0.3985724532106296,0.39940173073458335,0.02747323668026522,0.06878597303455894
Full LASSO,Jarell Quansah,DEF,1.13517348427188,1.1352778747144783,0.05129218343528662,0.045180289845943286
Full LASSO,Jarrad Branthwaite,DEF,3.06882500143261,3.054968887306335,0.08635397213413244,0.028266727197432617
Full LASSO,Jarrod Bowen,MID,5.560700724650573,5.53595658730387,0.12779924544782717,0.023085304848835194
Full LASSO,Jason Steele,GK,0.9608092795234144,0.9592089750189027,0.049938941762709195,0.05206262979526966
Full LASSO,Javier Manquillo Gaitán,DEF,0.3985724532106296,0.39940173073458335,0.02747323668026522,0.06878597303455894
Full LASSO,Jay Rodriguez,FWD,0.7540950393882048,0.7594940876008299,0.05650852894746654,0.0744028556245535
Full LASSO,Jay Stansfield,FWD,0.4164965560034109,0.4119601530269243,0.04668261487774221,0.11331827734972998
Full LASSO,Jayden Bogle,DEF,1.6421464846705316,1.630758131199149,0.07678583382377227,0.04708597329961444
Full LASSO,Jayden Danns,FWD,0.7818384566171397,0.7751290843090091,0.04755837833222132,0.06135543007603355
Full LASSO,Jayden Luker,MID,0.2762447155466481,0.2767112185673634,0.020134939086184727,0.07276517081754319
Full LASSO,Jean-Philippe Gbamin,MID,0.2762447155466481,0.27671882326122216,0.020132950712491382,0.07275598557126671
Full LASSO,Jean-Philippe Mateta,FWD,3.2708640894171923,3.233325589351265,0.15417037486818483,0.0476816734373842
Full LASSO,Jean-Ricner Bellegarde,MID,1.1908746246360573,1.188760810208278,0.04587906545839399,0.038594025866612904
Full LASSO,Jeff Hendrick,MID,0.2762447155466481,0.2767281882839253,0.0201305239693664,0.0727447539558649
Full LASSO,Jefferson Lerma Solís,MID,2.4492914769142358,2.433696661820158,0.07277505726818209,0.029903092858644814
Full LASSO,Jeffrey Schlupp,MID,0.6299017769701356,0.6295772631103895,0.02063645972852464,0.03277827986762327
Full LASSO,Jenson Metcalfe,MID,0.2762447155466481,0.2767094479016847,0.020135404343022155,0.07276731783360102
Full LASSO,Jeremy Sarmiento Morante,MID,0.2762447155466481,0.27671550876756196,0.020133815382957193,0.07275998180452321
Full LASSO,Jesurun Rak-Sakyi,MID,0.27740972195590075,0.2778837025279162,0.020122359534830415,0.07241288118654214
Full LASSO,Jhon Durán,FWD,0.5156023524211983,0.5101096654104342,0.04689525108185345,0.09193170461516648
Full LASSO,Ji-Soo Kim,DEF,0.3985724532106296,0.39940173073458335,0.02747323668026522,0.06878597303455894
Full LASSO,Jili Buyabu,DEF,0.3985724532106296,0.39940173073458335,0.02747323668026522,0.06878597303455894
Full LASSO,Joachim Andersen,DEF,2.1428105763995506,2.1392245352069206,0.07336597138882824,0.03429559178168821
Full LASSO,Joe Gardner,FWD,0.4164965560034109,0.4119409272821339,0.04669050628104454,0.1133427226789406
Full LASSO,Joe Gauci,GK,0.21798171430345936,0.2191358039174993,0.029247784595321874,0.1334687626232596
Full LASSO,Joe Gomez,DEF,1.7265190402002086,1.7214639540451957,0.05219417688179386,0.030319645531435593
Full LASSO,Joe Hodge,MID,0.2762447155466481,0.27675081263820656,0.020124761131783516,0.07271798387848785
Full LASSO,Joe Hugill,FWD,0.4164965560034109,0.4119476177646493,0.04668775605302843,0.11333420570889603
Full LASSO,Joe Rodon,DEF,0.3985724532106296,0.39940173073458335,0.02747323668026522,0.06878597303455894
Full LASSO,Joe Rothwell,MID,0.28826960645813904,0.2888198005851312,0.020069010122047447,0.06948626819002321
Full LASSO,Joe Taylor,FWD,0.4164965560034109,0.41208388098898535,0.04663268486600648,0.11316308891794032
Full LASSO,Joe White,MID,0.35227072073700255,0.35306943303783256,0.01998338324195598,0.0565990181308465
Full LASSO,Joe Whitworth,GK,0.21798171430345936,0.2191358039174993,0.029247784595321874,0.1334687626232596
Full LASSO,Joe Willock,MID,1.3009279413527661,1.290119189295845,0.05138152500090876,0.03982695973149048
Full LASSO,Joe Worrall,DEF,0.4070985130795455,0.40785932042015005,0.027468718209468394,0.06734851169067783
Full LASSO,Joel Matip,DEF,0.4115146010568768,0.4122720583368516,0.02728570152973345,0.0661837274148697
Full LASSO,Joel Ward,DEF,1.59287563426764,1.593101583850691,0.050792482720647396,0.03188276456161491
Full LASSO,Joelinton Cássio Apolinário de Lira,MID,0.40256921362114806,0.40472968181118013,0.021281542677596924,0.05258211501158314
Full LASSO,John Egan,DEF,0.39875706280548534,0.3995861837062437,0.02746517709746208,0.06873405091917077
Full LASSO,John Fleck,MID,0.2825427436728167,0.28322761043528566,0.020094600997304816,0.07094859490012966
Full LASSO,John McAtee,FWD,0.4164965560034109,0.4128579479695542,0.0463541780948406,0.11227633698905788
Full LASSO,John McGinn,MID,3.3287558921534246,3.323977565626375,0.060241866033389324,0.018123427383011613
Full LASSO,John Stones,DEF,2.427784711842246,2.424660242401051,0.05839628055394601,0.024084314797077854
Full LASSO,John-Kymani Gordon,FWD,0.4164965560034109,0.41201781244230234,0.04665916225417252,0.11324549775552852
Full LASSO,Jonathan Castro Otto,DEF,0.398630608765049,0.39945956582658165,0.02747321624813175,0.0687759628218761
Full LASSO,Jonathan Panzo,DEF,0.3985724532106296,0.39940173073458335,0.02747323668026522,0.06878597303455894
Full LASSO,Jonjo Shelvey,MID,0.2762447155466481,0.27672161086356334,0.020132225838876652,0.07275263314654083
Full LASSO,Jonny Evans,DEF,0.7468350924889938,0.7445319194701454,0.030623768962796675,0.041131572954710156
Full LASSO,Jordan Amissah,GK,0.21798171430345936,0.2191358039174993,0.029247784595321874,0.1334687626232596
Full LASSO,Jordan Ayew,MID,4.985519363108223,4.94913267215201,0.1322636425447001,0.026724610412835928
Full LASSO,Jordan Beyer,DEF,0.5128680368689778,0.5133475755217061,0.026422555555074136,0.05147108278094303
Full LASSO,Jordan Clark,MID,1.4433576140791984,1.4487623946391819,0.06108585446790676,0.04216416349150224
Full LASSO,Jordan Henderson,MID,0.2762447155466481,0.27671321227914725,0.020134416255964956,0.0727627571163947
Full LASSO,Jordan Pickford,GK,2.672407016549898,2.6643417408061025,0.11689045131223878,0.043872169069750534
Full LASSO,Jorge Luiz Frello Filho,MID,1.2951201262775762,1.2934874983307578,0.05103373736493907,0.03945437233123472
Full LASSO,Joseph Anang,GK,0.21798171430345936,0.2191358039174993,0.029247784595321874,0.1334687626232596
Full LASSO,Joseph Johnson,DEF,0.3985724532106296,0.39940173073458335,0.02747323668026522,0.06878597303455894
Full LASSO,Josh Bowler,MID,0.2762447155466481,0.2767101094537411,0.020135230413761526,0.0727665153019197
Full LASSO,Josh Brooking,DEF,0.3985724532106296,0.39940173073458335,0.02747323668026522,0.06878597303455894
Full LASSO,Josh Brownhill,MID,1.9143895246037106,1.931125586166071,0.1352826419972466,0.07005377742719872
Full LASSO,Josh Cullen,MID,0.6874430332670113,0.6913936539877942,0.0559312104268184,0.08089633178467937
Full LASSO,Josh Dasilva,MID,0.36055006004048,0.36238258529730216,0.020888990858995163,0.0576434732421196
Full LASSO,Josh Powell,DEF,0.3985724532106296,0.39940173073458335,0.02747323668026522,0.06878597303455894
Full LASSO,Joshua Duffus,MID,0.2762447155466481,0.27671148272302054,0.02013486975117157,0.07276485078621019
Full LASSO,Joshua King,MID,0.2762447155466481,0.27670939253088606,0.020135418906075998,0.07276738502408624
Full LASSO,José Malheiro de Sá,GK,2.796402445195448,2.787809025479141,0.1154216098067179,0.04140226563291235
Full LASSO,João Cancelo,DEF,0.3985724532106296,0.39940173073458335,0.02747323668026522,0.06878597303455894
Full LASSO,João Neves Virgínia,GK,0.21798171430345936,0.2191358039174993,0.029247784595321874,0.1334687626232596
Full LASSO,João Palhinha Gonçalves,MID,1.866957002522188,1.856309554071134,0.05229116693256984,0.028169421860641912
Full LASSO,João Pedro Junqueira de Jesus,FWD,1.4351975801656964,1.4363161617241544,0.06629244208795117,0.046154491507199705
Full LASSO,João Victor Gomes da Silva,MID,3.6772465837233757,3.648999439236704,0.07172172892563199,0.019655176746378098
Full LASSO,Joël Veltman,DEF,0.6256445578100187,0.6244419702649137,0.030284746550080822,0.048498896602406145
Full LASSO,Joško Gvardiol,DEF,0.8721523189018412,0.8689046938178855,0.032108394272224,0.036952722779229945
Full LASSO,Julio Enciso,MID,0.6694172007102785,0.6617207456311235,0.03770334505896066,0.05697772860816186
Full LASSO,Julián Álvarez,FWD,3.388176119533699,3.376668103336221,0.18585165344155413,0.05503995292221012
Full LASSO,Jurriën Timber,DEF,0.39859032321408755,0.3994198460648728,0.027472421172945342,0.06878081157860978
Full LASSO,Justin Hubner,DEF,0.3985724532106296,0.39940173073458335,0.02747323668026522,0.06878597303455894
Full LASSO,Justin Kluivert,MID,1.93633824420498,1.9290463426345863,0.05849920144462322,0.030325451572473995
Full LASSO,Jérémy Doku,MID,2.455939455329286,2.455236502735215,0.09217556115668786,0.03754243676892276
Full LASSO,Jóhann Berg Gudmundsson,MID,1.4880018555503036,1.4954565973259724,0.06131752160819309,0.04100254177743107
Full LASSO,Kacper Kozłowski,MID,0.2762447155466481,0.2767093524834412,0.020135429439468264,0.07276743362215488
Full LASSO,Kaden Rodney,MID,0.2762447155466481,0.27670834631595176,0.020135694229455877,0.07276865514733875
Full LASSO,Kaelan Casey,DEF,0.3985724532106296,0.39940173073458335,0.02747323668026522,0.06878597303455894
Full LASSO,Kai Havertz,MID,5.370802028597513,5.315654947032844,0.20603177710581871,0.038759434003673245
Full LASSO,Kaide Gordon,MID,0.3602702547476958,0.3615091159962339,0.020441427445482753,0.056544708116560205
Full LASSO,Kaine Kesler-Hayden,DEF,0.3985724532106296,0.39940173073458335,0.02747323668026522,0.06878597303455894
Full LASSO,Kalvin Phillips,MID,0.6564248980969686,0.6644800350669836,0.05876161203553594,0.08843247190957726
Full LASSO,Kaoru Mitoma,MID,1.9235318380886806,1.9232664795367567,0.05404269211776434,0.02809943015841529
Full LASSO,Karl Darlow,GK,0.21798171430345936,0.2191358039174993,0.029247784595321874,0.1334687626232596
Full LASSO,Karl Hein,GK,0.21798171430345936,0.2191358039174993,0.029247784595321874,0.1334687626232596
Full LASSO,Keane Lewis-Potter,MID,2.53226750299537,2.5299828843036365,0.05939973693967336,0.02347831572624366
Full LASSO,Keinan Davis,FWD,0.4164965560034109,0.41218023364501605,0.04659482971458631,0.1130447942700605
Full LASSO,Kell Watts,DEF,0.3985724532106296,0.39940173073458335,0.02747323668026522,0.06878597303455894
Full LASSO,Kenny Tete,DEF,0.526255751529311,0.526580213096657,0.026457862768323123,0.05024469607912635
Full LASSO,Kepa Arrizabalaga,GK,0.21798171430345936,0.2191358039174993,0.029247784595321874,0.1334687626232596
Full LASSO,Kevin De Bruyne,MID,2.742939870634661,2.7616125502386732,0.11472967558143103,0.04154445038697245
Full LASSO,Kevin Mbabu,DEF,0.3985724532106296,0.39940173073458335,0.02747323668026522,0.06878597303455894
Full LASSO,Kevin Schade,MID,0.27684113303160285,0.27734843298281453,0.020123015214178617,0.07255499877089808
Full LASSO,Ki-Jana Hoever,DEF,0.3985724532106296,0.39940173073458335,0.02747323668026522,0.06878597303455894
Full LASSO,Kieffer Moore,FWD,0.46467314244854113,0.46072587004877774,0.04622972118659774,0.10034105786528404
Full LASSO,Kieran Tierney,DEF,0.3985724532106296,0.39940173073458335,0.02747323668026522,0.06878597303455894
Full LASSO,Kieran Trippier,DEF,2.1844129377894714,2.1678878833585578,0.09845826550109427,0.04541667779818933
Full LASSO,Kjell Scherpen,GK,0.21798171430345936,0.2191358039174993,0.029247784595321874,0.1334687626232596
Full LASSO,Kobbie Mainoo,MID,2.274525929906525,2.2914093788681824,0.07819609882416094,0.03412576536750717
Full LASSO,Konstantinos Mavropanos,DEF,1.1348710195880298,1.1327053911334,0.03958908003197754,0.03495090633616935
Full LASSO,Konstantinos Tsimikas,DEF,0.5781500125583138,0.5784270710629168,0.026639177606340565,0.04605451393792557
Full LASSO,Kortney Hause,DEF,0.3985724532106296,0.39940173073458335,0.02747323668026522,0.06878597303455894
Full LASSO,Kristian Sekularac,MID,0.2762447155466481,0.2767087743129703,0.020135581560720747,0.07276813541859892
Full LASSO,Kristoffer Ajer,DEF,1.3227737645467292,1.3165368564894295,0.05644575533334242,0.042874420913559606
Full LASSO,Kurt Zouma,DEF,1.3284211922822835,1.3259760396587623,0.07184538569751818,0.054183019563466224
Full LASSO,Kyle Walker,DEF,2.2238572571990747,2.2154606274897928,0.0570213369605142,0.025737914839462393
Full LASSO,Lawrence Vigouroux,GK,0.21798171430345936,0.2191358039174993,0.029247784595321874,0.1334687626232596
Full LASSO,Leander Dendoncker,MID,0.4250164076209866,0.42420243121949913,0.020306726142234666,0.04787036718261325
Full LASSO,Leandro Trossard,MID,3.2659405117611895,3.2326641308959254,0.08090975294075904,0.025028815139646162
Full LASSO,Leigh Kavanagh,DEF,0.3985724532106296,0.39940173073458335,0.02747323668026522,0.06878597303455894
Full LASSO,Leo Castledine,MID,0.2762447155466481,0.2767099391736284,0.020135275170741512,0.07276672182746259
Full LASSO,Leon Bailey,MID,4.975784594124338,4.994927292622394,0.1679926614784521,0.03363265401812366
Full LASSO,Lesley Ugochukwu,MID,0.3022981560036292,0.30288528939541903,0.020011821607131944,0.06607062907240226
Full LASSO,Levi Colwill,DEF,1.3478414418185078,1.3444445001373404,0.03975106677998014,0.029566907950398402
Full LASSO,Lewis Cook,MID,1.9135339963431048,1.9205241908012356,0.07538876540738584,0.03925426493895603
Full LASSO,Lewis Dobbin,MID,0.4260681228098936,0.4268421697364225,0.02075203347151301,0.04861758032091231
Full LASSO,Lewis Dunk,DEF,4.083638710611886,4.056501253649053,0.16140510819237414,0.03978924154089219
Full LASSO,Lewis Hall,DEF,0.4384337094374841,0.4391414103427404,0.027453199934579762,0.0625156254636818
Full LASSO,Lewis Koumas,FWD,0.4164965560034109,0.411933394663427,0.04669360785635953,0.11335232457788683
Full LASSO,Lewis Miley,MID,2.2488167917107886,2.25396763534502,0.09946293584021013,0.044127934350301844
Full LASSO,Lewis O'Brien,MID,0.2762447155466481,0.27671536375409894,0.020133853282546698,0.07276015689695675
Full LASSO,Lewis Orford,MID,0.2762447155466481,0.2767094281741292,0.02013540953146134,0.07276734177192698
Full LASSO,Lisandro Martínez,DEF,0.7358064366386625,0.7356385333104507,0.02662164730569038,0.03618848945539893
Full LASSO,Lloyd Kelly,DEF,0.915559645519413,0.916429978133221,0.05028261492144194,0.054867928942992715
Full LASSO,Lorenz Assignon,DEF,1.640796206375782,1.6354748700212978,0.07071113448022712,0.04323584285908734
Full LASSO,Loris Karius,GK,0.737343275121805,0.7359288563700553,0.05152446086387368,0.07001282857424068
Full LASSO,Louie Marsh,FWD,0.4164965560034109,0.4119798352923922,0.046674573092699075,0.11329334373749868
Full LASSO,Louie Watson,MID,0.2762447155466481,0.27681568632061676,0.02010902009883369,0.07264407724186114
Full LASSO,Loïc Mbe Soh,DEF,0.3985724532106296,0.39940173073458335,0.02747323668026522,0.06878597303455894
Full LASSO,Luc De Fougerolles,DEF,0.3985724532106296,0.39940173073458335,0.02747323668026522,0.06878597303455894
Full LASSO,Luca Barrington,MID,0.2762447155466481,0.2767104284770748,0.0201351465821337,0.07276612845042044
Full LASSO,Luca Koleosho,MID,0.3038970922646762,0.30418433114261667,0.020100091123832292,0.0660786538489005
Full LASSO,Lucas Bergström,GK,0.21798171430345936,0.2191358039174993,0.029247784595321874,0.1334687626232596
Full LASSO,Lucas Digne,DEF,0.7681873496245044,0.7669912653496486,0.028979808056571167,0.0377837523917044
Full LASSO,Lucas Tolentino Coelho de Lima,MID,1.1442814153650807,1.1457517579198855,0.049715363652004164,0.04339104287499633
Full LASSO,Luis Díaz,MID,7.0946393257769245,7.024782699658965,0.2381475188359702,0.03390105132327177
Full LASSO,Luis Sinisterra,MID,1.5543637574867797,1.5441271835422967,0.036762887582978104,0.023808199204577437
Full LASSO,Lukasz Fabianski,GK,0.2839351900877063,0.285061518834314,0.029807508715989476,0.1045651789055206
Full LASSO,Luke Berry,MID,0.7043187298140049,0.7049631235769621,0.029114520012461568,0.041299351751529004
Full LASSO,Luke Chambers,DEF,0.3985724532106296,0.39940173073458335,0.02747323668026522,0.06878597303455894
Full LASSO,Luke Cundle,MID,0.2762447155466481,0.27671688651265475,0.020133455595266397,0.07275831933858384
Full LASSO,Luke Freeman,MID,0.2762447155466481,0.2767155528865597,0.02013380385351167,0.07275992853847857
Full LASSO,Luke Harris,MID,0.2763063233506128,0.27678580802552566,0.02013079981353928,0.0727306069525168
Full LASSO,Luke McNally,DEF,0.3985724532106296,0.39940173073458335,0.02747323668026522,0.06878597303455894
Full LASSO,Luke Plange,FWD,0.4164965560034109,0.41195232482470684,0.046685823733289715,0.11332822008749527
Full LASSO,Luke Shaw,DEF,1.093582810149514,1.0938829250184274,0.050244827235198075,0.04593254550924785
Full LASSO,Luke Thomas,DEF,0.42928146586527594,0.43019059831663026,0.02694563417115974,0.06263650176596172
Full LASSO,Lyle Foster,FWD,0.9098178338907947,0.907967448849304,0.060445727455653554,0.0665725710015908
Full LASSO,Mackenzie Hunt,MID,0.2762447155466481,0.2767144541181579,0.020134091150080344,0.07276125569314505
Full LASSO,Mads Bech Sørensen,DEF,0.3985724532106296,0.39940173073458335,0.02747323668026522,0.06878597303455894
Full LASSO,Mads Bidstrup,MID,0.2762447155466481,0.2767094349095476,0.020135407760003363,0.07276733359881764
Full LASSO,Mads Juel Andersen,DEF,0.4192879271220418,0.41998776335285,0.027459986505612828,0.06538282517184316
Full LASSO,Mads Roerslev Rasmussen,DEF,1.8795777167967247,1.8742946101019458,0.06155204942454701,0.03284011440506629
Full LASSO,Mahamadou Susoho,MID,0.2762447155466481,0.27670926703664556,0.020135451915400476,0.07276753731827083
Full LASSO,Mahmoud Dahoud,MID,0.2844334976314921,0.2849288068129399,0.020129236176933657,0.07064654642009857
Full LASSO,Malang Sarr,DEF,0.3985724532106296,0.39940173073458335,0.02747323668026522,0.06878597303455894
Full LASSO,Malcolm Ebiowei,MID,0.2762447155466481,0.276730899212264,0.020129826002892714,0.07274151914438838
Full LASSO,Malo Gusto,DEF,2.2993674353827926,2.279819125938255,0.11558994907962726,0.05070136826405316
Full LASSO,Manor Solomon,MID,0.27738065016425567,0.27790430986026854,0.020115817743582533,0.07238397185598472
Full LASSO,Manuel Akanji,DEF,3.094442846185428,3.084898796795981,0.07251519543461653,0.02350650708863831
Full LASSO,Manuel Benson Hedilazio,MID,0.3980921736118935,0.3983839143084759,0.02009066349145818,0.05043040838215575
Full LASSO,Marc Cucurella Saseta,DEF,0.42330674641081634,0.42395240255739647,0.027068528665726812,0.06384803695519135
Full LASSO,Marc Guéhi,DEF,0.7000617877525137,0.7005057188706596,0.03233805365455501,0.046163868164687843
Full LASSO,Marcelo de Araújo Pitaluga Filho,GK,0.21798171430345936,0.2191358039174993,0.029247784595321874,0.1334687626232596
Full LASSO,Marcos Senesi,DEF,1.8916112429299994,1.8846327477326246,0.06709374915147297,0.03560043686611756
Full LASSO,Marcus Bettinelli,GK,0.21147864058502214,0.2126327301990618,0.029247784595325076,0.13755071746454078
Full LASSO,Marcus Oliveira Alencar,MID,0.2762447155466481,0.2767454917387381,0.020126103765317146,0.07272423351458682
Full LASSO,Marcus Rashford,MID,2.8998790402320553,2.8972913009223626,0.061680357396891976,0.021288973386022945
Full LASSO,Marcus Tavernier,MID,2.661254840825115,2.6633137431420146,0.06046530520620164,0.022703035029912912
Full LASSO,Marek Rodák,GK,0.21797181377144878,0.21912590338548865,0.02924778459532282,0.13347479300003068
Full LASSO,Mario Lemina,MID,2.5815801924792723,2.563456434470941,0.0618786997128327,0.024138775631505332
Full LASSO,Mark Flekken,GK,2.9209868054409096,2.9126774660371044,0.1385395215811771,0.04756431949524076
Full LASSO,Mark Gillespie,GK,0.21798171430345936,0.2191358039174993,0.029247784595321874,0.1334687626232596
Full LASSO,Mark O’Mahony,FWD,0.4164965560034109,0.41198443528422546,0.04667269902595174,0.11328752988872635
Full LASSO,Mark Travers,GK,0.21798171430345936,0.2191358039174993,0.029247784595321874,0.1334687626232596
Full LASSO,Martin Dubravka,GK,1.4967951995335544,1.4925752855387941,0.08236690432283952,0.05518442193226218
Full LASSO,Martin Ødegaard,MID,4.733226314736642,4.737981114977211,0.14762828553474502,0.031158479097368685
Full LASSO,Marvelous Nakamba,MID,0.30494529585475744,0.3060742747255462,0.019795867374902656,0.06467667821039
Full LASSO,Mason Burstow,FWD,0.4165257487700999,0.41209471882215937,0.04663973330810765,0.11317721673651236
Full LASSO,Mason Holgate,DEF,0.4272042925461801,0.4283928044950339,0.04616802780195932,0.10777031574183342
Full LASSO,Mason Mount,MID,0.2790993229784519,0.2802767388267228,0.01999704788353882,0.07134751163171524
Full LASSO,Mateo Kovačić,MID,1.3483244024174423,1.3518910016959766,0.039668675788414424,0.029343102172178975
Full LASSO,Matheus França de Oliveira,MID,1.692360714801529,1.6994806742096205,0.037128158616971864,0.021846767180355907
Full LASSO,Matheus Luiz Nunes,MID,1.6878193124978713,1.6884379082557868,0.05702500982416652,0.03377382700621504
Full LASSO,Matheus Santos Carneiro Da Cunha,FWD,2.1896151713459426,2.1728554265427977,0.08030943733904478,0.03696032251295434
Full LASSO,Mathias Jensen,MID,2.097715281364011,2.110080007972799,0.07656745252630724,0.03628651626336544
Full LASSO,Mathias Jorgensen,DEF,0.8399504333631992,0.8397120274138505,0.05041426299560619,0.06003756210432319
Full LASSO,Matija Šarkić,GK,0.21798171430345936,0.2191358039174993,0.029247784595321874,0.1334687626232596
Full LASSO,Matt Doherty,DEF,0.9208567204315776,0.920035358435288,0.02685092908014008,0.029184670821571123
Full LASSO,Matt Macey,GK,0.21798171430345936,0.2191358039174993,0.029247784595321874,0.1334687626232596
Full LASSO,Matt Ritchie,MID,1.0934393714515882,1.0813109732675448,0.044200776972247585,0.04087702618857189
Full LASSO,Matt Targett,DEF,0.3986877963649211,0.3995169447537589,0.02747229304406845,0.06876377436506709
Full LASSO,Matt Turner,GK,0.5544718431421385,0.5536816852091813,0.039897422678818704,0.07205841143859659
Full LASSO,Matthew Cox,GK,0.21798171430345936,0.2191358039174993,0.029247784595321874,0.1334687626232596
Full LASSO,Matthew Dibley-Dias,MID,0.2762447155466481,0.2767150985011348,0.020133922621988713,0.07276047722385537
Full LASSO,Matthew Whittingham,MID,0.2762447155466481,0.27671078918387443,0.02013505183086739,0.07276569117616748
Full LASSO,Matty Cash,DEF,1.3987025607128705,1.3926410381541052,0.05692805991305658,0.04087776990150501
Full LASSO,Matz Sels,GK,2.282239236264669,2.2725360624470645,0.1177070450443204,0.051795457502035666
Full LASSO,Mauro Bandeira,MID,0.2762447155466481,0.2767086119369083,0.02013562429971803,0.07276833257473427
Full LASSO,Max Aarons,DEF,0.44354856828826417,0.44397302649537196,0.026644057584036856,0.06001278454765449
Full LASSO,Max Kilman,DEF,2.45497263986637,2.4482407334793916,0.070075406135268,0.02862275967268881
Full LASSO,Max Kinsey,DEF,0.3985724532106296,0.39940173073458335,0.02747323668026522,0.06878597303455894
Full LASSO,Max Kinsey-Wellings,DEF,0.3985724532106296,0.39940173073458335,0.02747323668026522,0.06878597303455894
Full LASSO,Max Lowe,DEF,0.7324093521629917,0.7302850110836846,0.03392708630010609,0.0464573225318715
Full LASSO,Maxime Esteve,DEF,1.0740870816636952,1.0738607278303118,0.05880450108444526,0.0547598953574335
Full LASSO,Maxwel Cornet,MID,0.793733361302633,0.7900729041127792,0.034912426136818664,0.04418886656545189
Full LASSO,Micah Hamilton,MID,0.2762447155466481,0.2767091413209543,0.02013548498732615,0.07276768989706432
Full LASSO,Michael Keane,DEF,0.4875989983803802,0.48806009015634766,0.026790025595803926,0.05489083442004421
Full LASSO,Michael Ndiweni,FWD,0.4182092996988018,0.41367342439348015,0.04668239879327932,0.11284843560285299
Full LASSO,Michael Obafemi,FWD,0.4184398476104962,0.41389564593349565,0.04667712701555812,0.11277511004080037
Full LASSO,Michael Olakigbe,MID,0.30504228787617,0.30548769328224584,0.020064298225861636,0.06567956309560351
Full LASSO,Michael Olise,MID,1.4624844443796319,1.4599867988122577,0.03428402758107253,0.023482422997909022
Full LASSO,Michail Antonio,FWD,0.7549161855168067,0.776462054605689,0.08225124021506776,0.10593079175882901
Full LASSO,Michale Olakigbe,MID,0.44583476292241747,0.4448380695657475,0.02082565430314374,0.04681625905686043
Full LASSO,Michał Karbownik,DEF,0.3985724532106296,0.39940173073458335,0.02747323668026522,0.06878597303455894
Full LASSO,Micky van de Ven,DEF,1.411686778968567,1.4078561357250954,0.06289855467622633,0.04467683386117529
Full LASSO,Miguel Almirón Rejala,MID,2.0010374744202375,2.0270632989915343,0.10026931497605862,0.04946531024755995
Full LASSO,Mike Trésor,MID,0.36595079959929744,0.36690900101672586,0.01979000281343073,0.05393708728483493
Full LASSO,Mikkel Damsgaard,MID,1.7041858391343603,1.6969076396808276,0.0727355284382544,0.04286357532808048
Full LASSO,Milos Kerkez,DEF,1.1444252798446315,1.138565649697534,0.04253813137589721,0.037361158214458415
Full LASSO,Mohamed Dräger,DEF,0.3985724532106296,0.39940173073458335,0.02747323668026522,0.06878597303455894
Full LASSO,Mohamed Elneny,MID,0.4825427306848659,0.4820330149653946,0.020363684997641806,0.04224541549110226
Full LASSO,Mohamed Salah,MID,3.281376384977952,3.2902619775087762,0.11397705143614448,0.03464072229362182
Full LASSO,Mohammed Kudus,MID,2.954321034516207,2.969566325585692,0.06656125556964669,0.022414470084792165
Full LASSO,Moisés Caicedo Corozo,MID,2.1287880909997297,2.132198921407143,0.07461252567928016,0.03499322925744643
Full LASSO,Morgan Gibbs-White,MID,3.561168047753913,3.5542463459476297,0.08524950313891191,0.02398525449315269
Full LASSO,Morgan Rogers,MID,0.5858585820899113,0.5833870710774989,0.0359673773781405,0.06165268166075365
Full LASSO,Morgan Sanson,MID,0.2762447155466481,0.27671179720055256,0.020134787232846698,0.07276446988002322
Full LASSO,Moussa Diaby,MID,1.232060909705847,1.2385134041046761,0.03900302669580141,0.03149180829738115
Full LASSO,Moussa Niakhaté,DEF,1.7550940430500859,1.7455263093502706,0.06062614838736947,0.034732302837610085
Full LASSO,Murillo Santiago Costa dos Santos,DEF,1.6284879748447028,1.6263967399672452,0.07713046534883847,0.04742413917430247
Full LASSO,Mykhailo Mudryk,MID,0.9462093014135728,0.9464455672896287,0.029805065432129792,0.03149157908519099
Full LASSO,Myles Lewis-Skelly,MID,0.2762447155466481,0.27670995408191623,0.020135271251875586,0.07276670374465391
Full LASSO,Myles Peart-Harris,MID,0.2912852029861031,0.29156987945461166,0.02011363574498584,0.06898392859580994
Full LASSO,Máximo Perrone,MID,0.2762447155466481,0.2767166772180157,0.020133510217280944,0.0727585717626207
Full LASSO,Naouirou Ahamada,MID,0.7736903424098209,0.7738586563801451,0.04247426464582531,0.054886333952127477
Full LASSO,Nathan Aké,DEF,2.8694163050845645,2.8591981902907015,0.07385291868294118,0.02582994034262185
Full LASSO,Nathan Collins,DEF,1.4551243124088207,1.4483304378553616,0.05054833155988807,0.034901104222278385
Full LASSO,Nathan Fraser,FWD,0.49049895151169026,0.4881784099314224,0.046849348197792795,0.09596767748162813
Full LASSO,Nathan Patterson,DEF,0.5020492869900314,0.5025349035212205,0.026462073461419672,0.05265718515470689
Full LASSO,Nathan Redmond,MID,0.29919514054768964,0.2998901788700498,0.019992145985815606,0.06666489066478806
Full LASSO,Nathaniel Clyne,DEF,0.5379187487792692,0.5383981127106923,0.026587984032302742,0.049383501547654515
Full LASSO,Nathaniel Phillips,DEF,0.3985724532106296,0.39940173073458335,0.02747323668026522,0.06878597303455894
Full LASSO,Nayef Aguerd,DEF,0.8476384992000472,0.8457771880704947,0.03914132202907759,0.0462785265211187
Full LASSO,Neal Maupay,FWD,3.358806819421548,3.3517492219501515,0.16220666032369052,0.04839462906753915
Full LASSO,Neco Williams,DEF,1.599321853588155,1.5960173399148951,0.06566236029804697,0.04114138277567103
Full LASSO,Nick Pope,GK,0.23925394152262328,0.24032150132534602,0.029510147670593703,0.12279445454463525
Full LASSO,Nicolas Jackson,FWD,2.219647033797885,2.2346444608683877,0.13271018481571079,0.05938760601055047
Full LASSO,Nicolas Pépé,MID,0.2762447155466481,0.27674616440685457,0.02012593359829168,0.07272344186387282
Full LASSO,Nicolás Domínguez,MID,2.6863246452800214,2.688179016538936,0.06282430099635765,0.023370579343798586
Full LASSO,Nicolò Zaniolo,MID,0.6525333451598035,0.6509505576757239,0.02753662909612553,0.04230218220328051
Full LASSO,Nikola Vlašić,MID,0.2762447155466481,0.276749791628414,0.020125018159682033,0.07271918089356129
Full LASSO,Noha Lemina,MID,0.2762447155466481,0.2767114802678047,0.020134870395523793,0.07276485376044761
Full LASSO,Noni Madueke,MID,1.0823833211232183,1.0778777337978347,0.0320447699123814,0.02972950354904694
Full LASSO,Norberto Bercique Gomes Betuncal,FWD,0.8930865927632293,0.8942367286538828,0.06678362165783573,0.07468226199830419
Full LASSO,Norberto Murara Neto,GK,2.3051977138987096,2.297273307214832,0.1159326156323773,0.05046531262443983
Full LASSO,Nuno Varela Tavares,DEF,1.3761345232809334,1.3732927960948216,0.03944482972007951,0.02872281121130702
Full LASSO,Nélson Cabral Semedo,DEF,2.1574937543922452,2.1498847855305647,0.07037084650424552,0.03273238034794449
Full LASSO,Odsonne Edouard,FWD,1.7588795296992696,1.7222521711014618,0.10466781399264322,0.06077380290117631
Full LASSO,Odysseas Vlachodimos,GK,0.23509753638105577,0.23614718760787784,0.02958330067929114,0.12527483803200815
Full LASSO,Oleksandr Zinchenko,DEF,0.9940555923025052,0.990711899871971,0.03240104581486246,0.03270481137760597
Full LASSO,Oliver Arblaster,MID,0.2762447155466481,0.2767086081825485,0.020135625287989182,0.07276833713357204
Full LASSO,Oliver McBurnie,FWD,1.0455317418596644,1.0348920671658441,0.048453473896820184,0.04681983313440105
Full LASSO,Oliver Norwood,MID,1.1050462184440146,1.1154807911746107,0.03964102073589367,0.03553716123981959
Full LASSO,Oliver Scarles,DEF,0.3985724532106296,0.39940173073458335,0.02747323668026522,0.06878597303455894
Full LASSO,Oliver Skipp,MID,0.6942250284992282,0.6970234783614613,0.023386748610897217,0.033552311129998055
Full LASSO,Oliwier Zych,GK,0.21798171430345936,0.2191358039174993,0.029247784595321874,0.1334687626232596
Full LASSO,Ollie Harrison,MID,0.2762447155466481,0.27670834631595176,0.020135694229455877,0.07276865514733875
Full LASSO,Ollie Watkins,FWD,5.7010187578664135,5.7649084867288565,0.315273046805718,0.05468830034882501
Full LASSO,Olu Aina,DEF,0.4819386724605266,0.4825348528371031,0.026596054163543232,0.05511737443869506
Full LASSO,Omar Richards,DEF,0.3985724532106296,0.39940173073458335,0.02747323668026522,0.06878597303455894
Full LASSO,Omari Forson,MID,0.806658330076069,0.8015303733721234,0.03881143575654058,0.04842166566097395
Full LASSO,Omari Kellyman,MID,0.2762447155466481,0.27675410418699764,0.02012393447917862,0.07271413205703085
Full LASSO,Orel Mangala,MID,0.5147784764998287,0.5145105726326482,0.0233737794163062,0.04542915279020841
Full LASSO,Oscar Bobb,MID,1.16605821748771,1.1572378667022747,0.04352176105398809,0.03760831053516246
Full LASSO,Owen Beck,DEF,0.4749703391265453,0.4753786310413403,0.02760689386556428,0.05807348513981375
Full LASSO,Owen Dodgson,DEF,0.3985724532106296,0.39940173073458335,0.02747323668026522,0.06878597303455894
Full LASSO,Owen Hesketh,MID,0.2762447155466481,0.27670885024348124,0.020135561577545466,0.0727680432332678
Full LASSO,Pablo Fornals Malla,MID,0.4423962152849467,0.4434635185435803,0.02004327561600189,0.04519712395244568
Full LASSO,Pablo Sarabia,MID,4.501498412983803,4.478362239681725,0.09980141460382552,0.022285248325717922
Full LASSO,Pape Matar Sarr,MID,2.275486506876357,2.2710630459475145,0.042753702778686106,0.01882541431642588
Full LASSO,Pascal Groß,MID,6.020150868599533,6.005531151606921,0.1748202046681719,0.02910986559804867
Full LASSO,Pau Torres,DEF,1.0501388420820637,1.0510719561420934,0.05359297868372127,0.05098887699414186
Full LASSO,Paul Dummett,DEF,0.39919827590391693,0.40002536326751037,0.027473100757873688,0.06867839712328816
Full LASSO,Pedro Lomba Neto,MID,3.4504860024390913,3.4369010348201083,0.07419799335189917,0.021588632491939874
Full LASSO,Pedro Porro,DEF,1.549042176344593,1.5409375926736868,0.055758223430830554,0.03618460844613716
Full LASSO,Pelly Ruddock Mpanzu,MID,0.7469780942109684,0.7543846866966536,0.07272631155775398,0.09640480889957147
Full LASSO,Pervis Estupiñán,DEF,1.2296450329532913,1.2215531707517666,0.055897802045066225,0.04575961438556594
Full LASSO,Phil Foden,MID,7.211740954264413,7.166205119085337,0.2316341854553757,0.032323130807193595
Full LASSO,Philip Billing,MID,0.35966468314442457,0.3612103097262668,0.02004458823158852,0.05549284638851742
Full LASSO,Philippe Coutinho Correia,MID,0.276277696689371,0.27689342710932546,0.02009861866628788,0.07258611689020834
Full LASSO,Pierre-Emerick Aubameyang,FWD,0.4164965560034109,0.41196825264951686,0.04667930099783323,0.11330800540483826
Full LASSO,Pierre-Emile Højbjerg,MID,1.1086862882662742,1.1137716402929876,0.029514929638113602,0.026499983093795993
Full LASSO,Radek Vítek,GK,0.21798171430345936,0.2191358039174993,0.029247784595321874,0.1334687626232596
Full LASSO,Radu Dragusin,DEF,0.5593857187788641,0.5597098135718281,0.02767192406011939,0.0494397693038988
Full LASSO,Raheem Sterling,MID,3.0197583398311947,3.01565619665576,0.06764274189137336,0.022430521743952908
Full LASSO,Raphaël Varane,DEF,1.4446911495950217,1.4429157966860973,0.06741601450960451,0.0467220711454105
Full LASSO,Rasmus Højlund,FWD,3.868628935343625,3.8441207477038724,0.13421268678121076,0.034913754168980564
Full LASSO,Rayan Aït-Nouri,DEF,2.9987635761706217,2.987083585920555,0.07451703124745414,0.024946416497578387
Full LASSO,Raúl Jiménez,FWD,0.7737702713206454,0.772739903117174,0.0482492580495958,0.06243919571768193
Full LASSO,Reece Burke,DEF,0.9599441390304158,0.9590567549880681,0.030935040903743213,0.032255693672819274
Full LASSO,Reece James,DEF,0.41871756659248094,0.4193153030698826,0.02719363143530762,0.0648524659992568
Full LASSO,Reiss Nelson,MID,0.8274385521015373,0.8233311078588351,0.03748903527921391,0.04553336430674696
Full LASSO,Remi Matthews,GK,0.2199085509607741,0.2210638862445544,0.02924679702024505,0.13230020297340858
Full LASSO,Remo Freuler,MID,0.2762447155466481,0.2767184046397767,0.02013305975357843,0.0727564896877279
Full LASSO,Reuell Walters,DEF,0.3985724532106296,0.39940173073458335,0.02747323668026522,0.06878597303455894
Full LASSO,Rhian Brewster,FWD,1.3081317386606959,1.2949164615992983,0.06276336813649039,0.04846904800250506
Full LASSO,Rhys Bennett,DEF,0.3985724532106296,0.39940173073458335,0.02747323668026522,0.06878597303455894
Full LASSO,Rhys Norrington-Davies,DEF,0.564674603353747,0.5664814995259725,0.03456971672512119,0.061025323429006725
Full LASSO,Richarlison de Andrade,MID,4.335512805844403,4.306758331205765,0.12461871122981263,0.028935617382302263
Full LASSO,Richie Laryea,DEF,0.3985724532106296,0.39940173073458335,0.02747323668026522,0.06878597303455894
Full LASSO,Rico Henry,DEF,0.39901421832975364,0.39984169049869195,0.027466814094064877,0.06869422260547073
Full LASSO,Rico Lewis,DEF,0.5687412444814606,0.5688480893867014,0.02632665408448156,0.04628064078208544
Full LASSO,Riyad Mahrez,MID,0.2762447155466481,0.2767440291193357,0.020126474199629218,0.07272595641422282
Full LASSO,Rob Holding,DEF,0.3985724532106296,0.39940173073458335,0.02747323668026522,0.06878597303455894
Full LASSO,Robert Sánchez,GK,0.2867151997727525,0.28767504227194807,0.030133815881456895,0.10474949666634784
Full LASSO,Robin Olsen,GK,0.21803789243729155,0.219191614514487,0.02924877824166326,0.13343931202135528
Full LASSO,Rodrigo Bentancur,MID,1.6567551138591536,1.6525199281208547,0.0397492183931498,0.024053699877828523
Full LASSO,Rodrigo Duarte Ribeiro,FWD,0.5247460080371084,0.5195542868344808,0.046872677706825364,0.09021709356381083
Full LASSO,Rodrigo Hernandez,MID,4.874988950614992,4.8451736709591104,0.1308452876271788,0.027005283301078816
Full LASSO,Rodrigo Muniz Carvalho,FWD,3.945431936061939,3.9056052403891246,0.150501137692036,0.038534651719445465
Full LASSO,Romain Faivre,MID,0.4842665118567617,0.4841684022547077,0.021478870810576995,0.04436239686553843
Full LASSO,Romelu Lukaku Bolingoli,FWD,0.4164965560034109,0.4125173956238137,0.046469481404804384,0.1126485377290155
Full LASSO,Roméo Lavia,MID,0.29023989501429515,0.29077251383906466,0.020044036169488775,0.06893373759729797
Full LASSO,Ronnie Stutter,FWD,0.4164965560034109,0.41200774580616667,0.04666323362810029,0.1132581464865311
Full LASSO,Ross Barkley,MID,5.051400602952771,5.042299259223843,0.15578254329224944,0.030895140348379268
Full LASSO,Ryan Christie,MID,2.3523540245605385,2.36425627579912,0.06630437823102844,0.028044497083387257
Full LASSO,Ryan Fraser,MID,0.2762447155466481,0.2767240477992834,0.020131593905248928,0.07274970883575324
Full LASSO,Ryan Fredericks,DEF,0.3985724532106296,0.39940173073458335,0.02747323668026522,0.06878597303455894
Full LASSO,Ryan Giles,DEF,0.461763314512204,0.46217144058818393,0.026727942843874756,0.05783122992164846
Full LASSO,Ryan Gravenberch,MID,1.7125603811212935,1.7175903574842515,0.04571471988792245,0.02661561279074752
Full LASSO,Ryan Oné,MID,0.27646574501625787,0.2769414372320049,0.020128483347752163,0.0726813710109034
Full LASSO,Ryan Sessegnon,DEF,0.3985724532106296,0.39940173073458335,0.02747323668026522,0.06878597303455894
Full LASSO,Ryan Trevitt,MID,0.2762447155466481,0.2767182603582126,0.02013309734673906,0.07275666347669542
Full LASSO,Ryan Yates,MID,1.2937976074186062,1.283995767673926,0.05112856516732258,0.03981988605768272
Full LASSO,Rúben Gato Alves Dias,DEF,3.073024947678511,3.060349372838493,0.08565482140606051,0.027988576129991047
Full LASSO,Rúnar Alex Rúnarsson,GK,0.21798171430345936,0.2191358039174993,0.029247784595321874,0.1334687626232596
Full LASSO,Sam Curtis,DEF,0.3985724532106296,0.39940173073458335,0.02747323668026522,0.06878597303455894
Full LASSO,Sam Johnstone,GK,1.8204395518303182,1.8144979582816139,0.07648846023941692,0.04215406244482848
Full LASSO,Sam Proctor,GK,0.21798171430345936,0.2191358039174993,0.029247784595321874,0.1334687626232596
Full LASSO,Sam Surridge,FWD,0.4164965560034109,0.41219841196669865,0.04658778889315536,0.11302272774626597
Full LASSO,Saman Ghoddos,MID,0.6028382981786008,0.6060642326739697,0.023761250950539308,0.0392058294641545
Full LASSO,Samuel Bastien,MID,0.2762447155466481,0.27672017068252297,0.0201326000686705,0.07275436416150646
Full LASSO,Sander Berge,MID,2.059354940018494,2.0637782880770397,0.09998732834861923,0.04844867732462876
Full LASSO,Sandro Tonali,MID,0.27726192746049283,0.27872691029299346,0.02000447115160288,0.07177086392761461
Full LASSO,Santiago Bueno,DEF,0.4315916285420302,0.43233177004183143,0.027066943080990398,0.06260687961555882
Full LASSO,Sasa Kalajdzic,FWD,0.4237695433659097,0.4194704029434869,0.046535090898174224,0.11093772187889894
Full LASSO,Saïd Benrahma,MID,0.37249689745021625,0.37257641980591233,0.02018536008299844,0.05417777135094507
Full LASSO,Saša Lukić,MID,1.0079006055359168,1.00413516354199,0.028855787958109193,0.02873695594557528
Full LASSO,Scott Carson,GK,0.21798171430345936,0.2191358039174993,0.029247784595321874,0.1334687626232596
Full LASSO,Scott McKenna,DEF,0.39890144114720205,0.3997294233143781,0.027468947211827202,0.06871885232782451
Full LASSO,Scott McTominay,MID,1.8215542530443263,1.809229094706987,0.07087475288570541,0.03917400681486603
Full LASSO,Scott Twine,MID,0.2762447155466481,0.2767156402983122,0.020133781012114115,0.07275982300967511
Full LASSO,Seamus Coleman,DEF,0.5877601311552517,0.587709872969476,0.026878014300658122,0.04573347417979159
Full LASSO,Sean Longstaff,MID,2.8028171383669775,2.806039738213128,0.09278394929483512,0.03306580018496797
Full LASSO,Sepp van den Berg,DEF,0.3985724532106296,0.39940173073458335,0.02747323668026522,0.06878597303455894
Full LASSO,Serge Aurier,DEF,0.4052133481452801,0.4059981832627223,0.027387501201763986,0.06745720136398116
Full LASSO,Sergi Canós Tenés,MID,0.2762447155466481,0.2767180742240016,0.020133145853254205,0.07275688770859451
Full LASSO,Sergio Gómez,DEF,0.42137431531363706,0.42217441619391954,0.02747214098218763,0.06507296493676848
Full LASSO,Sergio Reguilón,DEF,2.288957838147716,2.2759536732121837,0.08412474400805939,0.036962414920040675
Full LASSO,Shandon Baptiste,MID,0.4751256046644847,0.47516389099533923,0.020084030954422568,0.04226758668961983
Full LASSO,Shea Charles,MID,0.2762447155466481,0.27670865047436277,0.020135614155619375,0.07276828578037155
Full LASSO,Shola Shoretire,FWD,0.4164965560034109,0.4124129325508083,0.04650713147999475,0.11276836347576269
Full LASSO,Simon Adingra,MID,3.121034170108201,3.0902802718058453,0.08483302995423568,0.02745156506618812
Full LASSO,Siriki Dembélé,MID,0.2762447155466481,0.27671044976568887,0.02013514098899748,0.07276610263922952
Full LASSO,Sofyan Amrabat,MID,0.45556015457202037,0.45575673197753186,0.01982574785847462,0.04350072410878179
Full LASSO,Solly March,MID,0.2785844774111622,0.28099212048337135,0.02014025769421085,0.07167552477829256
Full LASSO,Son Heung-min,MID,2.210113534205823,2.239394240368993,0.05967208009235883,0.026646527447764825
Full LASSO,Stefan Bajcetic,MID,0.2762447155466481,0.276728729075696,0.02013038457318217,0.072744108067203
Full LASSO,Stefan Ortega Moreno,GK,0.24820540211994993,0.24954981356335043,0.029160112262612885,0.11685086775354506
Full LASSO,Steve Cook,DEF,0.3985724532106296,0.39940173073458335,0.02747323668026522,0.06878597303455894
Full LASSO,Steven Alzate,MID,0.2762447155466481,0.27674923597764295,0.020125158159460636,0.07271983276978744
Full LASSO,Steven Benda,GK,0.21798171430345936,0.2191358039174993,0.029247784595321874,0.1334687626232596
Full LASSO,Sven Botman,DEF,1.2719329595994249,1.266426354402544,0.06773421680620845,0.053484528785065516
Full LASSO,Sydie Peck,MID,0.2821913956531121,0.28268542139345315,0.020115206169532083,0.07115756472469414
Full LASSO,Tahith Chong,MID,2.892355060820911,2.9049962734197416,0.06487182645161664,0.022331122089616306
Full LASSO,Taiwo Awoniyi,FWD,2.7647196741855544,2.7432586333513567,0.12515847434048577,0.045624015475195435
Full LASSO,Takehiro Tomiyasu,DEF,0.43932386842476506,0.43971215287741255,0.027459925996064623,0.06244977723806552
Full LASSO,Tanguy Ndombélé Alvaro,MID,0.2762447155466481,0.2768659261142436,0.020097629413926038,0.07258975380608275
Full LASSO,Tariq Lamptey,DEF,1.9660353105748256,1.9623864196870862,0.05811481866662552,0.029614360394876898
Full LASSO,Tawanda Chirewa,MID,0.29597810518574635,0.2962807304774925,0.02010870230738805,0.06787043583624365
Full LASSO,Tayo Adaramola,DEF,0.3985724532106296,0.39940173073458335,0.02747323668026522,0.06878597303455894
Full LASSO,Teden Mengi,DEF,1.5004109697493955,1.4904888809584398,0.07429930319302534,0.049848948316372634
Full LASSO,Terence Kongolo,DEF,0.3985724532106296,0.39940173073458335,0.02747323668026522,0.06878597303455894
Full LASSO,Thiago Alcántara do Nascimento,MID,0.32879275773195676,0.3292936643913494,0.02006327453186439,0.06092821302513786
Full LASSO,Thiago Emiliano da Silva,DEF,1.7174040040352443,1.709903871140995,0.05263870520938455,0.030784599121504694
Full LASSO,Thilo Kehrer,DEF,0.39861118343607005,0.39944033119252514,0.02747322838403901,0.06877930503917308
Full LASSO,Thomas Cannon,FWD,0.4165072467656059,0.4119887375122791,0.04667522806808123,0.11329248549346595
Full LASSO,Thomas Kaminski,GK,3.1130733506052515,3.104819522576439,0.15089558060029143,0.048600435388616525
Full LASSO,Thomas Partey,MID,0.2765186207102561,0.27711022092062426,0.020103154245812688,0.07254569744495659
Full LASSO,Thomas Strakosha,GK,0.21911500131666137,0.22026717808492663,0.029257429322029824,0.13282700389773583
Full LASSO,Tim Iroegbunam,MID,0.41244875504080414,0.41379869162358457,0.020761928718129933,0.05017398348135957
Full LASSO,Tim Krul,GK,0.21798171430345936,0.2191358039174993,0.029247784595321874,0.1334687626232596
Full LASSO,Tim Ream,DEF,0.9899405843519847,0.9878826908776527,0.03781268828802163,0.03827649642735228
Full LASSO,Timo Werner,FWD,2.270852382978931,2.244149334500068,0.10429036329124543,0.04647211381522359
Full LASSO,Timothy Castagne,DEF,2.3461544599191164,2.336316938205633,0.07055171142636217,0.030197834151965777
Full LASSO,Tino Livramento,DEF,0.9070375298110953,0.9059080789106106,0.03371510142173682,0.03721691218636722
Full LASSO,Toby Collyer,MID,0.2762447155466481,0.27670834631595176,0.020135694229455877,0.07276865514733875
Full LASSO,Tom Cairney,MID,1.739378771480045,1.7424691802670191,0.06238163165937947,0.03580070876766956
Full LASSO,Tom Davies,MID,0.5778029815929977,0.5779242565011201,0.026657099848713218,0.04612559439899812
Full LASSO,Tom Heaton,GK,0.21798171430345936,0.2191358039174993,0.029247784595321874,0.1334687626232596
Full LASSO,Tom King,GK,0.21798171430345936,0.2191358039174993,0.029247784595321874,0.1334687626232596
Full LASSO,Tom Lockyer,DEF,0.4322700566005198,0.4329569536266667,0.026913641099969982,0.062162394839781865
Full LASSO,Tom McGill,GK,0.21798171430345936,0.2191358039174993,0.029247784595321874,0.1334687626232596
Full LASSO,Tommi O'Reilly,MID,0.2762447155466481,0.2767103240060953,0.020135174031496752,0.07276625512192028
Full LASSO,Tommy Doyle,MID,0.8165051652847413,0.8168307658694741,0.020977017900841884,0.025680984087949887
Full LASSO,Tomáš Souček,MID,1.9709822836604123,1.965265416441361,0.07653631935639722,0.03894452052943908
Full LASSO,Tosin Adarabioyo,DEF,1.2301849504682307,1.2277871755864145,0.04678501466544693,0.03810515013980458
Full LASSO,Toti António Gomes,DEF,2.112702245389347,2.1092385977751062,0.07360244709142202,0.03489526844855783
Full LASSO,Travis Hernes,MID,0.2762447155466481,0.2767087794230711,0.020135580215810647,0.07276812921437724
Full LASSO,Trent Alexander-Arnold,DEF,1.5469147280117839,1.53776588403165,0.0585237821990912,0.03805766716950178
Full LASSO,Trevoh Chalobah,DEF,0.5381800785169348,0.5378726948961612,0.028552531394307506,0.05308418082055588
Full LASSO,Treymaurice Nyoni,MID,0.2762447155466481,0.2767096805324076,0.020135343168121756,0.07276703557815555
Full LASSO,Ty Barnett,MID,0.2762447155466481,0.27671139465011835,0.02013489286622357,0.07276495748099819
Full LASSO,Tyler Adams,MID,0.2762447155466481,0.27671095774606536,0.020135007564862965,0.0727654868779741
Full LASSO,Tyler Onyango,MID,0.2762513159013218,0.2767266550993124,0.020132630219891322,0.07275276829644789
Full LASSO,Tyrell Malacia,DEF,0.3985724532106296,0.39940173073458335,0.02747323668026522,0.06878597303455894
Full LASSO,Tyrese Francois,MID,0.2762447155466481,0.2767291714568259,0.02013027060358144,0.07274357993270716
Full LASSO,Tyrick Mitchell,DEF,1.9720268100820433,1.968042504889261,0.07212554991257239,0.03664837000897539
Full LASSO,Tyrone Mings,DEF,0.3985996335255698,0.39942878500920337,0.02747239714703144,0.06877921216018129
Full LASSO,Valentín Barco,DEF,0.3985724532106296,0.39940173073458335,0.02747323668026522,0.06878597303455894
Full LASSO,Valintino Adedokun,DEF,0.3985724532106296,0.39940173073458335,0.02747323668026522,0.06878597303455894
Full LASSO,Vicente Guaita,GK,0.21798171430345936,0.2191358039174993,0.029247784595321874,0.1334687626232596
Full LASSO,Victor Lindelöf,DEF,1.0087445322475381,1.001677104882834,0.048822515946244656,0.04874077255859354
Full LASSO,Victor da Silva,DEF,1.036489650334558,1.0340600605435237,0.030396245610941865,0.029395048480032156
Full LASSO,Viljami Sinisalo,GK,0.21798171430345936,0.2191358039174993,0.029247784595321874,0.1334687626232596
Full LASSO,Vincent Angelini,GK,0.21798171430345936,0.2191358039174993,0.029247784595321874,0.1334687626232596
Full LASSO,Vini de Souza Costa,MID,2.887741762747608,2.8833398501079333,0.07743563390661835,0.02685622851698168
Full LASSO,Virgil van Dijk,DEF,3.45230163707675,3.4302702049435774,0.13018737714012543,0.03795251375606045
Full LASSO,Vitalii Mykolenko,DEF,1.9345391600659136,1.9271254936198516,0.06971705400902951,0.03617670683089517
Full LASSO,Vitaly Janelt,MID,2.1875436464855547,2.19787504800205,0.07936040260189085,0.03610778632481059
Full LASSO,Vladimír Coufal,DEF,1.8833171360738823,1.873820998522365,0.06842670589670798,0.03651720519231404
Full LASSO,Wataru Endo,MID,2.251987197922477,2.266957063106305,0.0743171397871589,0.03278277343520816
Full LASSO,Wayne Hennessey,GK,0.21798171430345936,0.2191358039174993,0.029247784595321874,0.1334687626232596
Full LASSO,Wes Foderingham,GK,1.4017076989518777,1.3984372034257424,0.07651508178342037,0.05471470695715323
Full LASSO,Wesley Fofana,DEF,0.3985724532106296,0.39940173073458335,0.02747323668026522,0.06878597303455894
Full LASSO,Wesley Moraes Ferreira da Silva,FWD,0.4164965560034109,0.411941986149835,0.046690070728832,0.11334137402505384
Full LASSO,Will Hughes,MID,1.0152679421900066,1.0122067312806564,0.03501402564326908,0.03459177316373791
Full LASSO,William Osula,FWD,1.0597814618151604,1.076039924831217,0.09858441536760698,0.09161780440727654
Full LASSO,William Saliba,DEF,2.643231343054733,2.637557389298126,0.07042070678415181,0.026699213093858518
Full LASSO,Willian Borges da Silva,MID,2.033571934425186,2.0412514284667584,0.05117020478216357,0.025068055835041816
Full LASSO,Willy Boly,DEF,0.4274148703675177,0.42810994878780084,0.026903040034255542,0.06284142685875875
Full LASSO,Willy Kambwala,DEF,0.41805950739744396,0.41885847839364837,0.027217445369145915,0.06498005119420461
Full LASSO,Wilson Odobert,MID,2.1128124775830868,2.1264639934739575,0.10313465086063393,0.04850053947640332
Full LASSO,Wout Weghorst,FWD,0.4164965560034109,0.41201879855932827,0.04665876395407323,0.11324426001245826
Full LASSO,Yago de Santiago Alonso,MID,0.2762447155466481,0.27671096871377293,0.020135004684910647,0.07276547358604384
Full LASSO,Yasin Ayari,MID,0.2762447155466481,0.27672241402931214,0.020132017385238843,0.07275166869246211
Full LASSO,Yasser Larouci,DEF,1.0325115861055472,1.0345069560186215,0.05732447883673978,0.05541236673492983
Full LASSO,Yegor Yarmoliuk,MID,0.4600510671611755,0.46607325841756403,0.022556926914940944,0.048397814093705756
Full LASSO,Yegor Yarmolyuk,MID,0.7330553473255734,0.7305642695203329,0.043700198555683176,0.0598170487921281
Full LASSO,Yerson Mosquera,DEF,0.3985724532106296,0.39940173073458335,0.02747323668026522,0.06878597303455894
Full LASSO,Yoane Wissa,FWD,1.8876676543265432,1.8873776384877772,0.07873588552656013,0.041717080843262325
Full LASSO,Youri Tielemans,MID,2.536595084941532,2.5381790433564,0.05302218058612782,0.020889850432305644
Full LASSO,Youssef Ramalho Chermiti,FWD,0.538890371361425,0.5346492035488106,0.04640901216679081,0.08680273319167849
Full LASSO,Yves Bissouma,MID,1.1411915225151206,1.1378415733320875,0.03306765308210754,0.02906173746602639
Full LASSO,Zack Nelson,MID,0.2762447155466481,0.27671354215033644,0.02013432985625724,0.07276235814045706
Full LASSO,Zack Steffen,GK,0.21798171430345936,0.2191358039174993,0.029247784595321874,0.1334687626232596
Full LASSO,Zeki Amdouni,FWD,1.8883394879334352,1.8783594553930056,0.19199551281622435,0.10221446819722452
Full LASSO,Álvaro Fernández Carreras,DEF,0.3985724532106296,0.39940173073458335,0.02747323668026522,0.06878597303455894
Full LASSO,Ângelo Gabriel Borges Damaceno,MID,0.2762447155466481,0.27671097085964924,0.020135004121440536,0.07276547098543926
Full LASSO,Đorđe Petrović,GK,2.693761870009525,2.68659565002869,0.1159083077603582,0.04314319043847198
